
Z:/Code/Github/Ounce/Hardware/host-src/build/ounce_master.elf:     file format elf32-littlearm

Sections:
Idx Name          Size      VMA       LMA       File off  Algn
  0 .text         00005f90  10000000  10000000  00001000  2**3
                  CONTENTS, ALLOC, LOAD, READONLY, CODE
  1 .rodata       00000504  10005f90  10005f90  00006f90  2**3
                  CONTENTS, ALLOC, LOAD, READONLY, DATA
  2 .ARM.exidx    00000008  10006494  10006494  00007494  2**2
                  CONTENTS, ALLOC, LOAD, READONLY, DATA
  3 .binary_info  00000020  1000649c  1000649c  0000749c  2**2
                  CONTENTS, ALLOC, LOAD, READONLY, DATA
  4 .psram_load   00000000  11000000  11000000  00009738  2**0
                  CONTENTS
  5 .psram_noload 00000000  11000000  11000000  00009738  2**0
                  CONTENTS
  6 .xip_ram      00000000  13ffc000  13ffc000  00009738  2**0
                  CONTENTS
  7 .ram_vector_table 00000110  20000000  20000000  0000a000  2**2
                  ALLOC
  8 .uninitialized_data 00000000  20000110  20000110  00009738  2**0
                  CONTENTS
  9 .data         00001268  20000110  100064bc  00008110  2**3
                  CONTENTS, ALLOC, LOAD, READONLY, CODE
 10 .tdata        00000000  20001378  20001378  00009738  2**0
                  CONTENTS, ALLOC, LOAD, DATA, THREAD_LOCAL
 11 .tbss         00000000  20001378  20001378  00000000  2**0
                  ALLOC, THREAD_LOCAL
 12 .tbss_space   00000000  20001378  20001378  00009738  2**0
                  CONTENTS
 13 .bss          00000958  20001378  10007724  0000a378  2**3
                  ALLOC
 14 .tls0         00000000  20001cd0  20001cd0  00009738  2**0
                  CONTENTS
 15 .tls1         00000000  20001cd0  20001cd0  00009738  2**0
                  CONTENTS
 16 .persistent_data 00000000  20001cd0  20001cd0  00009738  2**0
                  CONTENTS
 17 .dummy_pre_heap 00000000  20001cd0  20001cd0  00009738  2**0
                  CONTENTS
 18 .heap         00000800  20001cd0  20001cd0  0000a000  2**2
                  ALLOC, READONLY
 19 .scratch_x    00000000  20080000  20080000  00009738  2**0
                  CONTENTS
 20 .scratch_y    00000000  20081000  20081000  00009738  2**0
                  CONTENTS
 21 .stack_dummy  00000800  20081000  20081000  0000a000  2**5
                  ALLOC, READONLY
 22 .flash_end    00000014  10007724  10007724  00009724  2**2
                  CONTENTS, ALLOC, LOAD, READONLY, DATA
 23 .debug_info   00035638  00000000  00000000  00009738  2**0
                  CONTENTS, READONLY, DEBUGGING, OCTETS
 24 .debug_abbrev 0000922e  00000000  00000000  0003ed70  2**0
                  CONTENTS, READONLY, DEBUGGING, OCTETS
 25 .debug_loclists 00019ad7  00000000  00000000  00047f9e  2**0
                  CONTENTS, READONLY, DEBUGGING, OCTETS
 26 .debug_aranges 000012e0  00000000  00000000  00061a78  2**3
                  CONTENTS, READONLY, DEBUGGING, OCTETS
 27 .debug_rnglists 000049ad  00000000  00000000  00062d58  2**0
                  CONTENTS, READONLY, DEBUGGING, OCTETS
 28 .debug_line   0002312c  00000000  00000000  00067705  2**0
                  CONTENTS, READONLY, DEBUGGING, OCTETS
 29 .debug_str    00009c1f  00000000  00000000  0008a831  2**0
                  CONTENTS, READONLY, DEBUGGING, OCTETS
 30 .comment      00000045  00000000  00000000  00094450  2**0
                  CONTENTS, READONLY
 31 .ARM.attributes 00000036  00000000  00000000  00094495  2**0
                  CONTENTS, READONLY
 32 .debug_frame  00003248  00000000  00000000  000944cc  2**2
                  CONTENTS, READONLY, DEBUGGING, OCTETS
 33 .debug_line_str 0000028d  00000000  00000000  00097714  2**0
                  CONTENTS, READONLY, DEBUGGING, OCTETS

Z:/Code/Github/Ounce/Hardware/host-src/build/ounce_master.elf:     file format elf32-littlearm


Disassembly of section .text:

10000000 <__VECTOR_TABLE>:
10000000:	20082000 	.word	0x20082000
10000004:	1000015b 	.word	0x1000015b
10000008:	1000011b 	.word	0x1000011b
1000000c:	1000011d 	.word	0x1000011d
10000010:	10000111 	.word	0x10000111
10000014:	10000111 	.word	0x10000111
10000018:	10000111 	.word	0x10000111
1000001c:	10000111 	.word	0x10000111
10000020:	10000119 	.word	0x10000119
10000024:	10000119 	.word	0x10000119
10000028:	10000119 	.word	0x10000119
1000002c:	1000011f 	.word	0x1000011f
10000030:	10000111 	.word	0x10000111
10000034:	10000119 	.word	0x10000119
10000038:	10000121 	.word	0x10000121
1000003c:	10000123 	.word	0x10000123
10000040:	10000111 	.word	0x10000111
10000044:	10000111 	.word	0x10000111
10000048:	10000111 	.word	0x10000111
1000004c:	10000111 	.word	0x10000111
10000050:	10000111 	.word	0x10000111
10000054:	10000111 	.word	0x10000111
10000058:	10000111 	.word	0x10000111
1000005c:	10000111 	.word	0x10000111
10000060:	10000111 	.word	0x10000111
10000064:	10000111 	.word	0x10000111
10000068:	10000111 	.word	0x10000111
1000006c:	10000111 	.word	0x10000111
10000070:	10000111 	.word	0x10000111
10000074:	10000111 	.word	0x10000111
10000078:	10000111 	.word	0x10000111
1000007c:	10000111 	.word	0x10000111
10000080:	10000111 	.word	0x10000111
10000084:	10000111 	.word	0x10000111
10000088:	10000111 	.word	0x10000111
1000008c:	10000111 	.word	0x10000111
10000090:	10000111 	.word	0x10000111
10000094:	10000111 	.word	0x10000111
10000098:	10000111 	.word	0x10000111
1000009c:	10000111 	.word	0x10000111
100000a0:	10000111 	.word	0x10000111
100000a4:	10000111 	.word	0x10000111
100000a8:	10000111 	.word	0x10000111
100000ac:	10000111 	.word	0x10000111
100000b0:	10000111 	.word	0x10000111
100000b4:	10000111 	.word	0x10000111
100000b8:	10000111 	.word	0x10000111
100000bc:	10000111 	.word	0x10000111
100000c0:	10000111 	.word	0x10000111
100000c4:	10000111 	.word	0x10000111
100000c8:	10000111 	.word	0x10000111
100000cc:	10000111 	.word	0x10000111
100000d0:	10000111 	.word	0x10000111
100000d4:	10000111 	.word	0x10000111
100000d8:	10000111 	.word	0x10000111
100000dc:	10000111 	.word	0x10000111
100000e0:	10000111 	.word	0x10000111
100000e4:	10000111 	.word	0x10000111
100000e8:	10000111 	.word	0x10000111
100000ec:	10000111 	.word	0x10000111
100000f0:	10000111 	.word	0x10000111
100000f4:	10000111 	.word	0x10000111
100000f8:	10000111 	.word	0x10000111
100000fc:	10000111 	.word	0x10000111
10000100:	10000111 	.word	0x10000111
10000104:	10000111 	.word	0x10000111
10000108:	10000111 	.word	0x10000111
1000010c:	10000111 	.word	0x10000111

10000110 <__unhandled_user_irq>:
10000110:	f3ef 8005 	mrs	r0, IPSR
10000114:	3810      	subs	r0, #16

10000116 <unhandled_user_irq_num_in_r0>:
10000116:	be00      	bkpt	0x0000

10000118 <isr_invalid>:
10000118:	be00      	bkpt	0x0000

1000011a <isr_nmi>:
1000011a:	be00      	bkpt	0x0000

1000011c <isr_hardfault>:
1000011c:	be00      	bkpt	0x0000

1000011e <isr_svcall>:
1000011e:	be00      	bkpt	0x0000

10000120 <isr_pendsv>:
10000120:	be00      	bkpt	0x0000

10000122 <isr_systick>:
10000122:	be00      	bkpt	0x0000

10000124 <__default_isrs_end>:
10000124:	7188ebf2 	.word	0x7188ebf2
10000128:	1000649c 	.word	0x1000649c
1000012c:	100064bc 	.word	0x100064bc
10000130:	1000019c 	.word	0x1000019c
10000134:	e71aa390 	.word	0xe71aa390

10000138 <__binary_info_header_end>:
10000138:	ffffded3 	.word	0xffffded3
1000013c:	10210142 	.word	0x10210142
10000140:	000001ff 	.word	0x000001ff
10000144:	000075ec 	.word	0x000075ec
10000148:	ab123579 	.word	0xab123579

1000014c <_entry_point>:
1000014c:	2000      	movs	r0, #0

1000014e <_enter_vtable_in_r0>:
1000014e:	491e      	ldr	r1, [pc, #120]	@ (100001c8 <data_cpy_table+0x2c>)
10000150:	6008      	str	r0, [r1, #0]
10000152:	c806      	ldmia	r0!, {r1, r2}
10000154:	f381 8808 	msr	MSP, r1
10000158:	4710      	bx	r2

1000015a <_reset_handler>:
1000015a:	f04f 4050 	mov.w	r0, #3489660928	@ 0xd0000000
1000015e:	6800      	ldr	r0, [r0, #0]
10000160:	b108      	cbz	r0, 10000166 <hold_non_core0_in_bootrom+0x4>

10000162 <hold_non_core0_in_bootrom>:
10000162:	2000      	movs	r0, #0
10000164:	e7f3      	b.n	1000014e <_enter_vtable_in_r0>
10000166:	a40d      	add	r4, pc, #52	@ (adr r4, 1000019c <data_cpy_table>)
10000168:	cc0e      	ldmia	r4!, {r1, r2, r3}
1000016a:	2900      	cmp	r1, #0
1000016c:	d002      	beq.n	10000174 <hold_non_core0_in_bootrom+0x12>
1000016e:	f000 f812 	bl	10000196 <data_cpy>
10000172:	e7f9      	b.n	10000168 <hold_non_core0_in_bootrom+0x6>
10000174:	4915      	ldr	r1, [pc, #84]	@ (100001cc <data_cpy_table+0x30>)
10000176:	4a16      	ldr	r2, [pc, #88]	@ (100001d0 <data_cpy_table+0x34>)
10000178:	2000      	movs	r0, #0
1000017a:	e000      	b.n	1000017e <bss_fill_test>

1000017c <bss_fill_loop>:
1000017c:	c101      	stmia	r1!, {r0}

1000017e <bss_fill_test>:
1000017e:	4291      	cmp	r1, r2
10000180:	d1fc      	bne.n	1000017c <bss_fill_loop>

10000182 <platform_entry>:
10000182:	4914      	ldr	r1, [pc, #80]	@ (100001d4 <data_cpy_table+0x38>)
10000184:	4788      	blx	r1
10000186:	4914      	ldr	r1, [pc, #80]	@ (100001d8 <data_cpy_table+0x3c>)
10000188:	4788      	blx	r1
1000018a:	4914      	ldr	r1, [pc, #80]	@ (100001dc <data_cpy_table+0x40>)
1000018c:	4788      	blx	r1
1000018e:	be00      	bkpt	0x0000
10000190:	e7fd      	b.n	1000018e <platform_entry+0xc>

10000192 <data_cpy_loop>:
10000192:	c901      	ldmia	r1!, {r0}
10000194:	c201      	stmia	r2!, {r0}

10000196 <data_cpy>:
10000196:	429a      	cmp	r2, r3
10000198:	d3fb      	bcc.n	10000192 <data_cpy_loop>

1000019a <data_cpy_done>:
1000019a:	4770      	bx	lr

1000019c <data_cpy_table>:
1000019c:	100064bc 	.word	0x100064bc
100001a0:	20000110 	.word	0x20000110
100001a4:	20001378 	.word	0x20001378
100001a8:	10007724 	.word	0x10007724
100001ac:	20080000 	.word	0x20080000
100001b0:	20080000 	.word	0x20080000
100001b4:	10007724 	.word	0x10007724
100001b8:	20081000 	.word	0x20081000
100001bc:	20081000 	.word	0x20081000
100001c0:	00000000 	.word	0x00000000
100001c4:	4770      	bx	lr
100001c6:	0000      	.short	0x0000
100001c8:	e000ed08 	.word	0xe000ed08
100001cc:	20001378 	.word	0x20001378
100001d0:	20001cd0 	.word	0x20001cd0
100001d4:	100039f1 	.word	0x100039f1
100001d8:	100002d5 	.word	0x100002d5
100001dc:	100039e9 	.word	0x100039e9

100001e0 <_ZL10cdc_printfPKcz>:
100001e0:	b40f      	push	{r0, r1, r2, r3}
100001e2:	b510      	push	{r4, lr}
100001e4:	2000      	movs	r0, #0
100001e6:	b0aa      	sub	sp, #168	@ 0xa8
100001e8:	f005 f830 	bl	1000524c <tud_cdc_n_connected>
100001ec:	b920      	cbnz	r0, 100001f8 <_ZL10cdc_printfPKcz+0x18>
100001ee:	b02a      	add	sp, #168	@ 0xa8
100001f0:	e8bd 4010 	ldmia.w	sp!, {r4, lr}
100001f4:	b004      	add	sp, #16
100001f6:	4770      	bx	lr
100001f8:	ab2d      	add	r3, sp, #180	@ 0xb4
100001fa:	21a0      	movs	r1, #160	@ 0xa0
100001fc:	9a2c      	ldr	r2, [sp, #176]	@ 0xb0
100001fe:	a802      	add	r0, sp, #8
10000200:	9301      	str	r3, [sp, #4]
10000202:	f003 fbc3 	bl	1000398c <__wrap_vsnprintf>
10000206:	1e04      	subs	r4, r0, #0
10000208:	ddf1      	ble.n	100001ee <_ZL10cdc_printfPKcz+0xe>
1000020a:	2000      	movs	r0, #0
1000020c:	f005 f8ee 	bl	100053ec <tud_cdc_n_write_available>
10000210:	2ca0      	cmp	r4, #160	@ 0xa0
10000212:	bfa8      	it	ge
10000214:	24a0      	movge	r4, #160	@ 0xa0
10000216:	42a0      	cmp	r0, r4
10000218:	bf28      	it	cs
1000021a:	4620      	movcs	r0, r4
1000021c:	2800      	cmp	r0, #0
1000021e:	d0e6      	beq.n	100001ee <_ZL10cdc_printfPKcz+0xe>
10000220:	4602      	mov	r2, r0
10000222:	a902      	add	r1, sp, #8
10000224:	2000      	movs	r0, #0
10000226:	f005 f8bf 	bl	100053a8 <tud_cdc_n_write>
1000022a:	2000      	movs	r0, #0
1000022c:	f005 f876 	bl	1000531c <tud_cdc_n_write_flush>
10000230:	e7dd      	b.n	100001ee <_ZL10cdc_printfPKcz+0xe>
10000232:	bf00      	nop

10000234 <_ZL10cdc_printfPKcz.constprop.0>:
10000234:	b40f      	push	{r0, r1, r2, r3}
10000236:	b510      	push	{r4, lr}
10000238:	2000      	movs	r0, #0
1000023a:	b0aa      	sub	sp, #168	@ 0xa8
1000023c:	f005 f806 	bl	1000524c <tud_cdc_n_connected>
10000240:	b920      	cbnz	r0, 1000024c <_ZL10cdc_printfPKcz.constprop.0+0x18>
10000242:	b02a      	add	sp, #168	@ 0xa8
10000244:	e8bd 4010 	ldmia.w	sp!, {r4, lr}
10000248:	b004      	add	sp, #16
1000024a:	4770      	bx	lr
1000024c:	ab2d      	add	r3, sp, #180	@ 0xb4
1000024e:	21a0      	movs	r1, #160	@ 0xa0
10000250:	4a0b      	ldr	r2, [pc, #44]	@ (10000280 <_ZL10cdc_printfPKcz.constprop.0+0x4c>)
10000252:	a802      	add	r0, sp, #8
10000254:	9301      	str	r3, [sp, #4]
10000256:	f003 fb99 	bl	1000398c <__wrap_vsnprintf>
1000025a:	4604      	mov	r4, r0
1000025c:	2000      	movs	r0, #0
1000025e:	f005 f8c5 	bl	100053ec <tud_cdc_n_write_available>
10000262:	42a0      	cmp	r0, r4
10000264:	bf28      	it	cs
10000266:	4620      	movcs	r0, r4
10000268:	2800      	cmp	r0, #0
1000026a:	d0ea      	beq.n	10000242 <_ZL10cdc_printfPKcz.constprop.0+0xe>
1000026c:	4602      	mov	r2, r0
1000026e:	a902      	add	r1, sp, #8
10000270:	2000      	movs	r0, #0
10000272:	f005 f899 	bl	100053a8 <tud_cdc_n_write>
10000276:	2000      	movs	r0, #0
10000278:	f005 f850 	bl	1000531c <tud_cdc_n_write_flush>
1000027c:	e7e1      	b.n	10000242 <_ZL10cdc_printfPKcz.constprop.0+0xe>
1000027e:	bf00      	nop
10000280:	10005f90 	.word	0x10005f90

10000284 <_ZL10cdc_printfPKcz.constprop.1>:
10000284:	b40f      	push	{r0, r1, r2, r3}
10000286:	b510      	push	{r4, lr}
10000288:	2000      	movs	r0, #0
1000028a:	b0aa      	sub	sp, #168	@ 0xa8
1000028c:	f004 ffde 	bl	1000524c <tud_cdc_n_connected>
10000290:	b920      	cbnz	r0, 1000029c <_ZL10cdc_printfPKcz.constprop.1+0x18>
10000292:	b02a      	add	sp, #168	@ 0xa8
10000294:	e8bd 4010 	ldmia.w	sp!, {r4, lr}
10000298:	b004      	add	sp, #16
1000029a:	4770      	bx	lr
1000029c:	ab2d      	add	r3, sp, #180	@ 0xb4
1000029e:	21a0      	movs	r1, #160	@ 0xa0
100002a0:	4a0b      	ldr	r2, [pc, #44]	@ (100002d0 <_ZL10cdc_printfPKcz.constprop.1+0x4c>)
100002a2:	a802      	add	r0, sp, #8
100002a4:	9301      	str	r3, [sp, #4]
100002a6:	f003 fb71 	bl	1000398c <__wrap_vsnprintf>
100002aa:	4604      	mov	r4, r0
100002ac:	2000      	movs	r0, #0
100002ae:	f005 f89d 	bl	100053ec <tud_cdc_n_write_available>
100002b2:	42a0      	cmp	r0, r4
100002b4:	bf28      	it	cs
100002b6:	4620      	movcs	r0, r4
100002b8:	2800      	cmp	r0, #0
100002ba:	d0ea      	beq.n	10000292 <_ZL10cdc_printfPKcz.constprop.1+0xe>
100002bc:	4602      	mov	r2, r0
100002be:	a902      	add	r1, sp, #8
100002c0:	2000      	movs	r0, #0
100002c2:	f005 f871 	bl	100053a8 <tud_cdc_n_write>
100002c6:	2000      	movs	r0, #0
100002c8:	f005 f828 	bl	1000531c <tud_cdc_n_write_flush>
100002cc:	e7e1      	b.n	10000292 <_ZL10cdc_printfPKcz.constprop.1+0xe>
100002ce:	bf00      	nop
100002d0:	10005fe0 	.word	0x10005fe0

100002d4 <main>:
100002d4:	e92d 4ff0 	stmdb	sp!, {r4, r5, r6, r7, r8, r9, sl, fp, lr}
100002d8:	b0b5      	sub	sp, #212	@ 0xd4
100002da:	f003 fc85 	bl	10003be8 <stdio_init_all>
100002de:	2019      	movs	r0, #25
100002e0:	f000 fdd2 	bl	10000e88 <gpio_init>
100002e4:	2319      	movs	r3, #25
100002e6:	f04f 0201 	mov.w	r2, #1
100002ea:	ec42 3044 	gpioc_bit_oe_put r3, r2
100002ee:	f44f 70fa 	mov.w	r0, #500	@ 0x1f4
100002f2:	f001 fbf1 	bl	10001ad8 <sleep_ms>
100002f6:	4897      	ldr	r0, [pc, #604]	@ (10000554 <main+0x280>)
100002f8:	f7ff ff72 	bl	100001e0 <_ZL10cdc_printfPKcz>
100002fc:	f000 fb38 	bl	10000970 <_Z15spi_master_initv>
10000300:	2300      	movs	r3, #0
10000302:	255a      	movs	r5, #90	@ 0x5a
10000304:	4618      	mov	r0, r3
10000306:	e9cd 3310 	strd	r3, r3, [sp, #64]	@ 0x40
1000030a:	e9cd 3312 	strd	r3, r3, [sp, #72]	@ 0x48
1000030e:	4c92      	ldr	r4, [pc, #584]	@ (10000558 <main+0x284>)
10000310:	a91c      	add	r1, sp, #112	@ 0x70
10000312:	aa14      	add	r2, sp, #80	@ 0x50
10000314:	7053      	strb	r3, [r2, #1]
10000316:	3301      	adds	r3, #1
10000318:	2b04      	cmp	r3, #4
1000031a:	e9c1 0000 	strd	r0, r0, [r1]
1000031e:	7015      	strb	r5, [r2, #0]
10000320:	8050      	strh	r0, [r2, #2]
10000322:	6054      	str	r4, [r2, #4]
10000324:	f101 0108 	add.w	r1, r1, #8
10000328:	f102 0208 	add.w	r2, r2, #8
1000032c:	d1f2      	bne.n	10000314 <main+0x40>
1000032e:	f001 fc6d 	bl	10001c0c <time_us_64>
10000332:	2300      	movs	r3, #0
10000334:	4a89      	ldr	r2, [pc, #548]	@ (1000055c <main+0x288>)
10000336:	2701      	movs	r7, #1
10000338:	6814      	ldr	r4, [r2, #0]
1000033a:	4605      	mov	r5, r0
1000033c:	940c      	str	r4, [sp, #48]	@ 0x30
1000033e:	460e      	mov	r6, r1
10000340:	461c      	mov	r4, r3
10000342:	6852      	ldr	r2, [r2, #4]
10000344:	e9cd 3304 	strd	r3, r3, [sp, #16]
10000348:	e9cd 3309 	strd	r3, r3, [sp, #36]	@ 0x24
1000034c:	f8df b220 	ldr.w	fp, [pc, #544]	@ 10000570 <main+0x29c>
10000350:	f8df a204 	ldr.w	sl, [pc, #516]	@ 10000558 <main+0x284>
10000354:	920b      	str	r2, [sp, #44]	@ 0x2c
10000356:	9303      	str	r3, [sp, #12]
10000358:	9307      	str	r3, [sp, #28]
1000035a:	930d      	str	r3, [sp, #52]	@ 0x34
1000035c:	9308      	str	r3, [sp, #32]
1000035e:	f10d 0856 	add.w	r8, sp, #86	@ 0x56
10000362:	9306      	str	r3, [sp, #24]
10000364:	2100      	movs	r1, #0
10000366:	f04f 30ff 	mov.w	r0, #4294967295
1000036a:	f004 f9ad 	bl	100046c8 <tud_task_ext>
1000036e:	f001 fc4d 	bl	10001c0c <time_us_64>
10000372:	2900      	cmp	r1, #0
10000374:	f000 8155 	beq.w	10000622 <main+0x34e>
10000378:	f44f 727a 	mov.w	r2, #1000	@ 0x3e8
1000037c:	2300      	movs	r3, #0
1000037e:	f005 fdd7 	bl	10005f30 <____aeabi_uldivmod_veneer>
10000382:	4681      	mov	r9, r0
10000384:	b12c      	cbz	r4, 10000392 <main+0xbe>
10000386:	9b08      	ldr	r3, [sp, #32]
10000388:	eba9 0203 	sub.w	r2, r9, r3
1000038c:	2a15      	cmp	r2, #21
1000038e:	bf28      	it	cs
10000390:	2400      	movcs	r4, #0
10000392:	2000      	movs	r0, #0
10000394:	f004 ff70 	bl	10005278 <tud_cdc_n_available>
10000398:	2800      	cmp	r0, #0
1000039a:	f040 816c 	bne.w	10000676 <main+0x3a2>
1000039e:	9b03      	ldr	r3, [sp, #12]
100003a0:	b11b      	cbz	r3, 100003aa <main+0xd6>
100003a2:	eba9 0203 	sub.w	r2, r9, r3
100003a6:	2ac8      	cmp	r2, #200	@ 0xc8
100003a8:	d903      	bls.n	100003b2 <main+0xde>
100003aa:	225a      	movs	r2, #90	@ 0x5a
100003ac:	f8cd a054 	str.w	sl, [sp, #84]	@ 0x54
100003b0:	9214      	str	r2, [sp, #80]	@ 0x50
100003b2:	9b06      	ldr	r3, [sp, #24]
100003b4:	b11b      	cbz	r3, 100003be <main+0xea>
100003b6:	eba9 0203 	sub.w	r2, r9, r3
100003ba:	2ac8      	cmp	r2, #200	@ 0xc8
100003bc:	d904      	bls.n	100003c8 <main+0xf4>
100003be:	f44f 72ad 	mov.w	r2, #346	@ 0x15a
100003c2:	f8cd a05c 	str.w	sl, [sp, #92]	@ 0x5c
100003c6:	9216      	str	r2, [sp, #88]	@ 0x58
100003c8:	9b05      	ldr	r3, [sp, #20]
100003ca:	b11b      	cbz	r3, 100003d4 <main+0x100>
100003cc:	eba9 0203 	sub.w	r2, r9, r3
100003d0:	2ac8      	cmp	r2, #200	@ 0xc8
100003d2:	d904      	bls.n	100003de <main+0x10a>
100003d4:	f240 225a 	movw	r2, #602	@ 0x25a
100003d8:	f8cd a064 	str.w	sl, [sp, #100]	@ 0x64
100003dc:	9218      	str	r2, [sp, #96]	@ 0x60
100003de:	9b04      	ldr	r3, [sp, #16]
100003e0:	b11b      	cbz	r3, 100003ea <main+0x116>
100003e2:	eba9 0203 	sub.w	r2, r9, r3
100003e6:	2ac8      	cmp	r2, #200	@ 0xc8
100003e8:	d904      	bls.n	100003f4 <main+0x120>
100003ea:	f240 325a 	movw	r2, #858	@ 0x35a
100003ee:	f8cd a06c 	str.w	sl, [sp, #108]	@ 0x6c
100003f2:	921a      	str	r2, [sp, #104]	@ 0x68
100003f4:	9b07      	ldr	r3, [sp, #28]
100003f6:	2b00      	cmp	r3, #0
100003f8:	f040 8103 	bne.w	10000602 <main+0x32e>
100003fc:	f640 32b8 	movw	r2, #3000	@ 0xbb8
10000400:	9b08      	ldr	r3, [sp, #32]
10000402:	eba9 0103 	sub.w	r1, r9, r3
10000406:	4291      	cmp	r1, r2
10000408:	d905      	bls.n	10000416 <main+0x142>
1000040a:	9b0d      	ldr	r3, [sp, #52]	@ 0x34
1000040c:	eba9 0103 	sub.w	r1, r9, r3
10000410:	4291      	cmp	r1, r2
10000412:	f200 80e0 	bhi.w	100005d6 <main+0x302>
10000416:	4b52      	ldr	r3, [pc, #328]	@ (10000560 <main+0x28c>)
10000418:	f8db 1004 	ldr.w	r1, [fp, #4]
1000041c:	6a5a      	ldr	r2, [r3, #36]	@ 0x24
1000041e:	f8db 0000 	ldr.w	r0, [fp]
10000422:	4291      	cmp	r1, r2
10000424:	f200 80a6 	bhi.w	10000574 <main+0x2a0>
10000428:	6a9b      	ldr	r3, [r3, #40]	@ 0x28
1000042a:	4283      	cmp	r3, r0
1000042c:	d202      	bcs.n	10000434 <main+0x160>
1000042e:	4291      	cmp	r1, r2
10000430:	f000 80a0 	beq.w	10000574 <main+0x2a0>
10000434:	2300      	movs	r3, #0
10000436:	f10d 024f 	add.w	r2, sp, #79	@ 0x4f
1000043a:	e026      	b.n	1000048a <main+0x1b6>
1000043c:	005b      	lsls	r3, r3, #1
1000043e:	b2d8      	uxtb	r0, r3
10000440:	b25b      	sxtb	r3, r3
10000442:	2b00      	cmp	r3, #0
10000444:	db2e      	blt.n	100004a4 <main+0x1d0>
10000446:	0040      	lsls	r0, r0, #1
10000448:	b2c1      	uxtb	r1, r0
1000044a:	b240      	sxtb	r0, r0
1000044c:	2800      	cmp	r0, #0
1000044e:	db30      	blt.n	100004b2 <main+0x1de>
10000450:	0049      	lsls	r1, r1, #1
10000452:	b2cb      	uxtb	r3, r1
10000454:	b249      	sxtb	r1, r1
10000456:	2900      	cmp	r1, #0
10000458:	db32      	blt.n	100004c0 <main+0x1ec>
1000045a:	005b      	lsls	r3, r3, #1
1000045c:	b2d9      	uxtb	r1, r3
1000045e:	b25b      	sxtb	r3, r3
10000460:	2b00      	cmp	r3, #0
10000462:	db34      	blt.n	100004ce <main+0x1fa>
10000464:	0049      	lsls	r1, r1, #1
10000466:	b2cb      	uxtb	r3, r1
10000468:	b249      	sxtb	r1, r1
1000046a:	2900      	cmp	r1, #0
1000046c:	db36      	blt.n	100004dc <main+0x208>
1000046e:	005b      	lsls	r3, r3, #1
10000470:	b2d9      	uxtb	r1, r3
10000472:	b25b      	sxtb	r3, r3
10000474:	2b00      	cmp	r3, #0
10000476:	db38      	blt.n	100004ea <main+0x216>
10000478:	0049      	lsls	r1, r1, #1
1000047a:	b2cb      	uxtb	r3, r1
1000047c:	b249      	sxtb	r1, r1
1000047e:	2900      	cmp	r1, #0
10000480:	db3a      	blt.n	100004f8 <main+0x224>
10000482:	005b      	lsls	r3, r3, #1
10000484:	4590      	cmp	r8, r2
10000486:	b2db      	uxtb	r3, r3
10000488:	d03c      	beq.n	10000504 <main+0x230>
1000048a:	f812 1f01 	ldrb.w	r1, [r2, #1]!
1000048e:	404b      	eors	r3, r1
10000490:	b259      	sxtb	r1, r3
10000492:	2900      	cmp	r1, #0
10000494:	dad2      	bge.n	1000043c <main+0x168>
10000496:	0048      	lsls	r0, r1, #1
10000498:	f080 0007 	eor.w	r0, r0, #7
1000049c:	b243      	sxtb	r3, r0
1000049e:	2b00      	cmp	r3, #0
100004a0:	b2c0      	uxtb	r0, r0
100004a2:	dad0      	bge.n	10000446 <main+0x172>
100004a4:	005b      	lsls	r3, r3, #1
100004a6:	f083 0307 	eor.w	r3, r3, #7
100004aa:	b258      	sxtb	r0, r3
100004ac:	2800      	cmp	r0, #0
100004ae:	b2d9      	uxtb	r1, r3
100004b0:	dace      	bge.n	10000450 <main+0x17c>
100004b2:	0040      	lsls	r0, r0, #1
100004b4:	f080 0007 	eor.w	r0, r0, #7
100004b8:	b241      	sxtb	r1, r0
100004ba:	2900      	cmp	r1, #0
100004bc:	b2c3      	uxtb	r3, r0
100004be:	dacc      	bge.n	1000045a <main+0x186>
100004c0:	0049      	lsls	r1, r1, #1
100004c2:	f081 0107 	eor.w	r1, r1, #7
100004c6:	b24b      	sxtb	r3, r1
100004c8:	2b00      	cmp	r3, #0
100004ca:	b2c9      	uxtb	r1, r1
100004cc:	daca      	bge.n	10000464 <main+0x190>
100004ce:	005b      	lsls	r3, r3, #1
100004d0:	f083 0307 	eor.w	r3, r3, #7
100004d4:	b259      	sxtb	r1, r3
100004d6:	2900      	cmp	r1, #0
100004d8:	b2db      	uxtb	r3, r3
100004da:	dac8      	bge.n	1000046e <main+0x19a>
100004dc:	0049      	lsls	r1, r1, #1
100004de:	f081 0107 	eor.w	r1, r1, #7
100004e2:	b24b      	sxtb	r3, r1
100004e4:	2b00      	cmp	r3, #0
100004e6:	b2c9      	uxtb	r1, r1
100004e8:	dac6      	bge.n	10000478 <main+0x1a4>
100004ea:	005b      	lsls	r3, r3, #1
100004ec:	f083 0307 	eor.w	r3, r3, #7
100004f0:	b259      	sxtb	r1, r3
100004f2:	2900      	cmp	r1, #0
100004f4:	b2db      	uxtb	r3, r3
100004f6:	dac4      	bge.n	10000482 <main+0x1ae>
100004f8:	0049      	lsls	r1, r1, #1
100004fa:	f081 0107 	eor.w	r1, r1, #7
100004fe:	4590      	cmp	r8, r2
10000500:	b2cb      	uxtb	r3, r1
10000502:	d1c2      	bne.n	1000048a <main+0x1b6>
10000504:	2000      	movs	r0, #0
10000506:	aa1c      	add	r2, sp, #112	@ 0x70
10000508:	a914      	add	r1, sp, #80	@ 0x50
1000050a:	f88d 3057 	strb.w	r3, [sp, #87]	@ 0x57
1000050e:	f000 faab 	bl	10000a68 <_Z28spi_master_transceive_packethRK19ControllerSpiPacketR22ControllerSpiAckPacket>
10000512:	2800      	cmp	r0, #0
10000514:	f000 808b 	beq.w	1000062e <main+0x35a>
10000518:	4a12      	ldr	r2, [pc, #72]	@ (10000564 <main+0x290>)
1000051a:	f8bd 3074 	ldrh.w	r3, [sp, #116]	@ 0x74
1000051e:	8812      	ldrh	r2, [r2, #0]
10000520:	429a      	cmp	r2, r3
10000522:	f000 81dd 	beq.w	100008e0 <main+0x60c>
10000526:	4a0f      	ldr	r2, [pc, #60]	@ (10000564 <main+0x290>)
10000528:	8013      	strh	r3, [r2, #0]
1000052a:	2200      	movs	r2, #0
1000052c:	4b0e      	ldr	r3, [pc, #56]	@ (10000568 <main+0x294>)
1000052e:	601a      	str	r2, [r3, #0]
10000530:	4a0e      	ldr	r2, [pc, #56]	@ (1000056c <main+0x298>)
10000532:	fba2 3207 	umull	r3, r2, r2, r7
10000536:	f022 030f 	bic.w	r3, r2, #15
1000053a:	eba3 1312 	sub.w	r3, r3, r2, lsr #4
1000053e:	ebb7 0343 	subs.w	r3, r7, r3, lsl #1
10000542:	930a      	str	r3, [sp, #40]	@ 0x28
10000544:	f04f 0301 	mov.w	r3, #1
10000548:	9309      	str	r3, [sp, #36]	@ 0x24
1000054a:	d01d      	beq.n	10000588 <main+0x2b4>
1000054c:	2300      	movs	r3, #0
1000054e:	930a      	str	r3, [sp, #40]	@ 0x28
10000550:	e028      	b.n	100005a4 <main+0x2d0>
10000552:	bf00      	nop
10000554:	1000601c 	.word	0x1000601c
10000558:	00808080 	.word	0x00808080
1000055c:	10006248 	.word	0x10006248
10000560:	400b0000 	.word	0x400b0000
10000564:	20001c70 	.word	0x20001c70
10000568:	20001860 	.word	0x20001860
1000056c:	88888889 	.word	0x88888889
10000570:	200015c8 	.word	0x200015c8
10000574:	4bbb      	ldr	r3, [pc, #748]	@ (10000864 <main+0x590>)
10000576:	4abc      	ldr	r2, [pc, #752]	@ (10000868 <main+0x594>)
10000578:	fb07 f303 	mul.w	r3, r7, r3
1000057c:	ebb2 0f73 	cmp.w	r2, r3, ror #1
10000580:	d310      	bcc.n	100005a4 <main+0x2d0>
10000582:	9b09      	ldr	r3, [sp, #36]	@ 0x24
10000584:	2b00      	cmp	r3, #0
10000586:	d064      	beq.n	10000652 <main+0x37e>
10000588:	f8bd 3074 	ldrh.w	r3, [sp, #116]	@ 0x74
1000058c:	2100      	movs	r1, #0
1000058e:	9301      	str	r3, [sp, #4]
10000590:	f89d 3055 	ldrb.w	r3, [sp, #85]	@ 0x55
10000594:	f8bd 2052 	ldrh.w	r2, [sp, #82]	@ 0x52
10000598:	9300      	str	r3, [sp, #0]
1000059a:	48b4      	ldr	r0, [pc, #720]	@ (1000086c <main+0x598>)
1000059c:	f89d 3054 	ldrb.w	r3, [sp, #84]	@ 0x54
100005a0:	f7ff fe70 	bl	10000284 <_ZL10cdc_printfPKcz.constprop.1>
100005a4:	f04f 32ff 	mov.w	r2, #4294967295
100005a8:	f06f 4300 	mvn.w	r3, #2147483648	@ 0x80000000
100005ac:	f515 757a 	adds.w	r5, r5, #1000	@ 0x3e8
100005b0:	f146 0600 	adc.w	r6, r6, #0
100005b4:	42aa      	cmp	r2, r5
100005b6:	eb73 0106 	sbcs.w	r1, r3, r6
100005ba:	bf3c      	itt	cc
100005bc:	4615      	movcc	r5, r2
100005be:	461e      	movcc	r6, r3
100005c0:	f3c7 2200 	ubfx	r2, r7, #8, #1
100005c4:	2319      	movs	r3, #25
100005c6:	ec42 3040 	gpioc_bit_out_put r3, r2
100005ca:	4628      	mov	r0, r5
100005cc:	4631      	mov	r1, r6
100005ce:	f001 fa01 	bl	100019d4 <sleep_until>
100005d2:	3701      	adds	r7, #1
100005d4:	e6c6      	b.n	10000364 <main+0x90>
100005d6:	f003 ffe7 	bl	100045a8 <tud_disconnect>
100005da:	f001 fb17 	bl	10001c0c <time_us_64>
100005de:	f04f 3eff 	mov.w	lr, #4294967295
100005e2:	f06f 4c00 	mvn.w	ip, #2147483648	@ 0x80000000
100005e6:	4aa2      	ldr	r2, [pc, #648]	@ (10000870 <main+0x59c>)
100005e8:	f8cd 9034 	str.w	r9, [sp, #52]	@ 0x34
100005ec:	1883      	adds	r3, r0, r2
100005ee:	f141 0200 	adc.w	r2, r1, #0
100005f2:	459e      	cmp	lr, r3
100005f4:	920b      	str	r2, [sp, #44]	@ 0x2c
100005f6:	eb7c 0202 	sbcs.w	r2, ip, r2
100005fa:	930c      	str	r3, [sp, #48]	@ 0x30
100005fc:	bf38      	it	cc
100005fe:	e9cd ce0b 	strdcc	ip, lr, [sp, #44]	@ 0x2c
10000602:	4b9c      	ldr	r3, [pc, #624]	@ (10000874 <main+0x5a0>)
10000604:	990b      	ldr	r1, [sp, #44]	@ 0x2c
10000606:	6a5a      	ldr	r2, [r3, #36]	@ 0x24
10000608:	4291      	cmp	r1, r2
1000060a:	d831      	bhi.n	10000670 <main+0x39c>
1000060c:	6a9b      	ldr	r3, [r3, #40]	@ 0x28
1000060e:	980c      	ldr	r0, [sp, #48]	@ 0x30
10000610:	4283      	cmp	r3, r0
10000612:	d201      	bcs.n	10000618 <main+0x344>
10000614:	4291      	cmp	r1, r2
10000616:	d02b      	beq.n	10000670 <main+0x39c>
10000618:	f003 ffd0 	bl	100045bc <tud_connect>
1000061c:	2300      	movs	r3, #0
1000061e:	9307      	str	r3, [sp, #28]
10000620:	e6f9      	b.n	10000416 <main+0x142>
10000622:	4a95      	ldr	r2, [pc, #596]	@ (10000878 <main+0x5a4>)
10000624:	fba2 2300 	umull	r2, r3, r2, r0
10000628:	ea4f 1993 	mov.w	r9, r3, lsr #6
1000062c:	e6aa      	b.n	10000384 <main+0xb0>
1000062e:	9b0a      	ldr	r3, [sp, #40]	@ 0x28
10000630:	4a92      	ldr	r2, [pc, #584]	@ (1000087c <main+0x5a8>)
10000632:	3301      	adds	r3, #1
10000634:	2b1d      	cmp	r3, #29
10000636:	930a      	str	r3, [sp, #40]	@ 0x28
10000638:	6010      	str	r0, [r2, #0]
1000063a:	f200 812c 	bhi.w	10000896 <main+0x5c2>
1000063e:	4b89      	ldr	r3, [pc, #548]	@ (10000864 <main+0x590>)
10000640:	4a89      	ldr	r2, [pc, #548]	@ (10000868 <main+0x594>)
10000642:	fb07 f303 	mul.w	r3, r7, r3
10000646:	ebb2 0f73 	cmp.w	r2, r3, ror #1
1000064a:	f04f 0300 	mov.w	r3, #0
1000064e:	9309      	str	r3, [sp, #36]	@ 0x24
10000650:	d3a8      	bcc.n	100005a4 <main+0x2d0>
10000652:	f89d 3077 	ldrb.w	r3, [sp, #119]	@ 0x77
10000656:	2100      	movs	r1, #0
10000658:	9301      	str	r3, [sp, #4]
1000065a:	f8bd 3074 	ldrh.w	r3, [sp, #116]	@ 0x74
1000065e:	f89d 2070 	ldrb.w	r2, [sp, #112]	@ 0x70
10000662:	9300      	str	r3, [sp, #0]
10000664:	4886      	ldr	r0, [pc, #536]	@ (10000880 <main+0x5ac>)
10000666:	f89d 3071 	ldrb.w	r3, [sp, #113]	@ 0x71
1000066a:	f7ff fde3 	bl	10000234 <_ZL10cdc_printfPKcz.constprop.0>
1000066e:	e799      	b.n	100005a4 <main+0x2d0>
10000670:	2301      	movs	r3, #1
10000672:	9307      	str	r3, [sp, #28]
10000674:	e6cf      	b.n	10000416 <main+0x142>
10000676:	2840      	cmp	r0, #64	@ 0x40
10000678:	4602      	mov	r2, r0
1000067a:	a924      	add	r1, sp, #144	@ 0x90
1000067c:	bf28      	it	cs
1000067e:	2240      	movcs	r2, #64	@ 0x40
10000680:	2000      	movs	r0, #0
10000682:	f004 fe05 	bl	10005290 <tud_cdc_n_read>
10000686:	2800      	cmp	r0, #0
10000688:	f43f ae89 	beq.w	1000039e <main+0xca>
1000068c:	ab24      	add	r3, sp, #144	@ 0x90
1000068e:	4619      	mov	r1, r3
10000690:	4418      	add	r0, r3
10000692:	f811 3b01 	ldrb.w	r3, [r1], #1
10000696:	b12c      	cbz	r4, 100006a4 <main+0x3d0>
10000698:	e0fb      	b.n	10000892 <main+0x5be>
1000069a:	4281      	cmp	r1, r0
1000069c:	f000 80d6 	beq.w	1000084c <main+0x578>
100006a0:	f811 3b01 	ldrb.w	r3, [r1], #1
100006a4:	2b5a      	cmp	r3, #90	@ 0x5a
100006a6:	d1f8      	bne.n	1000069a <main+0x3c6>
100006a8:	4281      	cmp	r1, r0
100006aa:	f88d 3038 	strb.w	r3, [sp, #56]	@ 0x38
100006ae:	f000 8143 	beq.w	10000938 <main+0x664>
100006b2:	460b      	mov	r3, r1
100006b4:	f813 2b01 	ldrb.w	r2, [r3], #1
100006b8:	4298      	cmp	r0, r3
100006ba:	f88d 2039 	strb.w	r2, [sp, #57]	@ 0x39
100006be:	f000 813d 	beq.w	1000093c <main+0x668>
100006c2:	2202      	movs	r2, #2
100006c4:	784b      	ldrb	r3, [r1, #1]
100006c6:	3102      	adds	r1, #2
100006c8:	f102 04d0 	add.w	r4, r2, #208	@ 0xd0
100006cc:	446c      	add	r4, sp
100006ce:	2a07      	cmp	r2, #7
100006d0:	f804 3c98 	strb.w	r3, [r4, #-152]
100006d4:	f102 0401 	add.w	r4, r2, #1
100006d8:	f040 80d4 	bne.w	10000884 <main+0x5b0>
100006dc:	f89d 4039 	ldrb.w	r4, [sp, #57]	@ 0x39
100006e0:	2c03      	cmp	r4, #3
100006e2:	d8da      	bhi.n	1000069a <main+0x3c6>
100006e4:	2300      	movs	r3, #0
100006e6:	f10d 0237 	add.w	r2, sp, #55	@ 0x37
100006ea:	e03a      	b.n	10000762 <main+0x48e>
100006ec:	005b      	lsls	r3, r3, #1
100006ee:	fa5f fc83 	uxtb.w	ip, r3
100006f2:	b25b      	sxtb	r3, r3
100006f4:	2b00      	cmp	r3, #0
100006f6:	db47      	blt.n	10000788 <main+0x4b4>
100006f8:	ea4f 0c4c 	mov.w	ip, ip, lsl #1
100006fc:	fa5f f38c 	uxtb.w	r3, ip
10000700:	fa4f fc8c 	sxtb.w	ip, ip
10000704:	f1bc 0f00 	cmp.w	ip, #0
10000708:	db47      	blt.n	1000079a <main+0x4c6>
1000070a:	005b      	lsls	r3, r3, #1
1000070c:	fa5f fc83 	uxtb.w	ip, r3
10000710:	b25b      	sxtb	r3, r3
10000712:	2b00      	cmp	r3, #0
10000714:	db4b      	blt.n	100007ae <main+0x4da>
10000716:	ea4f 0c4c 	mov.w	ip, ip, lsl #1
1000071a:	fa5f f38c 	uxtb.w	r3, ip
1000071e:	fa4f fc8c 	sxtb.w	ip, ip
10000722:	f1bc 0f00 	cmp.w	ip, #0
10000726:	db4b      	blt.n	100007c0 <main+0x4ec>
10000728:	005b      	lsls	r3, r3, #1
1000072a:	fa5f fc83 	uxtb.w	ip, r3
1000072e:	b25b      	sxtb	r3, r3
10000730:	2b00      	cmp	r3, #0
10000732:	db4f      	blt.n	100007d4 <main+0x500>
10000734:	ea4f 0c4c 	mov.w	ip, ip, lsl #1
10000738:	fa5f f38c 	uxtb.w	r3, ip
1000073c:	fa4f fc8c 	sxtb.w	ip, ip
10000740:	f1bc 0f00 	cmp.w	ip, #0
10000744:	db4f      	blt.n	100007e6 <main+0x512>
10000746:	005b      	lsls	r3, r3, #1
10000748:	fa5f fc83 	uxtb.w	ip, r3
1000074c:	b25b      	sxtb	r3, r3
1000074e:	2b00      	cmp	r3, #0
10000750:	db53      	blt.n	100007fa <main+0x526>
10000752:	ea4f 0c4c 	mov.w	ip, ip, lsl #1
10000756:	fa5f f38c 	uxtb.w	r3, ip
1000075a:	f10d 0c3e 	add.w	ip, sp, #62	@ 0x3e
1000075e:	4562      	cmp	r2, ip
10000760:	d053      	beq.n	1000080a <main+0x536>
10000762:	f812 cf01 	ldrb.w	ip, [r2, #1]!
10000766:	ea83 030c 	eor.w	r3, r3, ip
1000076a:	fa4f fc83 	sxtb.w	ip, r3
1000076e:	f1bc 0f00 	cmp.w	ip, #0
10000772:	dabb      	bge.n	100006ec <main+0x418>
10000774:	ea4f 0c4c 	mov.w	ip, ip, lsl #1
10000778:	f08c 0c07 	eor.w	ip, ip, #7
1000077c:	fa4f f38c 	sxtb.w	r3, ip
10000780:	2b00      	cmp	r3, #0
10000782:	fa5f fc8c 	uxtb.w	ip, ip
10000786:	dab7      	bge.n	100006f8 <main+0x424>
10000788:	005b      	lsls	r3, r3, #1
1000078a:	f083 0307 	eor.w	r3, r3, #7
1000078e:	fa4f fc83 	sxtb.w	ip, r3
10000792:	f1bc 0f00 	cmp.w	ip, #0
10000796:	b2db      	uxtb	r3, r3
10000798:	dab7      	bge.n	1000070a <main+0x436>
1000079a:	ea4f 0c4c 	mov.w	ip, ip, lsl #1
1000079e:	f08c 0c07 	eor.w	ip, ip, #7
100007a2:	fa4f f38c 	sxtb.w	r3, ip
100007a6:	2b00      	cmp	r3, #0
100007a8:	fa5f fc8c 	uxtb.w	ip, ip
100007ac:	dab3      	bge.n	10000716 <main+0x442>
100007ae:	005b      	lsls	r3, r3, #1
100007b0:	f083 0307 	eor.w	r3, r3, #7
100007b4:	fa4f fc83 	sxtb.w	ip, r3
100007b8:	f1bc 0f00 	cmp.w	ip, #0
100007bc:	b2db      	uxtb	r3, r3
100007be:	dab3      	bge.n	10000728 <main+0x454>
100007c0:	ea4f 0c4c 	mov.w	ip, ip, lsl #1
100007c4:	f08c 0c07 	eor.w	ip, ip, #7
100007c8:	fa4f f38c 	sxtb.w	r3, ip
100007cc:	2b00      	cmp	r3, #0
100007ce:	fa5f fc8c 	uxtb.w	ip, ip
100007d2:	daaf      	bge.n	10000734 <main+0x460>
100007d4:	005b      	lsls	r3, r3, #1
100007d6:	f083 0307 	eor.w	r3, r3, #7
100007da:	fa4f fc83 	sxtb.w	ip, r3
100007de:	f1bc 0f00 	cmp.w	ip, #0
100007e2:	b2db      	uxtb	r3, r3
100007e4:	daaf      	bge.n	10000746 <main+0x472>
100007e6:	ea4f 0c4c 	mov.w	ip, ip, lsl #1
100007ea:	f08c 0c07 	eor.w	ip, ip, #7
100007ee:	fa4f f38c 	sxtb.w	r3, ip
100007f2:	2b00      	cmp	r3, #0
100007f4:	fa5f fc8c 	uxtb.w	ip, ip
100007f8:	daab      	bge.n	10000752 <main+0x47e>
100007fa:	005b      	lsls	r3, r3, #1
100007fc:	f10d 0c3e 	add.w	ip, sp, #62	@ 0x3e
10000800:	f083 0307 	eor.w	r3, r3, #7
10000804:	4562      	cmp	r2, ip
10000806:	b2db      	uxtb	r3, r3
10000808:	d1ab      	bne.n	10000762 <main+0x48e>
1000080a:	f89d 203f 	ldrb.w	r2, [sp, #63]	@ 0x3f
1000080e:	429a      	cmp	r2, r3
10000810:	f47f af43 	bne.w	1000069a <main+0x3c6>
10000814:	f8bd 203a 	ldrh.w	r2, [sp, #58]	@ 0x3a
10000818:	ab34      	add	r3, sp, #208	@ 0xd0
1000081a:	eb03 03c4 	add.w	r3, r3, r4, lsl #3
1000081e:	f823 2c7e 	strh.w	r2, [r3, #-126]
10000822:	f8bd c03c 	ldrh.w	ip, [sp, #60]	@ 0x3c
10000826:	aa14      	add	r2, sp, #80	@ 0x50
10000828:	eb02 02c4 	add.w	r2, r2, r4, lsl #3
1000082c:	f803 4c7f 	strb.w	r4, [r3, #-127]
10000830:	f8a2 c004 	strh.w	ip, [r2, #4]
10000834:	aa34      	add	r2, sp, #208	@ 0xd0
10000836:	eb02 0484 	add.w	r4, r2, r4, lsl #2
1000083a:	f89d 203e 	ldrb.w	r2, [sp, #62]	@ 0x3e
1000083e:	4281      	cmp	r1, r0
10000840:	f844 9c90 	str.w	r9, [r4, #-144]
10000844:	f803 2c7a 	strb.w	r2, [r3, #-122]
10000848:	f47f af2a 	bne.w	100006a0 <main+0x3cc>
1000084c:	2400      	movs	r4, #0
1000084e:	9b10      	ldr	r3, [sp, #64]	@ 0x40
10000850:	f8cd 9020 	str.w	r9, [sp, #32]
10000854:	9303      	str	r3, [sp, #12]
10000856:	9b13      	ldr	r3, [sp, #76]	@ 0x4c
10000858:	9304      	str	r3, [sp, #16]
1000085a:	9b12      	ldr	r3, [sp, #72]	@ 0x48
1000085c:	9305      	str	r3, [sp, #20]
1000085e:	9b11      	ldr	r3, [sp, #68]	@ 0x44
10000860:	9306      	str	r3, [sp, #24]
10000862:	e59c      	b.n	1000039e <main+0xca>
10000864:	eeeeeeef 	.word	0xeeeeeeef
10000868:	08888888 	.word	0x08888888
1000086c:	10005fe0 	.word	0x10005fe0
10000870:	0003d090 	.word	0x0003d090
10000874:	400b0000 	.word	0x400b0000
10000878:	10624dd3 	.word	0x10624dd3
1000087c:	20001860 	.word	0x20001860
10000880:	10005f90 	.word	0x10005f90
10000884:	4281      	cmp	r1, r0
10000886:	d0e2      	beq.n	1000084e <main+0x57a>
10000888:	f811 3b01 	ldrb.w	r3, [r1], #1
1000088c:	2c00      	cmp	r4, #0
1000088e:	f43f af09 	beq.w	100006a4 <main+0x3d0>
10000892:	4622      	mov	r2, r4
10000894:	e718      	b.n	100006c8 <main+0x3f4>
10000896:	461a      	mov	r2, r3
10000898:	4601      	mov	r1, r0
1000089a:	4829      	ldr	r0, [pc, #164]	@ (10000940 <main+0x66c>)
1000089c:	f7ff fca0 	bl	100001e0 <_ZL10cdc_printfPKcz>
100008a0:	2314      	movs	r3, #20
100008a2:	f04f 0201 	mov.w	r2, #1
100008a6:	ec42 3040 	gpioc_bit_out_put r3, r2
100008aa:	f000 f861 	bl	10000970 <_Z15spi_master_initv>
100008ae:	f001 f9ad 	bl	10001c0c <time_us_64>
100008b2:	4b24      	ldr	r3, [pc, #144]	@ (10000944 <main+0x670>)
100008b4:	f06f 4200 	mvn.w	r2, #2147483648	@ 0x80000000
100008b8:	18c0      	adds	r0, r0, r3
100008ba:	f141 0300 	adc.w	r3, r1, #0
100008be:	f04f 31ff 	mov.w	r1, #4294967295
100008c2:	4281      	cmp	r1, r0
100008c4:	eb72 0c03 	sbcs.w	ip, r2, r3
100008c8:	bf3c      	itt	cc
100008ca:	4613      	movcc	r3, r2
100008cc:	4608      	movcc	r0, r1
100008ce:	e9cb 0300 	strd	r0, r3, [fp]
100008d2:	f64f 73ff 	movw	r3, #65535	@ 0xffff
100008d6:	4a1c      	ldr	r2, [pc, #112]	@ (10000948 <main+0x674>)
100008d8:	8013      	strh	r3, [r2, #0]
100008da:	2300      	movs	r3, #0
100008dc:	930a      	str	r3, [sp, #40]	@ 0x28
100008de:	e6ae      	b.n	1000063e <main+0x36a>
100008e0:	491a      	ldr	r1, [pc, #104]	@ (1000094c <main+0x678>)
100008e2:	680b      	ldr	r3, [r1, #0]
100008e4:	3301      	adds	r3, #1
100008e6:	2b13      	cmp	r3, #19
100008e8:	600b      	str	r3, [r1, #0]
100008ea:	f67f ae21 	bls.w	10000530 <main+0x25c>
100008ee:	2100      	movs	r1, #0
100008f0:	4817      	ldr	r0, [pc, #92]	@ (10000950 <main+0x67c>)
100008f2:	f7ff fc75 	bl	100001e0 <_ZL10cdc_printfPKcz>
100008f6:	2314      	movs	r3, #20
100008f8:	f04f 0201 	mov.w	r2, #1
100008fc:	ec42 3040 	gpioc_bit_out_put r3, r2
10000900:	f000 f836 	bl	10000970 <_Z15spi_master_initv>
10000904:	f001 f982 	bl	10001c0c <time_us_64>
10000908:	4b12      	ldr	r3, [pc, #72]	@ (10000954 <main+0x680>)
1000090a:	18c3      	adds	r3, r0, r3
1000090c:	f04f 30ff 	mov.w	r0, #4294967295
10000910:	f141 0200 	adc.w	r2, r1, #0
10000914:	f06f 4100 	mvn.w	r1, #2147483648	@ 0x80000000
10000918:	4298      	cmp	r0, r3
1000091a:	eb71 0c02 	sbcs.w	ip, r1, r2
1000091e:	bf3c      	itt	cc
10000920:	4603      	movcc	r3, r0
10000922:	460a      	movcc	r2, r1
10000924:	e9cb 3200 	strd	r3, r2, [fp]
10000928:	2200      	movs	r2, #0
1000092a:	4b08      	ldr	r3, [pc, #32]	@ (1000094c <main+0x678>)
1000092c:	601a      	str	r2, [r3, #0]
1000092e:	f64f 73ff 	movw	r3, #65535	@ 0xffff
10000932:	4a05      	ldr	r2, [pc, #20]	@ (10000948 <main+0x674>)
10000934:	8013      	strh	r3, [r2, #0]
10000936:	e5fb      	b.n	10000530 <main+0x25c>
10000938:	2401      	movs	r4, #1
1000093a:	e788      	b.n	1000084e <main+0x57a>
1000093c:	2402      	movs	r4, #2
1000093e:	e786      	b.n	1000084e <main+0x57a>
10000940:	10006088 	.word	0x10006088
10000944:	000249f0 	.word	0x000249f0
10000948:	20001c70 	.word	0x20001c70
1000094c:	20001860 	.word	0x20001860
10000950:	1000604c 	.word	0x1000604c
10000954:	000186a0 	.word	0x000186a0

10000958 <_GLOBAL__sub_I_last_seen_count>:
10000958:	4b03      	ldr	r3, [pc, #12]	@ (10000968 <_GLOBAL__sub_I_last_seen_count+0x10>)
1000095a:	4a04      	ldr	r2, [pc, #16]	@ (1000096c <_GLOBAL__sub_I_last_seen_count+0x14>)
1000095c:	e9d2 0100 	ldrd	r0, r1, [r2]
10000960:	e9c3 0100 	strd	r0, r1, [r3]
10000964:	4770      	bx	lr
10000966:	bf00      	nop
10000968:	200015c8 	.word	0x200015c8
1000096c:	10006248 	.word	0x10006248

10000970 <_Z15spi_master_initv>:
10000970:	f44f 2380 	mov.w	r3, #262144	@ 0x40000
10000974:	b5f0      	push	{r4, r5, r6, r7, lr}
10000976:	4a32      	ldr	r2, [pc, #200]	@ (10000a40 <_Z15spi_master_initv+0xd0>)
10000978:	4932      	ldr	r1, [pc, #200]	@ (10000a44 <_Z15spi_master_initv+0xd4>)
1000097a:	b087      	sub	sp, #28
1000097c:	600b      	str	r3, [r1, #0]
1000097e:	6013      	str	r3, [r2, #0]
10000980:	f001 f944 	bl	10001c0c <time_us_64>
10000984:	f04f 32ff 	mov.w	r2, #4294967295
10000988:	f06f 4300 	mvn.w	r3, #2147483648	@ 0x80000000
1000098c:	f510 60fa 	adds.w	r0, r0, #2000	@ 0x7d0
10000990:	f141 0100 	adc.w	r1, r1, #0
10000994:	4282      	cmp	r2, r0
10000996:	eb73 0401 	sbcs.w	r4, r3, r1
1000099a:	bf3c      	itt	cc
1000099c:	4619      	movcc	r1, r3
1000099e:	4610      	movcc	r0, r2
100009a0:	4c29      	ldr	r4, [pc, #164]	@ (10000a48 <_Z15spi_master_initv+0xd8>)
100009a2:	4a2a      	ldr	r2, [pc, #168]	@ (10000a4c <_Z15spi_master_initv+0xdc>)
100009a4:	68a3      	ldr	r3, [r4, #8]
100009a6:	035b      	lsls	r3, r3, #13
100009a8:	d405      	bmi.n	100009b6 <_Z15spi_master_initv+0x46>
100009aa:	6a53      	ldr	r3, [r2, #36]	@ 0x24
100009ac:	4299      	cmp	r1, r3
100009ae:	d8f9      	bhi.n	100009a4 <_Z15spi_master_initv+0x34>
100009b0:	6a95      	ldr	r5, [r2, #40]	@ 0x28
100009b2:	4285      	cmp	r5, r0
100009b4:	d341      	bcc.n	10000a3a <_Z15spi_master_initv+0xca>
100009b6:	2702      	movs	r7, #2
100009b8:	4c25      	ldr	r4, [pc, #148]	@ (10000a50 <_Z15spi_master_initv+0xe0>)
100009ba:	4926      	ldr	r1, [pc, #152]	@ (10000a54 <_Z15spi_master_initv+0xe4>)
100009bc:	4620      	mov	r0, r4
100009be:	f005 f9ed 	bl	10005d9c <spi_init>
100009c2:	4b25      	ldr	r3, [pc, #148]	@ (10000a58 <_Z15spi_master_initv+0xe8>)
100009c4:	6862      	ldr	r2, [r4, #4]
100009c6:	605f      	str	r7, [r3, #4]
100009c8:	6823      	ldr	r3, [r4, #0]
100009ca:	4e24      	ldr	r6, [pc, #144]	@ (10000a5c <_Z15spi_master_initv+0xec>)
100009cc:	f083 0387 	eor.w	r3, r3, #135	@ 0x87
100009d0:	f003 03cf 	and.w	r3, r3, #207	@ 0xcf
100009d4:	6033      	str	r3, [r6, #0]
100009d6:	f04f 0601 	mov.w	r6, #1
100009da:	4d21      	ldr	r5, [pc, #132]	@ (10000a60 <_Z15spi_master_initv+0xf0>)
100009dc:	403a      	ands	r2, r7
100009de:	606a      	str	r2, [r5, #4]
100009e0:	2101      	movs	r1, #1
100009e2:	2010      	movs	r0, #16
100009e4:	f000 fa1e 	bl	10000e24 <gpio_set_function>
100009e8:	2101      	movs	r1, #1
100009ea:	2012      	movs	r0, #18
100009ec:	f000 fa1a 	bl	10000e24 <gpio_set_function>
100009f0:	4c1c      	ldr	r4, [pc, #112]	@ (10000a64 <_Z15spi_master_initv+0xf4>)
100009f2:	2101      	movs	r1, #1
100009f4:	2013      	movs	r0, #19
100009f6:	f000 fa15 	bl	10000e24 <gpio_set_function>
100009fa:	2200      	movs	r2, #0
100009fc:	2101      	movs	r1, #1
100009fe:	2010      	movs	r0, #16
10000a00:	f000 fa2e 	bl	10000e60 <gpio_set_pulls>
10000a04:	cc0f      	ldmia	r4!, {r0, r1, r2, r3}
10000a06:	f8d4 c000 	ldr.w	ip, [r4]
10000a0a:	ac01      	add	r4, sp, #4
10000a0c:	c40f      	stmia	r4!, {r0, r1, r2, r3}
10000a0e:	af06      	add	r7, sp, #24
10000a10:	ad01      	add	r5, sp, #4
10000a12:	f8c4 c000 	str.w	ip, [r4]
10000a16:	f855 4b04 	ldr.w	r4, [r5], #4
10000a1a:	4620      	mov	r0, r4
10000a1c:	f000 fa34 	bl	10000e88 <gpio_init>
10000a20:	ec46 4044 	gpioc_bit_oe_put r4, r6
10000a24:	ec46 4040 	gpioc_bit_out_put r4, r6
10000a28:	2200      	movs	r2, #0
10000a2a:	2101      	movs	r1, #1
10000a2c:	4620      	mov	r0, r4
10000a2e:	f000 fa17 	bl	10000e60 <gpio_set_pulls>
10000a32:	42bd      	cmp	r5, r7
10000a34:	d1ef      	bne.n	10000a16 <_Z15spi_master_initv+0xa6>
10000a36:	b007      	add	sp, #28
10000a38:	bdf0      	pop	{r4, r5, r6, r7, pc}
10000a3a:	4299      	cmp	r1, r3
10000a3c:	d1bb      	bne.n	100009b6 <_Z15spi_master_initv+0x46>
10000a3e:	e7b1      	b.n	100009a4 <_Z15spi_master_initv+0x34>
10000a40:	40023000 	.word	0x40023000
10000a44:	40022000 	.word	0x40022000
10000a48:	40020000 	.word	0x40020000
10000a4c:	400b0000 	.word	0x400b0000
10000a50:	40080000 	.word	0x40080000
10000a54:	000f4240 	.word	0x000f4240
10000a58:	40083000 	.word	0x40083000
10000a5c:	40081000 	.word	0x40081000
10000a60:	40082000 	.word	0x40082000
10000a64:	10006230 	.word	0x10006230

10000a68 <_Z28spi_master_transceive_packethRK19ControllerSpiPacketR22ControllerSpiAckPacket>:
10000a68:	e92d 47f0 	stmdb	sp!, {r4, r5, r6, r7, r8, r9, sl, lr}
10000a6c:	2803      	cmp	r0, #3
10000a6e:	b082      	sub	sp, #8
10000a70:	d904      	bls.n	10000a7c <_Z28spi_master_transceive_packethRK19ControllerSpiPacketR22ControllerSpiAckPacket+0x14>
10000a72:	2400      	movs	r4, #0
10000a74:	4620      	mov	r0, r4
10000a76:	b002      	add	sp, #8
10000a78:	e8bd 87f0 	ldmia.w	sp!, {r4, r5, r6, r7, r8, r9, sl, pc}
10000a7c:	4617      	mov	r7, r2
10000a7e:	4606      	mov	r6, r0
10000a80:	4688      	mov	r8, r1
10000a82:	f001 f8c3 	bl	10001c0c <time_us_64>
10000a86:	f04f 32ff 	mov.w	r2, #4294967295
10000a8a:	f06f 4300 	mvn.w	r3, #2147483648	@ 0x80000000
10000a8e:	30c8      	adds	r0, #200	@ 0xc8
10000a90:	f141 0100 	adc.w	r1, r1, #0
10000a94:	4282      	cmp	r2, r0
10000a96:	eb73 0401 	sbcs.w	r4, r3, r1
10000a9a:	bf3c      	itt	cc
10000a9c:	4619      	movcc	r1, r3
10000a9e:	4610      	movcc	r0, r2
10000aa0:	4c9e      	ldr	r4, [pc, #632]	@ (10000d1c <_Z28spi_master_transceive_packethRK19ControllerSpiPacketR22ControllerSpiAckPacket+0x2b4>)
10000aa2:	4a9f      	ldr	r2, [pc, #636]	@ (10000d20 <_Z28spi_master_transceive_packethRK19ControllerSpiPacketR22ControllerSpiAckPacket+0x2b8>)
10000aa4:	68e3      	ldr	r3, [r4, #12]
10000aa6:	075d      	lsls	r5, r3, #29
10000aa8:	d507      	bpl.n	10000aba <_Z28spi_master_transceive_packethRK19ControllerSpiPacketR22ControllerSpiAckPacket+0x52>
10000aaa:	68a3      	ldr	r3, [r4, #8]
10000aac:	6a53      	ldr	r3, [r2, #36]	@ 0x24
10000aae:	4299      	cmp	r1, r3
10000ab0:	d8f8      	bhi.n	10000aa4 <_Z28spi_master_transceive_packethRK19ControllerSpiPacketR22ControllerSpiAckPacket+0x3c>
10000ab2:	6a95      	ldr	r5, [r2, #40]	@ 0x28
10000ab4:	4285      	cmp	r5, r0
10000ab6:	f0c0 8101 	bcc.w	10000cbc <_Z28spi_master_transceive_packethRK19ControllerSpiPacketR22ControllerSpiAckPacket+0x254>
10000aba:	2e00      	cmp	r6, #0
10000abc:	f040 8104 	bne.w	10000cc8 <_Z28spi_master_transceive_packethRK19ControllerSpiPacketR22ControllerSpiAckPacket+0x260>
10000ac0:	2314      	movs	r3, #20
10000ac2:	ec46 3040 	gpioc_bit_out_put r3, r6
10000ac6:	201e      	movs	r0, #30
10000ac8:	2100      	movs	r1, #0
10000aca:	f000 ffed 	bl	10001aa8 <sleep_us>
10000ace:	f001 f89d 	bl	10001c0c <time_us_64>
10000ad2:	f04f 32ff 	mov.w	r2, #4294967295
10000ad6:	f06f 4300 	mvn.w	r3, #2147483648	@ 0x80000000
10000ada:	2408      	movs	r4, #8
10000adc:	f510 69fa 	adds.w	r9, r0, #2000	@ 0x7d0
10000ae0:	f141 0c00 	adc.w	ip, r1, #0
10000ae4:	454a      	cmp	r2, r9
10000ae6:	eb73 010c 	sbcs.w	r1, r3, ip
10000aea:	bf38      	it	cc
10000aec:	469c      	movcc	ip, r3
10000aee:	46be      	mov	lr, r7
10000af0:	4625      	mov	r5, r4
10000af2:	bf38      	it	cc
10000af4:	4691      	movcc	r9, r2
10000af6:	4889      	ldr	r0, [pc, #548]	@ (10000d1c <_Z28spi_master_transceive_packethRK19ControllerSpiPacketR22ControllerSpiAckPacket+0x2b4>)
10000af8:	4a89      	ldr	r2, [pc, #548]	@ (10000d20 <_Z28spi_master_transceive_packethRK19ControllerSpiPacketR22ControllerSpiAckPacket+0x2b8>)
10000afa:	2d00      	cmp	r5, #0
10000afc:	f040 80ec 	bne.w	10000cd8 <_Z28spi_master_transceive_packethRK19ControllerSpiPacketR22ControllerSpiAckPacket+0x270>
10000b00:	2c00      	cmp	r4, #0
10000b02:	f000 8100 	beq.w	10000d06 <_Z28spi_master_transceive_packethRK19ControllerSpiPacketR22ControllerSpiAckPacket+0x29e>
10000b06:	68c3      	ldr	r3, [r0, #12]
10000b08:	075b      	lsls	r3, r3, #29
10000b0a:	d505      	bpl.n	10000b18 <_Z28spi_master_transceive_packethRK19ControllerSpiPacketR22ControllerSpiAckPacket+0xb0>
10000b0c:	4673      	mov	r3, lr
10000b0e:	6881      	ldr	r1, [r0, #8]
10000b10:	3c01      	subs	r4, #1
10000b12:	f803 1b01 	strb.w	r1, [r3], #1
10000b16:	469e      	mov	lr, r3
10000b18:	6a53      	ldr	r3, [r2, #36]	@ 0x24
10000b1a:	459c      	cmp	ip, r3
10000b1c:	d8ed      	bhi.n	10000afa <_Z28spi_master_transceive_packethRK19ControllerSpiPacketR22ControllerSpiAckPacket+0x92>
10000b1e:	6a91      	ldr	r1, [r2, #40]	@ 0x28
10000b20:	4549      	cmp	r1, r9
10000b22:	d201      	bcs.n	10000b28 <_Z28spi_master_transceive_packethRK19ControllerSpiPacketR22ControllerSpiAckPacket+0xc0>
10000b24:	459c      	cmp	ip, r3
10000b26:	d0e8      	beq.n	10000afa <_Z28spi_master_transceive_packethRK19ControllerSpiPacketR22ControllerSpiAckPacket+0x92>
10000b28:	2400      	movs	r4, #0
10000b2a:	201e      	movs	r0, #30
10000b2c:	2100      	movs	r1, #0
10000b2e:	f000 ffbb 	bl	10001aa8 <sleep_us>
10000b32:	2e00      	cmp	r6, #0
10000b34:	f040 80df 	bne.w	10000cf6 <_Z28spi_master_transceive_packethRK19ControllerSpiPacketR22ControllerSpiAckPacket+0x28e>
10000b38:	2314      	movs	r3, #20
10000b3a:	f04f 0201 	mov.w	r2, #1
10000b3e:	ec42 3040 	gpioc_bit_out_put r3, r2
10000b42:	2032      	movs	r0, #50	@ 0x32
10000b44:	2100      	movs	r1, #0
10000b46:	f000 ffaf 	bl	10001aa8 <sleep_us>
10000b4a:	2c00      	cmp	r4, #0
10000b4c:	d091      	beq.n	10000a72 <_Z28spi_master_transceive_packethRK19ControllerSpiPacketR22ControllerSpiAckPacket+0xa>
10000b4e:	783a      	ldrb	r2, [r7, #0]
10000b50:	2aa5      	cmp	r2, #165	@ 0xa5
10000b52:	f000 80da 	beq.w	10000d0a <_Z28spi_master_transceive_packethRK19ControllerSpiPacketR22ControllerSpiAckPacket+0x2a2>
10000b56:	2500      	movs	r5, #0
10000b58:	466b      	mov	r3, sp
10000b5a:	46ae      	mov	lr, r5
10000b5c:	6838      	ldr	r0, [r7, #0]
10000b5e:	6879      	ldr	r1, [r7, #4]
10000b60:	0052      	lsls	r2, r2, #1
10000b62:	c303      	stmia	r3!, {r0, r1}
10000b64:	f89d 3001 	ldrb.w	r3, [sp, #1]
10000b68:	f89d 8004 	ldrb.w	r8, [sp, #4]
10000b6c:	ea42 12d3 	orr.w	r2, r2, r3, lsr #7
10000b70:	0059      	lsls	r1, r3, #1
10000b72:	b2d3      	uxtb	r3, r2
10000b74:	f89d 2005 	ldrb.w	r2, [sp, #5]
10000b78:	f89d c006 	ldrb.w	ip, [sp, #6]
10000b7c:	ea4f 0a48 	mov.w	sl, r8, lsl #1
10000b80:	ea4a 1ad2 	orr.w	sl, sl, r2, lsr #7
10000b84:	0052      	lsls	r2, r2, #1
10000b86:	ea42 12dc 	orr.w	r2, r2, ip, lsr #7
10000b8a:	f36a 0e07 	bfi	lr, sl, #0, #8
10000b8e:	f89d 9002 	ldrb.w	r9, [sp, #2]
10000b92:	f362 2e0f 	bfi	lr, r2, #8, #8
10000b96:	f89d 2007 	ldrb.w	r2, [sp, #7]
10000b9a:	f89d 0003 	ldrb.w	r0, [sp, #3]
10000b9e:	ea4f 0c4c 	mov.w	ip, ip, lsl #1
10000ba2:	ea4c 1cd2 	orr.w	ip, ip, r2, lsr #7
10000ba6:	ea41 11d9 	orr.w	r1, r1, r9, lsr #7
10000baa:	f36c 4e17 	bfi	lr, ip, #16, #8
10000bae:	f363 0507 	bfi	r5, r3, #0, #8
10000bb2:	ea4f 1cd0 	mov.w	ip, r0, lsr #7
10000bb6:	b2c9      	uxtb	r1, r1
10000bb8:	f361 250f 	bfi	r5, r1, #8, #8
10000bbc:	0052      	lsls	r2, r2, #1
10000bbe:	ea4c 0c49 	orr.w	ip, ip, r9, lsl #1
10000bc2:	0040      	lsls	r0, r0, #1
10000bc4:	b2d2      	uxtb	r2, r2
10000bc6:	f36c 4517 	bfi	r5, ip, #16, #8
10000bca:	ea40 10d8 	orr.w	r0, r0, r8, lsr #7
10000bce:	f362 6e1f 	bfi	lr, r2, #24, #8
10000bd2:	f360 651f 	bfi	r5, r0, #24, #8
10000bd6:	2ba5      	cmp	r3, #165	@ 0xa5
10000bd8:	f8cd e004 	str.w	lr, [sp, #4]
10000bdc:	9500      	str	r5, [sp, #0]
10000bde:	f47f af48 	bne.w	10000a72 <_Z28spi_master_transceive_packethRK19ControllerSpiPacketR22ControllerSpiAckPacket+0xa>
10000be2:	428e      	cmp	r6, r1
10000be4:	f47f af45 	bne.w	10000a72 <_Z28spi_master_transceive_packethRK19ControllerSpiPacketR22ControllerSpiAckPacket+0xa>
10000be8:	2300      	movs	r3, #0
10000bea:	f10d 31ff 	add.w	r1, sp, #4294967295
10000bee:	f10d 0006 	add.w	r0, sp, #6
10000bf2:	e027      	b.n	10000c44 <_Z28spi_master_transceive_packethRK19ControllerSpiPacketR22ControllerSpiAckPacket+0x1dc>
10000bf4:	005b      	lsls	r3, r3, #1
10000bf6:	b2de      	uxtb	r6, r3
10000bf8:	b25b      	sxtb	r3, r3
10000bfa:	2b00      	cmp	r3, #0
10000bfc:	db2f      	blt.n	10000c5e <_Z28spi_master_transceive_packethRK19ControllerSpiPacketR22ControllerSpiAckPacket+0x1f6>
10000bfe:	0076      	lsls	r6, r6, #1
10000c00:	b2f5      	uxtb	r5, r6
10000c02:	b276      	sxtb	r6, r6
10000c04:	2e00      	cmp	r6, #0
10000c06:	db31      	blt.n	10000c6c <_Z28spi_master_transceive_packethRK19ControllerSpiPacketR22ControllerSpiAckPacket+0x204>
10000c08:	006d      	lsls	r5, r5, #1
10000c0a:	b2eb      	uxtb	r3, r5
10000c0c:	b26d      	sxtb	r5, r5
10000c0e:	2d00      	cmp	r5, #0
10000c10:	db33      	blt.n	10000c7a <_Z28spi_master_transceive_packethRK19ControllerSpiPacketR22ControllerSpiAckPacket+0x212>
10000c12:	005b      	lsls	r3, r3, #1
10000c14:	b2dd      	uxtb	r5, r3
10000c16:	b25b      	sxtb	r3, r3
10000c18:	2b00      	cmp	r3, #0
10000c1a:	db35      	blt.n	10000c88 <_Z28spi_master_transceive_packethRK19ControllerSpiPacketR22ControllerSpiAckPacket+0x220>
10000c1c:	006d      	lsls	r5, r5, #1
10000c1e:	b2eb      	uxtb	r3, r5
10000c20:	b26d      	sxtb	r5, r5
10000c22:	2d00      	cmp	r5, #0
10000c24:	db37      	blt.n	10000c96 <_Z28spi_master_transceive_packethRK19ControllerSpiPacketR22ControllerSpiAckPacket+0x22e>
10000c26:	005b      	lsls	r3, r3, #1
10000c28:	b2dd      	uxtb	r5, r3
10000c2a:	b25b      	sxtb	r3, r3
10000c2c:	2b00      	cmp	r3, #0
10000c2e:	db39      	blt.n	10000ca4 <_Z28spi_master_transceive_packethRK19ControllerSpiPacketR22ControllerSpiAckPacket+0x23c>
10000c30:	006d      	lsls	r5, r5, #1
10000c32:	b2eb      	uxtb	r3, r5
10000c34:	b26d      	sxtb	r5, r5
10000c36:	2d00      	cmp	r5, #0
10000c38:	db3b      	blt.n	10000cb2 <_Z28spi_master_transceive_packethRK19ControllerSpiPacketR22ControllerSpiAckPacket+0x24a>
10000c3a:	005b      	lsls	r3, r3, #1
10000c3c:	b2db      	uxtb	r3, r3
10000c3e:	4281      	cmp	r1, r0
10000c40:	f000 80e7 	beq.w	10000e12 <_Z28spi_master_transceive_packethRK19ControllerSpiPacketR22ControllerSpiAckPacket+0x3aa>
10000c44:	f811 5f01 	ldrb.w	r5, [r1, #1]!
10000c48:	406b      	eors	r3, r5
10000c4a:	b25d      	sxtb	r5, r3
10000c4c:	2d00      	cmp	r5, #0
10000c4e:	dad1      	bge.n	10000bf4 <_Z28spi_master_transceive_packethRK19ControllerSpiPacketR22ControllerSpiAckPacket+0x18c>
10000c50:	006e      	lsls	r6, r5, #1
10000c52:	f086 0607 	eor.w	r6, r6, #7
10000c56:	b273      	sxtb	r3, r6
10000c58:	2b00      	cmp	r3, #0
10000c5a:	b2f6      	uxtb	r6, r6
10000c5c:	dacf      	bge.n	10000bfe <_Z28spi_master_transceive_packethRK19ControllerSpiPacketR22ControllerSpiAckPacket+0x196>
10000c5e:	005b      	lsls	r3, r3, #1
10000c60:	f083 0307 	eor.w	r3, r3, #7
10000c64:	b25e      	sxtb	r6, r3
10000c66:	2e00      	cmp	r6, #0
10000c68:	b2dd      	uxtb	r5, r3
10000c6a:	dacd      	bge.n	10000c08 <_Z28spi_master_transceive_packethRK19ControllerSpiPacketR22ControllerSpiAckPacket+0x1a0>
10000c6c:	0076      	lsls	r6, r6, #1
10000c6e:	f086 0607 	eor.w	r6, r6, #7
10000c72:	b275      	sxtb	r5, r6
10000c74:	2d00      	cmp	r5, #0
10000c76:	b2f3      	uxtb	r3, r6
10000c78:	dacb      	bge.n	10000c12 <_Z28spi_master_transceive_packethRK19ControllerSpiPacketR22ControllerSpiAckPacket+0x1aa>
10000c7a:	006d      	lsls	r5, r5, #1
10000c7c:	f085 0507 	eor.w	r5, r5, #7
10000c80:	b26b      	sxtb	r3, r5
10000c82:	2b00      	cmp	r3, #0
10000c84:	b2ed      	uxtb	r5, r5
10000c86:	dac9      	bge.n	10000c1c <_Z28spi_master_transceive_packethRK19ControllerSpiPacketR22ControllerSpiAckPacket+0x1b4>
10000c88:	005b      	lsls	r3, r3, #1
10000c8a:	f083 0307 	eor.w	r3, r3, #7
10000c8e:	b25d      	sxtb	r5, r3
10000c90:	2d00      	cmp	r5, #0
10000c92:	b2db      	uxtb	r3, r3
10000c94:	dac7      	bge.n	10000c26 <_Z28spi_master_transceive_packethRK19ControllerSpiPacketR22ControllerSpiAckPacket+0x1be>
10000c96:	006d      	lsls	r5, r5, #1
10000c98:	f085 0507 	eor.w	r5, r5, #7
10000c9c:	b26b      	sxtb	r3, r5
10000c9e:	2b00      	cmp	r3, #0
10000ca0:	b2ed      	uxtb	r5, r5
10000ca2:	dac5      	bge.n	10000c30 <_Z28spi_master_transceive_packethRK19ControllerSpiPacketR22ControllerSpiAckPacket+0x1c8>
10000ca4:	005b      	lsls	r3, r3, #1
10000ca6:	f083 0307 	eor.w	r3, r3, #7
10000caa:	b25d      	sxtb	r5, r3
10000cac:	2d00      	cmp	r5, #0
10000cae:	b2db      	uxtb	r3, r3
10000cb0:	dac3      	bge.n	10000c3a <_Z28spi_master_transceive_packethRK19ControllerSpiPacketR22ControllerSpiAckPacket+0x1d2>
10000cb2:	006d      	lsls	r5, r5, #1
10000cb4:	f085 0507 	eor.w	r5, r5, #7
10000cb8:	b2eb      	uxtb	r3, r5
10000cba:	e7c0      	b.n	10000c3e <_Z28spi_master_transceive_packethRK19ControllerSpiPacketR22ControllerSpiAckPacket+0x1d6>
10000cbc:	4299      	cmp	r1, r3
10000cbe:	f43f aef1 	beq.w	10000aa4 <_Z28spi_master_transceive_packethRK19ControllerSpiPacketR22ControllerSpiAckPacket+0x3c>
10000cc2:	2e00      	cmp	r6, #0
10000cc4:	f43f aefc 	beq.w	10000ac0 <_Z28spi_master_transceive_packethRK19ControllerSpiPacketR22ControllerSpiAckPacket+0x58>
10000cc8:	4b16      	ldr	r3, [pc, #88]	@ (10000d24 <_Z28spi_master_transceive_packethRK19ControllerSpiPacketR22ControllerSpiAckPacket+0x2bc>)
10000cca:	f04f 0200 	mov.w	r2, #0
10000cce:	f853 3026 	ldr.w	r3, [r3, r6, lsl #2]
10000cd2:	ec42 3040 	gpioc_bit_out_put r3, r2
10000cd6:	e6f6      	b.n	10000ac6 <_Z28spi_master_transceive_packethRK19ControllerSpiPacketR22ControllerSpiAckPacket+0x5e>
10000cd8:	68c3      	ldr	r3, [r0, #12]
10000cda:	0799      	lsls	r1, r3, #30
10000cdc:	d507      	bpl.n	10000cee <_Z28spi_master_transceive_packethRK19ControllerSpiPacketR22ControllerSpiAckPacket+0x286>
10000cde:	f105 0308 	add.w	r3, r5, #8
10000ce2:	42a3      	cmp	r3, r4
10000ce4:	d903      	bls.n	10000cee <_Z28spi_master_transceive_packethRK19ControllerSpiPacketR22ControllerSpiAckPacket+0x286>
10000ce6:	f818 3b01 	ldrb.w	r3, [r8], #1
10000cea:	3d01      	subs	r5, #1
10000cec:	6083      	str	r3, [r0, #8]
10000cee:	2c00      	cmp	r4, #0
10000cf0:	f43f af12 	beq.w	10000b18 <_Z28spi_master_transceive_packethRK19ControllerSpiPacketR22ControllerSpiAckPacket+0xb0>
10000cf4:	e707      	b.n	10000b06 <_Z28spi_master_transceive_packethRK19ControllerSpiPacketR22ControllerSpiAckPacket+0x9e>
10000cf6:	4b0b      	ldr	r3, [pc, #44]	@ (10000d24 <_Z28spi_master_transceive_packethRK19ControllerSpiPacketR22ControllerSpiAckPacket+0x2bc>)
10000cf8:	f04f 0201 	mov.w	r2, #1
10000cfc:	f853 3026 	ldr.w	r3, [r3, r6, lsl #2]
10000d00:	ec42 3040 	gpioc_bit_out_put r3, r2
10000d04:	e71d      	b.n	10000b42 <_Z28spi_master_transceive_packethRK19ControllerSpiPacketR22ControllerSpiAckPacket+0xda>
10000d06:	2401      	movs	r4, #1
10000d08:	e70f      	b.n	10000b2a <_Z28spi_master_transceive_packethRK19ControllerSpiPacketR22ControllerSpiAckPacket+0xc2>
10000d0a:	787b      	ldrb	r3, [r7, #1]
10000d0c:	42b3      	cmp	r3, r6
10000d0e:	f47f af22 	bne.w	10000b56 <_Z28spi_master_transceive_packethRK19ControllerSpiPacketR22ControllerSpiAckPacket+0xee>
10000d12:	2300      	movs	r3, #0
10000d14:	1e79      	subs	r1, r7, #1
10000d16:	1db8      	adds	r0, r7, #6
10000d18:	e032      	b.n	10000d80 <_Z28spi_master_transceive_packethRK19ControllerSpiPacketR22ControllerSpiAckPacket+0x318>
10000d1a:	bf00      	nop
10000d1c:	40080000 	.word	0x40080000
10000d20:	400b0000 	.word	0x400b0000
10000d24:	10006220 	.word	0x10006220
10000d28:	005b      	lsls	r3, r3, #1
10000d2a:	fa5f fc83 	uxtb.w	ip, r3
10000d2e:	b25b      	sxtb	r3, r3
10000d30:	2b00      	cmp	r3, #0
10000d32:	db35      	blt.n	10000da0 <_Z28spi_master_transceive_packethRK19ControllerSpiPacketR22ControllerSpiAckPacket+0x338>
10000d34:	ea4f 0c4c 	mov.w	ip, ip, lsl #1
10000d38:	fa5f f58c 	uxtb.w	r5, ip
10000d3c:	fa4f fc8c 	sxtb.w	ip, ip
10000d40:	f1bc 0f00 	cmp.w	ip, #0
10000d44:	db35      	blt.n	10000db2 <_Z28spi_master_transceive_packethRK19ControllerSpiPacketR22ControllerSpiAckPacket+0x34a>
10000d46:	006d      	lsls	r5, r5, #1
10000d48:	b2eb      	uxtb	r3, r5
10000d4a:	b26d      	sxtb	r5, r5
10000d4c:	2d00      	cmp	r5, #0
10000d4e:	db3a      	blt.n	10000dc6 <_Z28spi_master_transceive_packethRK19ControllerSpiPacketR22ControllerSpiAckPacket+0x35e>
10000d50:	005b      	lsls	r3, r3, #1
10000d52:	b2dd      	uxtb	r5, r3
10000d54:	b25b      	sxtb	r3, r3
10000d56:	2b00      	cmp	r3, #0
10000d58:	db3c      	blt.n	10000dd4 <_Z28spi_master_transceive_packethRK19ControllerSpiPacketR22ControllerSpiAckPacket+0x36c>
10000d5a:	006d      	lsls	r5, r5, #1
10000d5c:	b2eb      	uxtb	r3, r5
10000d5e:	b26d      	sxtb	r5, r5
10000d60:	2d00      	cmp	r5, #0
10000d62:	db3e      	blt.n	10000de2 <_Z28spi_master_transceive_packethRK19ControllerSpiPacketR22ControllerSpiAckPacket+0x37a>
10000d64:	005b      	lsls	r3, r3, #1
10000d66:	b2dd      	uxtb	r5, r3
10000d68:	b25b      	sxtb	r3, r3
10000d6a:	2b00      	cmp	r3, #0
10000d6c:	db40      	blt.n	10000df0 <_Z28spi_master_transceive_packethRK19ControllerSpiPacketR22ControllerSpiAckPacket+0x388>
10000d6e:	006d      	lsls	r5, r5, #1
10000d70:	b2eb      	uxtb	r3, r5
10000d72:	b26d      	sxtb	r5, r5
10000d74:	2d00      	cmp	r5, #0
10000d76:	db42      	blt.n	10000dfe <_Z28spi_master_transceive_packethRK19ControllerSpiPacketR22ControllerSpiAckPacket+0x396>
10000d78:	005b      	lsls	r3, r3, #1
10000d7a:	b2db      	uxtb	r3, r3
10000d7c:	4288      	cmp	r0, r1
10000d7e:	d043      	beq.n	10000e08 <_Z28spi_master_transceive_packethRK19ControllerSpiPacketR22ControllerSpiAckPacket+0x3a0>
10000d80:	f811 5f01 	ldrb.w	r5, [r1, #1]!
10000d84:	406b      	eors	r3, r5
10000d86:	b25d      	sxtb	r5, r3
10000d88:	2d00      	cmp	r5, #0
10000d8a:	dacd      	bge.n	10000d28 <_Z28spi_master_transceive_packethRK19ControllerSpiPacketR22ControllerSpiAckPacket+0x2c0>
10000d8c:	ea4f 0c45 	mov.w	ip, r5, lsl #1
10000d90:	f08c 0c07 	eor.w	ip, ip, #7
10000d94:	fa4f f38c 	sxtb.w	r3, ip
10000d98:	2b00      	cmp	r3, #0
10000d9a:	fa5f fc8c 	uxtb.w	ip, ip
10000d9e:	dac9      	bge.n	10000d34 <_Z28spi_master_transceive_packethRK19ControllerSpiPacketR22ControllerSpiAckPacket+0x2cc>
10000da0:	005b      	lsls	r3, r3, #1
10000da2:	f083 0307 	eor.w	r3, r3, #7
10000da6:	fa4f fc83 	sxtb.w	ip, r3
10000daa:	f1bc 0f00 	cmp.w	ip, #0
10000dae:	b2dd      	uxtb	r5, r3
10000db0:	dac9      	bge.n	10000d46 <_Z28spi_master_transceive_packethRK19ControllerSpiPacketR22ControllerSpiAckPacket+0x2de>
10000db2:	ea4f 0c4c 	mov.w	ip, ip, lsl #1
10000db6:	f08c 0c07 	eor.w	ip, ip, #7
10000dba:	fa4f f58c 	sxtb.w	r5, ip
10000dbe:	2d00      	cmp	r5, #0
10000dc0:	fa5f f38c 	uxtb.w	r3, ip
10000dc4:	dac4      	bge.n	10000d50 <_Z28spi_master_transceive_packethRK19ControllerSpiPacketR22ControllerSpiAckPacket+0x2e8>
10000dc6:	006d      	lsls	r5, r5, #1
10000dc8:	f085 0507 	eor.w	r5, r5, #7
10000dcc:	b26b      	sxtb	r3, r5
10000dce:	2b00      	cmp	r3, #0
10000dd0:	b2ed      	uxtb	r5, r5
10000dd2:	dac2      	bge.n	10000d5a <_Z28spi_master_transceive_packethRK19ControllerSpiPacketR22ControllerSpiAckPacket+0x2f2>
10000dd4:	005b      	lsls	r3, r3, #1
10000dd6:	f083 0307 	eor.w	r3, r3, #7
10000dda:	b25d      	sxtb	r5, r3
10000ddc:	2d00      	cmp	r5, #0
10000dde:	b2db      	uxtb	r3, r3
10000de0:	dac0      	bge.n	10000d64 <_Z28spi_master_transceive_packethRK19ControllerSpiPacketR22ControllerSpiAckPacket+0x2fc>
10000de2:	006d      	lsls	r5, r5, #1
10000de4:	f085 0507 	eor.w	r5, r5, #7
10000de8:	b26b      	sxtb	r3, r5
10000dea:	2b00      	cmp	r3, #0
10000dec:	b2ed      	uxtb	r5, r5
10000dee:	dabe      	bge.n	10000d6e <_Z28spi_master_transceive_packethRK19ControllerSpiPacketR22ControllerSpiAckPacket+0x306>
10000df0:	005b      	lsls	r3, r3, #1
10000df2:	f083 0307 	eor.w	r3, r3, #7
10000df6:	b25d      	sxtb	r5, r3
10000df8:	2d00      	cmp	r5, #0
10000dfa:	b2db      	uxtb	r3, r3
10000dfc:	dabc      	bge.n	10000d78 <_Z28spi_master_transceive_packethRK19ControllerSpiPacketR22ControllerSpiAckPacket+0x310>
10000dfe:	006d      	lsls	r5, r5, #1
10000e00:	f085 0507 	eor.w	r5, r5, #7
10000e04:	b2eb      	uxtb	r3, r5
10000e06:	e7b9      	b.n	10000d7c <_Z28spi_master_transceive_packethRK19ControllerSpiPacketR22ControllerSpiAckPacket+0x314>
10000e08:	79f9      	ldrb	r1, [r7, #7]
10000e0a:	4299      	cmp	r1, r3
10000e0c:	f47f aea3 	bne.w	10000b56 <_Z28spi_master_transceive_packethRK19ControllerSpiPacketR22ControllerSpiAckPacket+0xee>
10000e10:	e630      	b.n	10000a74 <_Z28spi_master_transceive_packethRK19ControllerSpiPacketR22ControllerSpiAckPacket+0xc>
10000e12:	4293      	cmp	r3, r2
10000e14:	f47f ae2d 	bne.w	10000a72 <_Z28spi_master_transceive_packethRK19ControllerSpiPacketR22ControllerSpiAckPacket+0xa>
10000e18:	466b      	mov	r3, sp
10000e1a:	cb03      	ldmia	r3!, {r0, r1}
10000e1c:	6038      	str	r0, [r7, #0]
10000e1e:	6079      	str	r1, [r7, #4]
10000e20:	e628      	b.n	10000a74 <_Z28spi_master_transceive_packethRK19ControllerSpiPacketR22ControllerSpiAckPacket+0xc>
10000e22:	bf00      	nop

10000e24 <gpio_set_function>:
10000e24:	b410      	push	{r4}
10000e26:	f44f 7480 	mov.w	r4, #256	@ 0x100
10000e2a:	4b0c      	ldr	r3, [pc, #48]	@ (10000e5c <gpio_set_function+0x38>)
10000e2c:	f853 2020 	ldr.w	r2, [r3, r0, lsl #2]
10000e30:	eb03 0380 	add.w	r3, r3, r0, lsl #2
10000e34:	00c0      	lsls	r0, r0, #3
10000e36:	f082 0240 	eor.w	r2, r2, #64	@ 0x40
10000e3a:	f100 4080 	add.w	r0, r0, #1073741824	@ 0x40000000
10000e3e:	f503 5c80 	add.w	ip, r3, #4096	@ 0x1000
10000e42:	f002 02c0 	and.w	r2, r2, #192	@ 0xc0
10000e46:	f500 3020 	add.w	r0, r0, #163840	@ 0x28000
10000e4a:	f503 5340 	add.w	r3, r3, #12288	@ 0x3000
10000e4e:	f8cc 2000 	str.w	r2, [ip]
10000e52:	6041      	str	r1, [r0, #4]
10000e54:	601c      	str	r4, [r3, #0]
10000e56:	f85d 4b04 	ldr.w	r4, [sp], #4
10000e5a:	4770      	bx	lr
10000e5c:	40038004 	.word	0x40038004

10000e60 <gpio_set_pulls>:
10000e60:	b410      	push	{r4}
10000e62:	4c08      	ldr	r4, [pc, #32]	@ (10000e84 <gpio_set_pulls+0x24>)
10000e64:	00c9      	lsls	r1, r1, #3
10000e66:	ea41 0182 	orr.w	r1, r1, r2, lsl #2
10000e6a:	f854 2020 	ldr.w	r2, [r4, r0, lsl #2]
10000e6e:	eb04 0380 	add.w	r3, r4, r0, lsl #2
10000e72:	4051      	eors	r1, r2
10000e74:	f503 5380 	add.w	r3, r3, #4096	@ 0x1000
10000e78:	f001 010c 	and.w	r1, r1, #12
10000e7c:	f85d 4b04 	ldr.w	r4, [sp], #4
10000e80:	6019      	str	r1, [r3, #0]
10000e82:	4770      	bx	lr
10000e84:	40038004 	.word	0x40038004

10000e88 <gpio_init>:
10000e88:	b430      	push	{r4, r5}
10000e8a:	f04f 0300 	mov.w	r3, #0
10000e8e:	ec43 0044 	gpioc_bit_oe_put r0, r3
10000e92:	ec43 0040 	gpioc_bit_out_put r0, r3
10000e96:	2505      	movs	r5, #5
10000e98:	f44f 7480 	mov.w	r4, #256	@ 0x100
10000e9c:	4b0b      	ldr	r3, [pc, #44]	@ (10000ecc <gpio_init+0x44>)
10000e9e:	00c2      	lsls	r2, r0, #3
10000ea0:	f853 1020 	ldr.w	r1, [r3, r0, lsl #2]
10000ea4:	eb03 0080 	add.w	r0, r3, r0, lsl #2
10000ea8:	f081 0140 	eor.w	r1, r1, #64	@ 0x40
10000eac:	f102 4380 	add.w	r3, r2, #1073741824	@ 0x40000000
10000eb0:	f503 3320 	add.w	r3, r3, #163840	@ 0x28000
10000eb4:	f001 02c0 	and.w	r2, r1, #192	@ 0xc0
10000eb8:	f500 5180 	add.w	r1, r0, #4096	@ 0x1000
10000ebc:	f500 5040 	add.w	r0, r0, #12288	@ 0x3000
10000ec0:	600a      	str	r2, [r1, #0]
10000ec2:	605d      	str	r5, [r3, #4]
10000ec4:	6004      	str	r4, [r0, #0]
10000ec6:	bc30      	pop	{r4, r5}
10000ec8:	4770      	bx	lr
10000eca:	bf00      	nop
10000ecc:	40038004 	.word	0x40038004

10000ed0 <panic>:
10000ed0:	b40f      	push	{r0, r1, r2, r3}
10000ed2:	b500      	push	{lr}
10000ed4:	b083      	sub	sp, #12
10000ed6:	9c04      	ldr	r4, [sp, #16]
10000ed8:	4807      	ldr	r0, [pc, #28]	@ (10000ef8 <panic+0x28>)
10000eda:	f002 fec9 	bl	10003c70 <__wrap_puts>
10000ede:	b13c      	cbz	r4, 10000ef0 <panic+0x20>
10000ee0:	a905      	add	r1, sp, #20
10000ee2:	4620      	mov	r0, r4
10000ee4:	9101      	str	r1, [sp, #4]
10000ee6:	f002 fd63 	bl	100039b0 <weak_raw_vprintf>
10000eea:	4804      	ldr	r0, [pc, #16]	@ (10000efc <panic+0x2c>)
10000eec:	f002 fec0 	bl	10003c70 <__wrap_puts>
10000ef0:	2001      	movs	r0, #1
10000ef2:	f002 fd75 	bl	100039e0 <_exit>
10000ef6:	bf00      	nop
10000ef8:	100060cc 	.word	0x100060cc
10000efc:	10006048 	.word	0x10006048

10000f00 <hw_claim_or_assert>:
10000f00:	b570      	push	{r4, r5, r6, lr}
10000f02:	4686      	mov	lr, r0
10000f04:	f3ef 8510 	mrs	r5, PRIMASK
10000f08:	b672      	cpsid	i
10000f0a:	4c12      	ldr	r4, [pc, #72]	@ (10000f54 <hw_claim_or_assert+0x54>)
10000f0c:	e8d4 6fcf 	ldaexb	r6, [r4]
10000f10:	2001      	movs	r0, #1
10000f12:	2e00      	cmp	r6, #0
10000f14:	d1fa      	bne.n	10000f0c <hw_claim_or_assert+0xc>
10000f16:	e8c4 0f46 	strexb	r6, r0, [r4]
10000f1a:	2e00      	cmp	r6, #0
10000f1c:	d1f6      	bne.n	10000f0c <hw_claim_or_assert+0xc>
10000f1e:	f3bf 8f5f 	dmb	sy
10000f22:	f04f 0c01 	mov.w	ip, #1
10000f26:	08c8      	lsrs	r0, r1, #3
10000f28:	f001 0307 	and.w	r3, r1, #7
10000f2c:	fa0c f303 	lsl.w	r3, ip, r3
10000f30:	f81e c000 	ldrb.w	ip, [lr, r0]
10000f34:	ea1c 0603 	ands.w	r6, ip, r3
10000f38:	d108      	bne.n	10000f4c <hw_claim_or_assert+0x4c>
10000f3a:	ea4c 0c03 	orr.w	ip, ip, r3
10000f3e:	f80e c000 	strb.w	ip, [lr, r0]
10000f42:	e8c4 6f8f 	stlb	r6, [r4]
10000f46:	f385 8810 	msr	PRIMASK, r5
10000f4a:	bd70      	pop	{r4, r5, r6, pc}
10000f4c:	4610      	mov	r0, r2
10000f4e:	f7ff ffbf 	bl	10000ed0 <panic>
10000f52:	bf00      	nop
10000f54:	200016b7 	.word	0x200016b7

10000f58 <hw_claim_unused_from_range>:
10000f58:	b5f8      	push	{r3, r4, r5, r6, r7, lr}
10000f5a:	f3ef 8510 	mrs	r5, PRIMASK
10000f5e:	b672      	cpsid	i
10000f60:	4c23      	ldr	r4, [pc, #140]	@ (10000ff0 <hw_claim_unused_from_range+0x98>)
10000f62:	e8d4 7fcf 	ldaexb	r7, [r4]
10000f66:	2601      	movs	r6, #1
10000f68:	2f00      	cmp	r7, #0
10000f6a:	d1fa      	bne.n	10000f62 <hw_claim_unused_from_range+0xa>
10000f6c:	e8c4 6f47 	strexb	r7, r6, [r4]
10000f70:	2f00      	cmp	r7, #0
10000f72:	d1f6      	bne.n	10000f62 <hw_claim_unused_from_range+0xa>
10000f74:	f3bf 8f5f 	dmb	sy
10000f78:	429a      	cmp	r2, r3
10000f7a:	d827      	bhi.n	10000fcc <hw_claim_unused_from_range+0x74>
10000f7c:	2601      	movs	r6, #1
10000f7e:	08d7      	lsrs	r7, r2, #3
10000f80:	f810 e007 	ldrb.w	lr, [r0, r7]
10000f84:	f002 0c07 	and.w	ip, r2, #7
10000f88:	fa06 fc0c 	lsl.w	ip, r6, ip
10000f8c:	ea1e 0f0c 	tst.w	lr, ip
10000f90:	eb00 07d2 	add.w	r7, r0, r2, lsr #3
10000f94:	d10d      	bne.n	10000fb2 <hw_claim_unused_from_range+0x5a>
10000f96:	e025      	b.n	10000fe4 <hw_claim_unused_from_range+0x8c>
10000f98:	ea4f 0ed2 	mov.w	lr, r2, lsr #3
10000f9c:	f810 e00e 	ldrb.w	lr, [r0, lr]
10000fa0:	f002 0c07 	and.w	ip, r2, #7
10000fa4:	fa06 fc0c 	lsl.w	ip, r6, ip
10000fa8:	ea1e 0f0c 	tst.w	lr, ip
10000fac:	eb00 07d2 	add.w	r7, r0, r2, lsr #3
10000fb0:	d018      	beq.n	10000fe4 <hw_claim_unused_from_range+0x8c>
10000fb2:	3201      	adds	r2, #1
10000fb4:	4293      	cmp	r3, r2
10000fb6:	d2ef      	bcs.n	10000f98 <hw_claim_unused_from_range+0x40>
10000fb8:	f04f 30ff 	mov.w	r0, #4294967295
10000fbc:	2300      	movs	r3, #0
10000fbe:	e8c4 3f8f 	stlb	r3, [r4]
10000fc2:	f385 8810 	msr	PRIMASK, r5
10000fc6:	4298      	cmp	r0, r3
10000fc8:	db07      	blt.n	10000fda <hw_claim_unused_from_range+0x82>
10000fca:	bdf8      	pop	{r3, r4, r5, r6, r7, pc}
10000fcc:	2300      	movs	r3, #0
10000fce:	e8c4 3f8f 	stlb	r3, [r4]
10000fd2:	f385 8810 	msr	PRIMASK, r5
10000fd6:	f04f 30ff 	mov.w	r0, #4294967295
10000fda:	2900      	cmp	r1, #0
10000fdc:	d0f5      	beq.n	10000fca <hw_claim_unused_from_range+0x72>
10000fde:	9806      	ldr	r0, [sp, #24]
10000fe0:	f7ff ff76 	bl	10000ed0 <panic>
10000fe4:	ea4e 0e0c 	orr.w	lr, lr, ip
10000fe8:	4610      	mov	r0, r2
10000fea:	f887 e000 	strb.w	lr, [r7]
10000fee:	e7e5      	b.n	10000fbc <hw_claim_unused_from_range+0x64>
10000ff0:	200016b7 	.word	0x200016b7

10000ff4 <next_striped_spin_lock_num>:
10000ff4:	4a04      	ldr	r2, [pc, #16]	@ (10001008 <next_striped_spin_lock_num+0x14>)
10000ff6:	7810      	ldrb	r0, [r2, #0]
10000ff8:	1c43      	adds	r3, r0, #1
10000ffa:	b2db      	uxtb	r3, r3
10000ffc:	2b18      	cmp	r3, #24
10000ffe:	bf28      	it	cs
10001000:	2310      	movcs	r3, #16
10001002:	7013      	strb	r3, [r2, #0]
10001004:	4770      	bx	lr
10001006:	bf00      	nop
10001008:	200012b0 	.word	0x200012b0

1000100c <spin_lock_claim_unused>:
1000100c:	b510      	push	{r4, lr}
1000100e:	4c05      	ldr	r4, [pc, #20]	@ (10001024 <spin_lock_claim_unused+0x18>)
10001010:	b082      	sub	sp, #8
10001012:	4601      	mov	r1, r0
10001014:	231f      	movs	r3, #31
10001016:	2218      	movs	r2, #24
10001018:	9400      	str	r4, [sp, #0]
1000101a:	4803      	ldr	r0, [pc, #12]	@ (10001028 <spin_lock_claim_unused+0x1c>)
1000101c:	f7ff ff9c 	bl	10000f58 <hw_claim_unused_from_range>
10001020:	b002      	add	sp, #8
10001022:	bd10      	pop	{r4, pc}
10001024:	100060dc 	.word	0x100060dc
10001028:	200017fc 	.word	0x200017fc

1000102c <spinlock_set_extexclall>:
1000102c:	f04f 22e0 	mov.w	r2, #3758153728	@ 0xe000e000
10001030:	6893      	ldr	r3, [r2, #8]
10001032:	f043 5300 	orr.w	r3, r3, #536870912	@ 0x20000000
10001036:	6093      	str	r3, [r2, #8]
10001038:	4770      	bx	lr
1000103a:	bf00      	nop

1000103c <spin_locks_reset>:
1000103c:	2100      	movs	r1, #0
1000103e:	4b04      	ldr	r3, [pc, #16]	@ (10001050 <spin_locks_reset+0x14>)
10001040:	f103 0220 	add.w	r2, r3, #32
10001044:	e8c3 1f8f 	stlb	r1, [r3]
10001048:	3301      	adds	r3, #1
1000104a:	4293      	cmp	r3, r2
1000104c:	d1fa      	bne.n	10001044 <spin_locks_reset+0x8>
1000104e:	4770      	bx	lr
10001050:	200016ac 	.word	0x200016ac

10001054 <runtime_init_per_core_irq_priorities>:
10001054:	f04f 23e0 	mov.w	r3, #3758153728	@ 0xe000e000
10001058:	f04f 3280 	mov.w	r2, #2155905152	@ 0x80808080
1000105c:	f8c3 2400 	str.w	r2, [r3, #1024]	@ 0x400
10001060:	f8c3 2404 	str.w	r2, [r3, #1028]	@ 0x404
10001064:	f8c3 2408 	str.w	r2, [r3, #1032]	@ 0x408
10001068:	f8c3 240c 	str.w	r2, [r3, #1036]	@ 0x40c
1000106c:	f8c3 2410 	str.w	r2, [r3, #1040]	@ 0x410
10001070:	f8c3 2414 	str.w	r2, [r3, #1044]	@ 0x414
10001074:	f8c3 2418 	str.w	r2, [r3, #1048]	@ 0x418
10001078:	f8c3 241c 	str.w	r2, [r3, #1052]	@ 0x41c
1000107c:	f8c3 2420 	str.w	r2, [r3, #1056]	@ 0x420
10001080:	f8c3 2424 	str.w	r2, [r3, #1060]	@ 0x424
10001084:	f8c3 2428 	str.w	r2, [r3, #1064]	@ 0x428
10001088:	f8c3 242c 	str.w	r2, [r3, #1068]	@ 0x42c
1000108c:	f8c3 2430 	str.w	r2, [r3, #1072]	@ 0x430
10001090:	b662      	cpsie	i
10001092:	4770      	bx	lr

10001094 <irq_set_enabled>:
10001094:	2301      	movs	r3, #1
10001096:	f000 021f 	and.w	r2, r0, #31
1000109a:	4093      	lsls	r3, r2
1000109c:	0940      	lsrs	r0, r0, #5
1000109e:	b141      	cbz	r1, 100010b2 <irq_set_enabled+0x1e>
100010a0:	0080      	lsls	r0, r0, #2
100010a2:	f100 4060 	add.w	r0, r0, #3758096384	@ 0xe0000000
100010a6:	f500 4061 	add.w	r0, r0, #57600	@ 0xe100
100010aa:	f8c0 3180 	str.w	r3, [r0, #384]	@ 0x180
100010ae:	6003      	str	r3, [r0, #0]
100010b0:	4770      	bx	lr
100010b2:	4a02      	ldr	r2, [pc, #8]	@ (100010bc <irq_set_enabled+0x28>)
100010b4:	3020      	adds	r0, #32
100010b6:	f842 3020 	str.w	r3, [r2, r0, lsl #2]
100010ba:	4770      	bx	lr
100010bc:	e000e100 	.word	0xe000e100

100010c0 <irq_set_exclusive_handler>:
100010c0:	b510      	push	{r4, lr}
100010c2:	f3ef 8c10 	mrs	ip, PRIMASK
100010c6:	b672      	cpsid	i
100010c8:	4b11      	ldr	r3, [pc, #68]	@ (10001110 <irq_set_exclusive_handler+0x50>)
100010ca:	e8d3 4fcf 	ldaexb	r4, [r3]
100010ce:	2201      	movs	r2, #1
100010d0:	2c00      	cmp	r4, #0
100010d2:	d1fa      	bne.n	100010ca <irq_set_exclusive_handler+0xa>
100010d4:	e8c3 2f44 	strexb	r4, r2, [r3]
100010d8:	2c00      	cmp	r4, #0
100010da:	d1f6      	bne.n	100010ca <irq_set_exclusive_handler+0xa>
100010dc:	f3bf 8f5f 	dmb	sy
100010e0:	4a0c      	ldr	r2, [pc, #48]	@ (10001114 <irq_set_exclusive_handler+0x54>)
100010e2:	3010      	adds	r0, #16
100010e4:	6892      	ldr	r2, [r2, #8]
100010e6:	4c0c      	ldr	r4, [pc, #48]	@ (10001118 <irq_set_exclusive_handler+0x58>)
100010e8:	f852 2020 	ldr.w	r2, [r2, r0, lsl #2]
100010ec:	42a2      	cmp	r2, r4
100010ee:	d001      	beq.n	100010f4 <irq_set_exclusive_handler+0x34>
100010f0:	4291      	cmp	r1, r2
100010f2:	d10b      	bne.n	1000110c <irq_set_exclusive_handler+0x4c>
100010f4:	4a07      	ldr	r2, [pc, #28]	@ (10001114 <irq_set_exclusive_handler+0x54>)
100010f6:	6892      	ldr	r2, [r2, #8]
100010f8:	f842 1020 	str.w	r1, [r2, r0, lsl #2]
100010fc:	f3bf 8f5f 	dmb	sy
10001100:	2200      	movs	r2, #0
10001102:	e8c3 2f8f 	stlb	r2, [r3]
10001106:	f38c 8810 	msr	PRIMASK, ip
1000110a:	bd10      	pop	{r4, pc}
1000110c:	f000 ff16 	bl	10001f3c <hard_assertion_failure>
10001110:	200016b5 	.word	0x200016b5
10001114:	e000ed00 	.word	0xe000ed00
10001118:	10000111 	.word	0x10000111

1000111c <irq_add_shared_handler>:
1000111c:	e92d 4ff0 	stmdb	sp!, {r4, r5, r6, r7, r8, r9, sl, fp, lr}
10001120:	460b      	mov	r3, r1
10001122:	b083      	sub	sp, #12
10001124:	f3ef 8a10 	mrs	sl, PRIMASK
10001128:	b672      	cpsid	i
1000112a:	f8df 91ac 	ldr.w	r9, [pc, #428]	@ 100012d8 <irq_add_shared_handler+0x1bc>
1000112e:	e8d9 4fcf 	ldaexb	r4, [r9]
10001132:	2101      	movs	r1, #1
10001134:	2c00      	cmp	r4, #0
10001136:	d1fa      	bne.n	1000112e <irq_add_shared_handler+0x12>
10001138:	e8c9 1f44 	strexb	r4, r1, [r9]
1000113c:	2c00      	cmp	r4, #0
1000113e:	d1f6      	bne.n	1000112e <irq_add_shared_handler+0x12>
10001140:	f3bf 8f5f 	dmb	sy
10001144:	495d      	ldr	r1, [pc, #372]	@ (100012bc <irq_add_shared_handler+0x1a0>)
10001146:	f991 8000 	ldrsb.w	r8, [r1]
1000114a:	f1b8 0f00 	cmp.w	r8, #0
1000114e:	f2c0 80b2 	blt.w	100012b6 <irq_add_shared_handler+0x19a>
10001152:	4c5b      	ldr	r4, [pc, #364]	@ (100012c0 <irq_add_shared_handler+0x1a4>)
10001154:	eb08 0748 	add.w	r7, r8, r8, lsl #1
10001158:	eb04 0587 	add.w	r5, r4, r7, lsl #2
1000115c:	79ae      	ldrb	r6, [r5, #6]
1000115e:	3010      	adds	r0, #16
10001160:	700e      	strb	r6, [r1, #0]
10001162:	4958      	ldr	r1, [pc, #352]	@ (100012c4 <irq_add_shared_handler+0x1a8>)
10001164:	ea4f 0648 	mov.w	r6, r8, lsl #1
10001168:	6889      	ldr	r1, [r1, #8]
1000116a:	9600      	str	r6, [sp, #0]
1000116c:	f851 1020 	ldr.w	r1, [r1, r0, lsl #2]
10001170:	00bf      	lsls	r7, r7, #2
10001172:	1b0e      	subs	r6, r1, r4
10001174:	2e47      	cmp	r6, #71	@ 0x47
10001176:	d834      	bhi.n	100011e2 <irq_add_shared_handler+0xc6>
10001178:	f021 0e01 	bic.w	lr, r1, #1
1000117c:	f89e 6007 	ldrb.w	r6, [lr, #7]
10001180:	4296      	cmp	r6, r2
10001182:	d809      	bhi.n	10001198 <irq_add_shared_handler+0x7c>
10001184:	e071      	b.n	1000126a <irq_add_shared_handler+0x14e>
10001186:	eb0c 064c 	add.w	r6, ip, ip, lsl #1
1000118a:	eb04 0686 	add.w	r6, r4, r6, lsl #2
1000118e:	f896 b007 	ldrb.w	fp, [r6, #7]
10001192:	4593      	cmp	fp, r2
10001194:	d94e      	bls.n	10001234 <irq_add_shared_handler+0x118>
10001196:	46b6      	mov	lr, r6
10001198:	f99e c006 	ldrsb.w	ip, [lr, #6]
1000119c:	f1bc 0f00 	cmp.w	ip, #0
100011a0:	daf1      	bge.n	10001186 <irq_add_shared_handler+0x6a>
100011a2:	f64b 5601 	movw	r6, #48385	@ 0xbd01
100011a6:	f10e 0b04 	add.w	fp, lr, #4
100011aa:	3d04      	subs	r5, #4
100011ac:	eba5 050b 	sub.w	r5, r5, fp
100011b0:	f3c5 054a 	ubfx	r5, r5, #1, #11
100011b4:	ea6f 45c5 	mvn.w	r5, r5, lsl #19
100011b8:	9f00      	ldr	r7, [sp, #0]
100011ba:	ea6f 45d5 	mvn.w	r5, r5, lsr #19
100011be:	4447      	add	r7, r8
100011c0:	46bb      	mov	fp, r7
100011c2:	f88e 8006 	strb.w	r8, [lr, #6]
100011c6:	f8df 810c 	ldr.w	r8, [pc, #268]	@ 100012d4 <irq_add_shared_handler+0x1b8>
100011ca:	eb04 0787 	add.w	r7, r4, r7, lsl #2
100011ce:	f8ae 5004 	strh.w	r5, [lr, #4]
100011d2:	f844 802b 	str.w	r8, [r4, fp, lsl #2]
100011d6:	80be      	strh	r6, [r7, #4]
100011d8:	f887 c006 	strb.w	ip, [r7, #6]
100011dc:	71fa      	strb	r2, [r7, #7]
100011de:	60bb      	str	r3, [r7, #8]
100011e0:	e01a      	b.n	10001218 <irq_add_shared_handler+0xfc>
100011e2:	4e39      	ldr	r6, [pc, #228]	@ (100012c8 <irq_add_shared_handler+0x1ac>)
100011e4:	42b1      	cmp	r1, r6
100011e6:	d166      	bne.n	100012b6 <irq_add_shared_handler+0x19a>
100011e8:	60ab      	str	r3, [r5, #8]
100011ea:	4b38      	ldr	r3, [pc, #224]	@ (100012cc <irq_add_shared_handler+0x1b0>)
100011ec:	71ea      	strb	r2, [r5, #7]
100011ee:	1cba      	adds	r2, r7, #2
100011f0:	4422      	add	r2, r4
100011f2:	3b04      	subs	r3, #4
100011f4:	1a9b      	subs	r3, r3, r2
100011f6:	f3c3 034a 	ubfx	r3, r3, #1, #11
100011fa:	ea6f 43c3 	mvn.w	r3, r3, lsl #19
100011fe:	f44f 4221 	mov.w	r2, #41216	@ 0xa100
10001202:	ea6f 43d3 	mvn.w	r3, r3, lsr #19
10001206:	53e2      	strh	r2, [r4, r7]
10001208:	806b      	strh	r3, [r5, #2]
1000120a:	22ff      	movs	r2, #255	@ 0xff
1000120c:	f64b 5301 	movw	r3, #48385	@ 0xbd01
10001210:	71aa      	strb	r2, [r5, #6]
10001212:	80ab      	strh	r3, [r5, #4]
10001214:	f045 0101 	orr.w	r1, r5, #1
10001218:	4b2a      	ldr	r3, [pc, #168]	@ (100012c4 <irq_add_shared_handler+0x1a8>)
1000121a:	689b      	ldr	r3, [r3, #8]
1000121c:	f843 1020 	str.w	r1, [r3, r0, lsl #2]
10001220:	f3bf 8f5f 	dmb	sy
10001224:	2300      	movs	r3, #0
10001226:	e8c9 3f8f 	stlb	r3, [r9]
1000122a:	f38a 8810 	msr	PRIMASK, sl
1000122e:	b003      	add	sp, #12
10001230:	e8bd 8ff0 	ldmia.w	sp!, {r4, r5, r6, r7, r8, r9, sl, fp, pc}
10001234:	46f3      	mov	fp, lr
10001236:	f83b 6f04 	ldrh.w	r6, [fp, #4]!
1000123a:	0576      	lsls	r6, r6, #21
1000123c:	d40f      	bmi.n	1000125e <irq_add_shared_handler+0x142>
1000123e:	1576      	asrs	r6, r6, #21
10001240:	3602      	adds	r6, #2
10001242:	eb0b 0646 	add.w	r6, fp, r6, lsl #1
10001246:	9601      	str	r6, [sp, #4]
10001248:	f06f 0607 	mvn.w	r6, #7
1000124c:	1bf6      	subs	r6, r6, r7
1000124e:	9f01      	ldr	r7, [sp, #4]
10001250:	1b36      	subs	r6, r6, r4
10001252:	443e      	add	r6, r7
10001254:	f3c6 064a 	ubfx	r6, r6, #1, #11
10001258:	f446 4660 	orr.w	r6, r6, #57344	@ 0xe000
1000125c:	e7a5      	b.n	100011aa <irq_add_shared_handler+0x8e>
1000125e:	f506 16ff 	add.w	r6, r6, #2088960	@ 0x1fe000
10001262:	f506 56ff 	add.w	r6, r6, #8160	@ 0x1fe0
10001266:	361f      	adds	r6, #31
10001268:	e7e9      	b.n	1000123e <irq_add_shared_handler+0x122>
1000126a:	60ab      	str	r3, [r5, #8]
1000126c:	f06f 0307 	mvn.w	r3, #7
10001270:	71ea      	strb	r2, [r5, #7]
10001272:	f44f 4221 	mov.w	r2, #41216	@ 0xa100
10001276:	1bdb      	subs	r3, r3, r7
10001278:	1b1b      	subs	r3, r3, r4
1000127a:	4473      	add	r3, lr
1000127c:	53e2      	strh	r2, [r4, r7]
1000127e:	f3c3 024a 	ubfx	r2, r3, #1, #11
10001282:	4b12      	ldr	r3, [pc, #72]	@ (100012cc <irq_add_shared_handler+0x1b0>)
10001284:	4e12      	ldr	r6, [pc, #72]	@ (100012d0 <irq_add_shared_handler+0x1b4>)
10001286:	3702      	adds	r7, #2
10001288:	4427      	add	r7, r4
1000128a:	3b04      	subs	r3, #4
1000128c:	4332      	orrs	r2, r6
1000128e:	1bdb      	subs	r3, r3, r7
10001290:	80aa      	strh	r2, [r5, #4]
10001292:	f3c3 034a 	ubfx	r3, r3, #1, #11
10001296:	4a0f      	ldr	r2, [pc, #60]	@ (100012d4 <irq_add_shared_handler+0x1b8>)
10001298:	4333      	orrs	r3, r6
1000129a:	806b      	strh	r3, [r5, #2]
1000129c:	f64a 21aa 	movw	r1, #43690	@ 0xaaaa
100012a0:	4673      	mov	r3, lr
100012a2:	1b1b      	subs	r3, r3, r4
100012a4:	415b      	adcs	r3, r3
100012a6:	4359      	muls	r1, r3
100012a8:	0d09      	lsrs	r1, r1, #20
100012aa:	71a9      	strb	r1, [r5, #6]
100012ac:	f8ce 2000 	str.w	r2, [lr]
100012b0:	f045 0101 	orr.w	r1, r5, #1
100012b4:	e7b0      	b.n	10001218 <irq_add_shared_handler+0xfc>
100012b6:	f000 fe41 	bl	10001f3c <hard_assertion_failure>
100012ba:	bf00      	nop
100012bc:	20001ccc 	.word	0x20001ccc
100012c0:	200012b4 	.word	0x200012b4
100012c4:	e000ed00 	.word	0xe000ed00
100012c8:	10000111 	.word	0x10000111
100012cc:	200012fc 	.word	0x200012fc
100012d0:	ffffe000 	.word	0xffffe000
100012d4:	47804801 	.word	0x47804801
100012d8:	200016b5 	.word	0x200016b5

100012dc <irq_add_tail_to_free_list>:
100012dc:	b5f0      	push	{r4, r5, r6, r7, lr}
100012de:	f3ef 8505 	mrs	r5, IPSR
100012e2:	b2ed      	uxtb	r5, r5
100012e4:	f3ef 8c10 	mrs	ip, PRIMASK
100012e8:	b672      	cpsid	i
100012ea:	492c      	ldr	r1, [pc, #176]	@ (1000139c <irq_add_tail_to_free_list+0xc0>)
100012ec:	e8d1 2fcf 	ldaexb	r2, [r1]
100012f0:	2301      	movs	r3, #1
100012f2:	2a00      	cmp	r2, #0
100012f4:	d1fa      	bne.n	100012ec <irq_add_tail_to_free_list+0x10>
100012f6:	e8c1 3f42 	strexb	r2, r3, [r1]
100012fa:	2a00      	cmp	r2, #0
100012fc:	d1f6      	bne.n	100012ec <irq_add_tail_to_free_list+0x10>
100012fe:	f3bf 8f5f 	dmb	sy
10001302:	4e27      	ldr	r6, [pc, #156]	@ (100013a0 <irq_add_tail_to_free_list+0xc4>)
10001304:	f040 0e01 	orr.w	lr, r0, #1
10001308:	68b4      	ldr	r4, [r6, #8]
1000130a:	f64a 23aa 	movw	r3, #43690	@ 0xaaaa
1000130e:	f854 7025 	ldr.w	r7, [r4, r5, lsl #2]
10001312:	4a24      	ldr	r2, [pc, #144]	@ (100013a4 <irq_add_tail_to_free_list+0xc8>)
10001314:	4604      	mov	r4, r0
10001316:	1aa4      	subs	r4, r4, r2
10001318:	4164      	adcs	r4, r4
1000131a:	4363      	muls	r3, r4
1000131c:	0d1b      	lsrs	r3, r3, #20
1000131e:	4577      	cmp	r7, lr
10001320:	b25b      	sxtb	r3, r3
10001322:	d023      	beq.n	1000136c <irq_add_tail_to_free_list+0x90>
10001324:	f992 4006 	ldrsb.w	r4, [r2, #6]
10001328:	429c      	cmp	r4, r3
1000132a:	d024      	beq.n	10001376 <irq_add_tail_to_free_list+0x9a>
1000132c:	f992 4012 	ldrsb.w	r4, [r2, #18]
10001330:	429c      	cmp	r4, r3
10001332:	d02b      	beq.n	1000138c <irq_add_tail_to_free_list+0xb0>
10001334:	f992 401e 	ldrsb.w	r4, [r2, #30]
10001338:	429c      	cmp	r4, r3
1000133a:	d029      	beq.n	10001390 <irq_add_tail_to_free_list+0xb4>
1000133c:	f992 402a 	ldrsb.w	r4, [r2, #42]	@ 0x2a
10001340:	429c      	cmp	r4, r3
10001342:	d027      	beq.n	10001394 <irq_add_tail_to_free_list+0xb8>
10001344:	f992 4036 	ldrsb.w	r4, [r2, #54]	@ 0x36
10001348:	429c      	cmp	r4, r3
1000134a:	d025      	beq.n	10001398 <irq_add_tail_to_free_list+0xbc>
1000134c:	f992 4042 	ldrsb.w	r4, [r2, #66]	@ 0x42
10001350:	429c      	cmp	r4, r3
10001352:	bf08      	it	eq
10001354:	2405      	moveq	r4, #5
10001356:	d00f      	beq.n	10001378 <irq_add_tail_to_free_list+0x9c>
10001358:	4a13      	ldr	r2, [pc, #76]	@ (100013a8 <irq_add_tail_to_free_list+0xcc>)
1000135a:	2400      	movs	r4, #0
1000135c:	7815      	ldrb	r5, [r2, #0]
1000135e:	7013      	strb	r3, [r2, #0]
10001360:	7185      	strb	r5, [r0, #6]
10001362:	e8c1 4f8f 	stlb	r4, [r1]
10001366:	f38c 8810 	msr	PRIMASK, ip
1000136a:	bdf0      	pop	{r4, r5, r6, r7, pc}
1000136c:	68b2      	ldr	r2, [r6, #8]
1000136e:	4c0f      	ldr	r4, [pc, #60]	@ (100013ac <irq_add_tail_to_free_list+0xd0>)
10001370:	f842 4025 	str.w	r4, [r2, r5, lsl #2]
10001374:	e7f0      	b.n	10001358 <irq_add_tail_to_free_list+0x7c>
10001376:	2400      	movs	r4, #0
10001378:	eb04 0444 	add.w	r4, r4, r4, lsl #1
1000137c:	eb02 0284 	add.w	r2, r2, r4, lsl #2
10001380:	24ff      	movs	r4, #255	@ 0xff
10001382:	7194      	strb	r4, [r2, #6]
10001384:	f64b 5401 	movw	r4, #48385	@ 0xbd01
10001388:	8094      	strh	r4, [r2, #4]
1000138a:	e7e5      	b.n	10001358 <irq_add_tail_to_free_list+0x7c>
1000138c:	2401      	movs	r4, #1
1000138e:	e7f3      	b.n	10001378 <irq_add_tail_to_free_list+0x9c>
10001390:	2402      	movs	r4, #2
10001392:	e7f1      	b.n	10001378 <irq_add_tail_to_free_list+0x9c>
10001394:	2403      	movs	r4, #3
10001396:	e7ef      	b.n	10001378 <irq_add_tail_to_free_list+0x9c>
10001398:	2404      	movs	r4, #4
1000139a:	e7ed      	b.n	10001378 <irq_add_tail_to_free_list+0x9c>
1000139c:	200016b5 	.word	0x200016b5
100013a0:	e000ed00 	.word	0xe000ed00
100013a4:	200012b4 	.word	0x200012b4
100013a8:	20001ccc 	.word	0x20001ccc
100013ac:	10000111 	.word	0x10000111

100013b0 <lock_init>:
100013b0:	4b01      	ldr	r3, [pc, #4]	@ (100013b8 <lock_init+0x8>)
100013b2:	440b      	add	r3, r1
100013b4:	6003      	str	r3, [r0, #0]
100013b6:	4770      	bx	lr
100013b8:	200016ac 	.word	0x200016ac

100013bc <runtime_init_mutex>:
100013bc:	b570      	push	{r4, r5, r6, lr}
100013be:	4c10      	ldr	r4, [pc, #64]	@ (10001400 <runtime_init_mutex+0x44>)
100013c0:	4d10      	ldr	r5, [pc, #64]	@ (10001404 <runtime_init_mutex+0x48>)
100013c2:	42ac      	cmp	r4, r5
100013c4:	d20e      	bcs.n	100013e4 <runtime_init_mutex+0x28>
100013c6:	26ff      	movs	r6, #255	@ 0xff
100013c8:	6823      	ldr	r3, [r4, #0]
100013ca:	b163      	cbz	r3, 100013e6 <runtime_init_mutex+0x2a>
100013cc:	f7ff fe12 	bl	10000ff4 <next_striped_spin_lock_num>
100013d0:	4601      	mov	r1, r0
100013d2:	4620      	mov	r0, r4
100013d4:	f7ff ffec 	bl	100013b0 <lock_init>
100013d8:	80a6      	strh	r6, [r4, #4]
100013da:	f3bf 8f5f 	dmb	sy
100013de:	3408      	adds	r4, #8
100013e0:	42ac      	cmp	r4, r5
100013e2:	d3f1      	bcc.n	100013c8 <runtime_init_mutex+0xc>
100013e4:	bd70      	pop	{r4, r5, r6, pc}
100013e6:	f7ff fe05 	bl	10000ff4 <next_striped_spin_lock_num>
100013ea:	4601      	mov	r1, r0
100013ec:	4620      	mov	r0, r4
100013ee:	f7ff ffdf 	bl	100013b0 <lock_init>
100013f2:	7126      	strb	r6, [r4, #4]
100013f4:	f3bf 8f5f 	dmb	sy
100013f8:	3408      	adds	r4, #8
100013fa:	42ac      	cmp	r4, r5
100013fc:	d3e4      	bcc.n	100013c8 <runtime_init_mutex+0xc>
100013fe:	bd70      	pop	{r4, r5, r6, pc}
10001400:	20001370 	.word	0x20001370
10001404:	20001378 	.word	0x20001378

10001408 <mutex_init>:
10001408:	b510      	push	{r4, lr}
1000140a:	4604      	mov	r4, r0
1000140c:	f7ff fdf2 	bl	10000ff4 <next_striped_spin_lock_num>
10001410:	4601      	mov	r1, r0
10001412:	4620      	mov	r0, r4
10001414:	f7ff ffcc 	bl	100013b0 <lock_init>
10001418:	23ff      	movs	r3, #255	@ 0xff
1000141a:	7123      	strb	r3, [r4, #4]
1000141c:	f3bf 8f5f 	dmb	sy
10001420:	bd10      	pop	{r4, pc}
10001422:	bf00      	nop

10001424 <critical_section_init>:
10001424:	b510      	push	{r4, lr}
10001426:	4604      	mov	r4, r0
10001428:	2001      	movs	r0, #1
1000142a:	f7ff fdef 	bl	1000100c <spin_lock_claim_unused>
1000142e:	4b03      	ldr	r3, [pc, #12]	@ (1000143c <critical_section_init+0x18>)
10001430:	4403      	add	r3, r0
10001432:	6023      	str	r3, [r4, #0]
10001434:	f3bf 8f5f 	dmb	sy
10001438:	bd10      	pop	{r4, pc}
1000143a:	bf00      	nop
1000143c:	200016ac 	.word	0x200016ac

10001440 <sleep_until_callback>:
10001440:	4910      	ldr	r1, [pc, #64]	@ (10001484 <sleep_until_callback+0x44>)
10001442:	680b      	ldr	r3, [r1, #0]
10001444:	f3ef 8010 	mrs	r0, PRIMASK
10001448:	b672      	cpsid	i
1000144a:	e8d3 cfcf 	ldaexb	ip, [r3]
1000144e:	2201      	movs	r2, #1
10001450:	f1bc 0f00 	cmp.w	ip, #0
10001454:	d1f9      	bne.n	1000144a <sleep_until_callback+0xa>
10001456:	e8c3 2f4c 	strexb	ip, r2, [r3]
1000145a:	f1bc 0f00 	cmp.w	ip, #0
1000145e:	d1f4      	bne.n	1000144a <sleep_until_callback+0xa>
10001460:	f3bf 8f5f 	dmb	sy
10001464:	4a08      	ldr	r2, [pc, #32]	@ (10001488 <sleep_until_callback+0x48>)
10001466:	f04f 0c00 	mov.w	ip, #0
1000146a:	7813      	ldrb	r3, [r2, #0]
1000146c:	6809      	ldr	r1, [r1, #0]
1000146e:	3301      	adds	r3, #1
10001470:	b2db      	uxtb	r3, r3
10001472:	7013      	strb	r3, [r2, #0]
10001474:	e8c1 cf8f 	stlb	ip, [r1]
10001478:	f380 8810 	msr	PRIMASK, r0
1000147c:	bf40      	sev
1000147e:	2000      	movs	r0, #0
10001480:	2100      	movs	r1, #0
10001482:	4770      	bx	lr
10001484:	20001cac 	.word	0x20001cac
10001488:	20001cce 	.word	0x20001cce
1000148c:	00000000 	.word	0x00000000

10001490 <alarm_pool_irq_handler>:
10001490:	e92d 4ff0 	stmdb	sp!, {r4, r5, r6, r7, r8, r9, sl, fp, lr}
10001494:	ed2d 8b02 	vpush	{d8}
10001498:	b085      	sub	sp, #20
1000149a:	f3ef 8305 	mrs	r3, IPSR
1000149e:	b2db      	uxtb	r3, r3
100014a0:	3b10      	subs	r3, #16
100014a2:	089a      	lsrs	r2, r3, #2
100014a4:	bf18      	it	ne
100014a6:	2201      	movne	r2, #1
100014a8:	f04f 0101 	mov.w	r1, #1
100014ac:	f003 0003 	and.w	r0, r3, #3
100014b0:	bf18      	it	ne
100014b2:	4daf      	ldrne	r5, [pc, #700]	@ (10001770 <alarm_pool_irq_handler+0x2e0>)
100014b4:	4baf      	ldr	r3, [pc, #700]	@ (10001774 <alarm_pool_irq_handler+0x2e4>)
100014b6:	bf08      	it	eq
100014b8:	4daf      	ldreq	r5, [pc, #700]	@ (10001778 <alarm_pool_irq_handler+0x2e8>)
100014ba:	eb00 0282 	add.w	r2, r0, r2, lsl #2
100014be:	f853 6022 	ldr.w	r6, [r3, r2, lsl #2]
100014c2:	fa01 fb00 	lsl.w	fp, r1, r0
100014c6:	f505 5341 	add.w	r3, r5, #12352	@ 0x3040
100014ca:	ed9f 8ba7 	vldr	d8, [pc, #668]	@ 10001768 <alarm_pool_irq_handler+0x2d8>
100014ce:	9001      	str	r0, [sp, #4]
100014d0:	f8c3 b004 	str.w	fp, [r3, #4]
100014d4:	e02e      	b.n	10001534 <alarm_pool_irq_handler+0xa4>
100014d6:	88b3      	ldrh	r3, [r6, #4]
100014d8:	0418      	lsls	r0, r3, #16
100014da:	f140 8092 	bpl.w	10001602 <alarm_pool_irq_handler+0x172>
100014de:	79b3      	ldrb	r3, [r6, #6]
100014e0:	2b00      	cmp	r3, #0
100014e2:	f040 80dc 	bne.w	1000169e <alarm_pool_irq_handler+0x20e>
100014e6:	f9b6 1008 	ldrsh.w	r1, [r6, #8]
100014ea:	2900      	cmp	r1, #0
100014ec:	f2c0 811d 	blt.w	1000172a <alarm_pool_irq_handler+0x29a>
100014f0:	6973      	ldr	r3, [r6, #20]
100014f2:	eb01 0141 	add.w	r1, r1, r1, lsl #1
100014f6:	eb03 03c1 	add.w	r3, r3, r1, lsl #3
100014fa:	e9d3 4702 	ldrd	r4, r7, [r3, #8]
100014fe:	f1b7 3fff 	cmp.w	r7, #4294967295
10001502:	bf08      	it	eq
10001504:	f1b4 3fff 	cmpeq.w	r4, #4294967295
10001508:	d00d      	beq.n	10001526 <alarm_pool_irq_handler+0x96>
1000150a:	9b01      	ldr	r3, [sp, #4]
1000150c:	eb05 0183 	add.w	r1, r5, r3, lsl #2
10001510:	6aab      	ldr	r3, [r5, #40]	@ 0x28
10001512:	690a      	ldr	r2, [r1, #16]
10001514:	1ad2      	subs	r2, r2, r3
10001516:	1ae3      	subs	r3, r4, r3
10001518:	4293      	cmp	r3, r2
1000151a:	d303      	bcc.n	10001524 <alarm_pool_irq_handler+0x94>
1000151c:	6a2b      	ldr	r3, [r5, #32]
1000151e:	ea13 0f0b 	tst.w	r3, fp
10001522:	d100      	bne.n	10001526 <alarm_pool_irq_handler+0x96>
10001524:	610c      	str	r4, [r1, #16]
10001526:	4628      	mov	r0, r5
10001528:	f000 fb68 	bl	10001bfc <timer_time_us_64>
1000152c:	42a0      	cmp	r0, r4
1000152e:	41b9      	sbcs	r1, r7
10001530:	f2c0 80fb 	blt.w	1000172a <alarm_pool_irq_handler+0x29a>
10001534:	f9b6 3008 	ldrsh.w	r3, [r6, #8]
10001538:	f8c5 b03c 	str.w	fp, [r5, #60]	@ 0x3c
1000153c:	2b00      	cmp	r3, #0
1000153e:	9300      	str	r3, [sp, #0]
10001540:	dbc9      	blt.n	100014d6 <alarm_pool_irq_handler+0x46>
10001542:	f8d6 9014 	ldr.w	r9, [r6, #20]
10001546:	eb03 0a43 	add.w	sl, r3, r3, lsl #1
1000154a:	4628      	mov	r0, r5
1000154c:	eb09 07ca 	add.w	r7, r9, sl, lsl #3
10001550:	e9d7 4802 	ldrd	r4, r8, [r7, #8]
10001554:	f000 fb52 	bl	10001bfc <timer_time_us_64>
10001558:	42a0      	cmp	r0, r4
1000155a:	eb71 0108 	sbcs.w	r1, r1, r8
1000155e:	dbba      	blt.n	100014d6 <alarm_pool_irq_handler+0x46>
10001560:	f1b8 0f00 	cmp.w	r8, #0
10001564:	f2c0 80c3 	blt.w	100016ee <alarm_pool_irq_handler+0x25e>
10001568:	e9d7 3104 	ldrd	r3, r1, [r7, #16]
1000156c:	4a83      	ldr	r2, [pc, #524]	@ (1000177c <alarm_pool_irq_handler+0x2ec>)
1000156e:	4293      	cmp	r3, r2
10001570:	f000 80ed 	beq.w	1000174e <alarm_pool_irq_handler+0x2be>
10001574:	887a      	ldrh	r2, [r7, #2]
10001576:	f9b6 0008 	ldrsh.w	r0, [r6, #8]
1000157a:	b292      	uxth	r2, r2
1000157c:	ea42 4000 	orr.w	r0, r2, r0, lsl #16
10001580:	4798      	blx	r3
10001582:	4602      	mov	r2, r0
10001584:	460b      	mov	r3, r1
10001586:	ea52 0103 	orrs.w	r1, r2, r3
1000158a:	f000 80b0 	beq.w	100016ee <alarm_pool_irq_handler+0x25e>
1000158e:	2b00      	cmp	r3, #0
10001590:	f280 80d1 	bge.w	10001736 <alarm_pool_irq_handler+0x2a6>
10001594:	ebb4 0e02 	subs.w	lr, r4, r2
10001598:	eb68 0803 	sbc.w	r8, r8, r3
1000159c:	f939 303a 	ldrsh.w	r3, [r9, sl, lsl #3]
100015a0:	e9c7 e802 	strd	lr, r8, [r7, #8]
100015a4:	2b00      	cmp	r3, #0
100015a6:	db96      	blt.n	100014d6 <alarm_pool_irq_handler+0x46>
100015a8:	6971      	ldr	r1, [r6, #20]
100015aa:	eb03 0243 	add.w	r2, r3, r3, lsl #1
100015ae:	eb01 02c2 	add.w	r2, r1, r2, lsl #3
100015b2:	e9d2 7002 	ldrd	r7, r0, [r2, #8]
100015b6:	45be      	cmp	lr, r7
100015b8:	eb78 0c00 	sbcs.w	ip, r8, r0
100015bc:	ea4f 0243 	mov.w	r2, r3, lsl #1
100015c0:	db89      	blt.n	100014d6 <alarm_pool_irq_handler+0x46>
100015c2:	46b4      	mov	ip, r6
100015c4:	f82c 3f08 	strh.w	r3, [ip, #8]!
100015c8:	e00b      	b.n	100015e2 <alarm_pool_irq_handler+0x152>
100015ca:	f931 3032 	ldrsh.w	r3, [r1, r2, lsl #3]
100015ce:	46a4      	mov	ip, r4
100015d0:	2b00      	cmp	r3, #0
100015d2:	db0d      	blt.n	100015f0 <alarm_pool_irq_handler+0x160>
100015d4:	eb03 0043 	add.w	r0, r3, r3, lsl #1
100015d8:	eb01 00c0 	add.w	r0, r1, r0, lsl #3
100015dc:	005a      	lsls	r2, r3, #1
100015de:	e9d0 7002 	ldrd	r7, r0, [r0, #8]
100015e2:	45be      	cmp	lr, r7
100015e4:	441a      	add	r2, r3
100015e6:	eb78 0000 	sbcs.w	r0, r8, r0
100015ea:	eb01 04c2 	add.w	r4, r1, r2, lsl #3
100015ee:	daec      	bge.n	100015ca <alarm_pool_irq_handler+0x13a>
100015f0:	f829 303a 	strh.w	r3, [r9, sl, lsl #3]
100015f4:	9b00      	ldr	r3, [sp, #0]
100015f6:	f8ac 3000 	strh.w	r3, [ip]
100015fa:	88b3      	ldrh	r3, [r6, #4]
100015fc:	0418      	lsls	r0, r3, #16
100015fe:	f53f af6e 	bmi.w	100014de <alarm_pool_irq_handler+0x4e>
10001602:	6933      	ldr	r3, [r6, #16]
10001604:	f3ef 8210 	mrs	r2, PRIMASK
10001608:	b672      	cpsid	i
1000160a:	e8d3 0fcf 	ldaexb	r0, [r3]
1000160e:	2101      	movs	r1, #1
10001610:	2800      	cmp	r0, #0
10001612:	d1fa      	bne.n	1000160a <alarm_pool_irq_handler+0x17a>
10001614:	e8c3 1f40 	strexb	r0, r1, [r3]
10001618:	2800      	cmp	r0, #0
1000161a:	d1f6      	bne.n	1000160a <alarm_pool_irq_handler+0x17a>
1000161c:	f3bf 8f5f 	dmb	sy
10001620:	f64f 74ff 	movw	r4, #65535	@ 0xffff
10001624:	88b0      	ldrh	r0, [r6, #4]
10001626:	2300      	movs	r3, #0
10001628:	6931      	ldr	r1, [r6, #16]
1000162a:	b200      	sxth	r0, r0
1000162c:	80b4      	strh	r4, [r6, #4]
1000162e:	e8c1 3f8f 	stlb	r3, [r1]
10001632:	f382 8810 	msr	PRIMASK, r2
10001636:	4298      	cmp	r0, r3
10001638:	f6ff af51 	blt.w	100014de <alarm_pool_irq_handler+0x4e>
1000163c:	4607      	mov	r7, r0
1000163e:	46a9      	mov	r9, r5
10001640:	6974      	ldr	r4, [r6, #20]
10001642:	f106 0808 	add.w	r8, r6, #8
10001646:	eb07 0e47 	add.w	lr, r7, r7, lsl #1
1000164a:	eb04 03ce 	add.w	r3, r4, lr, lsl #3
1000164e:	e9d3 5002 	ldrd	r5, r0, [r3, #8]
10001652:	f9b6 3008 	ldrsh.w	r3, [r6, #8]
10001656:	46c4      	mov	ip, r8
10001658:	2b00      	cmp	r3, #0
1000165a:	db13      	blt.n	10001684 <alarm_pool_irq_handler+0x1f4>
1000165c:	46b2      	mov	sl, r6
1000165e:	9700      	str	r7, [sp, #0]
10001660:	e004      	b.n	1000166c <alarm_pool_irq_handler+0x1dc>
10001662:	f934 3036 	ldrsh.w	r3, [r4, r6, lsl #3]
10001666:	4694      	mov	ip, r2
10001668:	2b00      	cmp	r3, #0
1000166a:	db09      	blt.n	10001680 <alarm_pool_irq_handler+0x1f0>
1000166c:	eb03 0643 	add.w	r6, r3, r3, lsl #1
10001670:	eb04 02c6 	add.w	r2, r4, r6, lsl #3
10001674:	e9d2 7102 	ldrd	r7, r1, [r2, #8]
10001678:	42bd      	cmp	r5, r7
1000167a:	eb70 0101 	sbcs.w	r1, r0, r1
1000167e:	daf0      	bge.n	10001662 <alarm_pool_irq_handler+0x1d2>
10001680:	4656      	mov	r6, sl
10001682:	9f00      	ldr	r7, [sp, #0]
10001684:	f8ac 7000 	strh.w	r7, [ip]
10001688:	f934 703e 	ldrsh.w	r7, [r4, lr, lsl #3]
1000168c:	f824 303e 	strh.w	r3, [r4, lr, lsl #3]
10001690:	2f00      	cmp	r7, #0
10001692:	dad8      	bge.n	10001646 <alarm_pool_irq_handler+0x1b6>
10001694:	79b3      	ldrb	r3, [r6, #6]
10001696:	464d      	mov	r5, r9
10001698:	2b00      	cmp	r3, #0
1000169a:	f43f af24 	beq.w	100014e6 <alarm_pool_irq_handler+0x56>
1000169e:	2300      	movs	r3, #0
100016a0:	71b3      	strb	r3, [r6, #6]
100016a2:	f9b6 3008 	ldrsh.w	r3, [r6, #8]
100016a6:	f106 0808 	add.w	r8, r6, #8
100016aa:	1c59      	adds	r1, r3, #1
100016ac:	d03d      	beq.n	1000172a <alarm_pool_irq_handler+0x29a>
100016ae:	4619      	mov	r1, r3
100016b0:	6977      	ldr	r7, [r6, #20]
100016b2:	e003      	b.n	100016bc <alarm_pool_irq_handler+0x22c>
100016b4:	4680      	mov	r8, r0
100016b6:	1c5a      	adds	r2, r3, #1
100016b8:	f43f af17 	beq.w	100014ea <alarm_pool_irq_handler+0x5a>
100016bc:	eb03 0243 	add.w	r2, r3, r3, lsl #1
100016c0:	eb07 00c2 	add.w	r0, r7, r2, lsl #3
100016c4:	f8b0 c002 	ldrh.w	ip, [r0, #2]
100016c8:	461c      	mov	r4, r3
100016ca:	f41c 4f00 	tst.w	ip, #32768	@ 0x8000
100016ce:	469e      	mov	lr, r3
100016d0:	f937 3032 	ldrsh.w	r3, [r7, r2, lsl #3]
100016d4:	d0ee      	beq.n	100016b4 <alarm_pool_irq_handler+0x224>
100016d6:	428c      	cmp	r4, r1
100016d8:	ed80 8b02 	vstr	d8, [r0, #8]
100016dc:	d005      	beq.n	100016ea <alarm_pool_irq_handler+0x25a>
100016de:	f8a8 3000 	strh.w	r3, [r8]
100016e2:	8931      	ldrh	r1, [r6, #8]
100016e4:	f827 1032 	strh.w	r1, [r7, r2, lsl #3]
100016e8:	8134      	strh	r4, [r6, #8]
100016ea:	4671      	mov	r1, lr
100016ec:	e7e3      	b.n	100016b6 <alarm_pool_irq_handler+0x226>
100016ee:	f839 303a 	ldrh.w	r3, [r9, sl, lsl #3]
100016f2:	8133      	strh	r3, [r6, #8]
100016f4:	6933      	ldr	r3, [r6, #16]
100016f6:	f3ef 8210 	mrs	r2, PRIMASK
100016fa:	b672      	cpsid	i
100016fc:	e8d3 0fcf 	ldaexb	r0, [r3]
10001700:	2101      	movs	r1, #1
10001702:	2800      	cmp	r0, #0
10001704:	d1fa      	bne.n	100016fc <alarm_pool_irq_handler+0x26c>
10001706:	e8c3 1f40 	strexb	r0, r1, [r3]
1000170a:	2800      	cmp	r0, #0
1000170c:	d1f6      	bne.n	100016fc <alarm_pool_irq_handler+0x26c>
1000170e:	f3bf 8f5f 	dmb	sy
10001712:	8873      	ldrh	r3, [r6, #2]
10001714:	6931      	ldr	r1, [r6, #16]
10001716:	f829 303a 	strh.w	r3, [r9, sl, lsl #3]
1000171a:	9b00      	ldr	r3, [sp, #0]
1000171c:	8073      	strh	r3, [r6, #2]
1000171e:	2300      	movs	r3, #0
10001720:	e8c1 3f8f 	stlb	r3, [r1]
10001724:	f382 8810 	msr	PRIMASK, r2
10001728:	e6d5      	b.n	100014d6 <alarm_pool_irq_handler+0x46>
1000172a:	bf40      	sev
1000172c:	b005      	add	sp, #20
1000172e:	ecbd 8b02 	vpop	{d8}
10001732:	e8bd 8ff0 	ldmia.w	sp!, {r4, r5, r6, r7, r8, r9, sl, fp, pc}
10001736:	4628      	mov	r0, r5
10001738:	e9cd 2302 	strd	r2, r3, [sp, #8]
1000173c:	f000 fa5e 	bl	10001bfc <timer_time_us_64>
10001740:	9a02      	ldr	r2, [sp, #8]
10001742:	9b03      	ldr	r3, [sp, #12]
10001744:	eb10 0e02 	adds.w	lr, r0, r2
10001748:	eb43 0801 	adc.w	r8, r3, r1
1000174c:	e726      	b.n	1000159c <alarm_pool_irq_handler+0x10c>
1000174e:	4608      	mov	r0, r1
10001750:	690b      	ldr	r3, [r1, #16]
10001752:	9102      	str	r1, [sp, #8]
10001754:	4798      	blx	r3
10001756:	2800      	cmp	r0, #0
10001758:	d0c9      	beq.n	100016ee <alarm_pool_irq_handler+0x25e>
1000175a:	9902      	ldr	r1, [sp, #8]
1000175c:	e9d1 2300 	ldrd	r2, r3, [r1]
10001760:	e711      	b.n	10001586 <alarm_pool_irq_handler+0xf6>
10001762:	bf00      	nop
10001764:	f3af 8000 	nop.w
10001768:	ffffffff 	.word	0xffffffff
1000176c:	ffffffff 	.word	0xffffffff
10001770:	400b8000 	.word	0x400b8000
10001774:	20001c84 	.word	0x20001c84
10001778:	400b0000 	.word	0x400b0000
1000177c:	10001491 	.word	0x10001491

10001780 <runtime_init_default_alarm_pool>:
10001780:	e92d 4ff8 	stmdb	sp!, {r3, r4, r5, r6, r7, r8, r9, sl, fp, lr}
10001784:	4c36      	ldr	r4, [pc, #216]	@ (10001860 <runtime_init_default_alarm_pool+0xe0>)
10001786:	6925      	ldr	r5, [r4, #16]
10001788:	b12d      	cbz	r5, 10001796 <runtime_init_default_alarm_pool+0x16>
1000178a:	e8bd 4ff8 	ldmia.w	sp!, {r3, r4, r5, r6, r7, r8, r9, sl, fp, lr}
1000178e:	210a      	movs	r1, #10
10001790:	4834      	ldr	r0, [pc, #208]	@ (10001864 <runtime_init_default_alarm_pool+0xe4>)
10001792:	f7ff be0d 	b.w	100013b0 <lock_init>
10001796:	f8df 80e4 	ldr.w	r8, [pc, #228]	@ 1000187c <runtime_init_default_alarm_pool+0xfc>
1000179a:	2103      	movs	r1, #3
1000179c:	4640      	mov	r0, r8
1000179e:	f000 fa1b 	bl	10001bd8 <timer_hardware_alarm_claim>
100017a2:	2603      	movs	r6, #3
100017a4:	f8c4 800c 	str.w	r8, [r4, #12]
100017a8:	f7ff fc24 	bl	10000ff4 <next_striped_spin_lock_num>
100017ac:	f04f 4c50 	mov.w	ip, #3489660928	@ 0xd0000000
100017b0:	4b2d      	ldr	r3, [pc, #180]	@ (10001868 <runtime_init_default_alarm_pool+0xe8>)
100017b2:	7026      	strb	r6, [r4, #0]
100017b4:	4403      	add	r3, r0
100017b6:	6123      	str	r3, [r4, #16]
100017b8:	f8dc 3000 	ldr.w	r3, [ip]
100017bc:	210f      	movs	r1, #15
100017be:	7063      	strb	r3, [r4, #1]
100017c0:	6963      	ldr	r3, [r4, #20]
100017c2:	8061      	strh	r1, [r4, #2]
100017c4:	831d      	strh	r5, [r3, #24]
100017c6:	f04f 0504 	mov.w	r5, #4
100017ca:	f8a3 5078 	strh.w	r5, [r3, #120]	@ 0x78
100017ce:	f04f 0505 	mov.w	r5, #5
100017d2:	f8a3 5090 	strh.w	r5, [r3, #144]	@ 0x90
100017d6:	f04f 0506 	mov.w	r5, #6
100017da:	f8a3 50a8 	strh.w	r5, [r3, #168]	@ 0xa8
100017de:	f04f 0507 	mov.w	r5, #7
100017e2:	210e      	movs	r1, #14
100017e4:	f64f 72ff 	movw	r2, #65535	@ 0xffff
100017e8:	2708      	movs	r7, #8
100017ea:	f04f 0e0a 	mov.w	lr, #10
100017ee:	f8a3 50c0 	strh.w	r5, [r3, #192]	@ 0xc0
100017f2:	f04f 0901 	mov.w	r9, #1
100017f6:	f04f 0c0c 	mov.w	ip, #12
100017fa:	f04f 0b02 	mov.w	fp, #2
100017fe:	f04f 0a09 	mov.w	sl, #9
10001802:	200d      	movs	r0, #13
10001804:	f04f 050b 	mov.w	r5, #11
10001808:	f8a3 1168 	strh.w	r1, [r3, #360]	@ 0x168
1000180c:	4917      	ldr	r1, [pc, #92]	@ (1000186c <runtime_init_default_alarm_pool+0xec>)
1000180e:	80a2      	strh	r2, [r4, #4]
10001810:	f8a3 e108 	strh.w	lr, [r3, #264]	@ 0x108
10001814:	60a1      	str	r1, [r4, #8]
10001816:	f8a3 b048 	strh.w	fp, [r3, #72]	@ 0x48
1000181a:	f8a3 a0f0 	strh.w	sl, [r3, #240]	@ 0xf0
1000181e:	f8a3 5120 	strh.w	r5, [r3, #288]	@ 0x120
10001822:	f8a3 c138 	strh.w	ip, [r3, #312]	@ 0x138
10001826:	f8a3 0150 	strh.w	r0, [r3, #336]	@ 0x150
1000182a:	f8a3 9030 	strh.w	r9, [r3, #48]	@ 0x30
1000182e:	f8a3 6060 	strh.w	r6, [r3, #96]	@ 0x60
10001832:	f8a3 70d8 	strh.w	r7, [r3, #216]	@ 0xd8
10001836:	801a      	strh	r2, [r3, #0]
10001838:	4b0d      	ldr	r3, [pc, #52]	@ (10001870 <runtime_init_default_alarm_pool+0xf0>)
1000183a:	4630      	mov	r0, r6
1000183c:	f8c8 7020 	str.w	r7, [r8, #32]
10001840:	490c      	ldr	r1, [pc, #48]	@ (10001874 <runtime_init_default_alarm_pool+0xf4>)
10001842:	60dc      	str	r4, [r3, #12]
10001844:	f7ff fc3c 	bl	100010c0 <irq_set_exclusive_handler>
10001848:	4649      	mov	r1, r9
1000184a:	4630      	mov	r0, r6
1000184c:	f7ff fc22 	bl	10001094 <irq_set_enabled>
10001850:	4b09      	ldr	r3, [pc, #36]	@ (10001878 <runtime_init_default_alarm_pool+0xf8>)
10001852:	210a      	movs	r1, #10
10001854:	641f      	str	r7, [r3, #64]	@ 0x40
10001856:	4803      	ldr	r0, [pc, #12]	@ (10001864 <runtime_init_default_alarm_pool+0xe4>)
10001858:	e8bd 4ff8 	ldmia.w	sp!, {r3, r4, r5, r6, r7, r8, r9, sl, fp, lr}
1000185c:	f7ff bda8 	b.w	100013b0 <lock_init>
10001860:	20001320 	.word	0x20001320
10001864:	20001cac 	.word	0x20001cac
10001868:	200016ac 	.word	0x200016ac
1000186c:	0010ffff 	.word	0x0010ffff
10001870:	20001c84 	.word	0x20001c84
10001874:	10001491 	.word	0x10001491
10001878:	400b2000 	.word	0x400b2000
1000187c:	400b0000 	.word	0x400b0000

10001880 <alarm_pool_get_default>:
10001880:	4800      	ldr	r0, [pc, #0]	@ (10001884 <alarm_pool_get_default+0x4>)
10001882:	4770      	bx	lr
10001884:	20001320 	.word	0x20001320

10001888 <alarm_pool_add_alarm_at_force_in_context>:
10001888:	4601      	mov	r1, r0
1000188a:	b5f0      	push	{r4, r5, r6, r7, lr}
1000188c:	6900      	ldr	r0, [r0, #16]
1000188e:	f3ef 8710 	mrs	r7, PRIMASK
10001892:	b672      	cpsid	i
10001894:	e8d0 5fcf 	ldaexb	r5, [r0]
10001898:	2401      	movs	r4, #1
1000189a:	2d00      	cmp	r5, #0
1000189c:	d1fa      	bne.n	10001894 <alarm_pool_add_alarm_at_force_in_context+0xc>
1000189e:	e8c0 4f45 	strexb	r5, r4, [r0]
100018a2:	2d00      	cmp	r5, #0
100018a4:	d1f6      	bne.n	10001894 <alarm_pool_add_alarm_at_force_in_context+0xc>
100018a6:	f3bf 8f5f 	dmb	sy
100018aa:	f9b1 e002 	ldrsh.w	lr, [r1, #2]
100018ae:	694c      	ldr	r4, [r1, #20]
100018b0:	eb0e 0c4e 	add.w	ip, lr, lr, lsl #1
100018b4:	f1be 0f00 	cmp.w	lr, #0
100018b8:	ea4f 05cc 	mov.w	r5, ip, lsl #3
100018bc:	eb04 0ccc 	add.w	ip, r4, ip, lsl #3
100018c0:	db3d      	blt.n	1000193e <alarm_pool_add_alarm_at_force_in_context+0xb6>
100018c2:	5b60      	ldrh	r0, [r4, r5]
100018c4:	2600      	movs	r6, #0
100018c6:	8048      	strh	r0, [r1, #2]
100018c8:	6908      	ldr	r0, [r1, #16]
100018ca:	e8c0 6f8f 	stlb	r6, [r0]
100018ce:	f387 8810 	msr	PRIMASK, r7
100018d2:	f8bc 0002 	ldrh.w	r0, [ip, #2]
100018d6:	e9cc 2302 	strd	r2, r3, [ip, #8]
100018da:	3001      	adds	r0, #1
100018dc:	f3c0 000e 	ubfx	r0, r0, #0, #15
100018e0:	2801      	cmp	r0, #1
100018e2:	bf38      	it	cc
100018e4:	2001      	movcc	r0, #1
100018e6:	9b05      	ldr	r3, [sp, #20]
100018e8:	f8ac 0002 	strh.w	r0, [ip, #2]
100018ec:	f8cc 3010 	str.w	r3, [ip, #16]
100018f0:	9b06      	ldr	r3, [sp, #24]
100018f2:	ea40 400e 	orr.w	r0, r0, lr, lsl #16
100018f6:	f8cc 3014 	str.w	r3, [ip, #20]
100018fa:	690b      	ldr	r3, [r1, #16]
100018fc:	f3ef 8210 	mrs	r2, PRIMASK
10001900:	b672      	cpsid	i
10001902:	e8d3 cfcf 	ldaexb	ip, [r3]
10001906:	2701      	movs	r7, #1
10001908:	f1bc 0f00 	cmp.w	ip, #0
1000190c:	d1f9      	bne.n	10001902 <alarm_pool_add_alarm_at_force_in_context+0x7a>
1000190e:	e8c3 7f4c 	strexb	ip, r7, [r3]
10001912:	f1bc 0f00 	cmp.w	ip, #0
10001916:	d1f4      	bne.n	10001902 <alarm_pool_add_alarm_at_force_in_context+0x7a>
10001918:	f3bf 8f5f 	dmb	sy
1000191c:	888b      	ldrh	r3, [r1, #4]
1000191e:	5363      	strh	r3, [r4, r5]
10001920:	f8a1 e004 	strh.w	lr, [r1, #4]
10001924:	690b      	ldr	r3, [r1, #16]
10001926:	e8c3 6f8f 	stlb	r6, [r3]
1000192a:	f382 8810 	msr	PRIMASK, r2
1000192e:	2201      	movs	r2, #1
10001930:	68cb      	ldr	r3, [r1, #12]
10001932:	7809      	ldrb	r1, [r1, #0]
10001934:	f503 5301 	add.w	r3, r3, #8256	@ 0x2040
10001938:	408a      	lsls	r2, r1
1000193a:	605a      	str	r2, [r3, #4]
1000193c:	bdf0      	pop	{r4, r5, r6, r7, pc}
1000193e:	2300      	movs	r3, #0
10001940:	690a      	ldr	r2, [r1, #16]
10001942:	e8c2 3f8f 	stlb	r3, [r2]
10001946:	f387 8810 	msr	PRIMASK, r7
1000194a:	f04f 30ff 	mov.w	r0, #4294967295
1000194e:	bdf0      	pop	{r4, r5, r6, r7, pc}

10001950 <alarm_pool_cancel_alarm>:
10001950:	4603      	mov	r3, r0
10001952:	8940      	ldrh	r0, [r0, #10]
10001954:	ebb0 4f21 	cmp.w	r0, r1, asr #16
10001958:	dd37      	ble.n	100019ca <alarm_pool_cancel_alarm+0x7a>
1000195a:	6958      	ldr	r0, [r3, #20]
1000195c:	140a      	asrs	r2, r1, #16
1000195e:	eb02 0242 	add.w	r2, r2, r2, lsl #1
10001962:	b510      	push	{r4, lr}
10001964:	eb00 00c2 	add.w	r0, r0, r2, lsl #3
10001968:	691c      	ldr	r4, [r3, #16]
1000196a:	f3ef 8c10 	mrs	ip, PRIMASK
1000196e:	b672      	cpsid	i
10001970:	e8d4 efcf 	ldaexb	lr, [r4]
10001974:	2201      	movs	r2, #1
10001976:	f1be 0f00 	cmp.w	lr, #0
1000197a:	d1f9      	bne.n	10001970 <alarm_pool_cancel_alarm+0x20>
1000197c:	e8c4 2f4e 	strexb	lr, r2, [r4]
10001980:	f1be 0f00 	cmp.w	lr, #0
10001984:	d1f4      	bne.n	10001970 <alarm_pool_cancel_alarm+0x20>
10001986:	f3bf 8f5f 	dmb	sy
1000198a:	8842      	ldrh	r2, [r0, #2]
1000198c:	b289      	uxth	r1, r1
1000198e:	b292      	uxth	r2, r2
10001990:	428a      	cmp	r2, r1
10001992:	d007      	beq.n	100019a4 <alarm_pool_cancel_alarm+0x54>
10001994:	2200      	movs	r2, #0
10001996:	691b      	ldr	r3, [r3, #16]
10001998:	e8c3 2f8f 	stlb	r2, [r3]
1000199c:	f38c 8810 	msr	PRIMASK, ip
100019a0:	2000      	movs	r0, #0
100019a2:	bd10      	pop	{r4, pc}
100019a4:	f442 4200 	orr.w	r2, r2, #32768	@ 0x8000
100019a8:	8042      	strh	r2, [r0, #2]
100019aa:	2101      	movs	r1, #1
100019ac:	2200      	movs	r2, #0
100019ae:	6918      	ldr	r0, [r3, #16]
100019b0:	7199      	strb	r1, [r3, #6]
100019b2:	e8c0 2f8f 	stlb	r2, [r0]
100019b6:	f38c 8810 	msr	PRIMASK, ip
100019ba:	781c      	ldrb	r4, [r3, #0]
100019bc:	68da      	ldr	r2, [r3, #12]
100019be:	4608      	mov	r0, r1
100019c0:	f502 5301 	add.w	r3, r2, #8256	@ 0x2040
100019c4:	40a1      	lsls	r1, r4
100019c6:	6059      	str	r1, [r3, #4]
100019c8:	bd10      	pop	{r4, pc}
100019ca:	2000      	movs	r0, #0
100019cc:	4770      	bx	lr
100019ce:	bf00      	nop

100019d0 <alarm_pool_core_num>:
100019d0:	7840      	ldrb	r0, [r0, #1]
100019d2:	4770      	bx	lr

100019d4 <sleep_until>:
100019d4:	e92d 43f0 	stmdb	sp!, {r4, r5, r6, r7, r8, r9, lr}
100019d8:	1f87      	subs	r7, r0, #6
100019da:	f141 35ff 	adc.w	r5, r1, #4294967295
100019de:	42b8      	cmp	r0, r7
100019e0:	eb71 0305 	sbcs.w	r3, r1, r5
100019e4:	bf38      	it	cc
100019e6:	2700      	movcc	r7, #0
100019e8:	b083      	sub	sp, #12
100019ea:	bf38      	it	cc
100019ec:	463d      	movcc	r5, r7
100019ee:	4604      	mov	r4, r0
100019f0:	460e      	mov	r6, r1
100019f2:	f000 f90b 	bl	10001c0c <time_us_64>
100019f6:	1a38      	subs	r0, r7, r0
100019f8:	eb65 0301 	sbc.w	r3, r5, r1
100019fc:	2801      	cmp	r0, #1
100019fe:	f173 0300 	sbcs.w	r3, r3, #0
10001a02:	da06      	bge.n	10001a12 <sleep_until+0x3e>
10001a04:	4620      	mov	r0, r4
10001a06:	4631      	mov	r1, r6
10001a08:	b003      	add	sp, #12
10001a0a:	e8bd 43f0 	ldmia.w	sp!, {r4, r5, r6, r7, r8, r9, lr}
10001a0e:	f000 b907 	b.w	10001c20 <busy_wait_until>
10001a12:	f000 f8fb 	bl	10001c0c <time_us_64>
10001a16:	4287      	cmp	r7, r0
10001a18:	eb65 0101 	sbc.w	r1, r5, r1
10001a1c:	2900      	cmp	r1, #0
10001a1e:	db0a      	blt.n	10001a36 <sleep_until+0x62>
10001a20:	2100      	movs	r1, #0
10001a22:	4b1c      	ldr	r3, [pc, #112]	@ (10001a94 <sleep_until+0xc0>)
10001a24:	463a      	mov	r2, r7
10001a26:	9300      	str	r3, [sp, #0]
10001a28:	481b      	ldr	r0, [pc, #108]	@ (10001a98 <sleep_until+0xc4>)
10001a2a:	462b      	mov	r3, r5
10001a2c:	9101      	str	r1, [sp, #4]
10001a2e:	f7ff ff2b 	bl	10001888 <alarm_pool_add_alarm_at_force_in_context>
10001a32:	2800      	cmp	r0, #0
10001a34:	dbe6      	blt.n	10001a04 <sleep_until+0x30>
10001a36:	f04f 0e00 	mov.w	lr, #0
10001a3a:	f8df c068 	ldr.w	ip, [pc, #104]	@ 10001aa4 <sleep_until+0xd0>
10001a3e:	4917      	ldr	r1, [pc, #92]	@ (10001a9c <sleep_until+0xc8>)
10001a40:	4a17      	ldr	r2, [pc, #92]	@ (10001aa0 <sleep_until+0xcc>)
10001a42:	f8dc 3024 	ldr.w	r3, [ip, #36]	@ 0x24
10001a46:	429d      	cmp	r5, r3
10001a48:	d805      	bhi.n	10001a56 <sleep_until+0x82>
10001a4a:	f8dc 0028 	ldr.w	r0, [ip, #40]	@ 0x28
10001a4e:	42b8      	cmp	r0, r7
10001a50:	d2d8      	bcs.n	10001a04 <sleep_until+0x30>
10001a52:	429d      	cmp	r5, r3
10001a54:	d1d6      	bne.n	10001a04 <sleep_until+0x30>
10001a56:	680b      	ldr	r3, [r1, #0]
10001a58:	f3ef 8810 	mrs	r8, PRIMASK
10001a5c:	b672      	cpsid	i
10001a5e:	e8d3 9fcf 	ldaexb	r9, [r3]
10001a62:	2001      	movs	r0, #1
10001a64:	f1b9 0f00 	cmp.w	r9, #0
10001a68:	d1f9      	bne.n	10001a5e <sleep_until+0x8a>
10001a6a:	e8c3 0f49 	strexb	r9, r0, [r3]
10001a6e:	f1b9 0f00 	cmp.w	r9, #0
10001a72:	d1f4      	bne.n	10001a5e <sleep_until+0x8a>
10001a74:	f3bf 8f5f 	dmb	sy
10001a78:	7810      	ldrb	r0, [r2, #0]
10001a7a:	680b      	ldr	r3, [r1, #0]
10001a7c:	b2c0      	uxtb	r0, r0
10001a7e:	e8c3 ef8f 	stlb	lr, [r3]
10001a82:	f388 8810 	msr	PRIMASK, r8
10001a86:	7813      	ldrb	r3, [r2, #0]
10001a88:	4283      	cmp	r3, r0
10001a8a:	d100      	bne.n	10001a8e <sleep_until+0xba>
10001a8c:	bf20      	wfe
10001a8e:	bf20      	wfe
10001a90:	e7d7      	b.n	10001a42 <sleep_until+0x6e>
10001a92:	bf00      	nop
10001a94:	10001441 	.word	0x10001441
10001a98:	20001320 	.word	0x20001320
10001a9c:	20001cac 	.word	0x20001cac
10001aa0:	20001cce 	.word	0x20001cce
10001aa4:	400b0000 	.word	0x400b0000

10001aa8 <sleep_us>:
10001aa8:	b538      	push	{r3, r4, r5, lr}
10001aaa:	4604      	mov	r4, r0
10001aac:	460d      	mov	r5, r1
10001aae:	f000 f8ad 	bl	10001c0c <time_us_64>
10001ab2:	f04f 32ff 	mov.w	r2, #4294967295
10001ab6:	f06f 4300 	mvn.w	r3, #2147483648	@ 0x80000000
10001aba:	1820      	adds	r0, r4, r0
10001abc:	eb45 0101 	adc.w	r1, r5, r1
10001ac0:	4282      	cmp	r2, r0
10001ac2:	eb73 0401 	sbcs.w	r4, r3, r1
10001ac6:	bf38      	it	cc
10001ac8:	4619      	movcc	r1, r3
10001aca:	e8bd 4038 	ldmia.w	sp!, {r3, r4, r5, lr}
10001ace:	bf38      	it	cc
10001ad0:	4610      	movcc	r0, r2
10001ad2:	f7ff bf7f 	b.w	100019d4 <sleep_until>
10001ad6:	bf00      	nop

10001ad8 <sleep_ms>:
10001ad8:	b510      	push	{r4, lr}
10001ada:	4604      	mov	r4, r0
10001adc:	f000 f896 	bl	10001c0c <time_us_64>
10001ae0:	f44f 737a 	mov.w	r3, #1000	@ 0x3e8
10001ae4:	f04f 3cff 	mov.w	ip, #4294967295
10001ae8:	f06f 4200 	mvn.w	r2, #2147483648	@ 0x80000000
10001aec:	fbe4 0103 	umlal	r0, r1, r4, r3
10001af0:	e8bd 4010 	ldmia.w	sp!, {r4, lr}
10001af4:	4584      	cmp	ip, r0
10001af6:	eb72 0301 	sbcs.w	r3, r2, r1
10001afa:	bf3c      	itt	cc
10001afc:	4660      	movcc	r0, ip
10001afe:	4611      	movcc	r1, r2
10001b00:	f7ff bf68 	b.w	100019d4 <sleep_until>

10001b04 <best_effort_wfe_or_timeout>:
10001b04:	e92d 47f0 	stmdb	sp!, {r4, r5, r6, r7, r8, r9, sl, lr}
10001b08:	4605      	mov	r5, r0
10001b0a:	460c      	mov	r4, r1
10001b0c:	b082      	sub	sp, #8
10001b0e:	f3ef 8705 	mrs	r7, IPSR
10001b12:	b2ff      	uxtb	r7, r7
10001b14:	2f00      	cmp	r7, #0
10001b16:	d138      	bne.n	10001b8a <best_effort_wfe_or_timeout+0x86>
10001b18:	4e2b      	ldr	r6, [pc, #172]	@ (10001bc8 <best_effort_wfe_or_timeout+0xc4>)
10001b1a:	e9d6 2300 	ldrd	r2, r3, [r6]
10001b1e:	428b      	cmp	r3, r1
10001b20:	bf08      	it	eq
10001b22:	4282      	cmpeq	r2, r0
10001b24:	d039      	beq.n	10001b9a <best_effort_wfe_or_timeout+0x96>
10001b26:	f8df 80ac 	ldr.w	r8, [pc, #172]	@ 10001bd4 <best_effort_wfe_or_timeout+0xd0>
10001b2a:	f8d8 a00c 	ldr.w	sl, [r8, #12]
10001b2e:	f898 9000 	ldrb.w	r9, [r8]
10001b32:	4650      	mov	r0, sl
10001b34:	f000 f862 	bl	10001bfc <timer_time_us_64>
10001b38:	f109 0904 	add.w	r9, r9, #4
10001b3c:	f85a 3029 	ldr.w	r3, [sl, r9, lsl #2]
10001b40:	1a1b      	subs	r3, r3, r0
10001b42:	1a28      	subs	r0, r5, r0
10001b44:	eb64 0101 	sbc.w	r1, r4, r1
10001b48:	4298      	cmp	r0, r3
10001b4a:	f171 0100 	sbcs.w	r1, r1, #0
10001b4e:	da24      	bge.n	10001b9a <best_effort_wfe_or_timeout+0x96>
10001b50:	f000 f85c 	bl	10001c0c <time_us_64>
10001b54:	4285      	cmp	r5, r0
10001b56:	eb64 0101 	sbc.w	r1, r4, r1
10001b5a:	2900      	cmp	r1, #0
10001b5c:	db15      	blt.n	10001b8a <best_effort_wfe_or_timeout+0x86>
10001b5e:	4b1b      	ldr	r3, [pc, #108]	@ (10001bcc <best_effort_wfe_or_timeout+0xc8>)
10001b60:	4640      	mov	r0, r8
10001b62:	9300      	str	r3, [sp, #0]
10001b64:	462a      	mov	r2, r5
10001b66:	4623      	mov	r3, r4
10001b68:	9701      	str	r7, [sp, #4]
10001b6a:	f7ff fe8d 	bl	10001888 <alarm_pool_add_alarm_at_force_in_context>
10001b6e:	1e01      	subs	r1, r0, #0
10001b70:	dd0b      	ble.n	10001b8a <best_effort_wfe_or_timeout+0x86>
10001b72:	4b17      	ldr	r3, [pc, #92]	@ (10001bd0 <best_effort_wfe_or_timeout+0xcc>)
10001b74:	e9c6 5400 	strd	r5, r4, [r6]
10001b78:	6a5a      	ldr	r2, [r3, #36]	@ 0x24
10001b7a:	42a2      	cmp	r2, r4
10001b7c:	d321      	bcc.n	10001bc2 <best_effort_wfe_or_timeout+0xbe>
10001b7e:	6a9b      	ldr	r3, [r3, #40]	@ 0x28
10001b80:	42ab      	cmp	r3, r5
10001b82:	d31c      	bcc.n	10001bbe <best_effort_wfe_or_timeout+0xba>
10001b84:	4813      	ldr	r0, [pc, #76]	@ (10001bd4 <best_effort_wfe_or_timeout+0xd0>)
10001b86:	f7ff fee3 	bl	10001950 <alarm_pool_cancel_alarm>
10001b8a:	4b11      	ldr	r3, [pc, #68]	@ (10001bd0 <best_effort_wfe_or_timeout+0xcc>)
10001b8c:	6a58      	ldr	r0, [r3, #36]	@ 0x24
10001b8e:	42a0      	cmp	r0, r4
10001b90:	d208      	bcs.n	10001ba4 <best_effort_wfe_or_timeout+0xa0>
10001b92:	2000      	movs	r0, #0
10001b94:	b002      	add	sp, #8
10001b96:	e8bd 87f0 	ldmia.w	sp!, {r4, r5, r6, r7, r8, r9, sl, pc}
10001b9a:	bf20      	wfe
10001b9c:	4b0c      	ldr	r3, [pc, #48]	@ (10001bd0 <best_effort_wfe_or_timeout+0xcc>)
10001b9e:	6a58      	ldr	r0, [r3, #36]	@ 0x24
10001ba0:	42a0      	cmp	r0, r4
10001ba2:	d3f6      	bcc.n	10001b92 <best_effort_wfe_or_timeout+0x8e>
10001ba4:	6a9b      	ldr	r3, [r3, #40]	@ 0x28
10001ba6:	42ab      	cmp	r3, r5
10001ba8:	d303      	bcc.n	10001bb2 <best_effort_wfe_or_timeout+0xae>
10001baa:	2001      	movs	r0, #1
10001bac:	b002      	add	sp, #8
10001bae:	e8bd 87f0 	ldmia.w	sp!, {r4, r5, r6, r7, r8, r9, sl, pc}
10001bb2:	1b00      	subs	r0, r0, r4
10001bb4:	bf18      	it	ne
10001bb6:	2001      	movne	r0, #1
10001bb8:	b002      	add	sp, #8
10001bba:	e8bd 87f0 	ldmia.w	sp!, {r4, r5, r6, r7, r8, r9, sl, pc}
10001bbe:	42a2      	cmp	r2, r4
10001bc0:	d1e0      	bne.n	10001b84 <best_effort_wfe_or_timeout+0x80>
10001bc2:	bf20      	wfe
10001bc4:	e7de      	b.n	10001b84 <best_effort_wfe_or_timeout+0x80>
10001bc6:	bf00      	nop
10001bc8:	20001318 	.word	0x20001318
10001bcc:	10001441 	.word	0x10001441
10001bd0:	400b0000 	.word	0x400b0000
10001bd4:	20001320 	.word	0x20001320

10001bd8 <timer_hardware_alarm_claim>:
10001bd8:	b410      	push	{r4}
10001bda:	4b05      	ldr	r3, [pc, #20]	@ (10001bf0 <timer_hardware_alarm_claim+0x18>)
10001bdc:	4c05      	ldr	r4, [pc, #20]	@ (10001bf4 <timer_hardware_alarm_claim+0x1c>)
10001bde:	4a06      	ldr	r2, [pc, #24]	@ (10001bf8 <timer_hardware_alarm_claim+0x20>)
10001be0:	42a0      	cmp	r0, r4
10001be2:	bf14      	ite	ne
10001be4:	4618      	movne	r0, r3
10001be6:	1c58      	addeq	r0, r3, #1
10001be8:	f85d 4b04 	ldr.w	r4, [sp], #4
10001bec:	f7ff b988 	b.w	10000f00 <hw_claim_or_assert>
10001bf0:	20001800 	.word	0x20001800
10001bf4:	400b8000 	.word	0x400b8000
10001bf8:	100060f8 	.word	0x100060f8

10001bfc <timer_time_us_64>:
10001bfc:	4603      	mov	r3, r0
10001bfe:	6a41      	ldr	r1, [r0, #36]	@ 0x24
10001c00:	460a      	mov	r2, r1
10001c02:	6a98      	ldr	r0, [r3, #40]	@ 0x28
10001c04:	6a59      	ldr	r1, [r3, #36]	@ 0x24
10001c06:	428a      	cmp	r2, r1
10001c08:	d1fa      	bne.n	10001c00 <timer_time_us_64+0x4>
10001c0a:	4770      	bx	lr

10001c0c <time_us_64>:
10001c0c:	4b03      	ldr	r3, [pc, #12]	@ (10001c1c <time_us_64+0x10>)
10001c0e:	6a59      	ldr	r1, [r3, #36]	@ 0x24
10001c10:	460a      	mov	r2, r1
10001c12:	6a98      	ldr	r0, [r3, #40]	@ 0x28
10001c14:	6a59      	ldr	r1, [r3, #36]	@ 0x24
10001c16:	4291      	cmp	r1, r2
10001c18:	d1fa      	bne.n	10001c10 <time_us_64+0x4>
10001c1a:	4770      	bx	lr
10001c1c:	400b0000 	.word	0x400b0000

10001c20 <busy_wait_until>:
10001c20:	4a07      	ldr	r2, [pc, #28]	@ (10001c40 <busy_wait_until+0x20>)
10001c22:	6a53      	ldr	r3, [r2, #36]	@ 0x24
10001c24:	4299      	cmp	r1, r3
10001c26:	d8fc      	bhi.n	10001c22 <busy_wait_until+0x2>
10001c28:	4299      	cmp	r1, r3
10001c2a:	d107      	bne.n	10001c3c <busy_wait_until+0x1c>
10001c2c:	4b04      	ldr	r3, [pc, #16]	@ (10001c40 <busy_wait_until+0x20>)
10001c2e:	e002      	b.n	10001c36 <busy_wait_until+0x16>
10001c30:	6a5a      	ldr	r2, [r3, #36]	@ 0x24
10001c32:	4291      	cmp	r1, r2
10001c34:	d102      	bne.n	10001c3c <busy_wait_until+0x1c>
10001c36:	6a9a      	ldr	r2, [r3, #40]	@ 0x28
10001c38:	4282      	cmp	r2, r0
10001c3a:	d3f9      	bcc.n	10001c30 <busy_wait_until+0x10>
10001c3c:	4770      	bx	lr
10001c3e:	bf00      	nop
10001c40:	400b0000 	.word	0x400b0000

10001c44 <clock_configure_undivided>:
10001c44:	eb00 0c40 	add.w	ip, r0, r0, lsl #1
10001c48:	ea4f 0c8c 	mov.w	ip, ip, lsl #2
10001c4c:	f10c 4c80 	add.w	ip, ip, #1073741824	@ 0x40000000
10001c50:	f50c 3c80 	add.w	ip, ip, #65536	@ 0x10000
10001c54:	b5f0      	push	{r4, r5, r6, r7, lr}
10001c56:	4616      	mov	r6, r2
10001c58:	f8dc 2004 	ldr.w	r2, [ip, #4]
10001c5c:	1f05      	subs	r5, r0, #4
10001c5e:	f5b2 3f80 	cmp.w	r2, #65536	@ 0x10000
10001c62:	bf38      	it	cc
10001c64:	f44f 3280 	movcc.w	r2, #65536	@ 0x10000
10001c68:	b2ed      	uxtb	r5, r5
10001c6a:	bf38      	it	cc
10001c6c:	f8cc 2004 	strcc.w	r2, [ip, #4]
10001c70:	2d01      	cmp	r5, #1
10001c72:	d92a      	bls.n	10001cca <clock_configure_undivided+0x86>
10001c74:	f44f 6700 	mov.w	r7, #2048	@ 0x800
10001c78:	4c25      	ldr	r4, [pc, #148]	@ (10001d10 <clock_configure_undivided+0xcc>)
10001c7a:	f50c 5240 	add.w	r2, ip, #12288	@ 0x3000
10001c7e:	6017      	str	r7, [r2, #0]
10001c80:	f854 2020 	ldr.w	r2, [r4, r0, lsl #2]
10001c84:	b9b2      	cbnz	r2, 10001cb4 <clock_configure_undivided+0x70>
10001c86:	f8dc 2000 	ldr.w	r2, [ip]
10001c8a:	2d01      	cmp	r5, #1
10001c8c:	ea82 1246 	eor.w	r2, r2, r6, lsl #5
10001c90:	f002 02e0 	and.w	r2, r2, #224	@ 0xe0
10001c94:	f50c 5680 	add.w	r6, ip, #4096	@ 0x1000
10001c98:	6032      	str	r2, [r6, #0]
10001c9a:	d92a      	bls.n	10001cf2 <clock_configure_undivided+0xae>
10001c9c:	f44f 6100 	mov.w	r1, #2048	@ 0x800
10001ca0:	f844 3020 	str.w	r3, [r4, r0, lsl #2]
10001ca4:	f44f 3380 	mov.w	r3, #65536	@ 0x10000
10001ca8:	f50c 5200 	add.w	r2, ip, #8192	@ 0x2000
10001cac:	6011      	str	r1, [r2, #0]
10001cae:	f8cc 3004 	str.w	r3, [ip, #4]
10001cb2:	bdf0      	pop	{r4, r5, r6, r7, pc}
10001cb4:	6967      	ldr	r7, [r4, #20]
10001cb6:	fbb7 fef2 	udiv	lr, r7, r2
10001cba:	f10e 0e01 	add.w	lr, lr, #1
10001cbe:	eb0e 0e4e 	add.w	lr, lr, lr, lsl #1
10001cc2:	f1be 0e03 	subs.w	lr, lr, #3
10001cc6:	d2fc      	bcs.n	10001cc2 <clock_configure_undivided+0x7e>
10001cc8:	e7dd      	b.n	10001c86 <clock_configure_undivided+0x42>
10001cca:	2901      	cmp	r1, #1
10001ccc:	d1d2      	bne.n	10001c74 <clock_configure_undivided+0x30>
10001cce:	2403      	movs	r4, #3
10001cd0:	f50c 5240 	add.w	r2, ip, #12288	@ 0x3000
10001cd4:	6014      	str	r4, [r2, #0]
10001cd6:	f8dc 2008 	ldr.w	r2, [ip, #8]
10001cda:	07d2      	lsls	r2, r2, #31
10001cdc:	d5fb      	bpl.n	10001cd6 <clock_configure_undivided+0x92>
10001cde:	f8dc 2000 	ldr.w	r2, [ip]
10001ce2:	4c0b      	ldr	r4, [pc, #44]	@ (10001d10 <clock_configure_undivided+0xcc>)
10001ce4:	ea82 1246 	eor.w	r2, r2, r6, lsl #5
10001ce8:	f002 02e0 	and.w	r2, r2, #224	@ 0xe0
10001cec:	f50c 5680 	add.w	r6, ip, #4096	@ 0x1000
10001cf0:	6032      	str	r2, [r6, #0]
10001cf2:	2201      	movs	r2, #1
10001cf4:	f8dc 5000 	ldr.w	r5, [ip]
10001cf8:	404d      	eors	r5, r1
10001cfa:	f005 0503 	and.w	r5, r5, #3
10001cfe:	6035      	str	r5, [r6, #0]
10001d00:	fa02 f101 	lsl.w	r1, r2, r1
10001d04:	f8dc 2008 	ldr.w	r2, [ip, #8]
10001d08:	420a      	tst	r2, r1
10001d0a:	d0fb      	beq.n	10001d04 <clock_configure_undivided+0xc0>
10001d0c:	e7c6      	b.n	10001c9c <clock_configure_undivided+0x58>
10001d0e:	bf00      	nop
10001d10:	20001804 	.word	0x20001804

10001d14 <clock_get_hz>:
10001d14:	4b01      	ldr	r3, [pc, #4]	@ (10001d1c <clock_get_hz+0x8>)
10001d16:	f853 0020 	ldr.w	r0, [r3, r0, lsl #2]
10001d1a:	4770      	bx	lr
10001d1c:	20001804 	.word	0x20001804

10001d20 <pll_init>:
10001d20:	b470      	push	{r4, r5, r6}
10001d22:	9d03      	ldr	r5, [sp, #12]
10001d24:	6804      	ldr	r4, [r0, #0]
10001d26:	032d      	lsls	r5, r5, #12
10001d28:	ea45 4503 	orr.w	r5, r5, r3, lsl #16
10001d2c:	4b1b      	ldr	r3, [pc, #108]	@ (10001d9c <pll_init+0x7c>)
10001d2e:	2c00      	cmp	r4, #0
10001d30:	fbb3 f3f1 	udiv	r3, r3, r1
10001d34:	fbb2 f6f3 	udiv	r6, r2, r3
10001d38:	db1f      	blt.n	10001d7a <pll_init+0x5a>
10001d3a:	4a19      	ldr	r2, [pc, #100]	@ (10001da0 <pll_init+0x80>)
10001d3c:	4b19      	ldr	r3, [pc, #100]	@ (10001da4 <pll_init+0x84>)
10001d3e:	4290      	cmp	r0, r2
10001d40:	bf14      	ite	ne
10001d42:	f44f 4280 	movne.w	r2, #16384	@ 0x4000
10001d46:	f44f 4200 	moveq.w	r2, #32768	@ 0x8000
10001d4a:	4c17      	ldr	r4, [pc, #92]	@ (10001da8 <pll_init+0x88>)
10001d4c:	601a      	str	r2, [r3, #0]
10001d4e:	f503 5380 	add.w	r3, r3, #4096	@ 0x1000
10001d52:	601a      	str	r2, [r3, #0]
10001d54:	68a3      	ldr	r3, [r4, #8]
10001d56:	ea32 0303 	bics.w	r3, r2, r3
10001d5a:	d1fb      	bne.n	10001d54 <pll_init+0x34>
10001d5c:	2221      	movs	r2, #33	@ 0x21
10001d5e:	f500 5340 	add.w	r3, r0, #12288	@ 0x3000
10001d62:	3304      	adds	r3, #4
10001d64:	6001      	str	r1, [r0, #0]
10001d66:	6086      	str	r6, [r0, #8]
10001d68:	601a      	str	r2, [r3, #0]
10001d6a:	6802      	ldr	r2, [r0, #0]
10001d6c:	2a00      	cmp	r2, #0
10001d6e:	dafc      	bge.n	10001d6a <pll_init+0x4a>
10001d70:	2208      	movs	r2, #8
10001d72:	60c5      	str	r5, [r0, #12]
10001d74:	601a      	str	r2, [r3, #0]
10001d76:	bc70      	pop	{r4, r5, r6}
10001d78:	4770      	bx	lr
10001d7a:	6803      	ldr	r3, [r0, #0]
10001d7c:	f003 033f 	and.w	r3, r3, #63	@ 0x3f
10001d80:	428b      	cmp	r3, r1
10001d82:	d1da      	bne.n	10001d3a <pll_init+0x1a>
10001d84:	6883      	ldr	r3, [r0, #8]
10001d86:	f3c3 030b 	ubfx	r3, r3, #0, #12
10001d8a:	42b3      	cmp	r3, r6
10001d8c:	d1d5      	bne.n	10001d3a <pll_init+0x1a>
10001d8e:	68c3      	ldr	r3, [r0, #12]
10001d90:	f403 23ee 	and.w	r3, r3, #487424	@ 0x77000
10001d94:	42ab      	cmp	r3, r5
10001d96:	d1d0      	bne.n	10001d3a <pll_init+0x1a>
10001d98:	e7ed      	b.n	10001d76 <pll_init+0x56>
10001d9a:	bf00      	nop
10001d9c:	00b71b00 	.word	0x00b71b00
10001da0:	40058000 	.word	0x40058000
10001da4:	40022000 	.word	0x40022000
10001da8:	40020000 	.word	0x40020000

10001dac <watchdog_reboot>:
10001dac:	b430      	push	{r4, r5}
10001dae:	f04f 4480 	mov.w	r4, #1073741824	@ 0x40000000
10001db2:	4b1c      	ldr	r3, [pc, #112]	@ (10001e24 <watchdog_reboot+0x78>)
10001db4:	601c      	str	r4, [r3, #0]
10001db6:	b1e0      	cbz	r0, 10001df2 <watchdog_reboot+0x46>
10001db8:	4c1b      	ldr	r4, [pc, #108]	@ (10001e28 <watchdog_reboot+0x7c>)
10001dba:	f5a3 5340 	sub.w	r3, r3, #12288	@ 0x3000
10001dbe:	61dc      	str	r4, [r3, #28]
10001dc0:	4c1a      	ldr	r4, [pc, #104]	@ (10001e2c <watchdog_reboot+0x80>)
10001dc2:	f040 0001 	orr.w	r0, r0, #1
10001dc6:	4044      	eors	r4, r0
10001dc8:	621c      	str	r4, [r3, #32]
10001dca:	6259      	str	r1, [r3, #36]	@ 0x24
10001dcc:	6298      	str	r0, [r3, #40]	@ 0x28
10001dce:	f04f 4580 	mov.w	r5, #1073741824	@ 0x40000000
10001dd2:	f04f 61e0 	mov.w	r1, #117440512	@ 0x7000000
10001dd6:	4b13      	ldr	r3, [pc, #76]	@ (10001e24 <watchdog_reboot+0x78>)
10001dd8:	4815      	ldr	r0, [pc, #84]	@ (10001e30 <watchdog_reboot+0x84>)
10001dda:	4c16      	ldr	r4, [pc, #88]	@ (10001e34 <watchdog_reboot+0x88>)
10001ddc:	601d      	str	r5, [r3, #0]
10001dde:	6084      	str	r4, [r0, #8]
10001de0:	6019      	str	r1, [r3, #0]
10001de2:	b94a      	cbnz	r2, 10001df8 <watchdog_reboot+0x4c>
10001de4:	bc30      	pop	{r4, r5}
10001de6:	f04f 4200 	mov.w	r2, #2147483648	@ 0x80000000
10001dea:	f5a3 5380 	sub.w	r3, r3, #4096	@ 0x1000
10001dee:	601a      	str	r2, [r3, #0]
10001df0:	4770      	bx	lr
10001df2:	4b11      	ldr	r3, [pc, #68]	@ (10001e38 <watchdog_reboot+0x8c>)
10001df4:	61d8      	str	r0, [r3, #28]
10001df6:	e7ea      	b.n	10001dce <watchdog_reboot+0x22>
10001df8:	f44f 737a 	mov.w	r3, #1000	@ 0x3e8
10001dfc:	fb03 f202 	mul.w	r2, r3, r2
10001e00:	f1b2 7f80 	cmp.w	r2, #16777216	@ 0x1000000
10001e04:	bf2a      	itet	cs
10001e06:	f06f 437f 	mvncs.w	r3, #4278190080	@ 0xff000000
10001e0a:	4613      	movcc	r3, r2
10001e0c:	461a      	movcs	r2, r3
10001e0e:	f04f 4180 	mov.w	r1, #1073741824	@ 0x40000000
10001e12:	4c0a      	ldr	r4, [pc, #40]	@ (10001e3c <watchdog_reboot+0x90>)
10001e14:	4808      	ldr	r0, [pc, #32]	@ (10001e38 <watchdog_reboot+0x8c>)
10001e16:	6023      	str	r3, [r4, #0]
10001e18:	4b09      	ldr	r3, [pc, #36]	@ (10001e40 <watchdog_reboot+0x94>)
10001e1a:	6042      	str	r2, [r0, #4]
10001e1c:	bc30      	pop	{r4, r5}
10001e1e:	6019      	str	r1, [r3, #0]
10001e20:	4770      	bx	lr
10001e22:	bf00      	nop
10001e24:	400db000 	.word	0x400db000
10001e28:	b007c0d3 	.word	0xb007c0d3
10001e2c:	4ff83f2d 	.word	0x4ff83f2d
10001e30:	4001a000 	.word	0x4001a000
10001e34:	01fffff3 	.word	0x01fffff3
10001e38:	400d8000 	.word	0x400d8000
10001e3c:	20001c7c 	.word	0x20001c7c
10001e40:	400da000 	.word	0x400da000

10001e44 <tick_start>:
10001e44:	2301      	movs	r3, #1
10001e46:	eb00 0040 	add.w	r0, r0, r0, lsl #1
10001e4a:	0080      	lsls	r0, r0, #2
10001e4c:	f100 4080 	add.w	r0, r0, #1073741824	@ 0x40000000
10001e50:	f500 1084 	add.w	r0, r0, #1081344	@ 0x108000
10001e54:	6041      	str	r1, [r0, #4]
10001e56:	6003      	str	r3, [r0, #0]
10001e58:	4770      	bx	lr
10001e5a:	bf00      	nop

10001e5c <rom_reboot.constprop.0.isra.0>:
10001e5c:	2300      	movs	r3, #0
10001e5e:	b570      	push	{r4, r5, r6, lr}
10001e60:	8adb      	ldrh	r3, [r3, #22]
10001e62:	4604      	mov	r4, r0
10001e64:	460d      	mov	r5, r1
10001e66:	4616      	mov	r6, r2
10001e68:	2200      	movs	r2, #0
10001e6a:	e842 f200 	tt	r2, r2
10001e6e:	0252      	lsls	r2, r2, #9
10001e70:	bf54      	ite	pl
10001e72:	2110      	movpl	r1, #16
10001e74:	2104      	movmi	r1, #4
10001e76:	f244 2052 	movw	r0, #16978	@ 0x4252
10001e7a:	4798      	blx	r3
10001e7c:	4686      	mov	lr, r0
10001e7e:	4633      	mov	r3, r6
10001e80:	462a      	mov	r2, r5
10001e82:	4620      	mov	r0, r4
10001e84:	46f4      	mov	ip, lr
10001e86:	e8bd 4070 	ldmia.w	sp!, {r4, r5, r6, lr}
10001e8a:	210a      	movs	r1, #10
10001e8c:	4760      	bx	ip
10001e8e:	bf00      	nop

10001e90 <rom_func_lookup>:
10001e90:	2300      	movs	r3, #0
10001e92:	8adb      	ldrh	r3, [r3, #22]
10001e94:	2200      	movs	r2, #0
10001e96:	e842 f200 	tt	r2, r2
10001e9a:	0252      	lsls	r2, r2, #9
10001e9c:	d401      	bmi.n	10001ea2 <rom_func_lookup+0x12>
10001e9e:	2110      	movs	r1, #16
10001ea0:	4718      	bx	r3
10001ea2:	2104      	movs	r1, #4
10001ea4:	4718      	bx	r3
10001ea6:	bf00      	nop

10001ea8 <rom_reset_usb_boot_extra>:
10001ea8:	b508      	push	{r3, lr}
10001eaa:	4613      	mov	r3, r2
10001eac:	1e02      	subs	r2, r0, #0
10001eae:	db02      	blt.n	10001eb6 <rom_reset_usb_boot_extra+0xe>
10001eb0:	b15b      	cbz	r3, 10001eca <rom_reset_usb_boot_extra+0x22>
10001eb2:	f041 0130 	orr.w	r1, r1, #48	@ 0x30
10001eb6:	068b      	lsls	r3, r1, #26
10001eb8:	d503      	bpl.n	10001ec2 <rom_reset_usb_boot_extra+0x1a>
10001eba:	2300      	movs	r3, #0
10001ebc:	7cdb      	ldrb	r3, [r3, #19]
10001ebe:	2b02      	cmp	r3, #2
10001ec0:	d006      	beq.n	10001ed0 <rom_reset_usb_boot_extra+0x28>
10001ec2:	f44f 7081 	mov.w	r0, #258	@ 0x102
10001ec6:	f7ff ffc9 	bl	10001e5c <rom_reboot.constprop.0.isra.0>
10001eca:	f041 0120 	orr.w	r1, r1, #32
10001ece:	e7f2      	b.n	10001eb6 <rom_reset_usb_boot_extra+0xe>
10001ed0:	f44f 7091 	mov.w	r0, #290	@ 0x122
10001ed4:	f7ff ffc2 	bl	10001e5c <rom_reboot.constprop.0.isra.0>

10001ed8 <runtime_init_bootrom_locking_enable>:
10001ed8:	4a03      	ldr	r2, [pc, #12]	@ (10001ee8 <runtime_init_bootrom_locking_enable+0x10>)
10001eda:	f8d2 3828 	ldr.w	r3, [r2, #2088]	@ 0x828
10001ede:	2b00      	cmp	r3, #0
10001ee0:	d0fb      	beq.n	10001eda <runtime_init_bootrom_locking_enable+0x2>
10001ee2:	f3bf 8f5f 	dmb	sy
10001ee6:	4770      	bx	lr
10001ee8:	400e0000 	.word	0x400e0000

10001eec <runtime_init_boot_locks_reset>:
10001eec:	2100      	movs	r1, #0
10001eee:	4b04      	ldr	r3, [pc, #16]	@ (10001f00 <runtime_init_boot_locks_reset+0x14>)
10001ef0:	4a04      	ldr	r2, [pc, #16]	@ (10001f04 <runtime_init_boot_locks_reset+0x18>)
10001ef2:	f3bf 8f5f 	dmb	sy
10001ef6:	f843 1b04 	str.w	r1, [r3], #4
10001efa:	4293      	cmp	r3, r2
10001efc:	d1f9      	bne.n	10001ef2 <runtime_init_boot_locks_reset+0x6>
10001efe:	4770      	bx	lr
10001f00:	400e080c 	.word	0x400e080c
10001f04:	400e082c 	.word	0x400e082c

10001f08 <xosc_init>:
10001f08:	b410      	push	{r4}
10001f0a:	f44f 708d 	mov.w	r0, #282	@ 0x11a
10001f0e:	f44f 642a 	mov.w	r4, #2720	@ 0xaa0
10001f12:	4a06      	ldr	r2, [pc, #24]	@ (10001f2c <xosc_init+0x24>)
10001f14:	4b06      	ldr	r3, [pc, #24]	@ (10001f30 <xosc_init+0x28>)
10001f16:	4907      	ldr	r1, [pc, #28]	@ (10001f34 <xosc_init+0x2c>)
10001f18:	6014      	str	r4, [r2, #0]
10001f1a:	60d0      	str	r0, [r2, #12]
10001f1c:	6019      	str	r1, [r3, #0]
10001f1e:	6853      	ldr	r3, [r2, #4]
10001f20:	2b00      	cmp	r3, #0
10001f22:	dafc      	bge.n	10001f1e <xosc_init+0x16>
10001f24:	f85d 4b04 	ldr.w	r4, [sp], #4
10001f28:	4770      	bx	lr
10001f2a:	bf00      	nop
10001f2c:	40048000 	.word	0x40048000
10001f30:	4004a000 	.word	0x4004a000
10001f34:	00fab000 	.word	0x00fab000

10001f38 <first_per_core_initializer>:
10001f38:	4770      	bx	lr
10001f3a:	bf00      	nop

10001f3c <hard_assertion_failure>:
10001f3c:	b508      	push	{r3, lr}
10001f3e:	4801      	ldr	r0, [pc, #4]	@ (10001f44 <hard_assertion_failure+0x8>)
10001f40:	f7fe ffc6 	bl	10000ed0 <panic>
10001f44:	1000611c 	.word	0x1000611c

10001f48 <runtime_run_initializers>:
10001f48:	b538      	push	{r3, r4, r5, lr}
10001f4a:	4c05      	ldr	r4, [pc, #20]	@ (10001f60 <runtime_run_initializers+0x18>)
10001f4c:	4d05      	ldr	r5, [pc, #20]	@ (10001f64 <runtime_run_initializers+0x1c>)
10001f4e:	42ac      	cmp	r4, r5
10001f50:	d204      	bcs.n	10001f5c <runtime_run_initializers+0x14>
10001f52:	f854 3b04 	ldr.w	r3, [r4], #4
10001f56:	4798      	blx	r3
10001f58:	42ac      	cmp	r4, r5
10001f5a:	d3fa      	bcc.n	10001f52 <runtime_run_initializers+0xa>
10001f5c:	bd38      	pop	{r3, r4, r5, pc}
10001f5e:	bf00      	nop
10001f60:	10005f48 	.word	0x10005f48
10001f64:	10005f88 	.word	0x10005f88

10001f68 <runtime_init_early_resets>:
10001f68:	b410      	push	{r4}
10001f6a:	4807      	ldr	r0, [pc, #28]	@ (10001f88 <runtime_init_early_resets+0x20>)
10001f6c:	4c07      	ldr	r4, [pc, #28]	@ (10001f8c <runtime_init_early_resets+0x24>)
10001f6e:	4b08      	ldr	r3, [pc, #32]	@ (10001f90 <runtime_init_early_resets+0x28>)
10001f70:	4a08      	ldr	r2, [pc, #32]	@ (10001f94 <runtime_init_early_resets+0x2c>)
10001f72:	4909      	ldr	r1, [pc, #36]	@ (10001f98 <runtime_init_early_resets+0x30>)
10001f74:	6004      	str	r4, [r0, #0]
10001f76:	601a      	str	r2, [r3, #0]
10001f78:	688b      	ldr	r3, [r1, #8]
10001f7a:	ea32 0303 	bics.w	r3, r2, r3
10001f7e:	d1fb      	bne.n	10001f78 <runtime_init_early_resets+0x10>
10001f80:	f85d 4b04 	ldr.w	r4, [sp], #4
10001f84:	4770      	bx	lr
10001f86:	bf00      	nop
10001f88:	40022000 	.word	0x40022000
10001f8c:	efef3b7f 	.word	0xefef3b7f
10001f90:	40023000 	.word	0x40023000
10001f94:	03f3fff6 	.word	0x03f3fff6
10001f98:	40020000 	.word	0x40020000

10001f9c <runtime_init_usb_power_down>:
10001f9c:	4b04      	ldr	r3, [pc, #16]	@ (10001fb0 <runtime_init_usb_power_down+0x14>)
10001f9e:	6cdb      	ldr	r3, [r3, #76]	@ 0x4c
10001fa0:	f5b3 4f00 	cmp.w	r3, #32768	@ 0x8000
10001fa4:	d103      	bne.n	10001fae <runtime_init_usb_power_down+0x12>
10001fa6:	f44f 2280 	mov.w	r2, #262144	@ 0x40000
10001faa:	4b02      	ldr	r3, [pc, #8]	@ (10001fb4 <runtime_init_usb_power_down+0x18>)
10001fac:	64da      	str	r2, [r3, #76]	@ 0x4c
10001fae:	4770      	bx	lr
10001fb0:	50110000 	.word	0x50110000
10001fb4:	50112000 	.word	0x50112000

10001fb8 <runtime_init_per_core_enable_coprocessors>:
10001fb8:	f04f 22e0 	mov.w	r2, #3758153728	@ 0xe000e000
10001fbc:	4b04      	ldr	r3, [pc, #16]	@ (10001fd0 <runtime_init_per_core_enable_coprocessors+0x18>)
10001fbe:	f8d2 1d88 	ldr.w	r1, [r2, #3464]	@ 0xd88
10001fc2:	430b      	orrs	r3, r1
10001fc4:	f8c2 3d88 	str.w	r3, [r2, #3464]	@ 0xd88
10001fc8:	ee10 0430 	dcp_rcmp r0
10001fcc:	4770      	bx	lr
10001fce:	bf00      	nop
10001fd0:	00300303 	.word	0x00300303

10001fd4 <runtime_init_post_clock_resets>:
10001fd4:	f06f 4160 	mvn.w	r1, #3758096384	@ 0xe0000000
10001fd8:	4b04      	ldr	r3, [pc, #16]	@ (10001fec <runtime_init_post_clock_resets+0x18>)
10001fda:	4a05      	ldr	r2, [pc, #20]	@ (10001ff0 <runtime_init_post_clock_resets+0x1c>)
10001fdc:	6019      	str	r1, [r3, #0]
10001fde:	6893      	ldr	r3, [r2, #8]
10001fe0:	43db      	mvns	r3, r3
10001fe2:	f033 4360 	bics.w	r3, r3, #3758096384	@ 0xe0000000
10001fe6:	d1fa      	bne.n	10001fde <runtime_init_post_clock_resets+0xa>
10001fe8:	4770      	bx	lr
10001fea:	bf00      	nop
10001fec:	40023000 	.word	0x40023000
10001ff0:	40020000 	.word	0x40020000

10001ff4 <runtime_init_bootrom_reset>:
10001ff4:	b510      	push	{r4, lr}
10001ff6:	f245 2053 	movw	r0, #21075	@ 0x5253
10001ffa:	f7ff ff49 	bl	10001e90 <rom_func_lookup>
10001ffe:	e8bd 4010 	ldmia.w	sp!, {r4, lr}
10002002:	4603      	mov	r3, r0
10002004:	2004      	movs	r0, #4
10002006:	4718      	bx	r3

10002008 <runtime_init_per_core_bootrom_reset>:
10002008:	b510      	push	{r4, lr}
1000200a:	f245 2053 	movw	r0, #21075	@ 0x5253
1000200e:	f7ff ff3f 	bl	10001e90 <rom_func_lookup>
10002012:	e8bd 4010 	ldmia.w	sp!, {r4, lr}
10002016:	4603      	mov	r3, r0
10002018:	2001      	movs	r0, #1
1000201a:	4718      	bx	r3

1000201c <runtime_init_spin_locks_reset>:
1000201c:	f7ff b80e 	b.w	1000103c <spin_locks_reset>

10002020 <runtime_init_install_ram_vector_table>:
10002020:	b538      	push	{r3, r4, r5, lr}
10002022:	4913      	ldr	r1, [pc, #76]	@ (10002070 <runtime_init_install_ram_vector_table+0x50>)
10002024:	4c13      	ldr	r4, [pc, #76]	@ (10002074 <runtime_init_install_ram_vector_table+0x54>)
10002026:	4d14      	ldr	r5, [pc, #80]	@ (10002078 <runtime_init_install_ram_vector_table+0x58>)
10002028:	1a64      	subs	r4, r4, r1
1000202a:	08a4      	lsrs	r4, r4, #2
1000202c:	2c44      	cmp	r4, #68	@ 0x44
1000202e:	4622      	mov	r2, r4
10002030:	bf28      	it	cs
10002032:	2244      	movcs	r2, #68	@ 0x44
10002034:	4628      	mov	r0, r5
10002036:	0092      	lsls	r2, r2, #2
10002038:	f003 ff76 	bl	10005f28 <__memcpy_veneer>
1000203c:	2c43      	cmp	r4, #67	@ 0x43
1000203e:	d814      	bhi.n	1000206a <runtime_init_install_ram_vector_table+0x4a>
10002040:	4a0e      	ldr	r2, [pc, #56]	@ (1000207c <runtime_init_install_ram_vector_table+0x5c>)
10002042:	f1c4 0044 	rsb	r0, r4, #68	@ 0x44
10002046:	d00e      	beq.n	10002066 <runtime_init_install_ram_vector_table+0x46>
10002048:	eb05 0384 	add.w	r3, r5, r4, lsl #2
1000204c:	0841      	lsrs	r1, r0, #1
1000204e:	eb03 01c1 	add.w	r1, r3, r1, lsl #3
10002052:	e9c3 2200 	strd	r2, r2, [r3]
10002056:	3308      	adds	r3, #8
10002058:	4299      	cmp	r1, r3
1000205a:	d1fa      	bne.n	10002052 <runtime_init_install_ram_vector_table+0x32>
1000205c:	07c3      	lsls	r3, r0, #31
1000205e:	d504      	bpl.n	1000206a <runtime_init_install_ram_vector_table+0x4a>
10002060:	f020 0001 	bic.w	r0, r0, #1
10002064:	4404      	add	r4, r0
10002066:	f845 2024 	str.w	r2, [r5, r4, lsl #2]
1000206a:	4b05      	ldr	r3, [pc, #20]	@ (10002080 <runtime_init_install_ram_vector_table+0x60>)
1000206c:	609d      	str	r5, [r3, #8]
1000206e:	bd38      	pop	{r3, r4, r5, pc}
10002070:	10000000 	.word	0x10000000
10002074:	10000110 	.word	0x10000110
10002078:	20000000 	.word	0x20000000
1000207c:	10000111 	.word	0x10000111
10002080:	e000ed00 	.word	0xe000ed00

10002084 <runtime_init_clocks>:
10002084:	2300      	movs	r3, #0
10002086:	b570      	push	{r4, r5, r6, lr}
10002088:	4c2b      	ldr	r4, [pc, #172]	@ (10002138 <runtime_init_clocks+0xb4>)
1000208a:	b082      	sub	sp, #8
1000208c:	f8c4 3084 	str.w	r3, [r4, #132]	@ 0x84
10002090:	f7ff ff3a 	bl	10001f08 <xosc_init>
10002094:	2201      	movs	r2, #1
10002096:	4b29      	ldr	r3, [pc, #164]	@ (1000213c <runtime_init_clocks+0xb8>)
10002098:	63da      	str	r2, [r3, #60]	@ 0x3c
1000209a:	6c63      	ldr	r3, [r4, #68]	@ 0x44
1000209c:	2b01      	cmp	r3, #1
1000209e:	d1fc      	bne.n	1000209a <runtime_init_clocks+0x16>
100020a0:	2103      	movs	r1, #3
100020a2:	4a26      	ldr	r2, [pc, #152]	@ (1000213c <runtime_init_clocks+0xb8>)
100020a4:	4b24      	ldr	r3, [pc, #144]	@ (10002138 <runtime_init_clocks+0xb4>)
100020a6:	6311      	str	r1, [r2, #48]	@ 0x30
100020a8:	6b9c      	ldr	r4, [r3, #56]	@ 0x38
100020aa:	2c01      	cmp	r4, #1
100020ac:	d1fc      	bne.n	100020a8 <runtime_init_clocks+0x24>
100020ae:	2602      	movs	r6, #2
100020b0:	2505      	movs	r5, #5
100020b2:	4621      	mov	r1, r4
100020b4:	2305      	movs	r3, #5
100020b6:	4a22      	ldr	r2, [pc, #136]	@ (10002140 <runtime_init_clocks+0xbc>)
100020b8:	4822      	ldr	r0, [pc, #136]	@ (10002144 <runtime_init_clocks+0xc0>)
100020ba:	9600      	str	r6, [sp, #0]
100020bc:	f7ff fe30 	bl	10001d20 <pll_init>
100020c0:	4621      	mov	r1, r4
100020c2:	462b      	mov	r3, r5
100020c4:	4a20      	ldr	r2, [pc, #128]	@ (10002148 <runtime_init_clocks+0xc4>)
100020c6:	4821      	ldr	r0, [pc, #132]	@ (1000214c <runtime_init_clocks+0xc8>)
100020c8:	9500      	str	r5, [sp, #0]
100020ca:	f7ff fe29 	bl	10001d20 <pll_init>
100020ce:	2200      	movs	r2, #0
100020d0:	2004      	movs	r0, #4
100020d2:	4631      	mov	r1, r6
100020d4:	4b1e      	ldr	r3, [pc, #120]	@ (10002150 <runtime_init_clocks+0xcc>)
100020d6:	f7ff fdb5 	bl	10001c44 <clock_configure_undivided>
100020da:	4621      	mov	r1, r4
100020dc:	4628      	mov	r0, r5
100020de:	2200      	movs	r2, #0
100020e0:	4b1c      	ldr	r3, [pc, #112]	@ (10002154 <runtime_init_clocks+0xd0>)
100020e2:	f7ff fdaf 	bl	10001c44 <clock_configure_undivided>
100020e6:	2200      	movs	r2, #0
100020e8:	2008      	movs	r0, #8
100020ea:	4611      	mov	r1, r2
100020ec:	4b1a      	ldr	r3, [pc, #104]	@ (10002158 <runtime_init_clocks+0xd4>)
100020ee:	f7ff fda9 	bl	10001c44 <clock_configure_undivided>
100020f2:	2200      	movs	r2, #0
100020f4:	2009      	movs	r0, #9
100020f6:	4611      	mov	r1, r2
100020f8:	4b17      	ldr	r3, [pc, #92]	@ (10002158 <runtime_init_clocks+0xd4>)
100020fa:	f7ff fda3 	bl	10001c44 <clock_configure_undivided>
100020fe:	2200      	movs	r2, #0
10002100:	2006      	movs	r0, #6
10002102:	4611      	mov	r1, r2
10002104:	4b13      	ldr	r3, [pc, #76]	@ (10002154 <runtime_init_clocks+0xd0>)
10002106:	f7ff fd9d 	bl	10001c44 <clock_configure_undivided>
1000210a:	2200      	movs	r2, #0
1000210c:	4b11      	ldr	r3, [pc, #68]	@ (10002154 <runtime_init_clocks+0xd0>)
1000210e:	2007      	movs	r0, #7
10002110:	4611      	mov	r1, r2
10002112:	f7ff fd97 	bl	10001c44 <clock_configure_undivided>
10002116:	2004      	movs	r0, #4
10002118:	f7ff fdfc 	bl	10001d14 <clock_get_hz>
1000211c:	2400      	movs	r4, #0
1000211e:	4b0f      	ldr	r3, [pc, #60]	@ (1000215c <runtime_init_clocks+0xd8>)
10002120:	fba3 3500 	umull	r3, r5, r3, r0
10002124:	0cad      	lsrs	r5, r5, #18
10002126:	b2e0      	uxtb	r0, r4
10002128:	4629      	mov	r1, r5
1000212a:	3401      	adds	r4, #1
1000212c:	f7ff fe8a 	bl	10001e44 <tick_start>
10002130:	2c06      	cmp	r4, #6
10002132:	d1f8      	bne.n	10002126 <runtime_init_clocks+0xa2>
10002134:	b002      	add	sp, #8
10002136:	bd70      	pop	{r4, r5, r6, pc}
10002138:	40010000 	.word	0x40010000
1000213c:	40013000 	.word	0x40013000
10002140:	59682f00 	.word	0x59682f00
10002144:	40050000 	.word	0x40050000
10002148:	47868c00 	.word	0x47868c00
1000214c:	40058000 	.word	0x40058000
10002150:	00b71b00 	.word	0x00b71b00
10002154:	08f0d180 	.word	0x08f0d180
10002158:	02dc6c00 	.word	0x02dc6c00
1000215c:	431bde83 	.word	0x431bde83

10002160 <generic_save_state>:
10002160:	b086      	sub	sp, #24
10002162:	b403      	push	{r0, r1}
10002164:	fc51 0408 	dcp_pxmd r0, r1
10002168:	e9cd 0102 	strd	r0, r1, [sp, #8]
1000216c:	fc51 0409 	dcp_pymd r0, r1
10002170:	e9cd 0104 	strd	r0, r1, [sp, #16]
10002174:	ec51 040a 	dcp_refd r0, r1
10002178:	e9cd 0106 	strd	r0, r1, [sp, #24]
1000217c:	bc03      	pop	{r0, r1}
1000217e:	47f0      	blx	lr

10002180 <generic_restore_state>:
10002180:	e8bd 5000 	ldmia.w	sp!, {ip, lr}
10002184:	ec4e c400 	dcp_wxmd ip, lr
10002188:	e8bd 5000 	ldmia.w	sp!, {ip, lr}
1000218c:	ec4e c401 	dcp_wymd ip, lr
10002190:	e8bd 5000 	ldmia.w	sp!, {ip, lr}
10002194:	ec4e c402 	dcp_wefd ip, lr
10002198:	bd00      	pop	{pc}
1000219a:	0000      	movs	r0, r0
1000219c:	b500      	push	{lr}
1000219e:	f7ff ffdf 	bl	10002160 <generic_save_state>
100021a2:	e002      	b.n	100021aa <__wrap___aeabi_dadd+0x6>

100021a4 <__wrap___aeabi_dadd>:
100021a4:	fe10 f430 	dcp_pcmp APSR_nzcv
100021a8:	d4f8      	bmi.n	1000219c <generic_restore_state+0x1c>
100021aa:	ec41 0410 	dcp_wxup r0, r1
100021ae:	ec43 2411 	dcp_wyup r2, r3
100021b2:	ee00 0401 	dcp_add0
100021b6:	ee10 0401 	dcp_add1
100021ba:	ee80 0420 	dcp_nrdd
100021be:	ec51 0410 	dcp_rdda r0, r1
100021c2:	4770      	bx	lr
100021c4:	b500      	push	{lr}
100021c6:	f7ff ffcb 	bl	10002160 <generic_save_state>
100021ca:	e002      	b.n	100021d2 <__wrap___aeabi_dsub+0x6>

100021cc <__wrap___aeabi_dsub>:
100021cc:	fe10 f430 	dcp_pcmp APSR_nzcv
100021d0:	d4f8      	bmi.n	100021c4 <__wrap___aeabi_dadd+0x20>
100021d2:	ec41 0410 	dcp_wxup r0, r1
100021d6:	ec43 2411 	dcp_wyup r2, r3
100021da:	ee00 0401 	dcp_add0
100021de:	ee10 0421 	dcp_sub1
100021e2:	ee80 0420 	dcp_nrdd
100021e6:	ec51 0430 	dcp_rdds r0, r1
100021ea:	4770      	bx	lr
100021ec:	b500      	push	{lr}
100021ee:	f7ff ffb7 	bl	10002160 <generic_save_state>
100021f2:	e002      	b.n	100021fa <__wrap___aeabi_dmul+0x6>

100021f4 <__wrap___aeabi_dmul>:
100021f4:	fe10 f430 	dcp_pcmp APSR_nzcv
100021f8:	d4f8      	bmi.n	100021ec <__wrap___aeabi_dsub+0x20>
100021fa:	b510      	push	{r4, lr}
100021fc:	ec41 0410 	dcp_wxup r0, r1
10002200:	ec43 2411 	dcp_wyup r2, r3
10002204:	ec51 0404 	dcp_rxms r0, r1, #0x0
10002208:	ec53 2405 	dcp_ryms r2, r3, #0x0
1000220c:	fba0 4c02 	umull	r4, ip, r0, r2
10002210:	f05f 0e00 	movs.w	lr, #0
10002214:	fbe0 ce03 	umlal	ip, lr, r0, r3
10002218:	fbe1 ce02 	umlal	ip, lr, r1, r2
1000221c:	ec4c 4420 	dcp_wxms r4, ip
10002220:	2400      	movs	r4, #0
10002222:	fbe1 e403 	umlal	lr, r4, r1, r3
10002226:	ec44 e430 	dcp_wxmo lr, r4
1000222a:	ee80 0420 	dcp_nrdd
1000222e:	ec51 0450 	dcp_rddm r0, r1
10002232:	bd10      	pop	{r4, pc}
10002234:	b500      	push	{lr}
10002236:	f7ff ff93 	bl	10002160 <generic_save_state>
1000223a:	e002      	b.n	10002242 <__wrap___aeabi_ddiv+0x6>

1000223c <__wrap___aeabi_ddiv>:
1000223c:	fe10 f430 	dcp_pcmp APSR_nzcv
10002240:	d4f8      	bmi.n	10002234 <__wrap___aeabi_dmul+0x40>
10002242:	ec41 0410 	dcp_wxup r0, r1
10002246:	ec43 2411 	dcp_wyup r2, r3
1000224a:	ec51 0421 	dcp_rymr r0, r1
1000224e:	fba0 1201 	umull	r1, r2, r0, r1
10002252:	ea6f 0282 	mvn.w	r2, r2, lsl #2
10002256:	fb52 0010 	smmlar	r0, r2, r0, r0
1000225a:	fb52 f212 	smmulr	r2, r2, r2
1000225e:	fb52 0010 	smmlar	r0, r2, r0, r0
10002262:	eba0 7cd0 	sub.w	ip, r0, r0, lsr #31
10002266:	ec53 2404 	dcp_rxms r2, r3, #0x0
1000226a:	fb5c f113 	smmulr	r1, ip, r3
1000226e:	ec53 2415 	dcp_ryms r2, r3, #0x1
10002272:	fba1 2002 	umull	r2, r0, r1, r2
10002276:	fb01 0003 	mla	r0, r1, r3, r0
1000227a:	ec53 2444 	dcp_rxms r2, r3, #0x4
1000227e:	eba2 0000 	sub.w	r0, r2, r0
10002282:	fb50 f21c 	smmulr	r2, r0, ip
10002286:	ea4f 1311 	mov.w	r3, r1, lsr #4
1000228a:	eb12 7001 	adds.w	r0, r2, r1, lsl #28
1000228e:	eb43 71e2 	adc.w	r1, r3, r2, asr #31
10002292:	ea40 5051 	orr.w	r0, r0, r1, lsr #21
10002296:	ea20 5091 	bic.w	r0, r0, r1, lsr #22
1000229a:	f020 0007 	bic.w	r0, r0, #7
1000229e:	ec53 2475 	dcp_ryms r2, r3, #0x7
100022a2:	fba0 3c02 	umull	r3, ip, r0, r2
100022a6:	ec53 2475 	dcp_ryms r2, r3, #0x7
100022aa:	fb00 cc03 	mla	ip, r0, r3, ip
100022ae:	fb01 cc02 	mla	ip, r1, r2, ip
100022b2:	ec53 2404 	dcp_rxms r2, r3, #0x0
100022b6:	ebac 4c82 	sub.w	ip, ip, r2, lsl #18
100022ba:	ea40 705c 	orr.w	r0, r0, ip, lsr #29
100022be:	f1a0 0001 	sub.w	r0, r0, #1
100022c2:	ec41 0440 	dcp_wxdd r0, r1
100022c6:	ee80 0420 	dcp_nrdd
100022ca:	ec51 0470 	dcp_rddd r0, r1
100022ce:	4770      	bx	lr
100022d0:	b500      	push	{lr}
100022d2:	f7ff ff45 	bl	10002160 <generic_save_state>
100022d6:	e002      	b.n	100022de <__wrap___aeabi_i2d+0x6>

100022d8 <__wrap___aeabi_i2d>:
100022d8:	fe10 f430 	dcp_pcmp APSR_nzcv
100022dc:	d4f8      	bmi.n	100022d0 <__wrap___aeabi_ddiv+0x94>
100022de:	ec40 0470 	dcp_wxic r0, r0
100022e2:	ee00 0401 	dcp_add0
100022e6:	ee10 0421 	dcp_sub1
100022ea:	ee80 0420 	dcp_nrdd
100022ee:	ec51 0430 	dcp_rdds r0, r1
100022f2:	4770      	bx	lr
100022f4:	b500      	push	{lr}
100022f6:	f7ff ff33 	bl	10002160 <generic_save_state>
100022fa:	e002      	b.n	10002302 <__wrap___aeabi_ui2d+0x6>

100022fc <__wrap___aeabi_ui2d>:
100022fc:	fe10 f430 	dcp_pcmp APSR_nzcv
10002300:	d4f8      	bmi.n	100022f4 <__wrap___aeabi_i2d+0x1c>
10002302:	ec40 0460 	dcp_wxuc r0, r0
10002306:	ee00 0401 	dcp_add0
1000230a:	ee10 0421 	dcp_sub1
1000230e:	ee80 0420 	dcp_nrdd
10002312:	ec51 0430 	dcp_rdds r0, r1
10002316:	4770      	bx	lr
10002318:	b500      	push	{lr}
1000231a:	f7ff ff21 	bl	10002160 <generic_save_state>
1000231e:	e002      	b.n	10002326 <double2int_z_entry>

10002320 <__wrap___aeabi_d2iz>:
10002320:	fe10 f430 	dcp_pcmp APSR_nzcv
10002324:	d4f8      	bmi.n	10002318 <__wrap___aeabi_ui2d+0x1c>

10002326 <double2int_z_entry>:
10002326:	ec41 0480 	dcp_wxdc r0, r1
1000232a:	ee00 0401 	dcp_add0
1000232e:	ee10 0401 	dcp_add1
10002332:	ee80 0440 	dcp_ntdc
10002336:	ee10 0413 	dcp_rdic r0
1000233a:	4770      	bx	lr
1000233c:	b500      	push	{lr}
1000233e:	f7ff ff0f 	bl	10002160 <generic_save_state>
10002342:	e002      	b.n	1000234a <double2uint_z_entry>

10002344 <__wrap___aeabi_d2uiz>:
10002344:	fe10 f430 	dcp_pcmp APSR_nzcv
10002348:	d4f8      	bmi.n	1000233c <double2int_z_entry+0x16>

1000234a <double2uint_z_entry>:
1000234a:	ec41 0480 	dcp_wxdc r0, r1
1000234e:	ee00 0401 	dcp_add0
10002352:	ee10 0401 	dcp_add1
10002356:	ee80 0440 	dcp_ntdc
1000235a:	ee10 0433 	dcp_rduc r0
1000235e:	4770      	bx	lr
10002360:	b500      	push	{lr}
10002362:	f7ff fefd 	bl	10002160 <generic_save_state>
10002366:	e002      	b.n	1000236e <__wrap___aeabi_dcmpun+0x6>

10002368 <__wrap___aeabi_dcmpun>:
10002368:	fe10 f430 	dcp_pcmp APSR_nzcv
1000236c:	d4f8      	bmi.n	10002360 <double2uint_z_entry+0x16>
1000236e:	ec41 0410 	dcp_wxup r0, r1
10002372:	ec43 2411 	dcp_wyup r2, r3
10002376:	ee00 0401 	dcp_add0
1000237a:	ee10 0430 	dcp_rcmp r0
1000237e:	f3c0 7000 	ubfx	r0, r0, #28, #1
10002382:	4770      	bx	lr
10002384:	b500      	push	{lr}
10002386:	f7ff feeb 	bl	10002160 <generic_save_state>
1000238a:	e002      	b.n	10002392 <__wrap___aeabi_dcmplt+0x6>

1000238c <__wrap___aeabi_dcmplt>:
1000238c:	fe10 f430 	dcp_pcmp APSR_nzcv
10002390:	d4f8      	bmi.n	10002384 <__wrap___aeabi_dcmpun+0x1c>
10002392:	ec43 2410 	dcp_wxup r2, r3
10002396:	ec41 0411 	dcp_wyup r0, r1
1000239a:	ee00 0401 	dcp_add0
1000239e:	ee10 f430 	dcp_rcmp APSR_nzcv
100023a2:	bf8c      	ite	hi
100023a4:	2001      	movhi	r0, #1
100023a6:	2000      	movls	r0, #0
100023a8:	4770      	bx	lr
100023aa:	bf00      	nop
100023ac:	b500      	push	{lr}
100023ae:	f7ff fed7 	bl	10002160 <generic_save_state>
100023b2:	e002      	b.n	100023ba <__wrap___aeabi_dcmpge+0x6>

100023b4 <__wrap___aeabi_dcmpge>:
100023b4:	fe10 f430 	dcp_pcmp APSR_nzcv
100023b8:	d4f8      	bmi.n	100023ac <__wrap___aeabi_dcmplt+0x20>
100023ba:	ec41 0410 	dcp_wxup r0, r1
100023be:	ec43 2411 	dcp_wyup r2, r3
100023c2:	ee00 0401 	dcp_add0
100023c6:	ee10 f430 	dcp_rcmp APSR_nzcv
100023ca:	bf2c      	ite	cs
100023cc:	2001      	movcs	r0, #1
100023ce:	2000      	movcc	r0, #0
100023d0:	4770      	bx	lr
100023d2:	bf00      	nop
100023d4:	b500      	push	{lr}
100023d6:	f7ff fec3 	bl	10002160 <generic_save_state>
100023da:	e002      	b.n	100023e2 <__wrap___aeabi_dcmpgt+0x6>

100023dc <__wrap___aeabi_dcmpgt>:
100023dc:	fe10 f430 	dcp_pcmp APSR_nzcv
100023e0:	d4f8      	bmi.n	100023d4 <__wrap___aeabi_dcmpge+0x20>
100023e2:	ec41 0410 	dcp_wxup r0, r1
100023e6:	ec43 2411 	dcp_wyup r2, r3
100023ea:	ee00 0401 	dcp_add0
100023ee:	ee10 f430 	dcp_rcmp APSR_nzcv
100023f2:	bf8c      	ite	hi
100023f4:	2001      	movhi	r0, #1
100023f6:	2000      	movls	r0, #0
100023f8:	4770      	bx	lr
100023fa:	bf00      	nop

100023fc <_out_buffer>:
100023fc:	429a      	cmp	r2, r3
100023fe:	bf38      	it	cc
10002400:	5488      	strbcc	r0, [r1, r2]
10002402:	4770      	bx	lr

10002404 <_out_null>:
10002404:	4770      	bx	lr
10002406:	bf00      	nop

10002408 <_out_rev>:
10002408:	e92d 4ff0 	stmdb	sp!, {r4, r5, r6, r7, r8, r9, sl, fp, lr}
1000240c:	b083      	sub	sp, #12
1000240e:	4699      	mov	r9, r3
10002410:	e9dd ab0d 	ldrd	sl, fp, [sp, #52]	@ 0x34
10002414:	9b0f      	ldr	r3, [sp, #60]	@ 0x3c
10002416:	4688      	mov	r8, r1
10002418:	4611      	mov	r1, r2
1000241a:	079a      	lsls	r2, r3, #30
1000241c:	4607      	mov	r7, r0
1000241e:	d116      	bne.n	1000244e <_out_rev+0x46>
10002420:	45da      	cmp	sl, fp
10002422:	d23a      	bcs.n	1000249a <_out_rev+0x92>
10002424:	460c      	mov	r4, r1
10002426:	460d      	mov	r5, r1
10002428:	ebab 060a 	sub.w	r6, fp, sl
1000242c:	440e      	add	r6, r1
1000242e:	4622      	mov	r2, r4
10002430:	464b      	mov	r3, r9
10002432:	4641      	mov	r1, r8
10002434:	2020      	movs	r0, #32
10002436:	3401      	adds	r4, #1
10002438:	47b8      	blx	r7
1000243a:	42b4      	cmp	r4, r6
1000243c:	d1f7      	bne.n	1000242e <_out_rev+0x26>
1000243e:	4629      	mov	r1, r5
10002440:	f1ba 0f00 	cmp.w	sl, #0
10002444:	d108      	bne.n	10002458 <_out_rev+0x50>
10002446:	4620      	mov	r0, r4
10002448:	b003      	add	sp, #12
1000244a:	e8bd 8ff0 	ldmia.w	sp!, {r4, r5, r6, r7, r8, r9, sl, fp, pc}
1000244e:	460c      	mov	r4, r1
10002450:	f1ba 0f00 	cmp.w	sl, #0
10002454:	d010      	beq.n	10002478 <_out_rev+0x70>
10002456:	460e      	mov	r6, r1
10002458:	4655      	mov	r5, sl
1000245a:	9b0c      	ldr	r3, [sp, #48]	@ 0x30
1000245c:	442e      	add	r6, r5
1000245e:	449a      	add	sl, r3
10002460:	9101      	str	r1, [sp, #4]
10002462:	1b72      	subs	r2, r6, r5
10002464:	464b      	mov	r3, r9
10002466:	3d01      	subs	r5, #1
10002468:	4641      	mov	r1, r8
1000246a:	f81a 0d01 	ldrb.w	r0, [sl, #-1]!
1000246e:	4634      	mov	r4, r6
10002470:	47b8      	blx	r7
10002472:	2d00      	cmp	r5, #0
10002474:	d1f5      	bne.n	10002462 <_out_rev+0x5a>
10002476:	9901      	ldr	r1, [sp, #4]
10002478:	9b0f      	ldr	r3, [sp, #60]	@ 0x3c
1000247a:	079b      	lsls	r3, r3, #30
1000247c:	d5e3      	bpl.n	10002446 <_out_rev+0x3e>
1000247e:	1a65      	subs	r5, r4, r1
10002480:	45ab      	cmp	fp, r5
10002482:	d9e0      	bls.n	10002446 <_out_rev+0x3e>
10002484:	4622      	mov	r2, r4
10002486:	464b      	mov	r3, r9
10002488:	4641      	mov	r1, r8
1000248a:	2020      	movs	r0, #32
1000248c:	3501      	adds	r5, #1
1000248e:	47b8      	blx	r7
10002490:	455d      	cmp	r5, fp
10002492:	f104 0401 	add.w	r4, r4, #1
10002496:	d3f5      	bcc.n	10002484 <_out_rev+0x7c>
10002498:	e7d5      	b.n	10002446 <_out_rev+0x3e>
1000249a:	f1ba 0f00 	cmp.w	sl, #0
1000249e:	d1da      	bne.n	10002456 <_out_rev+0x4e>
100024a0:	460c      	mov	r4, r1
100024a2:	e7d0      	b.n	10002446 <_out_rev+0x3e>

100024a4 <_ntoa_format>:
100024a4:	e92d 4ff0 	stmdb	sp!, {r4, r5, r6, r7, r8, r9, sl, fp, lr}
100024a8:	9f0f      	ldr	r7, [sp, #60]	@ 0x3c
100024aa:	f8dd e024 	ldr.w	lr, [sp, #36]	@ 0x24
100024ae:	f017 0f02 	tst.w	r7, #2
100024b2:	9c0a      	ldr	r4, [sp, #40]	@ 0x28
100024b4:	f89d 902c 	ldrb.w	r9, [sp, #44]	@ 0x2c
100024b8:	9d0e      	ldr	r5, [sp, #56]	@ 0x38
100024ba:	e9dd 860c 	ldrd	r8, r6, [sp, #48]	@ 0x30
100024be:	d129      	bne.n	10002514 <_ntoa_format+0x70>
100024c0:	2d00      	cmp	r5, #0
100024c2:	d16f      	bne.n	100025a4 <_ntoa_format+0x100>
100024c4:	42b4      	cmp	r4, r6
100024c6:	d225      	bcs.n	10002514 <_ntoa_format+0x70>
100024c8:	2c20      	cmp	r4, #32
100024ca:	f007 0b01 	and.w	fp, r7, #1
100024ce:	f000 8112 	beq.w	100026f6 <_ntoa_format+0x252>
100024d2:	f104 3cff 	add.w	ip, r4, #4294967295
100024d6:	f04f 0a30 	mov.w	sl, #48	@ 0x30
100024da:	44f4      	add	ip, lr
100024dc:	e001      	b.n	100024e2 <_ntoa_format+0x3e>
100024de:	2c20      	cmp	r4, #32
100024e0:	d07a      	beq.n	100025d8 <_ntoa_format+0x134>
100024e2:	3401      	adds	r4, #1
100024e4:	42a6      	cmp	r6, r4
100024e6:	f80c af01 	strb.w	sl, [ip, #1]!
100024ea:	d8f8      	bhi.n	100024de <_ntoa_format+0x3a>
100024ec:	f1bb 0f00 	cmp.w	fp, #0
100024f0:	d010      	beq.n	10002514 <_ntoa_format+0x70>
100024f2:	42ac      	cmp	r4, r5
100024f4:	d20e      	bcs.n	10002514 <_ntoa_format+0x70>
100024f6:	2c20      	cmp	r4, #32
100024f8:	d074      	beq.n	100025e4 <_ntoa_format+0x140>
100024fa:	f104 3cff 	add.w	ip, r4, #4294967295
100024fe:	f04f 0a30 	mov.w	sl, #48	@ 0x30
10002502:	44f4      	add	ip, lr
10002504:	e001      	b.n	1000250a <_ntoa_format+0x66>
10002506:	2c20      	cmp	r4, #32
10002508:	d029      	beq.n	1000255e <_ntoa_format+0xba>
1000250a:	3401      	adds	r4, #1
1000250c:	42ac      	cmp	r4, r5
1000250e:	f80c af01 	strb.w	sl, [ip, #1]!
10002512:	d1f8      	bne.n	10002506 <_ntoa_format+0x62>
10002514:	f017 0f10 	tst.w	r7, #16
10002518:	d03a      	beq.n	10002590 <_ntoa_format+0xec>
1000251a:	f417 6f80 	tst.w	r7, #1024	@ 0x400
1000251e:	d128      	bne.n	10002572 <_ntoa_format+0xce>
10002520:	bb1c      	cbnz	r4, 1000256a <_ntoa_format+0xc6>
10002522:	f1b8 0f10 	cmp.w	r8, #16
10002526:	f000 80ca 	beq.w	100026be <_ntoa_format+0x21a>
1000252a:	f1b8 0f02 	cmp.w	r8, #2
1000252e:	f000 80d4 	beq.w	100026da <_ntoa_format+0x236>
10002532:	2430      	movs	r4, #48	@ 0x30
10002534:	f88e 4000 	strb.w	r4, [lr]
10002538:	2401      	movs	r4, #1
1000253a:	f1b9 0f00 	cmp.w	r9, #0
1000253e:	d167      	bne.n	10002610 <_ntoa_format+0x16c>
10002540:	077e      	lsls	r6, r7, #29
10002542:	f140 80aa 	bpl.w	1000269a <_ntoa_format+0x1f6>
10002546:	262b      	movs	r6, #43	@ 0x2b
10002548:	f80e 6004 	strb.w	r6, [lr, r4]
1000254c:	3401      	adds	r4, #1
1000254e:	e9cd 570b 	strd	r5, r7, [sp, #44]	@ 0x2c
10002552:	e9cd e409 	strd	lr, r4, [sp, #36]	@ 0x24
10002556:	e8bd 4ff0 	ldmia.w	sp!, {r4, r5, r6, r7, r8, r9, sl, fp, lr}
1000255a:	f7ff bf55 	b.w	10002408 <_out_rev>
1000255e:	06fc      	lsls	r4, r7, #27
10002560:	f140 8089 	bpl.w	10002676 <_ntoa_format+0x1d2>
10002564:	057c      	lsls	r4, r7, #21
10002566:	d435      	bmi.n	100025d4 <_ntoa_format+0x130>
10002568:	2420      	movs	r4, #32
1000256a:	42a6      	cmp	r6, r4
1000256c:	d06a      	beq.n	10002644 <_ntoa_format+0x1a0>
1000256e:	42ac      	cmp	r4, r5
10002570:	d068      	beq.n	10002644 <_ntoa_format+0x1a0>
10002572:	f1b8 0f10 	cmp.w	r8, #16
10002576:	f000 8087 	beq.w	10002688 <_ntoa_format+0x1e4>
1000257a:	f1b8 0f02 	cmp.w	r8, #2
1000257e:	d05a      	beq.n	10002636 <_ntoa_format+0x192>
10002580:	2c20      	cmp	r4, #32
10002582:	d0e4      	beq.n	1000254e <_ntoa_format+0xaa>
10002584:	4626      	mov	r6, r4
10002586:	3401      	adds	r4, #1
10002588:	f04f 0c30 	mov.w	ip, #48	@ 0x30
1000258c:	f80e c006 	strb.w	ip, [lr, r6]
10002590:	2c20      	cmp	r4, #32
10002592:	d1d2      	bne.n	1000253a <_ntoa_format+0x96>
10002594:	e9cd 570b 	strd	r5, r7, [sp, #44]	@ 0x2c
10002598:	e9cd e409 	strd	lr, r4, [sp, #36]	@ 0x24
1000259c:	e8bd 4ff0 	ldmia.w	sp!, {r4, r5, r6, r7, r8, r9, sl, fp, lr}
100025a0:	f7ff bf32 	b.w	10002408 <_out_rev>
100025a4:	f017 0b01 	ands.w	fp, r7, #1
100025a8:	d03e      	beq.n	10002628 <_ntoa_format+0x184>
100025aa:	f1b9 0f00 	cmp.w	r9, #0
100025ae:	d147      	bne.n	10002640 <_ntoa_format+0x19c>
100025b0:	f017 0f0c 	tst.w	r7, #12
100025b4:	d144      	bne.n	10002640 <_ntoa_format+0x19c>
100025b6:	42b4      	cmp	r4, r6
100025b8:	d29b      	bcs.n	100024f2 <_ntoa_format+0x4e>
100025ba:	2c20      	cmp	r4, #32
100025bc:	d189      	bne.n	100024d2 <_ntoa_format+0x2e>
100025be:	2d20      	cmp	r5, #32
100025c0:	d810      	bhi.n	100025e4 <_ntoa_format+0x140>
100025c2:	06fc      	lsls	r4, r7, #27
100025c4:	d557      	bpl.n	10002676 <_ntoa_format+0x1d2>
100025c6:	057c      	lsls	r4, r7, #21
100025c8:	d455      	bmi.n	10002676 <_ntoa_format+0x1d2>
100025ca:	2e20      	cmp	r6, #32
100025cc:	f000 80b9 	beq.w	10002742 <_ntoa_format+0x29e>
100025d0:	2d20      	cmp	r5, #32
100025d2:	d010      	beq.n	100025f6 <_ntoa_format+0x152>
100025d4:	2420      	movs	r4, #32
100025d6:	e7cc      	b.n	10002572 <_ntoa_format+0xce>
100025d8:	f1bb 0f00 	cmp.w	fp, #0
100025dc:	f000 80a5 	beq.w	1000272a <_ntoa_format+0x286>
100025e0:	2d20      	cmp	r5, #32
100025e2:	d9bc      	bls.n	1000255e <_ntoa_format+0xba>
100025e4:	06fc      	lsls	r4, r7, #27
100025e6:	d546      	bpl.n	10002676 <_ntoa_format+0x1d2>
100025e8:	057c      	lsls	r4, r7, #21
100025ea:	d444      	bmi.n	10002676 <_ntoa_format+0x1d2>
100025ec:	2e20      	cmp	r6, #32
100025ee:	f000 80a8 	beq.w	10002742 <_ntoa_format+0x29e>
100025f2:	2d20      	cmp	r5, #32
100025f4:	d13f      	bne.n	10002676 <_ntoa_format+0x1d2>
100025f6:	462c      	mov	r4, r5
100025f8:	261f      	movs	r6, #31
100025fa:	f1b8 0f10 	cmp.w	r8, #16
100025fe:	d07f      	beq.n	10002700 <_ntoa_format+0x25c>
10002600:	f1b8 0f02 	cmp.w	r8, #2
10002604:	d1c0      	bne.n	10002588 <_ntoa_format+0xe4>
10002606:	f04f 0c62 	mov.w	ip, #98	@ 0x62
1000260a:	f80e c006 	strb.w	ip, [lr, r6]
1000260e:	e7b7      	b.n	10002580 <_ntoa_format+0xdc>
10002610:	262d      	movs	r6, #45	@ 0x2d
10002612:	f80e 6004 	strb.w	r6, [lr, r4]
10002616:	3401      	adds	r4, #1
10002618:	e9cd 570b 	strd	r5, r7, [sp, #44]	@ 0x2c
1000261c:	e9cd e409 	strd	lr, r4, [sp, #36]	@ 0x24
10002620:	e8bd 4ff0 	ldmia.w	sp!, {r4, r5, r6, r7, r8, r9, sl, fp, lr}
10002624:	f7ff bef0 	b.w	10002408 <_out_rev>
10002628:	42b4      	cmp	r4, r6
1000262a:	f4bf af73 	bcs.w	10002514 <_ntoa_format+0x70>
1000262e:	2c20      	cmp	r4, #32
10002630:	f47f af4f 	bne.w	100024d2 <_ntoa_format+0x2e>
10002634:	e7d6      	b.n	100025e4 <_ntoa_format+0x140>
10002636:	2c20      	cmp	r4, #32
10002638:	d089      	beq.n	1000254e <_ntoa_format+0xaa>
1000263a:	4626      	mov	r6, r4
1000263c:	3401      	adds	r4, #1
1000263e:	e7e2      	b.n	10002606 <_ntoa_format+0x162>
10002640:	3d01      	subs	r5, #1
10002642:	e7b8      	b.n	100025b6 <_ntoa_format+0x112>
10002644:	1e66      	subs	r6, r4, #1
10002646:	d1d8      	bne.n	100025fa <_ntoa_format+0x156>
10002648:	f1b8 0f10 	cmp.w	r8, #16
1000264c:	d064      	beq.n	10002718 <_ntoa_format+0x274>
1000264e:	f1b8 0f02 	cmp.w	r8, #2
10002652:	f47f af6e 	bne.w	10002532 <_ntoa_format+0x8e>
10002656:	2662      	movs	r6, #98	@ 0x62
10002658:	f88e 6000 	strb.w	r6, [lr]
1000265c:	2630      	movs	r6, #48	@ 0x30
1000265e:	4644      	mov	r4, r8
10002660:	f88e 6001 	strb.w	r6, [lr, #1]
10002664:	f1b9 0f00 	cmp.w	r9, #0
10002668:	f43f af6a 	beq.w	10002540 <_ntoa_format+0x9c>
1000266c:	e7d0      	b.n	10002610 <_ntoa_format+0x16c>
1000266e:	f1b8 0f10 	cmp.w	r8, #16
10002672:	f47f af6c 	bne.w	1000254e <_ntoa_format+0xaa>
10002676:	2420      	movs	r4, #32
10002678:	e9cd 570b 	strd	r5, r7, [sp, #44]	@ 0x2c
1000267c:	e9cd e409 	strd	lr, r4, [sp, #36]	@ 0x24
10002680:	e8bd 4ff0 	ldmia.w	sp!, {r4, r5, r6, r7, r8, r9, sl, fp, lr}
10002684:	f7ff bec0 	b.w	10002408 <_out_rev>
10002688:	06be      	lsls	r6, r7, #26
1000268a:	d40e      	bmi.n	100026aa <_ntoa_format+0x206>
1000268c:	2c20      	cmp	r4, #32
1000268e:	d0f2      	beq.n	10002676 <_ntoa_format+0x1d2>
10002690:	2678      	movs	r6, #120	@ 0x78
10002692:	f80e 6004 	strb.w	r6, [lr, r4]
10002696:	3401      	adds	r4, #1
10002698:	e772      	b.n	10002580 <_ntoa_format+0xdc>
1000269a:	073e      	lsls	r6, r7, #28
1000269c:	f57f af57 	bpl.w	1000254e <_ntoa_format+0xaa>
100026a0:	2620      	movs	r6, #32
100026a2:	f80e 6004 	strb.w	r6, [lr, r4]
100026a6:	3401      	adds	r4, #1
100026a8:	e751      	b.n	1000254e <_ntoa_format+0xaa>
100026aa:	2c20      	cmp	r4, #32
100026ac:	d0e3      	beq.n	10002676 <_ntoa_format+0x1d2>
100026ae:	f04f 0c58 	mov.w	ip, #88	@ 0x58
100026b2:	eb0e 0604 	add.w	r6, lr, r4
100026b6:	f886 c000 	strb.w	ip, [r6]
100026ba:	3401      	adds	r4, #1
100026bc:	e760      	b.n	10002580 <_ntoa_format+0xdc>
100026be:	06be      	lsls	r6, r7, #26
100026c0:	d517      	bpl.n	100026f2 <_ntoa_format+0x24e>
100026c2:	2458      	movs	r4, #88	@ 0x58
100026c4:	f88e 4000 	strb.w	r4, [lr]
100026c8:	2430      	movs	r4, #48	@ 0x30
100026ca:	f88e 4001 	strb.w	r4, [lr, #1]
100026ce:	2402      	movs	r4, #2
100026d0:	f1b9 0f00 	cmp.w	r9, #0
100026d4:	f43f af34 	beq.w	10002540 <_ntoa_format+0x9c>
100026d8:	e79a      	b.n	10002610 <_ntoa_format+0x16c>
100026da:	2462      	movs	r4, #98	@ 0x62
100026dc:	f88e 4000 	strb.w	r4, [lr]
100026e0:	2430      	movs	r4, #48	@ 0x30
100026e2:	f88e 4001 	strb.w	r4, [lr, #1]
100026e6:	2402      	movs	r4, #2
100026e8:	f1b9 0f00 	cmp.w	r9, #0
100026ec:	f43f af28 	beq.w	10002540 <_ntoa_format+0x9c>
100026f0:	e78e      	b.n	10002610 <_ntoa_format+0x16c>
100026f2:	2478      	movs	r4, #120	@ 0x78
100026f4:	e7f2      	b.n	100026dc <_ntoa_format+0x238>
100026f6:	f1bb 0f00 	cmp.w	fp, #0
100026fa:	f47f af62 	bne.w	100025c2 <_ntoa_format+0x11e>
100026fe:	e771      	b.n	100025e4 <_ntoa_format+0x140>
10002700:	f017 0f20 	tst.w	r7, #32
10002704:	bf0c      	ite	eq
10002706:	f04f 0c78 	moveq.w	ip, #120	@ 0x78
1000270a:	f04f 0c58 	movne.w	ip, #88	@ 0x58
1000270e:	1ea6      	subs	r6, r4, #2
10002710:	f80e c006 	strb.w	ip, [lr, r6]
10002714:	3c01      	subs	r4, #1
10002716:	e735      	b.n	10002584 <_ntoa_format+0xe0>
10002718:	06bc      	lsls	r4, r7, #26
1000271a:	d5ea      	bpl.n	100026f2 <_ntoa_format+0x24e>
1000271c:	2458      	movs	r4, #88	@ 0x58
1000271e:	f88e 4000 	strb.w	r4, [lr]
10002722:	2430      	movs	r4, #48	@ 0x30
10002724:	f88e 4001 	strb.w	r4, [lr, #1]
10002728:	e7dd      	b.n	100026e6 <_ntoa_format+0x242>
1000272a:	f017 0f10 	tst.w	r7, #16
1000272e:	f43f af0e 	beq.w	1000254e <_ntoa_format+0xaa>
10002732:	f417 6f80 	tst.w	r7, #1024	@ 0x400
10002736:	d19a      	bne.n	1000266e <_ntoa_format+0x1ca>
10002738:	2e20      	cmp	r6, #32
1000273a:	f47f af18 	bne.w	1000256e <_ntoa_format+0xca>
1000273e:	261f      	movs	r6, #31
10002740:	e75b      	b.n	100025fa <_ntoa_format+0x156>
10002742:	4634      	mov	r4, r6
10002744:	261f      	movs	r6, #31
10002746:	e758      	b.n	100025fa <_ntoa_format+0x156>

10002748 <_out_char>:
10002748:	b900      	cbnz	r0, 1000274c <_out_char+0x4>
1000274a:	4770      	bx	lr
1000274c:	f001 ba4e 	b.w	10003bec <__wrap_putchar>

10002750 <_etoa>:
10002750:	e92d 4ff0 	stmdb	sp!, {r4, r5, r6, r7, r8, r9, sl, fp, lr}
10002754:	b09f      	sub	sp, #124	@ 0x7c
10002756:	ed9d 7b28 	vldr	d7, [sp, #160]	@ 0xa0
1000275a:	e9dd a52a 	ldrd	sl, r5, [sp, #168]	@ 0xa8
1000275e:	ec58 7b17 	vmov	r7, r8, d7
10002762:	4683      	mov	fp, r0
10002764:	461e      	mov	r6, r3
10002766:	910d      	str	r1, [sp, #52]	@ 0x34
10002768:	9210      	str	r2, [sp, #64]	@ 0x40
1000276a:	4643      	mov	r3, r8
1000276c:	463a      	mov	r2, r7
1000276e:	4638      	mov	r0, r7
10002770:	4641      	mov	r1, r8
10002772:	ed8d 7b08 	vstr	d7, [sp, #32]
10002776:	9c2c      	ldr	r4, [sp, #176]	@ 0xb0
10002778:	f7ff fdf6 	bl	10002368 <__wrap___aeabi_dcmpun>
1000277c:	2800      	cmp	r0, #0
1000277e:	f040 80d8 	bne.w	10002932 <_etoa+0x1e2>
10002782:	4638      	mov	r0, r7
10002784:	4641      	mov	r1, r8
10002786:	f04f 32ff 	mov.w	r2, #4294967295
1000278a:	4b75      	ldr	r3, [pc, #468]	@ (10002960 <_etoa+0x210>)
1000278c:	f7ff fe26 	bl	100023dc <__wrap___aeabi_dcmpgt>
10002790:	2800      	cmp	r0, #0
10002792:	f040 80ce 	bne.w	10002932 <_etoa+0x1e2>
10002796:	4638      	mov	r0, r7
10002798:	4641      	mov	r1, r8
1000279a:	f04f 32ff 	mov.w	r2, #4294967295
1000279e:	f46f 1380 	mvn.w	r3, #1048576	@ 0x100000
100027a2:	f7ff fdf3 	bl	1000238c <__wrap___aeabi_dcmplt>
100027a6:	2800      	cmp	r0, #0
100027a8:	f040 80c3 	bne.w	10002932 <_etoa+0x1e2>
100027ac:	e9dd 7808 	ldrd	r7, r8, [sp, #32]
100027b0:	2200      	movs	r2, #0
100027b2:	4638      	mov	r0, r7
100027b4:	4641      	mov	r1, r8
100027b6:	2300      	movs	r3, #0
100027b8:	f7ff fde8 	bl	1000238c <__wrap___aeabi_dcmplt>
100027bc:	2800      	cmp	r0, #0
100027be:	f040 81c0 	bne.w	10002b42 <_etoa+0x3f2>
100027c2:	e9cd 780a 	strd	r7, r8, [sp, #40]	@ 0x28
100027c6:	e9dd 230a 	ldrd	r2, r3, [sp, #40]	@ 0x28
100027ca:	4690      	mov	r8, r2
100027cc:	461f      	mov	r7, r3
100027ce:	f414 6380 	ands.w	r3, r4, #1024	@ 0x400
100027d2:	bf08      	it	eq
100027d4:	f04f 0a06 	moveq.w	sl, #6
100027d8:	9313      	str	r3, [sp, #76]	@ 0x4c
100027da:	f404 6200 	and.w	r2, r4, #2048	@ 0x800
100027de:	ea58 0307 	orrs.w	r3, r8, r7
100027e2:	9211      	str	r2, [sp, #68]	@ 0x44
100027e4:	f040 80c0 	bne.w	10002968 <_etoa+0x218>
100027e8:	2a00      	cmp	r2, #0
100027ea:	f000 81a2 	beq.w	10002b32 <_etoa+0x3e2>
100027ee:	ed9f 7b5a 	vldr	d7, [pc, #360]	@ 10002958 <_etoa+0x208>
100027f2:	2700      	movs	r7, #0
100027f4:	ed8d 7b0e 	vstr	d7, [sp, #56]	@ 0x38
100027f8:	f04f 0900 	mov.w	r9, #0
100027fc:	45ba      	cmp	sl, r7
100027fe:	bfcc      	ite	gt
10002800:	ebaa 0a07 	subgt.w	sl, sl, r7
10002804:	f04f 0a00 	movle.w	sl, #0
10002808:	464f      	mov	r7, r9
1000280a:	bfc8      	it	gt
1000280c:	f10a 3aff 	addgt.w	sl, sl, #4294967295
10002810:	f444 6480 	orr.w	r4, r4, #1024	@ 0x400
10002814:	454d      	cmp	r5, r9
10002816:	bf94      	ite	ls
10002818:	f04f 0800 	movls.w	r8, #0
1000281c:	eba5 0809 	subhi.w	r8, r5, r9
10002820:	f014 0302 	ands.w	r3, r4, #2
10002824:	9311      	str	r3, [sp, #68]	@ 0x44
10002826:	d004      	beq.n	10002832 <_etoa+0xe2>
10002828:	f1b9 0f00 	cmp.w	r9, #0
1000282c:	bf18      	it	ne
1000282e:	f04f 0800 	movne.w	r8, #0
10002832:	b13f      	cbz	r7, 10002844 <_etoa+0xf4>
10002834:	e9dd 010a 	ldrd	r0, r1, [sp, #40]	@ 0x28
10002838:	e9dd 230e 	ldrd	r2, r3, [sp, #56]	@ 0x38
1000283c:	f7ff fcfe 	bl	1000223c <__wrap___aeabi_ddiv>
10002840:	e9cd 010a 	strd	r0, r1, [sp, #40]	@ 0x28
10002844:	e9dd 0108 	ldrd	r0, r1, [sp, #32]
10002848:	2200      	movs	r2, #0
1000284a:	2300      	movs	r3, #0
1000284c:	f7ff fd9e 	bl	1000238c <__wrap___aeabi_dcmplt>
10002850:	b130      	cbz	r0, 10002860 <_etoa+0x110>
10002852:	e9dd 010a 	ldrd	r0, r1, [sp, #40]	@ 0x28
10002856:	4602      	mov	r2, r0
10002858:	f101 4300 	add.w	r3, r1, #2147483648	@ 0x80000000
1000285c:	e9cd 230a 	strd	r2, r3, [sp, #40]	@ 0x28
10002860:	ed9d 7b0a 	vldr	d7, [sp, #40]	@ 0x28
10002864:	e9cd a802 	strd	sl, r8, [sp, #8]
10002868:	f8dd a034 	ldr.w	sl, [sp, #52]	@ 0x34
1000286c:	f424 6300 	bic.w	r3, r4, #2048	@ 0x800
10002870:	9304      	str	r3, [sp, #16]
10002872:	ed8d 7b00 	vstr	d7, [sp]
10002876:	4633      	mov	r3, r6
10002878:	4651      	mov	r1, sl
1000287a:	4658      	mov	r0, fp
1000287c:	9a10      	ldr	r2, [sp, #64]	@ 0x40
1000287e:	f000 f997 	bl	10002bb0 <_ftoa>
10002882:	4680      	mov	r8, r0
10002884:	f1b9 0f00 	cmp.w	r9, #0
10002888:	d04f      	beq.n	1000292a <_etoa+0x1da>
1000288a:	f014 0f20 	tst.w	r4, #32
1000288e:	4602      	mov	r2, r0
10002890:	f100 0401 	add.w	r4, r0, #1
10002894:	4633      	mov	r3, r6
10002896:	bf0c      	ite	eq
10002898:	2065      	moveq	r0, #101	@ 0x65
1000289a:	2045      	movne	r0, #69	@ 0x45
1000289c:	4651      	mov	r1, sl
1000289e:	47d8      	blx	fp
100028a0:	f109 30ff 	add.w	r0, r9, #4294967295
100028a4:	ea87 7ce7 	eor.w	ip, r7, r7, asr #31
100028a8:	f10d 0958 	add.w	r9, sp, #88	@ 0x58
100028ac:	2200      	movs	r2, #0
100028ae:	464b      	mov	r3, r9
100028b0:	f8df 80b0 	ldr.w	r8, [pc, #176]	@ 10002964 <_etoa+0x214>
100028b4:	ebac 7ce7 	sub.w	ip, ip, r7, asr #31
100028b8:	ea4f 7ed7 	mov.w	lr, r7, lsr #31
100028bc:	e001      	b.n	100028c2 <_etoa+0x172>
100028be:	2a20      	cmp	r2, #32
100028c0:	d010      	beq.n	100028e4 <_etoa+0x194>
100028c2:	46e2      	mov	sl, ip
100028c4:	fba8 710c 	umull	r7, r1, r8, ip
100028c8:	08c9      	lsrs	r1, r1, #3
100028ca:	eb01 0781 	add.w	r7, r1, r1, lsl #2
100028ce:	ebac 0747 	sub.w	r7, ip, r7, lsl #1
100028d2:	3730      	adds	r7, #48	@ 0x30
100028d4:	f1ba 0f09 	cmp.w	sl, #9
100028d8:	468c      	mov	ip, r1
100028da:	f102 0201 	add.w	r2, r2, #1
100028de:	f803 7b01 	strb.w	r7, [r3], #1
100028e2:	d8ec      	bhi.n	100028be <_etoa+0x16e>
100028e4:	2305      	movs	r3, #5
100028e6:	9005      	str	r0, [sp, #20]
100028e8:	9306      	str	r3, [sp, #24]
100028ea:	2000      	movs	r0, #0
100028ec:	230a      	movs	r3, #10
100028ee:	9f0d      	ldr	r7, [sp, #52]	@ 0x34
100028f0:	e9cd 3003 	strd	r3, r0, [sp, #12]
100028f4:	e9cd 2e01 	strd	r2, lr, [sp, #4]
100028f8:	4633      	mov	r3, r6
100028fa:	4622      	mov	r2, r4
100028fc:	4639      	mov	r1, r7
100028fe:	4658      	mov	r0, fp
10002900:	f8cd 9000 	str.w	r9, [sp]
10002904:	f7ff fdce 	bl	100024a4 <_ntoa_format>
10002908:	9b11      	ldr	r3, [sp, #68]	@ 0x44
1000290a:	4680      	mov	r8, r0
1000290c:	b16b      	cbz	r3, 1000292a <_etoa+0x1da>
1000290e:	9b10      	ldr	r3, [sp, #64]	@ 0x40
10002910:	1ac4      	subs	r4, r0, r3
10002912:	42a5      	cmp	r5, r4
10002914:	d909      	bls.n	1000292a <_etoa+0x1da>
10002916:	4642      	mov	r2, r8
10002918:	4633      	mov	r3, r6
1000291a:	4639      	mov	r1, r7
1000291c:	2020      	movs	r0, #32
1000291e:	3401      	adds	r4, #1
10002920:	47d8      	blx	fp
10002922:	42a5      	cmp	r5, r4
10002924:	f108 0801 	add.w	r8, r8, #1
10002928:	d8f5      	bhi.n	10002916 <_etoa+0x1c6>
1000292a:	4640      	mov	r0, r8
1000292c:	b01f      	add	sp, #124	@ 0x7c
1000292e:	e8bd 8ff0 	ldmia.w	sp!, {r4, r5, r6, r7, r8, r9, sl, fp, pc}
10002932:	ed9d 7b08 	vldr	d7, [sp, #32]
10002936:	4633      	mov	r3, r6
10002938:	4658      	mov	r0, fp
1000293a:	9a10      	ldr	r2, [sp, #64]	@ 0x40
1000293c:	990d      	ldr	r1, [sp, #52]	@ 0x34
1000293e:	ed8d 7b28 	vstr	d7, [sp, #160]	@ 0xa0
10002942:	e9cd 542b 	strd	r5, r4, [sp, #172]	@ 0xac
10002946:	f8cd a0a8 	str.w	sl, [sp, #168]	@ 0xa8
1000294a:	b01f      	add	sp, #124	@ 0x7c
1000294c:	e8bd 4ff0 	ldmia.w	sp!, {r4, r5, r6, r7, r8, r9, sl, fp, lr}
10002950:	f000 b92e 	b.w	10002bb0 <_ftoa>
10002954:	f3af 8000 	nop.w
	...
10002960:	7fefffff 	.word	0x7fefffff
10002964:	cccccccd 	.word	0xcccccccd
10002968:	f3c7 500a 	ubfx	r0, r7, #20, #11
1000296c:	f2a0 30ff 	subw	r0, r0, #1023	@ 0x3ff
10002970:	f7ff fcb2 	bl	100022d8 <__wrap___aeabi_i2d>
10002974:	a38a      	add	r3, pc, #552	@ (adr r3, 10002ba0 <_etoa+0x450>)
10002976:	e9d3 2300 	ldrd	r2, r3, [r3]
1000297a:	f7ff fc3b 	bl	100021f4 <__wrap___aeabi_dmul>
1000297e:	a38a      	add	r3, pc, #552	@ (adr r3, 10002ba8 <_etoa+0x458>)
10002980:	e9d3 2300 	ldrd	r2, r3, [r3]
10002984:	f7ff fc0e 	bl	100021a4 <__wrap___aeabi_dadd>
10002988:	f3c7 0713 	ubfx	r7, r7, #0, #20
1000298c:	e9cd 010e 	strd	r0, r1, [sp, #56]	@ 0x38
10002990:	f047 517f 	orr.w	r1, r7, #1069547520	@ 0x3fc00000
10002994:	4640      	mov	r0, r8
10002996:	2200      	movs	r2, #0
10002998:	4b7b      	ldr	r3, [pc, #492]	@ (10002b88 <_etoa+0x438>)
1000299a:	f441 1140 	orr.w	r1, r1, #3145728	@ 0x300000
1000299e:	f7ff fc15 	bl	100021cc <__wrap___aeabi_dsub>
100029a2:	a36b      	add	r3, pc, #428	@ (adr r3, 10002b50 <_etoa+0x400>)
100029a4:	e9d3 2300 	ldrd	r2, r3, [r3]
100029a8:	f7ff fc24 	bl	100021f4 <__wrap___aeabi_dmul>
100029ac:	4602      	mov	r2, r0
100029ae:	460b      	mov	r3, r1
100029b0:	e9dd 010e 	ldrd	r0, r1, [sp, #56]	@ 0x38
100029b4:	f7ff fbf6 	bl	100021a4 <__wrap___aeabi_dadd>
100029b8:	f7ff fcb2 	bl	10002320 <__wrap___aeabi_d2iz>
100029bc:	4607      	mov	r7, r0
100029be:	f7ff fc8b 	bl	100022d8 <__wrap___aeabi_i2d>
100029c2:	a365      	add	r3, pc, #404	@ (adr r3, 10002b58 <_etoa+0x408>)
100029c4:	e9d3 2300 	ldrd	r2, r3, [r3]
100029c8:	4680      	mov	r8, r0
100029ca:	4689      	mov	r9, r1
100029cc:	f7ff fc12 	bl	100021f4 <__wrap___aeabi_dmul>
100029d0:	2200      	movs	r2, #0
100029d2:	4b6e      	ldr	r3, [pc, #440]	@ (10002b8c <_etoa+0x43c>)
100029d4:	f7ff fbe6 	bl	100021a4 <__wrap___aeabi_dadd>
100029d8:	f7ff fca2 	bl	10002320 <__wrap___aeabi_d2iz>
100029dc:	4603      	mov	r3, r0
100029de:	4649      	mov	r1, r9
100029e0:	4640      	mov	r0, r8
100029e2:	9312      	str	r3, [sp, #72]	@ 0x48
100029e4:	a35e      	add	r3, pc, #376	@ (adr r3, 10002b60 <_etoa+0x410>)
100029e6:	e9d3 2300 	ldrd	r2, r3, [r3]
100029ea:	f7ff fc03 	bl	100021f4 <__wrap___aeabi_dmul>
100029ee:	4680      	mov	r8, r0
100029f0:	9812      	ldr	r0, [sp, #72]	@ 0x48
100029f2:	4689      	mov	r9, r1
100029f4:	f7ff fc70 	bl	100022d8 <__wrap___aeabi_i2d>
100029f8:	a35b      	add	r3, pc, #364	@ (adr r3, 10002b68 <_etoa+0x418>)
100029fa:	e9d3 2300 	ldrd	r2, r3, [r3]
100029fe:	f7ff fbf9 	bl	100021f4 <__wrap___aeabi_dmul>
10002a02:	4602      	mov	r2, r0
10002a04:	460b      	mov	r3, r1
10002a06:	4640      	mov	r0, r8
10002a08:	4649      	mov	r1, r9
10002a0a:	f7ff fbdf 	bl	100021cc <__wrap___aeabi_dsub>
10002a0e:	4602      	mov	r2, r0
10002a10:	460b      	mov	r3, r1
10002a12:	4680      	mov	r8, r0
10002a14:	4689      	mov	r9, r1
10002a16:	f7ff fbed 	bl	100021f4 <__wrap___aeabi_dmul>
10002a1a:	4642      	mov	r2, r8
10002a1c:	464b      	mov	r3, r9
10002a1e:	e9cd 010e 	strd	r0, r1, [sp, #56]	@ 0x38
10002a22:	4640      	mov	r0, r8
10002a24:	4649      	mov	r1, r9
10002a26:	f7ff fbbd 	bl	100021a4 <__wrap___aeabi_dadd>
10002a2a:	2200      	movs	r2, #0
10002a2c:	e9cd 0114 	strd	r0, r1, [sp, #80]	@ 0x50
10002a30:	e9dd 010e 	ldrd	r0, r1, [sp, #56]	@ 0x38
10002a34:	4b56      	ldr	r3, [pc, #344]	@ (10002b90 <_etoa+0x440>)
10002a36:	f7ff fc01 	bl	1000223c <__wrap___aeabi_ddiv>
10002a3a:	2200      	movs	r2, #0
10002a3c:	4b55      	ldr	r3, [pc, #340]	@ (10002b94 <_etoa+0x444>)
10002a3e:	f7ff fbb1 	bl	100021a4 <__wrap___aeabi_dadd>
10002a42:	4602      	mov	r2, r0
10002a44:	460b      	mov	r3, r1
10002a46:	e9dd 010e 	ldrd	r0, r1, [sp, #56]	@ 0x38
10002a4a:	f7ff fbf7 	bl	1000223c <__wrap___aeabi_ddiv>
10002a4e:	2200      	movs	r2, #0
10002a50:	4b51      	ldr	r3, [pc, #324]	@ (10002b98 <_etoa+0x448>)
10002a52:	f7ff fba7 	bl	100021a4 <__wrap___aeabi_dadd>
10002a56:	4602      	mov	r2, r0
10002a58:	460b      	mov	r3, r1
10002a5a:	e9dd 010e 	ldrd	r0, r1, [sp, #56]	@ 0x38
10002a5e:	f7ff fbed 	bl	1000223c <__wrap___aeabi_ddiv>
10002a62:	4642      	mov	r2, r8
10002a64:	464b      	mov	r3, r9
10002a66:	4680      	mov	r8, r0
10002a68:	4689      	mov	r9, r1
10002a6a:	2000      	movs	r0, #0
10002a6c:	f04f 4180 	mov.w	r1, #1073741824	@ 0x40000000
10002a70:	f7ff fbac 	bl	100021cc <__wrap___aeabi_dsub>
10002a74:	4602      	mov	r2, r0
10002a76:	460b      	mov	r3, r1
10002a78:	4640      	mov	r0, r8
10002a7a:	4649      	mov	r1, r9
10002a7c:	f7ff fb92 	bl	100021a4 <__wrap___aeabi_dadd>
10002a80:	4602      	mov	r2, r0
10002a82:	460b      	mov	r3, r1
10002a84:	e9dd 0114 	ldrd	r0, r1, [sp, #80]	@ 0x50
10002a88:	f7ff fbd8 	bl	1000223c <__wrap___aeabi_ddiv>
10002a8c:	2200      	movs	r2, #0
10002a8e:	4b43      	ldr	r3, [pc, #268]	@ (10002b9c <_etoa+0x44c>)
10002a90:	f7ff fb88 	bl	100021a4 <__wrap___aeabi_dadd>
10002a94:	9b12      	ldr	r3, [sp, #72]	@ 0x48
10002a96:	2200      	movs	r2, #0
10002a98:	f203 3cff 	addw	ip, r3, #1023	@ 0x3ff
10002a9c:	ea4f 530c 	mov.w	r3, ip, lsl #20
10002aa0:	f7ff fba8 	bl	100021f4 <__wrap___aeabi_dmul>
10002aa4:	4680      	mov	r8, r0
10002aa6:	4689      	mov	r9, r1
10002aa8:	e9dd 010a 	ldrd	r0, r1, [sp, #40]	@ 0x28
10002aac:	4642      	mov	r2, r8
10002aae:	464b      	mov	r3, r9
10002ab0:	e9cd 890e 	strd	r8, r9, [sp, #56]	@ 0x38
10002ab4:	f7ff fc6a 	bl	1000238c <__wrap___aeabi_dcmplt>
10002ab8:	bb68      	cbnz	r0, 10002b16 <_etoa+0x3c6>
10002aba:	4643      	mov	r3, r8
10002abc:	4649      	mov	r1, r9
10002abe:	f107 0263 	add.w	r2, r7, #99	@ 0x63
10002ac2:	2ac6      	cmp	r2, #198	@ 0xc6
10002ac4:	9a11      	ldr	r2, [sp, #68]	@ 0x44
10002ac6:	bf8c      	ite	hi
10002ac8:	f04f 0905 	movhi.w	r9, #5
10002acc:	f04f 0904 	movls.w	r9, #4
10002ad0:	2a00      	cmp	r2, #0
10002ad2:	f43f ae9f 	beq.w	10002814 <_etoa+0xc4>
10002ad6:	430b      	orrs	r3, r1
10002ad8:	f43f ae8e 	beq.w	100027f8 <_etoa+0xa8>
10002adc:	e9dd 010a 	ldrd	r0, r1, [sp, #40]	@ 0x28
10002ae0:	a323      	add	r3, pc, #140	@ (adr r3, 10002b70 <_etoa+0x420>)
10002ae2:	e9d3 2300 	ldrd	r2, r3, [r3]
10002ae6:	f7ff fc65 	bl	100023b4 <__wrap___aeabi_dcmpge>
10002aea:	b148      	cbz	r0, 10002b00 <_etoa+0x3b0>
10002aec:	e9dd 010a 	ldrd	r0, r1, [sp, #40]	@ 0x28
10002af0:	a321      	add	r3, pc, #132	@ (adr r3, 10002b78 <_etoa+0x428>)
10002af2:	e9d3 2300 	ldrd	r2, r3, [r3]
10002af6:	f7ff fc49 	bl	1000238c <__wrap___aeabi_dcmplt>
10002afa:	2800      	cmp	r0, #0
10002afc:	f47f ae7c 	bne.w	100027f8 <_etoa+0xa8>
10002b00:	f1ba 0f00 	cmp.w	sl, #0
10002b04:	f43f ae86 	beq.w	10002814 <_etoa+0xc4>
10002b08:	9b13      	ldr	r3, [sp, #76]	@ 0x4c
10002b0a:	2b00      	cmp	r3, #0
10002b0c:	f43f ae82 	beq.w	10002814 <_etoa+0xc4>
10002b10:	f10a 3aff 	add.w	sl, sl, #4294967295
10002b14:	e67e      	b.n	10002814 <_etoa+0xc4>
10002b16:	2200      	movs	r2, #0
10002b18:	4b1e      	ldr	r3, [pc, #120]	@ (10002b94 <_etoa+0x444>)
10002b1a:	4640      	mov	r0, r8
10002b1c:	4649      	mov	r1, r9
10002b1e:	f7ff fb8d 	bl	1000223c <__wrap___aeabi_ddiv>
10002b22:	460a      	mov	r2, r1
10002b24:	4601      	mov	r1, r0
10002b26:	4603      	mov	r3, r0
10002b28:	e9cd 120e 	strd	r1, r2, [sp, #56]	@ 0x38
10002b2c:	3f01      	subs	r7, #1
10002b2e:	4611      	mov	r1, r2
10002b30:	e7c5      	b.n	10002abe <_etoa+0x36e>
10002b32:	ed9f 7b13 	vldr	d7, [pc, #76]	@ 10002b80 <_etoa+0x430>
10002b36:	4617      	mov	r7, r2
10002b38:	f04f 0904 	mov.w	r9, #4
10002b3c:	ed8d 7b0e 	vstr	d7, [sp, #56]	@ 0x38
10002b40:	e668      	b.n	10002814 <_etoa+0xc4>
10002b42:	f108 4300 	add.w	r3, r8, #2147483648	@ 0x80000000
10002b46:	970a      	str	r7, [sp, #40]	@ 0x28
10002b48:	930b      	str	r3, [sp, #44]	@ 0x2c
10002b4a:	e63c      	b.n	100027c6 <_etoa+0x76>
10002b4c:	f3af 8000 	nop.w
10002b50:	636f4361 	.word	0x636f4361
10002b54:	3fd287a7 	.word	0x3fd287a7
10002b58:	0979a371 	.word	0x0979a371
10002b5c:	400a934f 	.word	0x400a934f
10002b60:	bbb55516 	.word	0xbbb55516
10002b64:	40026bb1 	.word	0x40026bb1
10002b68:	fefa39ef 	.word	0xfefa39ef
10002b6c:	3fe62e42 	.word	0x3fe62e42
10002b70:	eb1c432d 	.word	0xeb1c432d
10002b74:	3f1a36e2 	.word	0x3f1a36e2
10002b78:	00000000 	.word	0x00000000
10002b7c:	412e8480 	.word	0x412e8480
	...
10002b88:	3ff80000 	.word	0x3ff80000
10002b8c:	3fe00000 	.word	0x3fe00000
10002b90:	402c0000 	.word	0x402c0000
10002b94:	40240000 	.word	0x40240000
10002b98:	40180000 	.word	0x40180000
10002b9c:	3ff00000 	.word	0x3ff00000
10002ba0:	509f79fb 	.word	0x509f79fb
10002ba4:	3fd34413 	.word	0x3fd34413
10002ba8:	8b60c8b3 	.word	0x8b60c8b3
10002bac:	3fc68a28 	.word	0x3fc68a28

10002bb0 <_ftoa>:
10002bb0:	e92d 4ff0 	stmdb	sp!, {r4, r5, r6, r7, r8, r9, sl, fp, lr}
10002bb4:	b097      	sub	sp, #92	@ 0x5c
10002bb6:	e9dd 8920 	ldrd	r8, r9, [sp, #128]	@ 0x80
10002bba:	e9cd 0104 	strd	r0, r1, [sp, #16]
10002bbe:	e9dd 4b22 	ldrd	r4, fp, [sp, #136]	@ 0x88
10002bc2:	e9cd 2306 	strd	r2, r3, [sp, #24]
10002bc6:	4640      	mov	r0, r8
10002bc8:	4642      	mov	r2, r8
10002bca:	464b      	mov	r3, r9
10002bcc:	4649      	mov	r1, r9
10002bce:	f8dd a090 	ldr.w	sl, [sp, #144]	@ 0x90
10002bd2:	f7ff fbc9 	bl	10002368 <__wrap___aeabi_dcmpun>
10002bd6:	2800      	cmp	r0, #0
10002bd8:	f040 81c5 	bne.w	10002f66 <_ftoa+0x3b6>
10002bdc:	4640      	mov	r0, r8
10002bde:	4649      	mov	r1, r9
10002be0:	f04f 32ff 	mov.w	r2, #4294967295
10002be4:	f46f 1380 	mvn.w	r3, #1048576	@ 0x100000
10002be8:	f7ff fbd0 	bl	1000238c <__wrap___aeabi_dcmplt>
10002bec:	2800      	cmp	r0, #0
10002bee:	f040 811d 	bne.w	10002e2c <_ftoa+0x27c>
10002bf2:	4640      	mov	r0, r8
10002bf4:	4649      	mov	r1, r9
10002bf6:	f04f 32ff 	mov.w	r2, #4294967295
10002bfa:	4bc1      	ldr	r3, [pc, #772]	@ (10002f00 <_ftoa+0x350>)
10002bfc:	f7ff fbee 	bl	100023dc <__wrap___aeabi_dcmpgt>
10002c00:	2800      	cmp	r0, #0
10002c02:	f040 80e3 	bne.w	10002dcc <_ftoa+0x21c>
10002c06:	a3b8      	add	r3, pc, #736	@ (adr r3, 10002ee8 <_ftoa+0x338>)
10002c08:	e9d3 2300 	ldrd	r2, r3, [r3]
10002c0c:	4640      	mov	r0, r8
10002c0e:	4649      	mov	r1, r9
10002c10:	f7ff fbe4 	bl	100023dc <__wrap___aeabi_dcmpgt>
10002c14:	2800      	cmp	r0, #0
10002c16:	f040 80cb 	bne.w	10002db0 <_ftoa+0x200>
10002c1a:	a3b5      	add	r3, pc, #724	@ (adr r3, 10002ef0 <_ftoa+0x340>)
10002c1c:	e9d3 2300 	ldrd	r2, r3, [r3]
10002c20:	4640      	mov	r0, r8
10002c22:	4649      	mov	r1, r9
10002c24:	f7ff fbb2 	bl	1000238c <__wrap___aeabi_dcmplt>
10002c28:	2800      	cmp	r0, #0
10002c2a:	f040 80c1 	bne.w	10002db0 <_ftoa+0x200>
10002c2e:	4640      	mov	r0, r8
10002c30:	4649      	mov	r1, r9
10002c32:	2200      	movs	r2, #0
10002c34:	2300      	movs	r3, #0
10002c36:	f7ff fba9 	bl	1000238c <__wrap___aeabi_dcmplt>
10002c3a:	2800      	cmp	r0, #0
10002c3c:	f040 80e0 	bne.w	10002e00 <_ftoa+0x250>
10002c40:	f41a 6580 	ands.w	r5, sl, #1024	@ 0x400
10002c44:	900d      	str	r0, [sp, #52]	@ 0x34
10002c46:	f000 80e9 	beq.w	10002e1c <_ftoa+0x26c>
10002c4a:	2c09      	cmp	r4, #9
10002c4c:	f240 8196 	bls.w	10002f7c <_ftoa+0x3cc>
10002c50:	ab0e      	add	r3, sp, #56	@ 0x38
10002c52:	461a      	mov	r2, r3
10002c54:	930c      	str	r3, [sp, #48]	@ 0x30
10002c56:	2130      	movs	r1, #48	@ 0x30
10002c58:	2300      	movs	r3, #0
10002c5a:	f1a4 0509 	sub.w	r5, r4, #9
10002c5e:	3301      	adds	r3, #1
10002c60:	2b20      	cmp	r3, #32
10002c62:	f802 1b01 	strb.w	r1, [r2], #1
10002c66:	eba4 0603 	sub.w	r6, r4, r3
10002c6a:	f000 813a 	beq.w	10002ee2 <_ftoa+0x332>
10002c6e:	42ab      	cmp	r3, r5
10002c70:	d1f5      	bne.n	10002c5e <_ftoa+0xae>
10002c72:	ed9f 7b9d 	vldr	d7, [pc, #628]	@ 10002ee8 <_ftoa+0x338>
10002c76:	ed8d 7b08 	vstr	d7, [sp, #32]
10002c7a:	4649      	mov	r1, r9
10002c7c:	4640      	mov	r0, r8
10002c7e:	f7ff fb4f 	bl	10002320 <__wrap___aeabi_d2iz>
10002c82:	4604      	mov	r4, r0
10002c84:	f7ff fb28 	bl	100022d8 <__wrap___aeabi_i2d>
10002c88:	4602      	mov	r2, r0
10002c8a:	460b      	mov	r3, r1
10002c8c:	4640      	mov	r0, r8
10002c8e:	4649      	mov	r1, r9
10002c90:	f7ff fa9c 	bl	100021cc <__wrap___aeabi_dsub>
10002c94:	e9dd 2308 	ldrd	r2, r3, [sp, #32]
10002c98:	f7ff faac 	bl	100021f4 <__wrap___aeabi_dmul>
10002c9c:	4602      	mov	r2, r0
10002c9e:	460b      	mov	r3, r1
10002ca0:	e9cd 230a 	strd	r2, r3, [sp, #40]	@ 0x28
10002ca4:	f7ff fb4e 	bl	10002344 <__wrap___aeabi_d2uiz>
10002ca8:	4607      	mov	r7, r0
10002caa:	f7ff fb27 	bl	100022fc <__wrap___aeabi_ui2d>
10002cae:	4602      	mov	r2, r0
10002cb0:	460b      	mov	r3, r1
10002cb2:	e9dd 010a 	ldrd	r0, r1, [sp, #40]	@ 0x28
10002cb6:	f7ff fa89 	bl	100021cc <__wrap___aeabi_dsub>
10002cba:	4602      	mov	r2, r0
10002cbc:	460b      	mov	r3, r1
10002cbe:	e9cd 230a 	strd	r2, r3, [sp, #40]	@ 0x28
10002cc2:	2200      	movs	r2, #0
10002cc4:	4b8f      	ldr	r3, [pc, #572]	@ (10002f04 <_ftoa+0x354>)
10002cc6:	f7ff fb89 	bl	100023dc <__wrap___aeabi_dcmpgt>
10002cca:	2800      	cmp	r0, #0
10002ccc:	f000 80db 	beq.w	10002e86 <_ftoa+0x2d6>
10002cd0:	3701      	adds	r7, #1
10002cd2:	4638      	mov	r0, r7
10002cd4:	f7ff fb12 	bl	100022fc <__wrap___aeabi_ui2d>
10002cd8:	e9dd 2308 	ldrd	r2, r3, [sp, #32]
10002cdc:	f7ff fb6a 	bl	100023b4 <__wrap___aeabi_dcmpge>
10002ce0:	b108      	cbz	r0, 10002ce6 <_ftoa+0x136>
10002ce2:	2700      	movs	r7, #0
10002ce4:	3401      	adds	r4, #1
10002ce6:	2e00      	cmp	r6, #0
10002ce8:	f040 80b1 	bne.w	10002e4e <_ftoa+0x29e>
10002cec:	4620      	mov	r0, r4
10002cee:	f7ff faf3 	bl	100022d8 <__wrap___aeabi_i2d>
10002cf2:	4602      	mov	r2, r0
10002cf4:	460b      	mov	r3, r1
10002cf6:	4640      	mov	r0, r8
10002cf8:	4649      	mov	r1, r9
10002cfa:	f7ff fa67 	bl	100021cc <__wrap___aeabi_dsub>
10002cfe:	2200      	movs	r2, #0
10002d00:	4b80      	ldr	r3, [pc, #512]	@ (10002f04 <_ftoa+0x354>)
10002d02:	4606      	mov	r6, r0
10002d04:	460f      	mov	r7, r1
10002d06:	f7ff fb41 	bl	1000238c <__wrap___aeabi_dcmplt>
10002d0a:	b940      	cbnz	r0, 10002d1e <_ftoa+0x16e>
10002d0c:	4630      	mov	r0, r6
10002d0e:	4639      	mov	r1, r7
10002d10:	2200      	movs	r2, #0
10002d12:	4b7c      	ldr	r3, [pc, #496]	@ (10002f04 <_ftoa+0x354>)
10002d14:	f7ff fb62 	bl	100023dc <__wrap___aeabi_dcmpgt>
10002d18:	2800      	cmp	r0, #0
10002d1a:	f000 8115 	beq.w	10002f48 <_ftoa+0x398>
10002d1e:	9b0c      	ldr	r3, [sp, #48]	@ 0x30
10002d20:	1e69      	subs	r1, r5, #1
10002d22:	4879      	ldr	r0, [pc, #484]	@ (10002f08 <_ftoa+0x358>)
10002d24:	4419      	add	r1, r3
10002d26:	e010      	b.n	10002d4a <_ftoa+0x19a>
10002d28:	fb80 6204 	smull	r6, r2, r0, r4
10002d2c:	ebc3 03a2 	rsb	r3, r3, r2, asr #2
10002d30:	eb03 0283 	add.w	r2, r3, r3, lsl #2
10002d34:	eba4 0442 	sub.w	r4, r4, r2, lsl #1
10002d38:	f104 0230 	add.w	r2, r4, #48	@ 0x30
10002d3c:	3501      	adds	r5, #1
10002d3e:	461c      	mov	r4, r3
10002d40:	f801 2f01 	strb.w	r2, [r1, #1]!
10002d44:	2b00      	cmp	r3, #0
10002d46:	f000 80ab 	beq.w	10002ea0 <_ftoa+0x2f0>
10002d4a:	2d20      	cmp	r5, #32
10002d4c:	ea4f 73e4 	mov.w	r3, r4, asr #31
10002d50:	d1ea      	bne.n	10002d28 <_ftoa+0x178>
10002d52:	f00a 0303 	and.w	r3, sl, #3
10002d56:	2b01      	cmp	r3, #1
10002d58:	d11c      	bne.n	10002d94 <_ftoa+0x1e4>
10002d5a:	f1bb 0f00 	cmp.w	fp, #0
10002d5e:	d019      	beq.n	10002d94 <_ftoa+0x1e4>
10002d60:	9b0d      	ldr	r3, [sp, #52]	@ 0x34
10002d62:	2b00      	cmp	r3, #0
10002d64:	f040 80f9 	bne.w	10002f5a <_ftoa+0x3aa>
10002d68:	f01a 0f0c 	tst.w	sl, #12
10002d6c:	f040 80f5 	bne.w	10002f5a <_ftoa+0x3aa>
10002d70:	45ab      	cmp	fp, r5
10002d72:	f240 80d3 	bls.w	10002f1c <_ftoa+0x36c>
10002d76:	2d20      	cmp	r5, #32
10002d78:	d00b      	beq.n	10002d92 <_ftoa+0x1e2>
10002d7a:	2230      	movs	r2, #48	@ 0x30
10002d7c:	990c      	ldr	r1, [sp, #48]	@ 0x30
10002d7e:	1e6b      	subs	r3, r5, #1
10002d80:	440b      	add	r3, r1
10002d82:	3501      	adds	r5, #1
10002d84:	455d      	cmp	r5, fp
10002d86:	f803 2f01 	strb.w	r2, [r3, #1]!
10002d8a:	f000 808d 	beq.w	10002ea8 <_ftoa+0x2f8>
10002d8e:	2d20      	cmp	r5, #32
10002d90:	d1f7      	bne.n	10002d82 <_ftoa+0x1d2>
10002d92:	2520      	movs	r5, #32
10002d94:	e9dd 2306 	ldrd	r2, r3, [sp, #24]
10002d98:	e9dd 0104 	ldrd	r0, r1, [sp, #16]
10002d9c:	9c0c      	ldr	r4, [sp, #48]	@ 0x30
10002d9e:	e9cd ba02 	strd	fp, sl, [sp, #8]
10002da2:	9501      	str	r5, [sp, #4]
10002da4:	9400      	str	r4, [sp, #0]
10002da6:	f7ff fb2f 	bl	10002408 <_out_rev>
10002daa:	b017      	add	sp, #92	@ 0x5c
10002dac:	e8bd 8ff0 	ldmia.w	sp!, {r4, r5, r6, r7, r8, r9, sl, fp, pc}
10002db0:	e9cd 8920 	strd	r8, r9, [sp, #128]	@ 0x80
10002db4:	e9dd 2306 	ldrd	r2, r3, [sp, #24]
10002db8:	e9dd 0104 	ldrd	r0, r1, [sp, #16]
10002dbc:	e9cd ba23 	strd	fp, sl, [sp, #140]	@ 0x8c
10002dc0:	9422      	str	r4, [sp, #136]	@ 0x88
10002dc2:	b017      	add	sp, #92	@ 0x5c
10002dc4:	e8bd 4ff0 	ldmia.w	sp!, {r4, r5, r6, r7, r8, r9, sl, fp, lr}
10002dc8:	f7ff bcc2 	b.w	10002750 <_etoa>
10002dcc:	4d4f      	ldr	r5, [pc, #316]	@ (10002f0c <_ftoa+0x35c>)
10002dce:	f8cd a08c 	str.w	sl, [sp, #140]	@ 0x8c
10002dd2:	f00a 0a04 	and.w	sl, sl, #4
10002dd6:	f1ba 0f00 	cmp.w	sl, #0
10002dda:	4c4d      	ldr	r4, [pc, #308]	@ (10002f10 <_ftoa+0x360>)
10002ddc:	bf18      	it	ne
10002dde:	462c      	movne	r4, r5
10002de0:	e9dd 2306 	ldrd	r2, r3, [sp, #24]
10002de4:	e9dd 0104 	ldrd	r0, r1, [sp, #16]
10002de8:	9420      	str	r4, [sp, #128]	@ 0x80
10002dea:	bf0c      	ite	eq
10002dec:	2403      	moveq	r4, #3
10002dee:	2404      	movne	r4, #4
10002df0:	f8cd b088 	str.w	fp, [sp, #136]	@ 0x88
10002df4:	9421      	str	r4, [sp, #132]	@ 0x84
10002df6:	b017      	add	sp, #92	@ 0x5c
10002df8:	e8bd 4ff0 	ldmia.w	sp!, {r4, r5, r6, r7, r8, r9, sl, fp, lr}
10002dfc:	f7ff bb04 	b.w	10002408 <_out_rev>
10002e00:	464b      	mov	r3, r9
10002e02:	4642      	mov	r2, r8
10002e04:	2000      	movs	r0, #0
10002e06:	2100      	movs	r1, #0
10002e08:	f7ff f9e0 	bl	100021cc <__wrap___aeabi_dsub>
10002e0c:	2301      	movs	r3, #1
10002e0e:	f41a 6580 	ands.w	r5, sl, #1024	@ 0x400
10002e12:	4680      	mov	r8, r0
10002e14:	4689      	mov	r9, r1
10002e16:	930d      	str	r3, [sp, #52]	@ 0x34
10002e18:	f47f af17 	bne.w	10002c4a <_ftoa+0x9a>
10002e1c:	ed9f 7b36 	vldr	d7, [pc, #216]	@ 10002ef8 <_ftoa+0x348>
10002e20:	ab0e      	add	r3, sp, #56	@ 0x38
10002e22:	2606      	movs	r6, #6
10002e24:	ed8d 7b08 	vstr	d7, [sp, #32]
10002e28:	930c      	str	r3, [sp, #48]	@ 0x30
10002e2a:	e726      	b.n	10002c7a <_ftoa+0xca>
10002e2c:	2404      	movs	r4, #4
10002e2e:	e9dd 2306 	ldrd	r2, r3, [sp, #24]
10002e32:	e9dd 0104 	ldrd	r0, r1, [sp, #16]
10002e36:	4d37      	ldr	r5, [pc, #220]	@ (10002f14 <_ftoa+0x364>)
10002e38:	f8cd a08c 	str.w	sl, [sp, #140]	@ 0x8c
10002e3c:	f8cd b088 	str.w	fp, [sp, #136]	@ 0x88
10002e40:	9520      	str	r5, [sp, #128]	@ 0x80
10002e42:	9421      	str	r4, [sp, #132]	@ 0x84
10002e44:	b017      	add	sp, #92	@ 0x5c
10002e46:	e8bd 4ff0 	ldmia.w	sp!, {r4, r5, r6, r7, r8, r9, sl, fp, lr}
10002e4a:	f7ff badd 	b.w	10002408 <_out_rev>
10002e4e:	9b0c      	ldr	r3, [sp, #48]	@ 0x30
10002e50:	1e68      	subs	r0, r5, #1
10002e52:	f8df c0c4 	ldr.w	ip, [pc, #196]	@ 10002f18 <_ftoa+0x368>
10002e56:	4418      	add	r0, r3
10002e58:	e00d      	b.n	10002e76 <_ftoa+0x2c6>
10002e5a:	fbac 2107 	umull	r2, r1, ip, r7
10002e5e:	08c9      	lsrs	r1, r1, #3
10002e60:	eb01 0281 	add.w	r2, r1, r1, lsl #2
10002e64:	eba7 0242 	sub.w	r2, r7, r2, lsl #1
10002e68:	3230      	adds	r2, #48	@ 0x30
10002e6a:	2f09      	cmp	r7, #9
10002e6c:	f800 2f01 	strb.w	r2, [r0, #1]!
10002e70:	d927      	bls.n	10002ec2 <_ftoa+0x312>
10002e72:	460f      	mov	r7, r1
10002e74:	461d      	mov	r5, r3
10002e76:	2d20      	cmp	r5, #32
10002e78:	f105 0301 	add.w	r3, r5, #1
10002e7c:	f106 36ff 	add.w	r6, r6, #4294967295
10002e80:	d1eb      	bne.n	10002e5a <_ftoa+0x2aa>
10002e82:	2520      	movs	r5, #32
10002e84:	e74b      	b.n	10002d1e <_ftoa+0x16e>
10002e86:	2200      	movs	r2, #0
10002e88:	e9dd 010a 	ldrd	r0, r1, [sp, #40]	@ 0x28
10002e8c:	4b1d      	ldr	r3, [pc, #116]	@ (10002f04 <_ftoa+0x354>)
10002e8e:	f7ff fa7d 	bl	1000238c <__wrap___aeabi_dcmplt>
10002e92:	2800      	cmp	r0, #0
10002e94:	f47f af27 	bne.w	10002ce6 <_ftoa+0x136>
10002e98:	2f00      	cmp	r7, #0
10002e9a:	d15a      	bne.n	10002f52 <_ftoa+0x3a2>
10002e9c:	3701      	adds	r7, #1
10002e9e:	e722      	b.n	10002ce6 <_ftoa+0x136>
10002ea0:	f00a 0303 	and.w	r3, sl, #3
10002ea4:	2b01      	cmp	r3, #1
10002ea6:	d075      	beq.n	10002f94 <_ftoa+0x3e4>
10002ea8:	2d20      	cmp	r5, #32
10002eaa:	f43f af73 	beq.w	10002d94 <_ftoa+0x1e4>
10002eae:	9b0d      	ldr	r3, [sp, #52]	@ 0x34
10002eb0:	b3bb      	cbz	r3, 10002f22 <_ftoa+0x372>
10002eb2:	222d      	movs	r2, #45	@ 0x2d
10002eb4:	f105 0358 	add.w	r3, r5, #88	@ 0x58
10002eb8:	446b      	add	r3, sp
10002eba:	f803 2c20 	strb.w	r2, [r3, #-32]
10002ebe:	3501      	adds	r5, #1
10002ec0:	e768      	b.n	10002d94 <_ftoa+0x1e4>
10002ec2:	2b20      	cmp	r3, #32
10002ec4:	d0dd      	beq.n	10002e82 <_ftoa+0x2d2>
10002ec6:	b3ae      	cbz	r6, 10002f34 <_ftoa+0x384>
10002ec8:	9a0c      	ldr	r2, [sp, #48]	@ 0x30
10002eca:	441e      	add	r6, r3
10002ecc:	4415      	add	r5, r2
10002ece:	2230      	movs	r2, #48	@ 0x30
10002ed0:	e001      	b.n	10002ed6 <_ftoa+0x326>
10002ed2:	42b3      	cmp	r3, r6
10002ed4:	d02e      	beq.n	10002f34 <_ftoa+0x384>
10002ed6:	3301      	adds	r3, #1
10002ed8:	2b20      	cmp	r3, #32
10002eda:	f805 2f01 	strb.w	r2, [r5, #1]!
10002ede:	d1f8      	bne.n	10002ed2 <_ftoa+0x322>
10002ee0:	e7cf      	b.n	10002e82 <_ftoa+0x2d2>
10002ee2:	461d      	mov	r5, r3
10002ee4:	e6c5      	b.n	10002c72 <_ftoa+0xc2>
10002ee6:	bf00      	nop
10002ee8:	00000000 	.word	0x00000000
10002eec:	41cdcd65 	.word	0x41cdcd65
10002ef0:	00000000 	.word	0x00000000
10002ef4:	c1cdcd65 	.word	0xc1cdcd65
10002ef8:	00000000 	.word	0x00000000
10002efc:	412e8480 	.word	0x412e8480
10002f00:	7fefffff 	.word	0x7fefffff
10002f04:	3fe00000 	.word	0x3fe00000
10002f08:	66666667 	.word	0x66666667
10002f0c:	1000616c 	.word	0x1000616c
10002f10:	10006174 	.word	0x10006174
10002f14:	1000617c 	.word	0x1000617c
10002f18:	cccccccd 	.word	0xcccccccd
10002f1c:	2d20      	cmp	r5, #32
10002f1e:	f43f af39 	beq.w	10002d94 <_ftoa+0x1e4>
10002f22:	f01a 0f04 	tst.w	sl, #4
10002f26:	d10d      	bne.n	10002f44 <_ftoa+0x394>
10002f28:	f01a 0f08 	tst.w	sl, #8
10002f2c:	f43f af32 	beq.w	10002d94 <_ftoa+0x1e4>
10002f30:	2220      	movs	r2, #32
10002f32:	e7bf      	b.n	10002eb4 <_ftoa+0x304>
10002f34:	212e      	movs	r1, #46	@ 0x2e
10002f36:	f103 0258 	add.w	r2, r3, #88	@ 0x58
10002f3a:	446a      	add	r2, sp
10002f3c:	f802 1c20 	strb.w	r1, [r2, #-32]
10002f40:	1c5d      	adds	r5, r3, #1
10002f42:	e6ec      	b.n	10002d1e <_ftoa+0x16e>
10002f44:	222b      	movs	r2, #43	@ 0x2b
10002f46:	e7b5      	b.n	10002eb4 <_ftoa+0x304>
10002f48:	07e3      	lsls	r3, r4, #31
10002f4a:	f57f aee8 	bpl.w	10002d1e <_ftoa+0x16e>
10002f4e:	3401      	adds	r4, #1
10002f50:	e6e5      	b.n	10002d1e <_ftoa+0x16e>
10002f52:	07fa      	lsls	r2, r7, #31
10002f54:	f57f aec7 	bpl.w	10002ce6 <_ftoa+0x136>
10002f58:	e7a0      	b.n	10002e9c <_ftoa+0x2ec>
10002f5a:	f10b 3bff 	add.w	fp, fp, #4294967295
10002f5e:	45ab      	cmp	fp, r5
10002f60:	f63f af09 	bhi.w	10002d76 <_ftoa+0x1c6>
10002f64:	e7a0      	b.n	10002ea8 <_ftoa+0x2f8>
10002f66:	2403      	movs	r4, #3
10002f68:	e9dd 2306 	ldrd	r2, r3, [sp, #24]
10002f6c:	e9dd 0104 	ldrd	r0, r1, [sp, #16]
10002f70:	4d0a      	ldr	r5, [pc, #40]	@ (10002f9c <_ftoa+0x3ec>)
10002f72:	f8cd a08c 	str.w	sl, [sp, #140]	@ 0x8c
10002f76:	f8cd b088 	str.w	fp, [sp, #136]	@ 0x88
10002f7a:	e761      	b.n	10002e40 <_ftoa+0x290>
10002f7c:	4b08      	ldr	r3, [pc, #32]	@ (10002fa0 <_ftoa+0x3f0>)
10002f7e:	4626      	mov	r6, r4
10002f80:	eb03 03c4 	add.w	r3, r3, r4, lsl #3
10002f84:	ed93 7b00 	vldr	d7, [r3]
10002f88:	ab0e      	add	r3, sp, #56	@ 0x38
10002f8a:	ed8d 7b08 	vstr	d7, [sp, #32]
10002f8e:	2500      	movs	r5, #0
10002f90:	930c      	str	r3, [sp, #48]	@ 0x30
10002f92:	e672      	b.n	10002c7a <_ftoa+0xca>
10002f94:	f1bb 0f00 	cmp.w	fp, #0
10002f98:	d086      	beq.n	10002ea8 <_ftoa+0x2f8>
10002f9a:	e6e1      	b.n	10002d60 <_ftoa+0x1b0>
10002f9c:	10006178 	.word	0x10006178
10002fa0:	100062a8 	.word	0x100062a8

10002fa4 <_vsnprintf>:
10002fa4:	e92d 4ff0 	stmdb	sp!, {r4, r5, r6, r7, r8, r9, sl, fp, lr}
10002fa8:	469a      	mov	sl, r3
10002faa:	b09b      	sub	sp, #108	@ 0x6c
10002fac:	9c24      	ldr	r4, [sp, #144]	@ 0x90
10002fae:	4d96      	ldr	r5, [pc, #600]	@ (10003208 <_vsnprintf+0x264>)
10002fb0:	940b      	str	r4, [sp, #44]	@ 0x2c
10002fb2:	4c96      	ldr	r4, [pc, #600]	@ (1000320c <_vsnprintf+0x268>)
10002fb4:	1e0b      	subs	r3, r1, #0
10002fb6:	bf18      	it	ne
10002fb8:	4683      	movne	fp, r0
10002fba:	6025      	str	r5, [r4, #0]
10002fbc:	f89a 0000 	ldrb.w	r0, [sl]
10002fc0:	4c93      	ldr	r4, [pc, #588]	@ (10003210 <_vsnprintf+0x26c>)
10002fc2:	930a      	str	r3, [sp, #40]	@ 0x28
10002fc4:	bf08      	it	eq
10002fc6:	46a3      	moveq	fp, r4
10002fc8:	9209      	str	r2, [sp, #36]	@ 0x24
10002fca:	2800      	cmp	r0, #0
10002fcc:	f000 82bc 	beq.w	10003548 <_vsnprintf+0x5a4>
10002fd0:	f04f 0900 	mov.w	r9, #0
10002fd4:	e00a      	b.n	10002fec <_vsnprintf+0x48>
10002fd6:	464a      	mov	r2, r9
10002fd8:	9b09      	ldr	r3, [sp, #36]	@ 0x24
10002fda:	990a      	ldr	r1, [sp, #40]	@ 0x28
10002fdc:	f109 0901 	add.w	r9, r9, #1
10002fe0:	47d8      	blx	fp
10002fe2:	f89a 0000 	ldrb.w	r0, [sl]
10002fe6:	2800      	cmp	r0, #0
10002fe8:	f000 80ce 	beq.w	10003188 <_vsnprintf+0x1e4>
10002fec:	2825      	cmp	r0, #37	@ 0x25
10002fee:	f10a 0a01 	add.w	sl, sl, #1
10002ff2:	d1f0      	bne.n	10002fd6 <_vsnprintf+0x32>
10002ff4:	2300      	movs	r3, #0
10002ff6:	4652      	mov	r2, sl
10002ff8:	f812 0b01 	ldrb.w	r0, [r2], #1
10002ffc:	f1a0 0120 	sub.w	r1, r0, #32
10003000:	2910      	cmp	r1, #16
10003002:	d80a      	bhi.n	1000301a <_vsnprintf+0x76>
10003004:	e8df f001 	tbb	[pc, r1]
10003008:	3c090940 	.word	0x3c090940
1000300c:	09090909 	.word	0x09090909
10003010:	38090909 	.word	0x38090909
10003014:	09093409 	.word	0x09093409
10003018:	30          	.byte	0x30
10003019:	00          	.byte	0x00
1000301a:	f1a0 0130 	sub.w	r1, r0, #48	@ 0x30
1000301e:	2909      	cmp	r1, #9
10003020:	f240 808c 	bls.w	1000313c <_vsnprintf+0x198>
10003024:	282a      	cmp	r0, #42	@ 0x2a
10003026:	f000 80f5 	beq.w	10003214 <_vsnprintf+0x270>
1000302a:	2100      	movs	r1, #0
1000302c:	910c      	str	r1, [sp, #48]	@ 0x30
1000302e:	282e      	cmp	r0, #46	@ 0x2e
10003030:	f000 8099 	beq.w	10003166 <_vsnprintf+0x1c2>
10003034:	2700      	movs	r7, #0
10003036:	f1a0 0168 	sub.w	r1, r0, #104	@ 0x68
1000303a:	2912      	cmp	r1, #18
1000303c:	d82d      	bhi.n	1000309a <_vsnprintf+0xf6>
1000303e:	e8df f011 	tbh	[pc, r1, lsl #1]
10003042:	0157      	.short	0x0157
10003044:	0151002c 	.word	0x0151002c
10003048:	0145002c 	.word	0x0145002c
1000304c:	002c002c 	.word	0x002c002c
10003050:	002c002c 	.word	0x002c002c
10003054:	002c002c 	.word	0x002c002c
10003058:	0027002c 	.word	0x0027002c
1000305c:	002c002c 	.word	0x002c002c
10003060:	002c002c 	.word	0x002c002c
10003064:	0027002c 	.word	0x0027002c
10003068:	4692      	mov	sl, r2
1000306a:	f043 0301 	orr.w	r3, r3, #1
1000306e:	e7c2      	b.n	10002ff6 <_vsnprintf+0x52>
10003070:	4692      	mov	sl, r2
10003072:	f043 0302 	orr.w	r3, r3, #2
10003076:	e7be      	b.n	10002ff6 <_vsnprintf+0x52>
10003078:	4692      	mov	sl, r2
1000307a:	f043 0304 	orr.w	r3, r3, #4
1000307e:	e7ba      	b.n	10002ff6 <_vsnprintf+0x52>
10003080:	4692      	mov	sl, r2
10003082:	f043 0310 	orr.w	r3, r3, #16
10003086:	e7b6      	b.n	10002ff6 <_vsnprintf+0x52>
10003088:	4692      	mov	sl, r2
1000308a:	f043 0308 	orr.w	r3, r3, #8
1000308e:	e7b2      	b.n	10002ff6 <_vsnprintf+0x52>
10003090:	f89a 0001 	ldrb.w	r0, [sl, #1]
10003094:	f443 7380 	orr.w	r3, r3, #256	@ 0x100
10003098:	3201      	adds	r2, #1
1000309a:	2867      	cmp	r0, #103	@ 0x67
1000309c:	4692      	mov	sl, r2
1000309e:	f200 8082 	bhi.w	100031a6 <_vsnprintf+0x202>
100030a2:	2824      	cmp	r0, #36	@ 0x24
100030a4:	f240 80c6 	bls.w	10003234 <_vsnprintf+0x290>
100030a8:	f1a0 0225 	sub.w	r2, r0, #37	@ 0x25
100030ac:	2a42      	cmp	r2, #66	@ 0x42
100030ae:	f200 80c1 	bhi.w	10003234 <_vsnprintf+0x290>
100030b2:	e8df f012 	tbh	[pc, r2, lsl #1]
100030b6:	015f      	.short	0x015f
100030b8:	00bf00bf 	.word	0x00bf00bf
100030bc:	00bf00bf 	.word	0x00bf00bf
100030c0:	00bf00bf 	.word	0x00bf00bf
100030c4:	00bf00bf 	.word	0x00bf00bf
100030c8:	00bf00bf 	.word	0x00bf00bf
100030cc:	00bf00bf 	.word	0x00bf00bf
100030d0:	00bf00bf 	.word	0x00bf00bf
100030d4:	00bf00bf 	.word	0x00bf00bf
100030d8:	00bf00bf 	.word	0x00bf00bf
100030dc:	00bf00bf 	.word	0x00bf00bf
100030e0:	00bf00bf 	.word	0x00bf00bf
100030e4:	00bf00bf 	.word	0x00bf00bf
100030e8:	00bf00bf 	.word	0x00bf00bf
100030ec:	00bf00bf 	.word	0x00bf00bf
100030f0:	00bf00bf 	.word	0x00bf00bf
100030f4:	012600bf 	.word	0x012600bf
100030f8:	01260145 	.word	0x01260145
100030fc:	00bf00bf 	.word	0x00bf00bf
10003100:	00bf00bf 	.word	0x00bf00bf
10003104:	00bf00bf 	.word	0x00bf00bf
10003108:	00bf00bf 	.word	0x00bf00bf
1000310c:	00bf00bf 	.word	0x00bf00bf
10003110:	00bf00bf 	.word	0x00bf00bf
10003114:	00bf00bf 	.word	0x00bf00bf
10003118:	00bf00bf 	.word	0x00bf00bf
1000311c:	00bf01d3 	.word	0x00bf01d3
10003120:	00bf00bf 	.word	0x00bf00bf
10003124:	00bf00bf 	.word	0x00bf00bf
10003128:	00bf00bf 	.word	0x00bf00bf
1000312c:	00bf00bf 	.word	0x00bf00bf
10003130:	016701d3 	.word	0x016701d3
10003134:	012601d3 	.word	0x012601d3
10003138:	01260145 	.word	0x01260145
1000313c:	2100      	movs	r1, #0
1000313e:	e000      	b.n	10003142 <_vsnprintf+0x19e>
10003140:	3201      	adds	r2, #1
10003142:	eb01 0181 	add.w	r1, r1, r1, lsl #2
10003146:	eb00 0141 	add.w	r1, r0, r1, lsl #1
1000314a:	7810      	ldrb	r0, [r2, #0]
1000314c:	4692      	mov	sl, r2
1000314e:	f1a0 0430 	sub.w	r4, r0, #48	@ 0x30
10003152:	2c09      	cmp	r4, #9
10003154:	f1a1 0130 	sub.w	r1, r1, #48	@ 0x30
10003158:	d9f2      	bls.n	10003140 <_vsnprintf+0x19c>
1000315a:	282e      	cmp	r0, #46	@ 0x2e
1000315c:	910c      	str	r1, [sp, #48]	@ 0x30
1000315e:	f102 0201 	add.w	r2, r2, #1
10003162:	f47f af67 	bne.w	10003034 <_vsnprintf+0x90>
10003166:	f89a 0001 	ldrb.w	r0, [sl, #1]
1000316a:	4611      	mov	r1, r2
1000316c:	f1a0 0630 	sub.w	r6, r0, #48	@ 0x30
10003170:	2e09      	cmp	r6, #9
10003172:	f443 6380 	orr.w	r3, r3, #1024	@ 0x400
10003176:	f240 8131 	bls.w	100033dc <_vsnprintf+0x438>
1000317a:	282a      	cmp	r0, #42	@ 0x2a
1000317c:	f000 813e 	beq.w	100033fc <_vsnprintf+0x458>
10003180:	4692      	mov	sl, r2
10003182:	2700      	movs	r7, #0
10003184:	3201      	adds	r2, #1
10003186:	e756      	b.n	10003036 <_vsnprintf+0x92>
10003188:	464c      	mov	r4, r9
1000318a:	9b09      	ldr	r3, [sp, #36]	@ 0x24
1000318c:	4599      	cmp	r9, r3
1000318e:	d301      	bcc.n	10003194 <_vsnprintf+0x1f0>
10003190:	f103 39ff 	add.w	r9, r3, #4294967295
10003194:	464a      	mov	r2, r9
10003196:	2000      	movs	r0, #0
10003198:	9b09      	ldr	r3, [sp, #36]	@ 0x24
1000319a:	990a      	ldr	r1, [sp, #40]	@ 0x28
1000319c:	47d8      	blx	fp
1000319e:	4620      	mov	r0, r4
100031a0:	b01b      	add	sp, #108	@ 0x6c
100031a2:	e8bd 8ff0 	ldmia.w	sp!, {r4, r5, r6, r7, r8, r9, sl, fp, pc}
100031a6:	f1a0 0269 	sub.w	r2, r0, #105	@ 0x69
100031aa:	b2d2      	uxtb	r2, r2
100031ac:	2a0f      	cmp	r2, #15
100031ae:	d841      	bhi.n	10003234 <_vsnprintf+0x290>
100031b0:	2601      	movs	r6, #1
100031b2:	f249 0141 	movw	r1, #36929	@ 0x9041
100031b6:	4096      	lsls	r6, r2
100031b8:	400e      	ands	r6, r1
100031ba:	f040 8101 	bne.w	100033c0 <_vsnprintf+0x41c>
100031be:	2a0a      	cmp	r2, #10
100031c0:	d03f      	beq.n	10003242 <_vsnprintf+0x29e>
100031c2:	2a07      	cmp	r2, #7
100031c4:	d136      	bne.n	10003234 <_vsnprintf+0x290>
100031c6:	9c0b      	ldr	r4, [sp, #44]	@ 0x2c
100031c8:	f854 2b04 	ldr.w	r2, [r4], #4
100031cc:	2a00      	cmp	r2, #0
100031ce:	f000 8128 	beq.w	10003422 <_vsnprintf+0x47e>
100031d2:	f043 0121 	orr.w	r1, r3, #33	@ 0x21
100031d6:	f10d 0e48 	add.w	lr, sp, #72	@ 0x48
100031da:	4670      	mov	r0, lr
100031dc:	e003      	b.n	100031e6 <_vsnprintf+0x242>
100031de:	2e20      	cmp	r6, #32
100031e0:	f000 8129 	beq.w	10003436 <_vsnprintf+0x492>
100031e4:	461a      	mov	r2, r3
100031e6:	f002 050f 	and.w	r5, r2, #15
100031ea:	462b      	mov	r3, r5
100031ec:	2d09      	cmp	r5, #9
100031ee:	bf94      	ite	ls
100031f0:	3330      	addls	r3, #48	@ 0x30
100031f2:	3337      	addhi	r3, #55	@ 0x37
100031f4:	2a0f      	cmp	r2, #15
100031f6:	f800 3b01 	strb.w	r3, [r0], #1
100031fa:	f106 0601 	add.w	r6, r6, #1
100031fe:	ea4f 1312 	mov.w	r3, r2, lsr #4
10003202:	d8ec      	bhi.n	100031de <_vsnprintf+0x23a>
10003204:	e117      	b.n	10003436 <_vsnprintf+0x492>
10003206:	bf00      	nop
10003208:	10002fa5 	.word	0x10002fa5
1000320c:	20001c78 	.word	0x20001c78
10003210:	10002405 	.word	0x10002405
10003214:	9c0b      	ldr	r4, [sp, #44]	@ 0x2c
10003216:	f89a 0001 	ldrb.w	r0, [sl, #1]
1000321a:	f854 5b04 	ldr.w	r5, [r4], #4
1000321e:	4692      	mov	sl, r2
10003220:	2d00      	cmp	r5, #0
10003222:	bfbd      	ittte	lt
10003224:	4269      	neglt	r1, r5
10003226:	f043 0302 	orrlt.w	r3, r3, #2
1000322a:	910c      	strlt	r1, [sp, #48]	@ 0x30
1000322c:	950c      	strge	r5, [sp, #48]	@ 0x30
1000322e:	940b      	str	r4, [sp, #44]	@ 0x2c
10003230:	3201      	adds	r2, #1
10003232:	e6fc      	b.n	1000302e <_vsnprintf+0x8a>
10003234:	464a      	mov	r2, r9
10003236:	9b09      	ldr	r3, [sp, #36]	@ 0x24
10003238:	990a      	ldr	r1, [sp, #40]	@ 0x28
1000323a:	f109 0901 	add.w	r9, r9, #1
1000323e:	47d8      	blx	fp
10003240:	e6cf      	b.n	10002fe2 <_vsnprintf+0x3e>
10003242:	990b      	ldr	r1, [sp, #44]	@ 0x2c
10003244:	f851 8b04 	ldr.w	r8, [r1], #4
10003248:	f898 2000 	ldrb.w	r2, [r8]
1000324c:	4610      	mov	r0, r2
1000324e:	2f00      	cmp	r7, #0
10003250:	f040 80e1 	bne.w	10003416 <_vsnprintf+0x472>
10003254:	b172      	cbz	r2, 10003274 <_vsnprintf+0x2d0>
10003256:	f06f 0c01 	mvn.w	ip, #1
1000325a:	f10c 0c01 	add.w	ip, ip, #1
1000325e:	4646      	mov	r6, r8
10003260:	44c4      	add	ip, r8
10003262:	e001      	b.n	10003268 <_vsnprintf+0x2c4>
10003264:	4566      	cmp	r6, ip
10003266:	d003      	beq.n	10003270 <_vsnprintf+0x2cc>
10003268:	f816 4f01 	ldrb.w	r4, [r6, #1]!
1000326c:	2c00      	cmp	r4, #0
1000326e:	d1f9      	bne.n	10003264 <_vsnprintf+0x2c0>
10003270:	eba6 0608 	sub.w	r6, r6, r8
10003274:	f413 6c80 	ands.w	ip, r3, #1024	@ 0x400
10003278:	d002      	beq.n	10003280 <_vsnprintf+0x2dc>
1000327a:	42be      	cmp	r6, r7
1000327c:	bf28      	it	cs
1000327e:	463e      	movcs	r6, r7
10003280:	f013 0402 	ands.w	r4, r3, #2
10003284:	f000 8187 	beq.w	10003596 <_vsnprintf+0x5f2>
10003288:	2a00      	cmp	r2, #0
1000328a:	f000 812b 	beq.w	100034e4 <_vsnprintf+0x540>
1000328e:	f1bc 0f00 	cmp.w	ip, #0
10003292:	f000 8141 	beq.w	10003518 <_vsnprintf+0x574>
10003296:	940b      	str	r4, [sp, #44]	@ 0x2c
10003298:	960d      	str	r6, [sp, #52]	@ 0x34
1000329a:	464a      	mov	r2, r9
1000329c:	e9dd 5409 	ldrd	r5, r4, [sp, #36]	@ 0x24
100032a0:	460e      	mov	r6, r1
100032a2:	444f      	add	r7, r9
100032a4:	e008      	b.n	100032b8 <_vsnprintf+0x314>
100032a6:	462b      	mov	r3, r5
100032a8:	4621      	mov	r1, r4
100032aa:	47d8      	blx	fp
100032ac:	f818 0f01 	ldrb.w	r0, [r8, #1]!
100032b0:	f109 0901 	add.w	r9, r9, #1
100032b4:	b110      	cbz	r0, 100032bc <_vsnprintf+0x318>
100032b6:	464a      	mov	r2, r9
100032b8:	454f      	cmp	r7, r9
100032ba:	d1f4      	bne.n	100032a6 <_vsnprintf+0x302>
100032bc:	4631      	mov	r1, r6
100032be:	9c0b      	ldr	r4, [sp, #44]	@ 0x2c
100032c0:	9e0d      	ldr	r6, [sp, #52]	@ 0x34
100032c2:	2c00      	cmp	r4, #0
100032c4:	f040 810e 	bne.w	100034e4 <_vsnprintf+0x540>
100032c8:	910b      	str	r1, [sp, #44]	@ 0x2c
100032ca:	e68a      	b.n	10002fe2 <_vsnprintf+0x3e>
100032cc:	f89a 0001 	ldrb.w	r0, [sl, #1]
100032d0:	286c      	cmp	r0, #108	@ 0x6c
100032d2:	f47f aedf 	bne.w	10003094 <_vsnprintf+0xf0>
100032d6:	f89a 0002 	ldrb.w	r0, [sl, #2]
100032da:	f443 7340 	orr.w	r3, r3, #768	@ 0x300
100032de:	f10a 0203 	add.w	r2, sl, #3
100032e2:	e6da      	b.n	1000309a <_vsnprintf+0xf6>
100032e4:	f89a 0001 	ldrb.w	r0, [sl, #1]
100032e8:	f443 7300 	orr.w	r3, r3, #512	@ 0x200
100032ec:	3201      	adds	r2, #1
100032ee:	e6d4      	b.n	1000309a <_vsnprintf+0xf6>
100032f0:	f89a 0001 	ldrb.w	r0, [sl, #1]
100032f4:	2868      	cmp	r0, #104	@ 0x68
100032f6:	f000 8120 	beq.w	1000353a <_vsnprintf+0x596>
100032fa:	f043 0380 	orr.w	r3, r3, #128	@ 0x80
100032fe:	3201      	adds	r2, #1
10003300:	e6cb      	b.n	1000309a <_vsnprintf+0xf6>
10003302:	2867      	cmp	r0, #103	@ 0x67
10003304:	f000 80e7 	beq.w	100034d6 <_vsnprintf+0x532>
10003308:	2847      	cmp	r0, #71	@ 0x47
1000330a:	f000 8100 	beq.w	1000350e <_vsnprintf+0x56a>
1000330e:	2845      	cmp	r0, #69	@ 0x45
10003310:	f000 80ff 	beq.w	10003512 <_vsnprintf+0x56e>
10003314:	9c0b      	ldr	r4, [sp, #44]	@ 0x2c
10003316:	9304      	str	r3, [sp, #16]
10003318:	9b0c      	ldr	r3, [sp, #48]	@ 0x30
1000331a:	3407      	adds	r4, #7
1000331c:	e9cd 7302 	strd	r7, r3, [sp, #8]
10003320:	f024 0307 	bic.w	r3, r4, #7
10003324:	461c      	mov	r4, r3
10003326:	e9dd 3109 	ldrd	r3, r1, [sp, #36]	@ 0x24
1000332a:	e8f4 6702 	ldrd	r6, r7, [r4], #8
1000332e:	464a      	mov	r2, r9
10003330:	4658      	mov	r0, fp
10003332:	e9cd 6700 	strd	r6, r7, [sp]
10003336:	940b      	str	r4, [sp, #44]	@ 0x2c
10003338:	f7ff fa0a 	bl	10002750 <_etoa>
1000333c:	4681      	mov	r9, r0
1000333e:	e650      	b.n	10002fe2 <_vsnprintf+0x3e>
10003340:	2846      	cmp	r0, #70	@ 0x46
10003342:	9c0b      	ldr	r4, [sp, #44]	@ 0x2c
10003344:	bf08      	it	eq
10003346:	f043 0320 	orreq.w	r3, r3, #32
1000334a:	9304      	str	r3, [sp, #16]
1000334c:	9b0c      	ldr	r3, [sp, #48]	@ 0x30
1000334e:	3407      	adds	r4, #7
10003350:	e9cd 7302 	strd	r7, r3, [sp, #8]
10003354:	f024 0307 	bic.w	r3, r4, #7
10003358:	461c      	mov	r4, r3
1000335a:	e9dd 3109 	ldrd	r3, r1, [sp, #36]	@ 0x24
1000335e:	e8f4 6702 	ldrd	r6, r7, [r4], #8
10003362:	464a      	mov	r2, r9
10003364:	4658      	mov	r0, fp
10003366:	e9cd 6700 	strd	r6, r7, [sp]
1000336a:	940b      	str	r4, [sp, #44]	@ 0x2c
1000336c:	f7ff fc20 	bl	10002bb0 <_ftoa>
10003370:	4681      	mov	r9, r0
10003372:	e636      	b.n	10002fe2 <_vsnprintf+0x3e>
10003374:	464a      	mov	r2, r9
10003376:	2025      	movs	r0, #37	@ 0x25
10003378:	9b09      	ldr	r3, [sp, #36]	@ 0x24
1000337a:	990a      	ldr	r1, [sp, #40]	@ 0x28
1000337c:	f109 0901 	add.w	r9, r9, #1
10003380:	47d8      	blx	fp
10003382:	e62e      	b.n	10002fe2 <_vsnprintf+0x3e>
10003384:	9a0b      	ldr	r2, [sp, #44]	@ 0x2c
10003386:	079c      	lsls	r4, r3, #30
10003388:	f102 0704 	add.w	r7, r2, #4
1000338c:	f109 0601 	add.w	r6, r9, #1
10003390:	f140 80e6 	bpl.w	10003560 <_vsnprintf+0x5bc>
10003394:	7810      	ldrb	r0, [r2, #0]
10003396:	9b09      	ldr	r3, [sp, #36]	@ 0x24
10003398:	464a      	mov	r2, r9
1000339a:	990a      	ldr	r1, [sp, #40]	@ 0x28
1000339c:	47d8      	blx	fp
1000339e:	9b0c      	ldr	r3, [sp, #48]	@ 0x30
100033a0:	2b01      	cmp	r3, #1
100033a2:	f240 812c 	bls.w	100035fe <_vsnprintf+0x65a>
100033a6:	e9dd 5409 	ldrd	r5, r4, [sp, #36]	@ 0x24
100033aa:	4499      	add	r9, r3
100033ac:	4632      	mov	r2, r6
100033ae:	462b      	mov	r3, r5
100033b0:	4621      	mov	r1, r4
100033b2:	2020      	movs	r0, #32
100033b4:	3601      	adds	r6, #1
100033b6:	47d8      	blx	fp
100033b8:	454e      	cmp	r6, r9
100033ba:	d1f7      	bne.n	100033ac <_vsnprintf+0x408>
100033bc:	970b      	str	r7, [sp, #44]	@ 0x2c
100033be:	e610      	b.n	10002fe2 <_vsnprintf+0x3e>
100033c0:	286f      	cmp	r0, #111	@ 0x6f
100033c2:	f000 808b 	beq.w	100034dc <_vsnprintf+0x538>
100033c6:	f240 8165 	bls.w	10003694 <_vsnprintf+0x6f0>
100033ca:	2878      	cmp	r0, #120	@ 0x78
100033cc:	f000 8108 	beq.w	100035e0 <_vsnprintf+0x63c>
100033d0:	f04f 080a 	mov.w	r8, #10
100033d4:	f023 0310 	bic.w	r3, r3, #16
100033d8:	46c4      	mov	ip, r8
100033da:	e047      	b.n	1000346c <_vsnprintf+0x4c8>
100033dc:	2700      	movs	r7, #0
100033de:	eb07 0787 	add.w	r7, r7, r7, lsl #2
100033e2:	eb00 0047 	add.w	r0, r0, r7, lsl #1
100033e6:	f1a0 0730 	sub.w	r7, r0, #48	@ 0x30
100033ea:	f811 0f01 	ldrb.w	r0, [r1, #1]!
100033ee:	f1a0 0230 	sub.w	r2, r0, #48	@ 0x30
100033f2:	2a09      	cmp	r2, #9
100033f4:	d9f3      	bls.n	100033de <_vsnprintf+0x43a>
100033f6:	468a      	mov	sl, r1
100033f8:	1c4a      	adds	r2, r1, #1
100033fa:	e61c      	b.n	10003036 <_vsnprintf+0x92>
100033fc:	9c0b      	ldr	r4, [sp, #44]	@ 0x2c
100033fe:	f89a 0002 	ldrb.w	r0, [sl, #2]
10003402:	f854 7b04 	ldr.w	r7, [r4], #4
10003406:	f10a 0a02 	add.w	sl, sl, #2
1000340a:	f10a 0201 	add.w	r2, sl, #1
1000340e:	940b      	str	r4, [sp, #44]	@ 0x2c
10003410:	ea27 77e7 	bic.w	r7, r7, r7, asr #31
10003414:	e60f      	b.n	10003036 <_vsnprintf+0x92>
10003416:	2a00      	cmp	r2, #0
10003418:	f43f af2c 	beq.w	10003274 <_vsnprintf+0x2d0>
1000341c:	f107 3cff 	add.w	ip, r7, #4294967295
10003420:	e71b      	b.n	1000325a <_vsnprintf+0x2b6>
10003422:	f023 0110 	bic.w	r1, r3, #16
10003426:	f413 6280 	ands.w	r2, r3, #1024	@ 0x400
1000342a:	f041 0121 	orr.w	r1, r1, #33	@ 0x21
1000342e:	f43f aed2 	beq.w	100031d6 <_vsnprintf+0x232>
10003432:	f10d 0e48 	add.w	lr, sp, #72	@ 0x48
10003436:	2308      	movs	r3, #8
10003438:	2010      	movs	r0, #16
1000343a:	9305      	str	r3, [sp, #20]
1000343c:	2300      	movs	r3, #0
1000343e:	464a      	mov	r2, r9
10003440:	e9cd 3002 	strd	r3, r0, [sp, #8]
10003444:	9106      	str	r1, [sp, #24]
10003446:	4658      	mov	r0, fp
10003448:	e9dd 3109 	ldrd	r3, r1, [sp, #36]	@ 0x24
1000344c:	e9cd e600 	strd	lr, r6, [sp]
10003450:	9704      	str	r7, [sp, #16]
10003452:	f7ff f827 	bl	100024a4 <_ntoa_format>
10003456:	940b      	str	r4, [sp, #44]	@ 0x2c
10003458:	4681      	mov	r9, r0
1000345a:	e5c2      	b.n	10002fe2 <_vsnprintf+0x3e>
1000345c:	2858      	cmp	r0, #88	@ 0x58
1000345e:	d079      	beq.n	10003554 <_vsnprintf+0x5b0>
10003460:	2862      	cmp	r0, #98	@ 0x62
10003462:	f040 8251 	bne.w	10003908 <_vsnprintf+0x964>
10003466:	f04f 0802 	mov.w	r8, #2
1000346a:	46c4      	mov	ip, r8
1000346c:	f413 6080 	ands.w	r0, r3, #1024	@ 0x400
10003470:	d16d      	bne.n	1000354e <_vsnprintf+0x5aa>
10003472:	f023 030c 	bic.w	r3, r3, #12
10003476:	f413 7200 	ands.w	r2, r3, #512	@ 0x200
1000347a:	f040 80c2 	bne.w	10003602 <_vsnprintf+0x65e>
1000347e:	990b      	ldr	r1, [sp, #44]	@ 0x2c
10003480:	3104      	adds	r1, #4
10003482:	910d      	str	r1, [sp, #52]	@ 0x34
10003484:	f413 7180 	ands.w	r1, r3, #256	@ 0x100
10003488:	f040 822e 	bne.w	100038e8 <_vsnprintf+0x944>
1000348c:	065e      	lsls	r6, r3, #25
1000348e:	9a0b      	ldr	r2, [sp, #44]	@ 0x2c
10003490:	f140 80aa 	bpl.w	100035e8 <_vsnprintf+0x644>
10003494:	7812      	ldrb	r2, [r2, #0]
10003496:	2a00      	cmp	r2, #0
10003498:	f040 80da 	bne.w	10003650 <_vsnprintf+0x6ac>
1000349c:	f023 0310 	bic.w	r3, r3, #16
100034a0:	2800      	cmp	r0, #0
100034a2:	f000 80d5 	beq.w	10003650 <_vsnprintf+0x6ac>
100034a6:	4611      	mov	r1, r2
100034a8:	f10d 0e48 	add.w	lr, sp, #72	@ 0x48
100034ac:	9306      	str	r3, [sp, #24]
100034ae:	9b0c      	ldr	r3, [sp, #48]	@ 0x30
100034b0:	f8cd c00c 	str.w	ip, [sp, #12]
100034b4:	e9cd 7304 	strd	r7, r3, [sp, #16]
100034b8:	9101      	str	r1, [sp, #4]
100034ba:	2300      	movs	r3, #0
100034bc:	464a      	mov	r2, r9
100034be:	9302      	str	r3, [sp, #8]
100034c0:	4658      	mov	r0, fp
100034c2:	e9dd 3109 	ldrd	r3, r1, [sp, #36]	@ 0x24
100034c6:	f8cd e000 	str.w	lr, [sp]
100034ca:	f7fe ffeb 	bl	100024a4 <_ntoa_format>
100034ce:	9b0d      	ldr	r3, [sp, #52]	@ 0x34
100034d0:	4681      	mov	r9, r0
100034d2:	930b      	str	r3, [sp, #44]	@ 0x2c
100034d4:	e585      	b.n	10002fe2 <_vsnprintf+0x3e>
100034d6:	f443 6300 	orr.w	r3, r3, #2048	@ 0x800
100034da:	e71b      	b.n	10003314 <_vsnprintf+0x370>
100034dc:	f04f 0808 	mov.w	r8, #8
100034e0:	46c4      	mov	ip, r8
100034e2:	e7c3      	b.n	1000346c <_vsnprintf+0x4c8>
100034e4:	9b0c      	ldr	r3, [sp, #48]	@ 0x30
100034e6:	464c      	mov	r4, r9
100034e8:	42b3      	cmp	r3, r6
100034ea:	f67f aeed 	bls.w	100032c8 <_vsnprintf+0x324>
100034ee:	460f      	mov	r7, r1
100034f0:	444b      	add	r3, r9
100034f2:	eba3 0906 	sub.w	r9, r3, r6
100034f6:	e9dd 6509 	ldrd	r6, r5, [sp, #36]	@ 0x24
100034fa:	4622      	mov	r2, r4
100034fc:	4633      	mov	r3, r6
100034fe:	4629      	mov	r1, r5
10003500:	2020      	movs	r0, #32
10003502:	3401      	adds	r4, #1
10003504:	47d8      	blx	fp
10003506:	454c      	cmp	r4, r9
10003508:	d1f7      	bne.n	100034fa <_vsnprintf+0x556>
1000350a:	4639      	mov	r1, r7
1000350c:	e6dc      	b.n	100032c8 <_vsnprintf+0x324>
1000350e:	f443 6300 	orr.w	r3, r3, #2048	@ 0x800
10003512:	f043 0320 	orr.w	r3, r3, #32
10003516:	e6fd      	b.n	10003314 <_vsnprintf+0x370>
10003518:	460f      	mov	r7, r1
1000351a:	940b      	str	r4, [sp, #44]	@ 0x2c
1000351c:	e9dd 5409 	ldrd	r5, r4, [sp, #36]	@ 0x24
10003520:	464a      	mov	r2, r9
10003522:	462b      	mov	r3, r5
10003524:	4621      	mov	r1, r4
10003526:	47d8      	blx	fp
10003528:	f818 0f01 	ldrb.w	r0, [r8, #1]!
1000352c:	f109 0901 	add.w	r9, r9, #1
10003530:	2800      	cmp	r0, #0
10003532:	d1f5      	bne.n	10003520 <_vsnprintf+0x57c>
10003534:	4639      	mov	r1, r7
10003536:	9c0b      	ldr	r4, [sp, #44]	@ 0x2c
10003538:	e6c3      	b.n	100032c2 <_vsnprintf+0x31e>
1000353a:	f89a 0002 	ldrb.w	r0, [sl, #2]
1000353e:	f043 03c0 	orr.w	r3, r3, #192	@ 0xc0
10003542:	f10a 0203 	add.w	r2, sl, #3
10003546:	e5a8      	b.n	1000309a <_vsnprintf+0xf6>
10003548:	4604      	mov	r4, r0
1000354a:	4681      	mov	r9, r0
1000354c:	e61d      	b.n	1000318a <_vsnprintf+0x1e6>
1000354e:	f023 030d 	bic.w	r3, r3, #13
10003552:	e790      	b.n	10003476 <_vsnprintf+0x4d2>
10003554:	f04f 0810 	mov.w	r8, #16
10003558:	f043 0320 	orr.w	r3, r3, #32
1000355c:	46c4      	mov	ip, r8
1000355e:	e785      	b.n	1000346c <_vsnprintf+0x4c8>
10003560:	9b0c      	ldr	r3, [sp, #48]	@ 0x30
10003562:	2b01      	cmp	r3, #1
10003564:	d945      	bls.n	100035f2 <_vsnprintf+0x64e>
10003566:	e9dd 5409 	ldrd	r5, r4, [sp, #36]	@ 0x24
1000356a:	464e      	mov	r6, r9
1000356c:	f109 38ff 	add.w	r8, r9, #4294967295
10003570:	4498      	add	r8, r3
10003572:	4632      	mov	r2, r6
10003574:	462b      	mov	r3, r5
10003576:	4621      	mov	r1, r4
10003578:	2020      	movs	r0, #32
1000357a:	3601      	adds	r6, #1
1000357c:	47d8      	blx	fp
1000357e:	4546      	cmp	r6, r8
10003580:	d1f7      	bne.n	10003572 <_vsnprintf+0x5ce>
10003582:	9b0c      	ldr	r3, [sp, #48]	@ 0x30
10003584:	4632      	mov	r2, r6
10003586:	4499      	add	r9, r3
10003588:	9b0b      	ldr	r3, [sp, #44]	@ 0x2c
1000358a:	7818      	ldrb	r0, [r3, #0]
1000358c:	e9dd 3109 	ldrd	r3, r1, [sp, #36]	@ 0x24
10003590:	47d8      	blx	fp
10003592:	970b      	str	r7, [sp, #44]	@ 0x2c
10003594:	e525      	b.n	10002fe2 <_vsnprintf+0x3e>
10003596:	9b0c      	ldr	r3, [sp, #48]	@ 0x30
10003598:	42b3      	cmp	r3, r6
1000359a:	f240 81ee 	bls.w	1000397a <_vsnprintf+0x9d6>
1000359e:	e9cd 480d 	strd	r4, r8, [sp, #52]	@ 0x34
100035a2:	e9dd 5409 	ldrd	r5, r4, [sp, #36]	@ 0x24
100035a6:	4688      	mov	r8, r1
100035a8:	444b      	add	r3, r9
100035aa:	1b9e      	subs	r6, r3, r6
100035ac:	f8cd c02c 	str.w	ip, [sp, #44]	@ 0x2c
100035b0:	464a      	mov	r2, r9
100035b2:	462b      	mov	r3, r5
100035b4:	4621      	mov	r1, r4
100035b6:	2020      	movs	r0, #32
100035b8:	f109 0901 	add.w	r9, r9, #1
100035bc:	47d8      	blx	fp
100035be:	45b1      	cmp	r9, r6
100035c0:	d1f6      	bne.n	100035b0 <_vsnprintf+0x60c>
100035c2:	4641      	mov	r1, r8
100035c4:	f8dd 8038 	ldr.w	r8, [sp, #56]	@ 0x38
100035c8:	9b0c      	ldr	r3, [sp, #48]	@ 0x30
100035ca:	f8dd c02c 	ldr.w	ip, [sp, #44]	@ 0x2c
100035ce:	9c0d      	ldr	r4, [sp, #52]	@ 0x34
100035d0:	f898 2000 	ldrb.w	r2, [r8]
100035d4:	1c5e      	adds	r6, r3, #1
100035d6:	4610      	mov	r0, r2
100035d8:	2a00      	cmp	r2, #0
100035da:	f47f ae58 	bne.w	1000328e <_vsnprintf+0x2ea>
100035de:	e673      	b.n	100032c8 <_vsnprintf+0x324>
100035e0:	f04f 0810 	mov.w	r8, #16
100035e4:	46c4      	mov	ip, r8
100035e6:	e741      	b.n	1000346c <_vsnprintf+0x4c8>
100035e8:	061d      	lsls	r5, r3, #24
100035ea:	bf4c      	ite	mi
100035ec:	8812      	ldrhmi	r2, [r2, #0]
100035ee:	6812      	ldrpl	r2, [r2, #0]
100035f0:	e751      	b.n	10003496 <_vsnprintf+0x4f2>
100035f2:	4613      	mov	r3, r2
100035f4:	464a      	mov	r2, r9
100035f6:	7818      	ldrb	r0, [r3, #0]
100035f8:	e9dd 3109 	ldrd	r3, r1, [sp, #36]	@ 0x24
100035fc:	47d8      	blx	fp
100035fe:	46b1      	mov	r9, r6
10003600:	e6dc      	b.n	100033bc <_vsnprintf+0x418>
10003602:	9c0b      	ldr	r4, [sp, #44]	@ 0x2c
10003604:	3407      	adds	r4, #7
10003606:	f024 0407 	bic.w	r4, r4, #7
1000360a:	4622      	mov	r2, r4
1000360c:	6865      	ldr	r5, [r4, #4]
1000360e:	f852 4b08 	ldr.w	r4, [r2], #8
10003612:	920b      	str	r2, [sp, #44]	@ 0x2c
10003614:	ea54 0205 	orrs.w	r2, r4, r5
10003618:	f040 812c 	bne.w	10003874 <_vsnprintf+0x8d0>
1000361c:	f023 0310 	bic.w	r3, r3, #16
10003620:	2800      	cmp	r0, #0
10003622:	f000 8127 	beq.w	10003874 <_vsnprintf+0x8d0>
10003626:	2600      	movs	r6, #0
10003628:	f10d 0e48 	add.w	lr, sp, #72	@ 0x48
1000362c:	9306      	str	r3, [sp, #24]
1000362e:	9b0c      	ldr	r3, [sp, #48]	@ 0x30
10003630:	464a      	mov	r2, r9
10003632:	e9cd 7304 	strd	r7, r3, [sp, #16]
10003636:	2300      	movs	r3, #0
10003638:	e9cd e600 	strd	lr, r6, [sp]
1000363c:	f8cd c00c 	str.w	ip, [sp, #12]
10003640:	9302      	str	r3, [sp, #8]
10003642:	4658      	mov	r0, fp
10003644:	e9dd 3109 	ldrd	r3, r1, [sp, #36]	@ 0x24
10003648:	f7fe ff2c 	bl	100024a4 <_ntoa_format>
1000364c:	4681      	mov	r9, r0
1000364e:	e4c8      	b.n	10002fe2 <_vsnprintf+0x3e>
10003650:	f013 0f20 	tst.w	r3, #32
10003654:	bf14      	ite	ne
10003656:	2041      	movne	r0, #65	@ 0x41
10003658:	2061      	moveq	r0, #97	@ 0x61
1000365a:	f10d 0e48 	add.w	lr, sp, #72	@ 0x48
1000365e:	4676      	mov	r6, lr
10003660:	f1a0 080a 	sub.w	r8, r0, #10
10003664:	e003      	b.n	1000366e <_vsnprintf+0x6ca>
10003666:	2920      	cmp	r1, #32
10003668:	f43f af20 	beq.w	100034ac <_vsnprintf+0x508>
1000366c:	4622      	mov	r2, r4
1000366e:	fbb2 f4fc 	udiv	r4, r2, ip
10003672:	fb0c 2514 	mls	r5, ip, r4, r2
10003676:	b2e8      	uxtb	r0, r5
10003678:	2d09      	cmp	r5, #9
1000367a:	f100 0530 	add.w	r5, r0, #48	@ 0x30
1000367e:	bf8a      	itet	hi
10003680:	4440      	addhi	r0, r8
10003682:	b2e8      	uxtbls	r0, r5
10003684:	b2c0      	uxtbhi	r0, r0
10003686:	4562      	cmp	r2, ip
10003688:	f806 0b01 	strb.w	r0, [r6], #1
1000368c:	f101 0101 	add.w	r1, r1, #1
10003690:	d2e9      	bcs.n	10003666 <_vsnprintf+0x6c2>
10003692:	e70b      	b.n	100034ac <_vsnprintf+0x508>
10003694:	f023 0210 	bic.w	r2, r3, #16
10003698:	2869      	cmp	r0, #105	@ 0x69
1000369a:	920d      	str	r2, [sp, #52]	@ 0x34
1000369c:	f040 816f 	bne.w	1000397e <_vsnprintf+0x9da>
100036a0:	f413 6280 	ands.w	r2, r3, #1024	@ 0x400
100036a4:	d004      	beq.n	100036b0 <_vsnprintf+0x70c>
100036a6:	f44f 6280 	mov.w	r2, #1024	@ 0x400
100036aa:	f023 0311 	bic.w	r3, r3, #17
100036ae:	930d      	str	r3, [sp, #52]	@ 0x34
100036b0:	9b0d      	ldr	r3, [sp, #52]	@ 0x34
100036b2:	f413 7600 	ands.w	r6, r3, #512	@ 0x200
100036b6:	d140      	bne.n	1000373a <_vsnprintf+0x796>
100036b8:	9b0b      	ldr	r3, [sp, #44]	@ 0x2c
100036ba:	f103 0804 	add.w	r8, r3, #4
100036be:	9b0d      	ldr	r3, [sp, #52]	@ 0x34
100036c0:	f413 7080 	ands.w	r0, r3, #256	@ 0x100
100036c4:	f040 8098 	bne.w	100037f8 <_vsnprintf+0x854>
100036c8:	0659      	lsls	r1, r3, #25
100036ca:	f140 80c6 	bpl.w	1000385a <_vsnprintf+0x8b6>
100036ce:	9b0b      	ldr	r3, [sp, #44]	@ 0x2c
100036d0:	7819      	ldrb	r1, [r3, #0]
100036d2:	460c      	mov	r4, r1
100036d4:	0fcb      	lsrs	r3, r1, #31
100036d6:	2900      	cmp	r1, #0
100036d8:	f000 80b9 	beq.w	1000384e <_vsnprintf+0x8aa>
100036dc:	4622      	mov	r2, r4
100036de:	f10d 0e48 	add.w	lr, sp, #72	@ 0x48
100036e2:	4674      	mov	r4, lr
100036e4:	4616      	mov	r6, r2
100036e6:	f8df c2a0 	ldr.w	ip, [pc, #672]	@ 10003988 <_vsnprintf+0x9e4>
100036ea:	e001      	b.n	100036f0 <_vsnprintf+0x74c>
100036ec:	2820      	cmp	r0, #32
100036ee:	d00f      	beq.n	10003710 <_vsnprintf+0x76c>
100036f0:	4635      	mov	r5, r6
100036f2:	fbac 2106 	umull	r2, r1, ip, r6
100036f6:	08c9      	lsrs	r1, r1, #3
100036f8:	eb01 0281 	add.w	r2, r1, r1, lsl #2
100036fc:	eba6 0242 	sub.w	r2, r6, r2, lsl #1
10003700:	3230      	adds	r2, #48	@ 0x30
10003702:	2d09      	cmp	r5, #9
10003704:	460e      	mov	r6, r1
10003706:	f100 0001 	add.w	r0, r0, #1
1000370a:	f804 2b01 	strb.w	r2, [r4], #1
1000370e:	d8ed      	bhi.n	100036ec <_vsnprintf+0x748>
10003710:	9a0d      	ldr	r2, [sp, #52]	@ 0x34
10003712:	e9cd 0301 	strd	r0, r3, [sp, #4]
10003716:	9206      	str	r2, [sp, #24]
10003718:	9a0c      	ldr	r2, [sp, #48]	@ 0x30
1000371a:	e9cd 7204 	strd	r7, r2, [sp, #16]
1000371e:	230a      	movs	r3, #10
10003720:	464a      	mov	r2, r9
10003722:	9303      	str	r3, [sp, #12]
10003724:	4658      	mov	r0, fp
10003726:	e9dd 3109 	ldrd	r3, r1, [sp, #36]	@ 0x24
1000372a:	f8cd e000 	str.w	lr, [sp]
1000372e:	f7fe feb9 	bl	100024a4 <_ntoa_format>
10003732:	f8cd 802c 	str.w	r8, [sp, #44]	@ 0x2c
10003736:	4681      	mov	r9, r0
10003738:	e453      	b.n	10002fe2 <_vsnprintf+0x3e>
1000373a:	9c0b      	ldr	r4, [sp, #44]	@ 0x2c
1000373c:	3407      	adds	r4, #7
1000373e:	f024 0407 	bic.w	r4, r4, #7
10003742:	4621      	mov	r1, r4
10003744:	4608      	mov	r0, r1
10003746:	6863      	ldr	r3, [r4, #4]
10003748:	f850 1b08 	ldr.w	r1, [r0], #8
1000374c:	0fdc      	lsrs	r4, r3, #31
1000374e:	900b      	str	r0, [sp, #44]	@ 0x2c
10003750:	ea51 0003 	orrs.w	r0, r1, r3
10003754:	f000 80c3 	beq.w	100038de <_vsnprintf+0x93a>
10003758:	460a      	mov	r2, r1
1000375a:	1e19      	subs	r1, r3, #0
1000375c:	db48      	blt.n	100037f0 <_vsnprintf+0x84c>
1000375e:	4613      	mov	r3, r2
10003760:	f10d 0e48 	add.w	lr, sp, #72	@ 0x48
10003764:	46f4      	mov	ip, lr
10003766:	2600      	movs	r6, #0
10003768:	e9cd 940e 	strd	r9, r4, [sp, #56]	@ 0x38
1000376c:	f8df 8218 	ldr.w	r8, [pc, #536]	@ 10003988 <_vsnprintf+0x9e4>
10003770:	e001      	b.n	10003776 <_vsnprintf+0x7d2>
10003772:	2e20      	cmp	r6, #32
10003774:	d02d      	beq.n	100037d2 <_vsnprintf+0x82e>
10003776:	185a      	adds	r2, r3, r1
10003778:	f142 0200 	adc.w	r2, r2, #0
1000377c:	fba8 5902 	umull	r5, r9, r8, r2
10003780:	f029 0503 	bic.w	r5, r9, #3
10003784:	eb05 0599 	add.w	r5, r5, r9, lsr #2
10003788:	1b52      	subs	r2, r2, r5
1000378a:	461c      	mov	r4, r3
1000378c:	1a9b      	subs	r3, r3, r2
1000378e:	f161 0500 	sbc.w	r5, r1, #0
10003792:	4608      	mov	r0, r1
10003794:	f04f 31cc 	mov.w	r1, #3435973836	@ 0xcccccccc
10003798:	fb01 f103 	mul.w	r1, r1, r3
1000379c:	fb08 1105 	mla	r1, r8, r5, r1
100037a0:	fba3 5308 	umull	r5, r3, r3, r8
100037a4:	4419      	add	r1, r3
100037a6:	2305      	movs	r3, #5
100037a8:	f005 0901 	and.w	r9, r5, #1
100037ac:	fba9 3903 	umull	r3, r9, r9, r3
100037b0:	189b      	adds	r3, r3, r2
100037b2:	2c0a      	cmp	r4, #10
100037b4:	f103 0330 	add.w	r3, r3, #48	@ 0x30
100037b8:	ea4f 0555 	mov.w	r5, r5, lsr #1
100037bc:	f170 0000 	sbcs.w	r0, r0, #0
100037c0:	f80c 3b01 	strb.w	r3, [ip], #1
100037c4:	f106 0601 	add.w	r6, r6, #1
100037c8:	ea45 73c1 	orr.w	r3, r5, r1, lsl #31
100037cc:	ea4f 0151 	mov.w	r1, r1, lsr #1
100037d0:	d2cf      	bcs.n	10003772 <_vsnprintf+0x7ce>
100037d2:	e9dd 940e 	ldrd	r9, r4, [sp, #56]	@ 0x38
100037d6:	9b0d      	ldr	r3, [sp, #52]	@ 0x34
100037d8:	464a      	mov	r2, r9
100037da:	9306      	str	r3, [sp, #24]
100037dc:	9b0c      	ldr	r3, [sp, #48]	@ 0x30
100037de:	e9cd 6401 	strd	r6, r4, [sp, #4]
100037e2:	e9cd 7304 	strd	r7, r3, [sp, #16]
100037e6:	230a      	movs	r3, #10
100037e8:	f8cd e000 	str.w	lr, [sp]
100037ec:	9303      	str	r3, [sp, #12]
100037ee:	e728      	b.n	10003642 <_vsnprintf+0x69e>
100037f0:	4252      	negs	r2, r2
100037f2:	eb61 0141 	sbc.w	r1, r1, r1, lsl #1
100037f6:	e7b2      	b.n	1000375e <_vsnprintf+0x7ba>
100037f8:	9b0b      	ldr	r3, [sp, #44]	@ 0x2c
100037fa:	6819      	ldr	r1, [r3, #0]
100037fc:	0fcb      	lsrs	r3, r1, #31
100037fe:	2900      	cmp	r1, #0
10003800:	f000 80ab 	beq.w	1000395a <_vsnprintf+0x9b6>
10003804:	ea81 72e1 	eor.w	r2, r1, r1, asr #31
10003808:	eba2 72e1 	sub.w	r2, r2, r1, asr #31
1000380c:	f10d 0e48 	add.w	lr, sp, #72	@ 0x48
10003810:	4670      	mov	r0, lr
10003812:	f8df c174 	ldr.w	ip, [pc, #372]	@ 10003988 <_vsnprintf+0x9e4>
10003816:	e001      	b.n	1000381c <_vsnprintf+0x878>
10003818:	2e20      	cmp	r6, #32
1000381a:	d010      	beq.n	1000383e <_vsnprintf+0x89a>
1000381c:	4615      	mov	r5, r2
1000381e:	fbac 4102 	umull	r4, r1, ip, r2
10003822:	08c9      	lsrs	r1, r1, #3
10003824:	eb01 0481 	add.w	r4, r1, r1, lsl #2
10003828:	eba2 0444 	sub.w	r4, r2, r4, lsl #1
1000382c:	f104 0230 	add.w	r2, r4, #48	@ 0x30
10003830:	2d09      	cmp	r5, #9
10003832:	f800 2b01 	strb.w	r2, [r0], #1
10003836:	f106 0601 	add.w	r6, r6, #1
1000383a:	460a      	mov	r2, r1
1000383c:	d8ec      	bhi.n	10003818 <_vsnprintf+0x874>
1000383e:	9a0d      	ldr	r2, [sp, #52]	@ 0x34
10003840:	e9cd 6301 	strd	r6, r3, [sp, #4]
10003844:	9206      	str	r2, [sp, #24]
10003846:	9a0c      	ldr	r2, [sp, #48]	@ 0x30
10003848:	e9cd 7204 	strd	r7, r2, [sp, #16]
1000384c:	e767      	b.n	1000371e <_vsnprintf+0x77a>
1000384e:	2a00      	cmp	r2, #0
10003850:	f43f af45 	beq.w	100036de <_vsnprintf+0x73a>
10003854:	f10d 0e48 	add.w	lr, sp, #72	@ 0x48
10003858:	e75a      	b.n	10003710 <_vsnprintf+0x76c>
1000385a:	f013 0f80 	tst.w	r3, #128	@ 0x80
1000385e:	9b0b      	ldr	r3, [sp, #44]	@ 0x2c
10003860:	f000 8081 	beq.w	10003966 <_vsnprintf+0x9c2>
10003864:	f9b3 1000 	ldrsh.w	r1, [r3]
10003868:	ea81 74e1 	eor.w	r4, r1, r1, asr #31
1000386c:	eba4 74e1 	sub.w	r4, r4, r1, asr #31
10003870:	b2a4      	uxth	r4, r4
10003872:	e72f      	b.n	100036d4 <_vsnprintf+0x730>
10003874:	f013 0f20 	tst.w	r3, #32
10003878:	bf14      	ite	ne
1000387a:	2241      	movne	r2, #65	@ 0x41
1000387c:	2261      	moveq	r2, #97	@ 0x61
1000387e:	f10d 0e48 	add.w	lr, sp, #72	@ 0x48
10003882:	3a0a      	subs	r2, #10
10003884:	e9cd 970d 	strd	r9, r7, [sp, #52]	@ 0x34
10003888:	f8cd b044 	str.w	fp, [sp, #68]	@ 0x44
1000388c:	2600      	movs	r6, #0
1000388e:	4677      	mov	r7, lr
10003890:	46f3      	mov	fp, lr
10003892:	4691      	mov	r9, r2
10003894:	e9cd 3c0f 	strd	r3, ip, [sp, #60]	@ 0x3c
10003898:	e003      	b.n	100038a2 <_vsnprintf+0x8fe>
1000389a:	2e20      	cmp	r6, #32
1000389c:	d017      	beq.n	100038ce <_vsnprintf+0x92a>
1000389e:	4604      	mov	r4, r0
100038a0:	460d      	mov	r5, r1
100038a2:	4629      	mov	r1, r5
100038a4:	4642      	mov	r2, r8
100038a6:	2300      	movs	r3, #0
100038a8:	4620      	mov	r0, r4
100038aa:	f002 fb41 	bl	10005f30 <____aeabi_uldivmod_veneer>
100038ae:	b2d2      	uxtb	r2, r2
100038b0:	2a09      	cmp	r2, #9
100038b2:	f102 0330 	add.w	r3, r2, #48	@ 0x30
100038b6:	bf88      	it	hi
100038b8:	eb02 0309 	addhi.w	r3, r2, r9
100038bc:	4544      	cmp	r4, r8
100038be:	b2db      	uxtb	r3, r3
100038c0:	f175 0500 	sbcs.w	r5, r5, #0
100038c4:	f807 3b01 	strb.w	r3, [r7], #1
100038c8:	f106 0601 	add.w	r6, r6, #1
100038cc:	d2e5      	bcs.n	1000389a <_vsnprintf+0x8f6>
100038ce:	46de      	mov	lr, fp
100038d0:	e9dd 970d 	ldrd	r9, r7, [sp, #52]	@ 0x34
100038d4:	e9dd 3c0f 	ldrd	r3, ip, [sp, #60]	@ 0x3c
100038d8:	f8dd b044 	ldr.w	fp, [sp, #68]	@ 0x44
100038dc:	e6a6      	b.n	1000362c <_vsnprintf+0x688>
100038de:	2a00      	cmp	r2, #0
100038e0:	d147      	bne.n	10003972 <_vsnprintf+0x9ce>
100038e2:	4613      	mov	r3, r2
100038e4:	4611      	mov	r1, r2
100038e6:	e73b      	b.n	10003760 <_vsnprintf+0x7bc>
100038e8:	990b      	ldr	r1, [sp, #44]	@ 0x2c
100038ea:	6809      	ldr	r1, [r1, #0]
100038ec:	b9a1      	cbnz	r1, 10003918 <_vsnprintf+0x974>
100038ee:	f023 0310 	bic.w	r3, r3, #16
100038f2:	b188      	cbz	r0, 10003918 <_vsnprintf+0x974>
100038f4:	f10d 0e48 	add.w	lr, sp, #72	@ 0x48
100038f8:	9306      	str	r3, [sp, #24]
100038fa:	9b0c      	ldr	r3, [sp, #48]	@ 0x30
100038fc:	f8cd c00c 	str.w	ip, [sp, #12]
10003900:	e9cd 7304 	strd	r7, r3, [sp, #16]
10003904:	9201      	str	r2, [sp, #4]
10003906:	e5d8      	b.n	100034ba <_vsnprintf+0x516>
10003908:	f413 6280 	ands.w	r2, r3, #1024	@ 0x400
1000390c:	f47f aecb 	bne.w	100036a6 <_vsnprintf+0x702>
10003910:	f023 0310 	bic.w	r3, r3, #16
10003914:	930d      	str	r3, [sp, #52]	@ 0x34
10003916:	e6cb      	b.n	100036b0 <_vsnprintf+0x70c>
10003918:	f013 0f20 	tst.w	r3, #32
1000391c:	bf14      	ite	ne
1000391e:	2041      	movne	r0, #65	@ 0x41
10003920:	2061      	moveq	r0, #97	@ 0x61
10003922:	f10d 0e48 	add.w	lr, sp, #72	@ 0x48
10003926:	4676      	mov	r6, lr
10003928:	f1a0 080a 	sub.w	r8, r0, #10
1000392c:	e002      	b.n	10003934 <_vsnprintf+0x990>
1000392e:	2a20      	cmp	r2, #32
10003930:	d0e2      	beq.n	100038f8 <_vsnprintf+0x954>
10003932:	4621      	mov	r1, r4
10003934:	fbb1 f4fc 	udiv	r4, r1, ip
10003938:	fb0c 1514 	mls	r5, ip, r4, r1
1000393c:	b2e8      	uxtb	r0, r5
1000393e:	2d09      	cmp	r5, #9
10003940:	f100 0530 	add.w	r5, r0, #48	@ 0x30
10003944:	bf8a      	itet	hi
10003946:	4440      	addhi	r0, r8
10003948:	b2e8      	uxtbls	r0, r5
1000394a:	b2c0      	uxtbhi	r0, r0
1000394c:	4561      	cmp	r1, ip
1000394e:	f806 0b01 	strb.w	r0, [r6], #1
10003952:	f102 0201 	add.w	r2, r2, #1
10003956:	d2ea      	bcs.n	1000392e <_vsnprintf+0x98a>
10003958:	e7ce      	b.n	100038f8 <_vsnprintf+0x954>
1000395a:	2a00      	cmp	r2, #0
1000395c:	f43f af56 	beq.w	1000380c <_vsnprintf+0x868>
10003960:	f10d 0e48 	add.w	lr, sp, #72	@ 0x48
10003964:	e76b      	b.n	1000383e <_vsnprintf+0x89a>
10003966:	6819      	ldr	r1, [r3, #0]
10003968:	ea81 74e1 	eor.w	r4, r1, r1, asr #31
1000396c:	eba4 74e1 	sub.w	r4, r4, r1, asr #31
10003970:	e6b0      	b.n	100036d4 <_vsnprintf+0x730>
10003972:	2600      	movs	r6, #0
10003974:	f10d 0e48 	add.w	lr, sp, #72	@ 0x48
10003978:	e72d      	b.n	100037d6 <_vsnprintf+0x832>
1000397a:	3601      	adds	r6, #1
1000397c:	e62b      	b.n	100035d6 <_vsnprintf+0x632>
1000397e:	f04f 080a 	mov.w	r8, #10
10003982:	4613      	mov	r3, r2
10003984:	46c4      	mov	ip, r8
10003986:	e571      	b.n	1000346c <_vsnprintf+0x4c8>
10003988:	cccccccd 	.word	0xcccccccd

1000398c <__wrap_vsnprintf>:
1000398c:	b530      	push	{r4, r5, lr}
1000398e:	4694      	mov	ip, r2
10003990:	468e      	mov	lr, r1
10003992:	4605      	mov	r5, r0
10003994:	461c      	mov	r4, r3
10003996:	b083      	sub	sp, #12
10003998:	4629      	mov	r1, r5
1000399a:	4672      	mov	r2, lr
1000399c:	4663      	mov	r3, ip
1000399e:	9400      	str	r4, [sp, #0]
100039a0:	4802      	ldr	r0, [pc, #8]	@ (100039ac <__wrap_vsnprintf+0x20>)
100039a2:	f7ff faff 	bl	10002fa4 <_vsnprintf>
100039a6:	b003      	add	sp, #12
100039a8:	bd30      	pop	{r4, r5, pc}
100039aa:	bf00      	nop
100039ac:	100023fd 	.word	0x100023fd

100039b0 <weak_raw_vprintf>:
100039b0:	b510      	push	{r4, lr}
100039b2:	4b09      	ldr	r3, [pc, #36]	@ (100039d8 <weak_raw_vprintf+0x28>)
100039b4:	b084      	sub	sp, #16
100039b6:	681c      	ldr	r4, [r3, #0]
100039b8:	b14c      	cbz	r4, 100039ce <weak_raw_vprintf+0x1e>
100039ba:	4603      	mov	r3, r0
100039bc:	9100      	str	r1, [sp, #0]
100039be:	f04f 32ff 	mov.w	r2, #4294967295
100039c2:	a903      	add	r1, sp, #12
100039c4:	4805      	ldr	r0, [pc, #20]	@ (100039dc <weak_raw_vprintf+0x2c>)
100039c6:	47a0      	blx	r4
100039c8:	2001      	movs	r0, #1
100039ca:	b004      	add	sp, #16
100039cc:	bd10      	pop	{r4, pc}
100039ce:	f000 f94f 	bl	10003c70 <__wrap_puts>
100039d2:	4620      	mov	r0, r4
100039d4:	b004      	add	sp, #16
100039d6:	bd10      	pop	{r4, pc}
100039d8:	20001c78 	.word	0x20001c78
100039dc:	10002749 	.word	0x10002749

100039e0 <_exit>:
100039e0:	be00      	bkpt	0x0000
100039e2:	e7fd      	b.n	100039e0 <_exit>

100039e4 <_fini>:
100039e4:	4770      	bx	lr
100039e6:	bf00      	nop

100039e8 <exit>:
100039e8:	b508      	push	{r3, lr}
100039ea:	f7ff fff9 	bl	100039e0 <_exit>
100039ee:	bf00      	nop

100039f0 <runtime_init>:
100039f0:	b538      	push	{r3, r4, r5, lr}
100039f2:	4c06      	ldr	r4, [pc, #24]	@ (10003a0c <runtime_init+0x1c>)
100039f4:	4d06      	ldr	r5, [pc, #24]	@ (10003a10 <runtime_init+0x20>)
100039f6:	f7fe faa7 	bl	10001f48 <runtime_run_initializers>
100039fa:	42ac      	cmp	r4, r5
100039fc:	d204      	bcs.n	10003a08 <runtime_init+0x18>
100039fe:	f854 3b04 	ldr.w	r3, [r4], #4
10003a02:	4798      	blx	r3
10003a04:	42ac      	cmp	r4, r5
10003a06:	d3fa      	bcc.n	100039fe <runtime_init+0xe>
10003a08:	bd38      	pop	{r3, r4, r5, pc}
10003a0a:	bf00      	nop
10003a0c:	10005f88 	.word	0x10005f88
10003a10:	10005f90 	.word	0x10005f90

10003a14 <stdio_out_chars_no_crlf>:
10003a14:	6803      	ldr	r3, [r0, #0]
10003a16:	4608      	mov	r0, r1
10003a18:	4611      	mov	r1, r2
10003a1a:	4718      	bx	r3

10003a1c <stdio_out_chars_crlf>:
10003a1c:	7d43      	ldrb	r3, [r0, #21]
10003a1e:	e92d 47f0 	stmdb	sp!, {r4, r5, r6, r7, r8, r9, sl, lr}
10003a22:	4681      	mov	r9, r0
10003a24:	460f      	mov	r7, r1
10003a26:	4616      	mov	r6, r2
10003a28:	2b00      	cmp	r3, #0
10003a2a:	d043      	beq.n	10003ab4 <stdio_out_chars_crlf+0x98>
10003a2c:	2a00      	cmp	r2, #0
10003a2e:	dd3b      	ble.n	10003aa8 <stdio_out_chars_crlf+0x8c>
10003a30:	7d03      	ldrb	r3, [r0, #20]
10003a32:	2000      	movs	r0, #0
10003a34:	1e4d      	subs	r5, r1, #1
10003a36:	4601      	mov	r1, r0
10003a38:	f815 2f01 	ldrb.w	r2, [r5, #1]!
10003a3c:	f8df 8084 	ldr.w	r8, [pc, #132]	@ 10003ac4 <stdio_out_chars_crlf+0xa8>
10003a40:	2a0a      	cmp	r2, #10
10003a42:	f101 0401 	add.w	r4, r1, #1
10003a46:	d00e      	beq.n	10003a66 <stdio_out_chars_crlf+0x4a>
10003a48:	42a6      	cmp	r6, r4
10003a4a:	d01c      	beq.n	10003a86 <stdio_out_chars_crlf+0x6a>
10003a4c:	782b      	ldrb	r3, [r5, #0]
10003a4e:	4621      	mov	r1, r4
10003a50:	f1a3 030d 	sub.w	r3, r3, #13
10003a54:	fab3 f383 	clz	r3, r3
10003a58:	f815 2f01 	ldrb.w	r2, [r5, #1]!
10003a5c:	095b      	lsrs	r3, r3, #5
10003a5e:	2a0a      	cmp	r2, #10
10003a60:	f101 0401 	add.w	r4, r1, #1
10003a64:	d1f0      	bne.n	10003a48 <stdio_out_chars_crlf+0x2c>
10003a66:	2b00      	cmp	r3, #0
10003a68:	d1ee      	bne.n	10003a48 <stdio_out_chars_crlf+0x2c>
10003a6a:	4281      	cmp	r1, r0
10003a6c:	eba1 0100 	sub.w	r1, r1, r0
10003a70:	4438      	add	r0, r7
10003a72:	dc1b      	bgt.n	10003aac <stdio_out_chars_crlf+0x90>
10003a74:	2102      	movs	r1, #2
10003a76:	4640      	mov	r0, r8
10003a78:	f8d9 3000 	ldr.w	r3, [r9]
10003a7c:	4798      	blx	r3
10003a7e:	42a6      	cmp	r6, r4
10003a80:	d008      	beq.n	10003a94 <stdio_out_chars_crlf+0x78>
10003a82:	4620      	mov	r0, r4
10003a84:	e7e2      	b.n	10003a4c <stdio_out_chars_crlf+0x30>
10003a86:	4286      	cmp	r6, r0
10003a88:	dd04      	ble.n	10003a94 <stdio_out_chars_crlf+0x78>
10003a8a:	1a31      	subs	r1, r6, r0
10003a8c:	f8d9 3000 	ldr.w	r3, [r9]
10003a90:	4438      	add	r0, r7
10003a92:	4798      	blx	r3
10003a94:	4437      	add	r7, r6
10003a96:	f817 3c01 	ldrb.w	r3, [r7, #-1]
10003a9a:	f1a3 030d 	sub.w	r3, r3, #13
10003a9e:	fab3 f383 	clz	r3, r3
10003aa2:	095b      	lsrs	r3, r3, #5
10003aa4:	f889 3014 	strb.w	r3, [r9, #20]
10003aa8:	e8bd 87f0 	ldmia.w	sp!, {r4, r5, r6, r7, r8, r9, sl, pc}
10003aac:	f8d9 3000 	ldr.w	r3, [r9]
10003ab0:	4798      	blx	r3
10003ab2:	e7df      	b.n	10003a74 <stdio_out_chars_crlf+0x58>
10003ab4:	4638      	mov	r0, r7
10003ab6:	f8d9 3000 	ldr.w	r3, [r9]
10003aba:	4611      	mov	r1, r2
10003abc:	e8bd 47f0 	ldmia.w	sp!, {r4, r5, r6, r7, r8, r9, sl, lr}
10003ac0:	4718      	bx	r3
10003ac2:	bf00      	nop
10003ac4:	100062f8 	.word	0x100062f8

10003ac8 <stdio_put_string>:
10003ac8:	e92d 47f0 	stmdb	sp!, {r4, r5, r6, r7, r8, r9, sl, lr}
10003acc:	b082      	sub	sp, #8
10003ace:	460d      	mov	r5, r1
10003ad0:	4692      	mov	sl, r2
10003ad2:	4699      	mov	r9, r3
10003ad4:	4607      	mov	r7, r0
10003ad6:	f7fe f899 	bl	10001c0c <time_us_64>
10003ada:	f04f 36ff 	mov.w	r6, #4294967295
10003ade:	f06f 4400 	mvn.w	r4, #2147483648	@ 0x80000000
10003ae2:	4a2f      	ldr	r2, [pc, #188]	@ (10003ba0 <stdio_put_string+0xd8>)
10003ae4:	1882      	adds	r2, r0, r2
10003ae6:	f141 0300 	adc.w	r3, r1, #0
10003aea:	4296      	cmp	r6, r2
10003aec:	eb74 0103 	sbcs.w	r1, r4, r3
10003af0:	bf3c      	itt	cc
10003af2:	4632      	movcc	r2, r6
10003af4:	4623      	movcc	r3, r4
10003af6:	482b      	ldr	r0, [pc, #172]	@ (10003ba4 <stdio_put_string+0xdc>)
10003af8:	f002 fa0e 	bl	10005f18 <__mutex_try_enter_block_until_veneer>
10003afc:	1c6b      	adds	r3, r5, #1
10003afe:	4680      	mov	r8, r0
10003b00:	d103      	bne.n	10003b0a <stdio_put_string+0x42>
10003b02:	4638      	mov	r0, r7
10003b04:	f002 f9c4 	bl	10005e90 <strlen>
10003b08:	4605      	mov	r5, r0
10003b0a:	4b27      	ldr	r3, [pc, #156]	@ (10003ba8 <stdio_put_string+0xe0>)
10003b0c:	4e27      	ldr	r6, [pc, #156]	@ (10003bac <stdio_put_string+0xe4>)
10003b0e:	681c      	ldr	r4, [r3, #0]
10003b10:	4b27      	ldr	r3, [pc, #156]	@ (10003bb0 <stdio_put_string+0xe8>)
10003b12:	f1b9 0f00 	cmp.w	r9, #0
10003b16:	bf18      	it	ne
10003b18:	461e      	movne	r6, r3
10003b1a:	b1b4      	cbz	r4, 10003b4a <stdio_put_string+0x82>
10003b1c:	f1ba 0f00 	cmp.w	sl, #0
10003b20:	d11a      	bne.n	10003b58 <stdio_put_string+0x90>
10003b22:	f8df 9090 	ldr.w	r9, [pc, #144]	@ 10003bb4 <stdio_put_string+0xec>
10003b26:	e001      	b.n	10003b2c <stdio_put_string+0x64>
10003b28:	6924      	ldr	r4, [r4, #16]
10003b2a:	b174      	cbz	r4, 10003b4a <stdio_put_string+0x82>
10003b2c:	6823      	ldr	r3, [r4, #0]
10003b2e:	2b00      	cmp	r3, #0
10003b30:	d0fa      	beq.n	10003b28 <stdio_put_string+0x60>
10003b32:	f8d9 3000 	ldr.w	r3, [r9]
10003b36:	b10b      	cbz	r3, 10003b3c <stdio_put_string+0x74>
10003b38:	429c      	cmp	r4, r3
10003b3a:	d1f5      	bne.n	10003b28 <stdio_put_string+0x60>
10003b3c:	4620      	mov	r0, r4
10003b3e:	462a      	mov	r2, r5
10003b40:	4639      	mov	r1, r7
10003b42:	47b0      	blx	r6
10003b44:	6924      	ldr	r4, [r4, #16]
10003b46:	2c00      	cmp	r4, #0
10003b48:	d1f0      	bne.n	10003b2c <stdio_put_string+0x64>
10003b4a:	f1b8 0f00 	cmp.w	r8, #0
10003b4e:	d11f      	bne.n	10003b90 <stdio_put_string+0xc8>
10003b50:	4628      	mov	r0, r5
10003b52:	b002      	add	sp, #8
10003b54:	e8bd 87f0 	ldmia.w	sp!, {r4, r5, r6, r7, r8, r9, sl, pc}
10003b58:	f04f 0a0a 	mov.w	sl, #10
10003b5c:	f8df 9054 	ldr.w	r9, [pc, #84]	@ 10003bb4 <stdio_put_string+0xec>
10003b60:	e002      	b.n	10003b68 <stdio_put_string+0xa0>
10003b62:	6924      	ldr	r4, [r4, #16]
10003b64:	2c00      	cmp	r4, #0
10003b66:	d0f0      	beq.n	10003b4a <stdio_put_string+0x82>
10003b68:	6823      	ldr	r3, [r4, #0]
10003b6a:	2b00      	cmp	r3, #0
10003b6c:	d0f9      	beq.n	10003b62 <stdio_put_string+0x9a>
10003b6e:	f8d9 3000 	ldr.w	r3, [r9]
10003b72:	b10b      	cbz	r3, 10003b78 <stdio_put_string+0xb0>
10003b74:	42a3      	cmp	r3, r4
10003b76:	d1f4      	bne.n	10003b62 <stdio_put_string+0x9a>
10003b78:	462a      	mov	r2, r5
10003b7a:	4639      	mov	r1, r7
10003b7c:	4620      	mov	r0, r4
10003b7e:	47b0      	blx	r6
10003b80:	2201      	movs	r2, #1
10003b82:	4620      	mov	r0, r4
10003b84:	f10d 0107 	add.w	r1, sp, #7
10003b88:	f88d a007 	strb.w	sl, [sp, #7]
10003b8c:	47b0      	blx	r6
10003b8e:	e7e8      	b.n	10003b62 <stdio_put_string+0x9a>
10003b90:	4804      	ldr	r0, [pc, #16]	@ (10003ba4 <stdio_put_string+0xdc>)
10003b92:	f002 f9b5 	bl	10005f00 <__mutex_exit_veneer>
10003b96:	4628      	mov	r0, r5
10003b98:	b002      	add	sp, #8
10003b9a:	e8bd 87f0 	ldmia.w	sp!, {r4, r5, r6, r7, r8, r9, sl, pc}
10003b9e:	bf00      	nop
10003ba0:	000f4240 	.word	0x000f4240
10003ba4:	20001370 	.word	0x20001370
10003ba8:	20001854 	.word	0x20001854
10003bac:	10003a15 	.word	0x10003a15
10003bb0:	10003a1d 	.word	0x10003a1d
10003bb4:	2000185c 	.word	0x2000185c

10003bb8 <stdio_set_driver_enabled>:
10003bb8:	4a0a      	ldr	r2, [pc, #40]	@ (10003be4 <stdio_set_driver_enabled+0x2c>)
10003bba:	6813      	ldr	r3, [r2, #0]
10003bbc:	b14b      	cbz	r3, 10003bd2 <stdio_set_driver_enabled+0x1a>
10003bbe:	4283      	cmp	r3, r0
10003bc0:	d102      	bne.n	10003bc8 <stdio_set_driver_enabled+0x10>
10003bc2:	e009      	b.n	10003bd8 <stdio_set_driver_enabled+0x20>
10003bc4:	4298      	cmp	r0, r3
10003bc6:	d007      	beq.n	10003bd8 <stdio_set_driver_enabled+0x20>
10003bc8:	f103 0210 	add.w	r2, r3, #16
10003bcc:	691b      	ldr	r3, [r3, #16]
10003bce:	2b00      	cmp	r3, #0
10003bd0:	d1f8      	bne.n	10003bc4 <stdio_set_driver_enabled+0xc>
10003bd2:	b101      	cbz	r1, 10003bd6 <stdio_set_driver_enabled+0x1e>
10003bd4:	6010      	str	r0, [r2, #0]
10003bd6:	4770      	bx	lr
10003bd8:	2900      	cmp	r1, #0
10003bda:	d1fc      	bne.n	10003bd6 <stdio_set_driver_enabled+0x1e>
10003bdc:	6903      	ldr	r3, [r0, #16]
10003bde:	6013      	str	r3, [r2, #0]
10003be0:	6101      	str	r1, [r0, #16]
10003be2:	4770      	bx	lr
10003be4:	20001854 	.word	0x20001854

10003be8 <stdio_init_all>:
10003be8:	f000 b948 	b.w	10003e7c <stdio_usb_init>

10003bec <__wrap_putchar>:
10003bec:	b5f0      	push	{r4, r5, r6, r7, lr}
10003bee:	b083      	sub	sp, #12
10003bf0:	4606      	mov	r6, r0
10003bf2:	f88d 0007 	strb.w	r0, [sp, #7]
10003bf6:	f7fe f809 	bl	10001c0c <time_us_64>
10003bfa:	f04f 35ff 	mov.w	r5, #4294967295
10003bfe:	f06f 4400 	mvn.w	r4, #2147483648	@ 0x80000000
10003c02:	4a17      	ldr	r2, [pc, #92]	@ (10003c60 <__wrap_putchar+0x74>)
10003c04:	1882      	adds	r2, r0, r2
10003c06:	f141 0300 	adc.w	r3, r1, #0
10003c0a:	4295      	cmp	r5, r2
10003c0c:	eb74 0103 	sbcs.w	r1, r4, r3
10003c10:	bf3c      	itt	cc
10003c12:	4623      	movcc	r3, r4
10003c14:	462a      	movcc	r2, r5
10003c16:	4813      	ldr	r0, [pc, #76]	@ (10003c64 <__wrap_putchar+0x78>)
10003c18:	f002 f97e 	bl	10005f18 <__mutex_try_enter_block_until_veneer>
10003c1c:	4b12      	ldr	r3, [pc, #72]	@ (10003c68 <__wrap_putchar+0x7c>)
10003c1e:	4607      	mov	r7, r0
10003c20:	681c      	ldr	r4, [r3, #0]
10003c22:	b19c      	cbz	r4, 10003c4c <__wrap_putchar+0x60>
10003c24:	4d11      	ldr	r5, [pc, #68]	@ (10003c6c <__wrap_putchar+0x80>)
10003c26:	e001      	b.n	10003c2c <__wrap_putchar+0x40>
10003c28:	6924      	ldr	r4, [r4, #16]
10003c2a:	b17c      	cbz	r4, 10003c4c <__wrap_putchar+0x60>
10003c2c:	6823      	ldr	r3, [r4, #0]
10003c2e:	2b00      	cmp	r3, #0
10003c30:	d0fa      	beq.n	10003c28 <__wrap_putchar+0x3c>
10003c32:	682b      	ldr	r3, [r5, #0]
10003c34:	b10b      	cbz	r3, 10003c3a <__wrap_putchar+0x4e>
10003c36:	429c      	cmp	r4, r3
10003c38:	d1f6      	bne.n	10003c28 <__wrap_putchar+0x3c>
10003c3a:	4620      	mov	r0, r4
10003c3c:	2201      	movs	r2, #1
10003c3e:	f10d 0107 	add.w	r1, sp, #7
10003c42:	f7ff feeb 	bl	10003a1c <stdio_out_chars_crlf>
10003c46:	6924      	ldr	r4, [r4, #16]
10003c48:	2c00      	cmp	r4, #0
10003c4a:	d1ef      	bne.n	10003c2c <__wrap_putchar+0x40>
10003c4c:	b917      	cbnz	r7, 10003c54 <__wrap_putchar+0x68>
10003c4e:	4630      	mov	r0, r6
10003c50:	b003      	add	sp, #12
10003c52:	bdf0      	pop	{r4, r5, r6, r7, pc}
10003c54:	4803      	ldr	r0, [pc, #12]	@ (10003c64 <__wrap_putchar+0x78>)
10003c56:	f002 f953 	bl	10005f00 <__mutex_exit_veneer>
10003c5a:	4630      	mov	r0, r6
10003c5c:	b003      	add	sp, #12
10003c5e:	bdf0      	pop	{r4, r5, r6, r7, pc}
10003c60:	000f4240 	.word	0x000f4240
10003c64:	20001370 	.word	0x20001370
10003c68:	20001854 	.word	0x20001854
10003c6c:	2000185c 	.word	0x2000185c

10003c70 <__wrap_puts>:
10003c70:	b538      	push	{r3, r4, r5, lr}
10003c72:	4604      	mov	r4, r0
10003c74:	f002 f90c 	bl	10005e90 <strlen>
10003c78:	2301      	movs	r3, #1
10003c7a:	4605      	mov	r5, r0
10003c7c:	461a      	mov	r2, r3
10003c7e:	4620      	mov	r0, r4
10003c80:	4629      	mov	r1, r5
10003c82:	f7ff ff21 	bl	10003ac8 <stdio_put_string>
10003c86:	4b08      	ldr	r3, [pc, #32]	@ (10003ca8 <__wrap_puts+0x38>)
10003c88:	681c      	ldr	r4, [r3, #0]
10003c8a:	b12c      	cbz	r4, 10003c98 <__wrap_puts+0x28>
10003c8c:	6863      	ldr	r3, [r4, #4]
10003c8e:	b12b      	cbz	r3, 10003c9c <__wrap_puts+0x2c>
10003c90:	4798      	blx	r3
10003c92:	6924      	ldr	r4, [r4, #16]
10003c94:	2c00      	cmp	r4, #0
10003c96:	d1f9      	bne.n	10003c8c <__wrap_puts+0x1c>
10003c98:	4628      	mov	r0, r5
10003c9a:	bd38      	pop	{r3, r4, r5, pc}
10003c9c:	6924      	ldr	r4, [r4, #16]
10003c9e:	2c00      	cmp	r4, #0
10003ca0:	d1f4      	bne.n	10003c8c <__wrap_puts+0x1c>
10003ca2:	4628      	mov	r0, r5
10003ca4:	bd38      	pop	{r3, r4, r5, pc}
10003ca6:	bf00      	nop
10003ca8:	20001854 	.word	0x20001854

10003cac <stdio_usb_set_chars_available_callback>:
10003cac:	4a02      	ldr	r2, [pc, #8]	@ (10003cb8 <stdio_usb_set_chars_available_callback+0xc>)
10003cae:	4b03      	ldr	r3, [pc, #12]	@ (10003cbc <stdio_usb_set_chars_available_callback+0x10>)
10003cb0:	6010      	str	r0, [r2, #0]
10003cb2:	6019      	str	r1, [r3, #0]
10003cb4:	4770      	bx	lr
10003cb6:	bf00      	nop
10003cb8:	200017f4 	.word	0x200017f4
10003cbc:	200017f8 	.word	0x200017f8

10003cc0 <stdio_usb_in_chars>:
10003cc0:	b538      	push	{r3, r4, r5, lr}
10003cc2:	4604      	mov	r4, r0
10003cc4:	2000      	movs	r0, #0
10003cc6:	460d      	mov	r5, r1
10003cc8:	f001 fac0 	bl	1000524c <tud_cdc_n_connected>
10003ccc:	b3a8      	cbz	r0, 10003d3a <stdio_usb_in_chars+0x7a>
10003cce:	2000      	movs	r0, #0
10003cd0:	f001 fad2 	bl	10005278 <tud_cdc_n_available>
10003cd4:	b388      	cbz	r0, 10003d3a <stdio_usb_in_chars+0x7a>
10003cd6:	f7fd ff99 	bl	10001c0c <time_us_64>
10003cda:	f04f 3eff 	mov.w	lr, #4294967295
10003cde:	f06f 4c00 	mvn.w	ip, #2147483648	@ 0x80000000
10003ce2:	4a17      	ldr	r2, [pc, #92]	@ (10003d40 <stdio_usb_in_chars+0x80>)
10003ce4:	1882      	adds	r2, r0, r2
10003ce6:	f141 0300 	adc.w	r3, r1, #0
10003cea:	4596      	cmp	lr, r2
10003cec:	eb7c 0103 	sbcs.w	r1, ip, r3
10003cf0:	bf3c      	itt	cc
10003cf2:	4672      	movcc	r2, lr
10003cf4:	4663      	movcc	r3, ip
10003cf6:	4813      	ldr	r0, [pc, #76]	@ (10003d44 <stdio_usb_in_chars+0x84>)
10003cf8:	f002 f90e 	bl	10005f18 <__mutex_try_enter_block_until_veneer>
10003cfc:	b1e8      	cbz	r0, 10003d3a <stdio_usb_in_chars+0x7a>
10003cfe:	2000      	movs	r0, #0
10003d00:	f001 faa4 	bl	1000524c <tud_cdc_n_connected>
10003d04:	b958      	cbnz	r0, 10003d1e <stdio_usb_in_chars+0x5e>
10003d06:	2100      	movs	r1, #0
10003d08:	f04f 30ff 	mov.w	r0, #4294967295
10003d0c:	f000 fcdc 	bl	100046c8 <tud_task_ext>
10003d10:	f06f 0402 	mvn.w	r4, #2
10003d14:	480b      	ldr	r0, [pc, #44]	@ (10003d44 <stdio_usb_in_chars+0x84>)
10003d16:	f002 f8f3 	bl	10005f00 <__mutex_exit_veneer>
10003d1a:	4620      	mov	r0, r4
10003d1c:	bd38      	pop	{r3, r4, r5, pc}
10003d1e:	2000      	movs	r0, #0
10003d20:	f001 faaa 	bl	10005278 <tud_cdc_n_available>
10003d24:	2800      	cmp	r0, #0
10003d26:	d0ee      	beq.n	10003d06 <stdio_usb_in_chars+0x46>
10003d28:	4621      	mov	r1, r4
10003d2a:	462a      	mov	r2, r5
10003d2c:	2000      	movs	r0, #0
10003d2e:	f001 faaf 	bl	10005290 <tud_cdc_n_read>
10003d32:	4604      	mov	r4, r0
10003d34:	2800      	cmp	r0, #0
10003d36:	d1ed      	bne.n	10003d14 <stdio_usb_in_chars+0x54>
10003d38:	e7ea      	b.n	10003d10 <stdio_usb_in_chars+0x50>
10003d3a:	f06f 0402 	mvn.w	r4, #2
10003d3e:	e7ec      	b.n	10003d1a <stdio_usb_in_chars+0x5a>
10003d40:	000f4240 	.word	0x000f4240
10003d44:	20001cb0 	.word	0x20001cb0

10003d48 <stdio_usb_out_flush>:
10003d48:	b508      	push	{r3, lr}
10003d4a:	f7fd ff5f 	bl	10001c0c <time_us_64>
10003d4e:	f04f 3eff 	mov.w	lr, #4294967295
10003d52:	f06f 4c00 	mvn.w	ip, #2147483648	@ 0x80000000
10003d56:	4a0f      	ldr	r2, [pc, #60]	@ (10003d94 <stdio_usb_out_flush+0x4c>)
10003d58:	1882      	adds	r2, r0, r2
10003d5a:	f141 0300 	adc.w	r3, r1, #0
10003d5e:	4596      	cmp	lr, r2
10003d60:	eb7c 0103 	sbcs.w	r1, ip, r3
10003d64:	bf3c      	itt	cc
10003d66:	4672      	movcc	r2, lr
10003d68:	4663      	movcc	r3, ip
10003d6a:	480b      	ldr	r0, [pc, #44]	@ (10003d98 <stdio_usb_out_flush+0x50>)
10003d6c:	f002 f8d4 	bl	10005f18 <__mutex_try_enter_block_until_veneer>
10003d70:	b170      	cbz	r0, 10003d90 <stdio_usb_out_flush+0x48>
10003d72:	f04f 30ff 	mov.w	r0, #4294967295
10003d76:	2100      	movs	r1, #0
10003d78:	f000 fca6 	bl	100046c8 <tud_task_ext>
10003d7c:	2000      	movs	r0, #0
10003d7e:	f001 facd 	bl	1000531c <tud_cdc_n_write_flush>
10003d82:	2800      	cmp	r0, #0
10003d84:	d1f5      	bne.n	10003d72 <stdio_usb_out_flush+0x2a>
10003d86:	e8bd 4008 	ldmia.w	sp!, {r3, lr}
10003d8a:	4803      	ldr	r0, [pc, #12]	@ (10003d98 <stdio_usb_out_flush+0x50>)
10003d8c:	f002 b8b8 	b.w	10005f00 <__mutex_exit_veneer>
10003d90:	bd08      	pop	{r3, pc}
10003d92:	bf00      	nop
10003d94:	000f4240 	.word	0x000f4240
10003d98:	20001cb0 	.word	0x20001cb0

10003d9c <stdio_usb_out_chars>:
10003d9c:	e92d 41f0 	stmdb	sp!, {r4, r5, r6, r7, r8, lr}
10003da0:	4607      	mov	r7, r0
10003da2:	460e      	mov	r6, r1
10003da4:	f7fd ff32 	bl	10001c0c <time_us_64>
10003da8:	f04f 35ff 	mov.w	r5, #4294967295
10003dac:	f06f 4400 	mvn.w	r4, #2147483648	@ 0x80000000
10003db0:	4a2f      	ldr	r2, [pc, #188]	@ (10003e70 <stdio_usb_out_chars+0xd4>)
10003db2:	1882      	adds	r2, r0, r2
10003db4:	f141 0300 	adc.w	r3, r1, #0
10003db8:	4295      	cmp	r5, r2
10003dba:	eb74 0103 	sbcs.w	r1, r4, r3
10003dbe:	bf3c      	itt	cc
10003dc0:	462a      	movcc	r2, r5
10003dc2:	4623      	movcc	r3, r4
10003dc4:	482b      	ldr	r0, [pc, #172]	@ (10003e74 <stdio_usb_out_chars+0xd8>)
10003dc6:	f002 f8a7 	bl	10005f18 <__mutex_try_enter_block_until_veneer>
10003dca:	b908      	cbnz	r0, 10003dd0 <stdio_usb_out_chars+0x34>
10003dcc:	e8bd 81f0 	ldmia.w	sp!, {r4, r5, r6, r7, r8, pc}
10003dd0:	2000      	movs	r0, #0
10003dd2:	f001 fa3b 	bl	1000524c <tud_cdc_n_connected>
10003dd6:	2800      	cmp	r0, #0
10003dd8:	d040      	beq.n	10003e5c <stdio_usb_out_chars+0xc0>
10003dda:	2e00      	cmp	r6, #0
10003ddc:	dd39      	ble.n	10003e52 <stdio_usb_out_chars+0xb6>
10003dde:	2500      	movs	r5, #0
10003de0:	f8df 8094 	ldr.w	r8, [pc, #148]	@ 10003e78 <stdio_usb_out_chars+0xdc>
10003de4:	e013      	b.n	10003e0e <stdio_usb_out_chars+0x72>
10003de6:	4622      	mov	r2, r4
10003de8:	2000      	movs	r0, #0
10003dea:	f001 fadd 	bl	100053a8 <tud_cdc_n_write>
10003dee:	2100      	movs	r1, #0
10003df0:	4604      	mov	r4, r0
10003df2:	f04f 30ff 	mov.w	r0, #4294967295
10003df6:	f000 fc67 	bl	100046c8 <tud_task_ext>
10003dfa:	2000      	movs	r0, #0
10003dfc:	f001 fa8e 	bl	1000531c <tud_cdc_n_write_flush>
10003e00:	f7fd ff04 	bl	10001c0c <time_us_64>
10003e04:	e9c8 0100 	strd	r0, r1, [r8]
10003e08:	4425      	add	r5, r4
10003e0a:	42ae      	cmp	r6, r5
10003e0c:	dd21      	ble.n	10003e52 <stdio_usb_out_chars+0xb6>
10003e0e:	2000      	movs	r0, #0
10003e10:	f001 faec 	bl	100053ec <tud_cdc_n_write_available>
10003e14:	1b74      	subs	r4, r6, r5
10003e16:	4284      	cmp	r4, r0
10003e18:	bfa8      	it	ge
10003e1a:	4604      	movge	r4, r0
10003e1c:	1979      	adds	r1, r7, r5
10003e1e:	2c00      	cmp	r4, #0
10003e20:	d1e1      	bne.n	10003de6 <stdio_usb_out_chars+0x4a>
10003e22:	4621      	mov	r1, r4
10003e24:	f04f 30ff 	mov.w	r0, #4294967295
10003e28:	f000 fc4e 	bl	100046c8 <tud_task_ext>
10003e2c:	4620      	mov	r0, r4
10003e2e:	f001 fa75 	bl	1000531c <tud_cdc_n_write_flush>
10003e32:	4620      	mov	r0, r4
10003e34:	f001 fa0a 	bl	1000524c <tud_cdc_n_connected>
10003e38:	b158      	cbz	r0, 10003e52 <stdio_usb_out_chars+0xb6>
10003e3a:	4620      	mov	r0, r4
10003e3c:	f001 fad6 	bl	100053ec <tud_cdc_n_write_available>
10003e40:	2800      	cmp	r0, #0
10003e42:	d1e2      	bne.n	10003e0a <stdio_usb_out_chars+0x6e>
10003e44:	f7fd fee2 	bl	10001c0c <time_us_64>
10003e48:	e9d8 2300 	ldrd	r2, r3, [r8]
10003e4c:	4282      	cmp	r2, r0
10003e4e:	418b      	sbcs	r3, r1
10003e50:	d2db      	bcs.n	10003e0a <stdio_usb_out_chars+0x6e>
10003e52:	4808      	ldr	r0, [pc, #32]	@ (10003e74 <stdio_usb_out_chars+0xd8>)
10003e54:	e8bd 41f0 	ldmia.w	sp!, {r4, r5, r6, r7, r8, lr}
10003e58:	f002 b852 	b.w	10005f00 <__mutex_exit_veneer>
10003e5c:	2000      	movs	r0, #0
10003e5e:	e8bd 41f0 	ldmia.w	sp!, {r4, r5, r6, r7, r8, lr}
10003e62:	2100      	movs	r1, #0
10003e64:	4b04      	ldr	r3, [pc, #16]	@ (10003e78 <stdio_usb_out_chars+0xdc>)
10003e66:	e9c3 0100 	strd	r0, r1, [r3]
10003e6a:	4802      	ldr	r0, [pc, #8]	@ (10003e74 <stdio_usb_out_chars+0xd8>)
10003e6c:	f002 b848 	b.w	10005f00 <__mutex_exit_veneer>
10003e70:	000f4240 	.word	0x000f4240
10003e74:	20001cb0 	.word	0x20001cb0
10003e78:	200015c0 	.word	0x200015c0

10003e7c <stdio_usb_init>:
10003e7c:	f04f 4350 	mov.w	r3, #3489660928	@ 0xd0000000
10003e80:	b510      	push	{r4, lr}
10003e82:	681c      	ldr	r4, [r3, #0]
10003e84:	f7fd fcfc 	bl	10001880 <alarm_pool_get_default>
10003e88:	f7fd fda2 	bl	100019d0 <alarm_pool_core_num>
10003e8c:	42a0      	cmp	r0, r4
10003e8e:	d001      	beq.n	10003e94 <stdio_usb_init+0x18>
10003e90:	2000      	movs	r0, #0
10003e92:	bd10      	pop	{r4, pc}
10003e94:	2100      	movs	r1, #0
10003e96:	4b08      	ldr	r3, [pc, #32]	@ (10003eb8 <stdio_usb_init+0x3c>)
10003e98:	4608      	mov	r0, r1
10003e9a:	781b      	ldrb	r3, [r3, #0]
10003e9c:	f001 fc62 	bl	10005764 <tusb_rhport_init>
10003ea0:	4806      	ldr	r0, [pc, #24]	@ (10003ebc <stdio_usb_init+0x40>)
10003ea2:	6803      	ldr	r3, [r0, #0]
10003ea4:	b12b      	cbz	r3, 10003eb2 <stdio_usb_init+0x36>
10003ea6:	2101      	movs	r1, #1
10003ea8:	4805      	ldr	r0, [pc, #20]	@ (10003ec0 <stdio_usb_init+0x44>)
10003eaa:	f7ff fe85 	bl	10003bb8 <stdio_set_driver_enabled>
10003eae:	2001      	movs	r0, #1
10003eb0:	bd10      	pop	{r4, pc}
10003eb2:	f7fd faa9 	bl	10001408 <mutex_init>
10003eb6:	e7f6      	b.n	10003ea6 <stdio_usb_init+0x2a>
10003eb8:	100064b8 	.word	0x100064b8
10003ebc:	20001cb0 	.word	0x20001cb0
10003ec0:	20001338 	.word	0x20001338

10003ec4 <tud_descriptor_device_cb>:
10003ec4:	4800      	ldr	r0, [pc, #0]	@ (10003ec8 <tud_descriptor_device_cb+0x4>)
10003ec6:	4770      	bx	lr
10003ec8:	10006374 	.word	0x10006374

10003ecc <tud_descriptor_configuration_cb>:
10003ecc:	4800      	ldr	r0, [pc, #0]	@ (10003ed0 <tud_descriptor_configuration_cb+0x4>)
10003ece:	4770      	bx	lr
10003ed0:	10006320 	.word	0x10006320

10003ed4 <tud_descriptor_string_cb>:
10003ed4:	b538      	push	{r3, r4, r5, lr}
10003ed6:	4b18      	ldr	r3, [pc, #96]	@ (10003f38 <tud_descriptor_string_cb+0x64>)
10003ed8:	4604      	mov	r4, r0
10003eda:	781a      	ldrb	r2, [r3, #0]
10003edc:	b30a      	cbz	r2, 10003f22 <tud_descriptor_string_cb+0x4e>
10003ede:	b944      	cbnz	r4, 10003ef2 <tud_descriptor_string_cb+0x1e>
10003ee0:	f240 4209 	movw	r2, #1033	@ 0x409
10003ee4:	f44f 7341 	mov.w	r3, #772	@ 0x304
10003ee8:	4d14      	ldr	r5, [pc, #80]	@ (10003f3c <tud_descriptor_string_cb+0x68>)
10003eea:	806a      	strh	r2, [r5, #2]
10003eec:	4813      	ldr	r0, [pc, #76]	@ (10003f3c <tud_descriptor_string_cb+0x68>)
10003eee:	802b      	strh	r3, [r5, #0]
10003ef0:	bd38      	pop	{r3, r4, r5, pc}
10003ef2:	2c05      	cmp	r4, #5
10003ef4:	d81a      	bhi.n	10003f2c <tud_descriptor_string_cb+0x58>
10003ef6:	4b12      	ldr	r3, [pc, #72]	@ (10003f40 <tud_descriptor_string_cb+0x6c>)
10003ef8:	4d10      	ldr	r5, [pc, #64]	@ (10003f3c <tud_descriptor_string_cb+0x68>)
10003efa:	f853 1024 	ldr.w	r1, [r3, r4, lsl #2]
10003efe:	4628      	mov	r0, r5
10003f00:	2300      	movs	r3, #0
10003f02:	3901      	subs	r1, #1
10003f04:	e003      	b.n	10003f0e <tud_descriptor_string_cb+0x3a>
10003f06:	2b13      	cmp	r3, #19
10003f08:	f820 2f02 	strh.w	r2, [r0, #2]!
10003f0c:	d010      	beq.n	10003f30 <tud_descriptor_string_cb+0x5c>
10003f0e:	f811 2f01 	ldrb.w	r2, [r1, #1]!
10003f12:	3301      	adds	r3, #1
10003f14:	b2db      	uxtb	r3, r3
10003f16:	2a00      	cmp	r2, #0
10003f18:	d1f5      	bne.n	10003f06 <tud_descriptor_string_cb+0x32>
10003f1a:	005b      	lsls	r3, r3, #1
10003f1c:	f443 7340 	orr.w	r3, r3, #768	@ 0x300
10003f20:	e7e4      	b.n	10003eec <tud_descriptor_string_cb+0x18>
10003f22:	2111      	movs	r1, #17
10003f24:	4618      	mov	r0, r3
10003f26:	f000 f825 	bl	10003f74 <pico_get_unique_board_id_string>
10003f2a:	e7d8      	b.n	10003ede <tud_descriptor_string_cb+0xa>
10003f2c:	2000      	movs	r0, #0
10003f2e:	bd38      	pop	{r3, r4, r5, pc}
10003f30:	f44f 734a 	mov.w	r3, #808	@ 0x328
10003f34:	e7da      	b.n	10003eec <tud_descriptor_string_cb+0x18>
10003f36:	bf00      	nop
10003f38:	20001cb8 	.word	0x20001cb8
10003f3c:	2000182c 	.word	0x2000182c
10003f40:	10006308 	.word	0x10006308

10003f44 <_retrieve_unique_id_on_boot>:
10003f44:	b500      	push	{lr}
10003f46:	f245 3047 	movw	r0, #21319	@ 0x5347
10003f4a:	b08b      	sub	sp, #44	@ 0x2c
10003f4c:	f7fd ffa0 	bl	10001e90 <rom_func_lookup>
10003f50:	2201      	movs	r2, #1
10003f52:	4603      	mov	r3, r0
10003f54:	2109      	movs	r1, #9
10003f56:	a801      	add	r0, sp, #4
10003f58:	4798      	blx	r3
10003f5a:	e9dd 3203 	ldrd	r3, r2, [sp, #12]
10003f5e:	4904      	ldr	r1, [pc, #16]	@ (10003f70 <_retrieve_unique_id_on_boot+0x2c>)
10003f60:	ba12      	rev	r2, r2
10003f62:	ba1b      	rev	r3, r3
10003f64:	e9c1 2300 	strd	r2, r3, [r1]
10003f68:	b00b      	add	sp, #44	@ 0x2c
10003f6a:	f85d fb04 	ldr.w	pc, [sp], #4
10003f6e:	bf00      	nop
10003f70:	20001ca4 	.word	0x20001ca4

10003f74 <pico_get_unique_board_id_string>:
10003f74:	2901      	cmp	r1, #1
10003f76:	f101 33ff 	add.w	r3, r1, #4294967295
10003f7a:	f000 80b3 	beq.w	100040e4 <pico_get_unique_board_id_string+0x170>
10003f7e:	495d      	ldr	r1, [pc, #372]	@ (100040f4 <pico_get_unique_board_id_string+0x180>)
10003f80:	780a      	ldrb	r2, [r1, #0]
10003f82:	ea4f 1c12 	mov.w	ip, r2, lsr #4
10003f86:	2a9f      	cmp	r2, #159	@ 0x9f
10003f88:	bf8c      	ite	hi
10003f8a:	f10c 0c37 	addhi.w	ip, ip, #55	@ 0x37
10003f8e:	f10c 0c30 	addls.w	ip, ip, #48	@ 0x30
10003f92:	2b01      	cmp	r3, #1
10003f94:	f880 c000 	strb.w	ip, [r0]
10003f98:	f000 80a7 	beq.w	100040ea <pico_get_unique_board_id_string+0x176>
10003f9c:	f002 020f 	and.w	r2, r2, #15
10003fa0:	2a09      	cmp	r2, #9
10003fa2:	bf8c      	ite	hi
10003fa4:	3237      	addhi	r2, #55	@ 0x37
10003fa6:	3230      	addls	r2, #48	@ 0x30
10003fa8:	2b02      	cmp	r3, #2
10003faa:	7042      	strb	r2, [r0, #1]
10003fac:	f000 809d 	beq.w	100040ea <pico_get_unique_board_id_string+0x176>
10003fb0:	784a      	ldrb	r2, [r1, #1]
10003fb2:	ea4f 1c12 	mov.w	ip, r2, lsr #4
10003fb6:	2a9f      	cmp	r2, #159	@ 0x9f
10003fb8:	bf8c      	ite	hi
10003fba:	f10c 0c37 	addhi.w	ip, ip, #55	@ 0x37
10003fbe:	f10c 0c30 	addls.w	ip, ip, #48	@ 0x30
10003fc2:	2b03      	cmp	r3, #3
10003fc4:	f880 c002 	strb.w	ip, [r0, #2]
10003fc8:	f000 808f 	beq.w	100040ea <pico_get_unique_board_id_string+0x176>
10003fcc:	f002 020f 	and.w	r2, r2, #15
10003fd0:	2a09      	cmp	r2, #9
10003fd2:	bf8c      	ite	hi
10003fd4:	3237      	addhi	r2, #55	@ 0x37
10003fd6:	3230      	addls	r2, #48	@ 0x30
10003fd8:	2b04      	cmp	r3, #4
10003fda:	70c2      	strb	r2, [r0, #3]
10003fdc:	f000 8085 	beq.w	100040ea <pico_get_unique_board_id_string+0x176>
10003fe0:	788a      	ldrb	r2, [r1, #2]
10003fe2:	ea4f 1c12 	mov.w	ip, r2, lsr #4
10003fe6:	2a9f      	cmp	r2, #159	@ 0x9f
10003fe8:	bf8c      	ite	hi
10003fea:	f10c 0c37 	addhi.w	ip, ip, #55	@ 0x37
10003fee:	f10c 0c30 	addls.w	ip, ip, #48	@ 0x30
10003ff2:	2b05      	cmp	r3, #5
10003ff4:	f880 c004 	strb.w	ip, [r0, #4]
10003ff8:	d077      	beq.n	100040ea <pico_get_unique_board_id_string+0x176>
10003ffa:	f002 020f 	and.w	r2, r2, #15
10003ffe:	2a09      	cmp	r2, #9
10004000:	bf8c      	ite	hi
10004002:	3237      	addhi	r2, #55	@ 0x37
10004004:	3230      	addls	r2, #48	@ 0x30
10004006:	2b06      	cmp	r3, #6
10004008:	7142      	strb	r2, [r0, #5]
1000400a:	d06e      	beq.n	100040ea <pico_get_unique_board_id_string+0x176>
1000400c:	78ca      	ldrb	r2, [r1, #3]
1000400e:	ea4f 1c12 	mov.w	ip, r2, lsr #4
10004012:	2a9f      	cmp	r2, #159	@ 0x9f
10004014:	bf8c      	ite	hi
10004016:	f10c 0c37 	addhi.w	ip, ip, #55	@ 0x37
1000401a:	f10c 0c30 	addls.w	ip, ip, #48	@ 0x30
1000401e:	2b07      	cmp	r3, #7
10004020:	f880 c006 	strb.w	ip, [r0, #6]
10004024:	d061      	beq.n	100040ea <pico_get_unique_board_id_string+0x176>
10004026:	f002 020f 	and.w	r2, r2, #15
1000402a:	2a09      	cmp	r2, #9
1000402c:	bf8c      	ite	hi
1000402e:	3237      	addhi	r2, #55	@ 0x37
10004030:	3230      	addls	r2, #48	@ 0x30
10004032:	2b08      	cmp	r3, #8
10004034:	71c2      	strb	r2, [r0, #7]
10004036:	d058      	beq.n	100040ea <pico_get_unique_board_id_string+0x176>
10004038:	790a      	ldrb	r2, [r1, #4]
1000403a:	ea4f 1c12 	mov.w	ip, r2, lsr #4
1000403e:	2a9f      	cmp	r2, #159	@ 0x9f
10004040:	bf8c      	ite	hi
10004042:	f10c 0c37 	addhi.w	ip, ip, #55	@ 0x37
10004046:	f10c 0c30 	addls.w	ip, ip, #48	@ 0x30
1000404a:	2b09      	cmp	r3, #9
1000404c:	f880 c008 	strb.w	ip, [r0, #8]
10004050:	d04b      	beq.n	100040ea <pico_get_unique_board_id_string+0x176>
10004052:	f002 020f 	and.w	r2, r2, #15
10004056:	2a09      	cmp	r2, #9
10004058:	bf8c      	ite	hi
1000405a:	3237      	addhi	r2, #55	@ 0x37
1000405c:	3230      	addls	r2, #48	@ 0x30
1000405e:	2b0a      	cmp	r3, #10
10004060:	7242      	strb	r2, [r0, #9]
10004062:	d042      	beq.n	100040ea <pico_get_unique_board_id_string+0x176>
10004064:	794a      	ldrb	r2, [r1, #5]
10004066:	ea4f 1c12 	mov.w	ip, r2, lsr #4
1000406a:	2a9f      	cmp	r2, #159	@ 0x9f
1000406c:	bf8c      	ite	hi
1000406e:	f10c 0c37 	addhi.w	ip, ip, #55	@ 0x37
10004072:	f10c 0c30 	addls.w	ip, ip, #48	@ 0x30
10004076:	2b0b      	cmp	r3, #11
10004078:	f880 c00a 	strb.w	ip, [r0, #10]
1000407c:	d035      	beq.n	100040ea <pico_get_unique_board_id_string+0x176>
1000407e:	f002 020f 	and.w	r2, r2, #15
10004082:	2a09      	cmp	r2, #9
10004084:	bf8c      	ite	hi
10004086:	3237      	addhi	r2, #55	@ 0x37
10004088:	3230      	addls	r2, #48	@ 0x30
1000408a:	2b0c      	cmp	r3, #12
1000408c:	72c2      	strb	r2, [r0, #11]
1000408e:	d02c      	beq.n	100040ea <pico_get_unique_board_id_string+0x176>
10004090:	798a      	ldrb	r2, [r1, #6]
10004092:	ea4f 1c12 	mov.w	ip, r2, lsr #4
10004096:	2a9f      	cmp	r2, #159	@ 0x9f
10004098:	bf8c      	ite	hi
1000409a:	f10c 0c37 	addhi.w	ip, ip, #55	@ 0x37
1000409e:	f10c 0c30 	addls.w	ip, ip, #48	@ 0x30
100040a2:	2b0d      	cmp	r3, #13
100040a4:	f880 c00c 	strb.w	ip, [r0, #12]
100040a8:	d01f      	beq.n	100040ea <pico_get_unique_board_id_string+0x176>
100040aa:	f002 020f 	and.w	r2, r2, #15
100040ae:	2a09      	cmp	r2, #9
100040b0:	bf8c      	ite	hi
100040b2:	3237      	addhi	r2, #55	@ 0x37
100040b4:	3230      	addls	r2, #48	@ 0x30
100040b6:	2b0e      	cmp	r3, #14
100040b8:	7342      	strb	r2, [r0, #13]
100040ba:	d016      	beq.n	100040ea <pico_get_unique_board_id_string+0x176>
100040bc:	79ca      	ldrb	r2, [r1, #7]
100040be:	0911      	lsrs	r1, r2, #4
100040c0:	2a9f      	cmp	r2, #159	@ 0x9f
100040c2:	bf8c      	ite	hi
100040c4:	3137      	addhi	r1, #55	@ 0x37
100040c6:	3130      	addls	r1, #48	@ 0x30
100040c8:	2b0f      	cmp	r3, #15
100040ca:	7381      	strb	r1, [r0, #14]
100040cc:	d00d      	beq.n	100040ea <pico_get_unique_board_id_string+0x176>
100040ce:	f002 020f 	and.w	r2, r2, #15
100040d2:	2a09      	cmp	r2, #9
100040d4:	bf94      	ite	ls
100040d6:	3230      	addls	r2, #48	@ 0x30
100040d8:	3237      	addhi	r2, #55	@ 0x37
100040da:	2b10      	cmp	r3, #16
100040dc:	73c2      	strb	r2, [r0, #15]
100040de:	bf18      	it	ne
100040e0:	3010      	addne	r0, #16
100040e2:	d002      	beq.n	100040ea <pico_get_unique_board_id_string+0x176>
100040e4:	2300      	movs	r3, #0
100040e6:	7003      	strb	r3, [r0, #0]
100040e8:	4770      	bx	lr
100040ea:	4418      	add	r0, r3
100040ec:	2300      	movs	r3, #0
100040ee:	7003      	strb	r3, [r0, #0]
100040f0:	4770      	bx	lr
100040f2:	bf00      	nop
100040f4:	20001ca4 	.word	0x20001ca4

100040f8 <usb_reset_interface_init>:
100040f8:	4770      	bx	lr
100040fa:	bf00      	nop

100040fc <usb_reset_interface_reset>:
100040fc:	2200      	movs	r2, #0
100040fe:	4b01      	ldr	r3, [pc, #4]	@ (10004104 <usb_reset_interface_reset+0x8>)
10004100:	701a      	strb	r2, [r3, #0]
10004102:	4770      	bx	lr
10004104:	20001ccd 	.word	0x20001ccd

10004108 <usb_reset_interface_open>:
10004108:	794b      	ldrb	r3, [r1, #5]
1000410a:	2bff      	cmp	r3, #255	@ 0xff
1000410c:	d10b      	bne.n	10004126 <usb_reset_interface_open+0x1e>
1000410e:	7988      	ldrb	r0, [r1, #6]
10004110:	b948      	cbnz	r0, 10004126 <usb_reset_interface_open+0x1e>
10004112:	79cb      	ldrb	r3, [r1, #7]
10004114:	2b01      	cmp	r3, #1
10004116:	d107      	bne.n	10004128 <usb_reset_interface_open+0x20>
10004118:	2a08      	cmp	r2, #8
1000411a:	d905      	bls.n	10004128 <usb_reset_interface_open+0x20>
1000411c:	4b03      	ldr	r3, [pc, #12]	@ (1000412c <usb_reset_interface_open+0x24>)
1000411e:	788a      	ldrb	r2, [r1, #2]
10004120:	2009      	movs	r0, #9
10004122:	701a      	strb	r2, [r3, #0]
10004124:	4770      	bx	lr
10004126:	2000      	movs	r0, #0
10004128:	4770      	bx	lr
1000412a:	bf00      	nop
1000412c:	20001ccd 	.word	0x20001ccd

10004130 <usb_reset_interface_xfer_cb>:
10004130:	2001      	movs	r0, #1
10004132:	4770      	bx	lr

10004134 <usb_reset_interface_control_xfer_cb>:
10004134:	2901      	cmp	r1, #1
10004136:	d001      	beq.n	1000413c <usb_reset_interface_control_xfer_cb+0x8>
10004138:	2001      	movs	r0, #1
1000413a:	4770      	bx	lr
1000413c:	b508      	push	{r3, lr}
1000413e:	4b10      	ldr	r3, [pc, #64]	@ (10004180 <usb_reset_interface_control_xfer_cb+0x4c>)
10004140:	8891      	ldrh	r1, [r2, #4]
10004142:	781b      	ldrb	r3, [r3, #0]
10004144:	4299      	cmp	r1, r3
10004146:	d001      	beq.n	1000414c <usb_reset_interface_control_xfer_cb+0x18>
10004148:	2000      	movs	r0, #0
1000414a:	bd08      	pop	{r3, pc}
1000414c:	7853      	ldrb	r3, [r2, #1]
1000414e:	2b01      	cmp	r3, #1
10004150:	d008      	beq.n	10004164 <usb_reset_interface_control_xfer_cb+0x30>
10004152:	2b02      	cmp	r3, #2
10004154:	d1f8      	bne.n	10004148 <usb_reset_interface_control_xfer_cb+0x14>
10004156:	2100      	movs	r1, #0
10004158:	2264      	movs	r2, #100	@ 0x64
1000415a:	4608      	mov	r0, r1
1000415c:	f7fd fe26 	bl	10001dac <watchdog_reboot>
10004160:	2001      	movs	r0, #1
10004162:	bd08      	pop	{r3, pc}
10004164:	8851      	ldrh	r1, [r2, #2]
10004166:	f411 7280 	ands.w	r2, r1, #256	@ 0x100
1000416a:	bf1a      	itte	ne
1000416c:	f3c1 12c0 	ubfxne	r2, r1, #7, #1
10004170:	0a48      	lsrne	r0, r1, #9
10004172:	f04f 30ff 	moveq.w	r0, #4294967295
10004176:	f001 0103 	and.w	r1, r1, #3
1000417a:	f7fd fe95 	bl	10001ea8 <rom_reset_usb_boot_extra>
1000417e:	bf00      	nop
10004180:	20001ccd 	.word	0x20001ccd

10004184 <tud_descriptor_bos_cb>:
10004184:	4800      	ldr	r0, [pc, #0]	@ (10004188 <tud_descriptor_bos_cb+0x4>)
10004186:	4770      	bx	lr
10004188:	10006430 	.word	0x10006430

1000418c <tud_vendor_control_xfer_cb>:
1000418c:	2901      	cmp	r1, #1
1000418e:	d107      	bne.n	100041a0 <tud_vendor_control_xfer_cb+0x14>
10004190:	7853      	ldrb	r3, [r2, #1]
10004192:	2b01      	cmp	r3, #1
10004194:	d102      	bne.n	1000419c <tud_vendor_control_xfer_cb+0x10>
10004196:	8893      	ldrh	r3, [r2, #4]
10004198:	2b07      	cmp	r3, #7
1000419a:	d003      	beq.n	100041a4 <tud_vendor_control_xfer_cb+0x18>
1000419c:	2000      	movs	r0, #0
1000419e:	4770      	bx	lr
100041a0:	2001      	movs	r0, #1
100041a2:	4770      	bx	lr
100041a4:	4611      	mov	r1, r2
100041a6:	23a6      	movs	r3, #166	@ 0xa6
100041a8:	4a01      	ldr	r2, [pc, #4]	@ (100041b0 <tud_vendor_control_xfer_cb+0x24>)
100041aa:	f000 bf23 	b.w	10004ff4 <tud_control_xfer>
100041ae:	bf00      	nop
100041b0:	10006388 	.word	0x10006388

100041b4 <usbd_app_driver_get_cb>:
100041b4:	4603      	mov	r3, r0
100041b6:	2201      	movs	r2, #1
100041b8:	4801      	ldr	r0, [pc, #4]	@ (100041c0 <usbd_app_driver_get_cb+0xc>)
100041ba:	701a      	strb	r2, [r3, #0]
100041bc:	4770      	bx	lr
100041be:	bf00      	nop
100041c0:	10006454 	.word	0x10006454

100041c4 <tud_cdc_line_coding_cb>:
100041c4:	b508      	push	{r3, lr}
100041c6:	680b      	ldr	r3, [r1, #0]
100041c8:	f5b3 6f96 	cmp.w	r3, #1200	@ 0x4b0
100041cc:	d000      	beq.n	100041d0 <tud_cdc_line_coding_cb+0xc>
100041ce:	bd08      	pop	{r3, pc}
100041d0:	2200      	movs	r2, #0
100041d2:	f04f 30ff 	mov.w	r0, #4294967295
100041d6:	4611      	mov	r1, r2
100041d8:	f7fd fe66 	bl	10001ea8 <rom_reset_usb_boot_extra>

100041dc <dcd_init>:
100041dc:	b570      	push	{r4, r5, r6, lr}
100041de:	f000 f93d 	bl	1000445c <rp2040_usb_init>
100041e2:	230c      	movs	r3, #12
100041e4:	2640      	movs	r6, #64	@ 0x40
100041e6:	4c1b      	ldr	r4, [pc, #108]	@ (10004254 <dcd_init+0x78>)
100041e8:	22ff      	movs	r2, #255	@ 0xff
100041ea:	67a3      	str	r3, [r4, #120]	@ 0x78
100041ec:	200e      	movs	r0, #14
100041ee:	491a      	ldr	r1, [pc, #104]	@ (10004258 <dcd_init+0x7c>)
100041f0:	f7fc ff94 	bl	1000111c <irq_add_shared_handler>
100041f4:	4b19      	ldr	r3, [pc, #100]	@ (1000425c <dcd_init+0x80>)
100041f6:	4632      	mov	r2, r6
100041f8:	2100      	movs	r1, #0
100041fa:	4618      	mov	r0, r3
100041fc:	f001 fea0 	bl	10005f40 <__memset_veneer>
10004200:	4603      	mov	r3, r0
10004202:	2100      	movs	r1, #0
10004204:	2501      	movs	r5, #1
10004206:	2080      	movs	r0, #128	@ 0x80
10004208:	4a15      	ldr	r2, [pc, #84]	@ (10004260 <dcd_init+0x84>)
1000420a:	8458      	strh	r0, [r3, #34]	@ 0x22
1000420c:	609a      	str	r2, [r3, #8]
1000420e:	3a84      	subs	r2, #132	@ 0x84
10004210:	705d      	strb	r5, [r3, #1]
10004212:	831e      	strh	r6, [r3, #24]
10004214:	871e      	strh	r6, [r3, #56]	@ 0x38
10004216:	6059      	str	r1, [r3, #4]
10004218:	f8c2 1084 	str.w	r1, [r2, #132]	@ 0x84
1000421c:	f8c2 1080 	str.w	r1, [r2, #128]	@ 0x80
10004220:	f502 7280 	add.w	r2, r2, #256	@ 0x100
10004224:	60da      	str	r2, [r3, #12]
10004226:	62da      	str	r2, [r3, #44]	@ 0x2c
10004228:	3a80      	subs	r2, #128	@ 0x80
1000422a:	f883 1021 	strb.w	r1, [r3, #33]	@ 0x21
1000422e:	f883 103b 	strb.w	r1, [r3, #59]	@ 0x3b
10004232:	6259      	str	r1, [r3, #36]	@ 0x24
10004234:	629a      	str	r2, [r3, #40]	@ 0x28
10004236:	f04f 5600 	mov.w	r6, #536870912	@ 0x20000000
1000423a:	f001 fe65 	bl	10005f08 <__reset_non_control_endpoints_veneer>
1000423e:	f44f 3280 	mov.w	r2, #65536	@ 0x10000
10004242:	4908      	ldr	r1, [pc, #32]	@ (10004264 <dcd_init+0x88>)
10004244:	4b08      	ldr	r3, [pc, #32]	@ (10004268 <dcd_init+0x8c>)
10004246:	6425      	str	r5, [r4, #64]	@ 0x40
10004248:	4628      	mov	r0, r5
1000424a:	64e6      	str	r6, [r4, #76]	@ 0x4c
1000424c:	f8c4 1090 	str.w	r1, [r4, #144]	@ 0x90
10004250:	64da      	str	r2, [r3, #76]	@ 0x4c
10004252:	bd70      	pop	{r4, r5, r6, pc}
10004254:	50110000 	.word	0x50110000
10004258:	200003a5 	.word	0x200003a5
1000425c:	20001870 	.word	0x20001870
10004260:	50100084 	.word	0x50100084
10004264:	0001d010 	.word	0x0001d010
10004268:	50112000 	.word	0x50112000

1000426c <dcd_int_enable>:
1000426c:	2101      	movs	r1, #1
1000426e:	200e      	movs	r0, #14
10004270:	f7fc bf10 	b.w	10001094 <irq_set_enabled>

10004274 <dcd_set_address>:
10004274:	2200      	movs	r2, #0
10004276:	4802      	ldr	r0, [pc, #8]	@ (10004280 <dcd_set_address+0xc>)
10004278:	4611      	mov	r1, r2
1000427a:	f000 b90f 	b.w	1000449c <hw_endpoint_xfer_start>
1000427e:	bf00      	nop
10004280:	20001890 	.word	0x20001890

10004284 <dcd_disconnect>:
10004284:	f44f 3280 	mov.w	r2, #65536	@ 0x10000
10004288:	4b01      	ldr	r3, [pc, #4]	@ (10004290 <dcd_disconnect+0xc>)
1000428a:	64da      	str	r2, [r3, #76]	@ 0x4c
1000428c:	4770      	bx	lr
1000428e:	bf00      	nop
10004290:	50113000 	.word	0x50113000

10004294 <dcd_connect>:
10004294:	f44f 3280 	mov.w	r2, #65536	@ 0x10000
10004298:	4b01      	ldr	r3, [pc, #4]	@ (100042a0 <dcd_connect+0xc>)
1000429a:	64da      	str	r2, [r3, #76]	@ 0x4c
1000429c:	4770      	bx	lr
1000429e:	bf00      	nop
100042a0:	50112000 	.word	0x50112000

100042a4 <dcd_sof_enable>:
100042a4:	4b04      	ldr	r3, [pc, #16]	@ (100042b8 <dcd_sof_enable+0x14>)
100042a6:	7019      	strb	r1, [r3, #0]
100042a8:	b121      	cbz	r1, 100042b4 <dcd_sof_enable+0x10>
100042aa:	f44f 3200 	mov.w	r2, #131072	@ 0x20000
100042ae:	4b03      	ldr	r3, [pc, #12]	@ (100042bc <dcd_sof_enable+0x18>)
100042b0:	f8c3 2090 	str.w	r2, [r3, #144]	@ 0x90
100042b4:	4770      	bx	lr
100042b6:	bf00      	nop
100042b8:	20001cca 	.word	0x20001cca
100042bc:	50112000 	.word	0x50112000

100042c0 <dcd_edpt0_status_complete>:
100042c0:	780b      	ldrb	r3, [r1, #0]
100042c2:	065b      	lsls	r3, r3, #25
100042c4:	d102      	bne.n	100042cc <dcd_edpt0_status_complete+0xc>
100042c6:	784b      	ldrb	r3, [r1, #1]
100042c8:	2b05      	cmp	r3, #5
100042ca:	d000      	beq.n	100042ce <dcd_edpt0_status_complete+0xe>
100042cc:	4770      	bx	lr
100042ce:	884b      	ldrh	r3, [r1, #2]
100042d0:	4a01      	ldr	r2, [pc, #4]	@ (100042d8 <dcd_edpt0_status_complete+0x18>)
100042d2:	b2db      	uxtb	r3, r3
100042d4:	6013      	str	r3, [r2, #0]
100042d6:	4770      	bx	lr
100042d8:	50110000 	.word	0x50110000

100042dc <dcd_edpt_open>:
100042dc:	78cb      	ldrb	r3, [r1, #3]
100042de:	e92d 41f0 	stmdb	sp!, {r4, r5, r6, r7, r8, lr}
100042e2:	f003 0e03 	and.w	lr, r3, #3
100042e6:	f1be 0f01 	cmp.w	lr, #1
100042ea:	f3c3 0001 	ubfx	r0, r3, #0, #2
100042ee:	d059      	beq.n	100043a4 <dcd_edpt_open+0xc8>
100042f0:	2700      	movs	r7, #0
100042f2:	f891 c002 	ldrb.w	ip, [r1, #2]
100042f6:	4c32      	ldr	r4, [pc, #200]	@ (100043c0 <dcd_edpt_open+0xe4>)
100042f8:	f00c 037f 	and.w	r3, ip, #127	@ 0x7f
100042fc:	005e      	lsls	r6, r3, #1
100042fe:	8889      	ldrh	r1, [r1, #4]
10004300:	eb06 12dc 	add.w	r2, r6, ip, lsr #7
10004304:	eb04 1242 	add.w	r2, r4, r2, lsl #5
10004308:	ea4f 15dc 	mov.w	r5, ip, lsr #7
1000430c:	76d0      	strb	r0, [r2, #27]
1000430e:	f3c1 010a 	ubfx	r1, r1, #0, #11
10004312:	f085 0001 	eor.w	r0, r5, #1
10004316:	7050      	strb	r0, [r2, #1]
10004318:	f882 c002 	strb.w	ip, [r2, #2]
1000431c:	8311      	strh	r1, [r2, #24]
1000431e:	70d7      	strb	r7, [r2, #3]
10004320:	b218      	sxth	r0, r3
10004322:	00da      	lsls	r2, r3, #3
10004324:	bb6d      	cbnz	r5, 10004382 <dcd_edpt_open+0xa6>
10004326:	4827      	ldr	r0, [pc, #156]	@ (100043c4 <dcd_edpt_open+0xe8>)
10004328:	3204      	adds	r2, #4
1000432a:	eb04 1c83 	add.w	ip, r4, r3, lsl #6
1000432e:	eb02 0800 	add.w	r8, r2, r0
10004332:	f8cc 8008 	str.w	r8, [ip, #8]
10004336:	5017      	str	r7, [r2, r0]
10004338:	b36b      	cbz	r3, 10004396 <dcd_edpt_open+0xba>
1000433a:	4a23      	ldr	r2, [pc, #140]	@ (100043c8 <dcd_edpt_open+0xec>)
1000433c:	00db      	lsls	r3, r3, #3
1000433e:	441a      	add	r2, r3
10004340:	f8cc 2004 	str.w	r2, [ip, #4]
10004344:	4a21      	ldr	r2, [pc, #132]	@ (100043cc <dcd_edpt_open+0xf0>)
10004346:	313f      	adds	r1, #63	@ 0x3f
10004348:	6813      	ldr	r3, [r2, #0]
1000434a:	f021 013f 	bic.w	r1, r1, #63	@ 0x3f
1000434e:	f1be 0f02 	cmp.w	lr, #2
10004352:	bf08      	it	eq
10004354:	0049      	lsleq	r1, r1, #1
10004356:	481e      	ldr	r0, [pc, #120]	@ (100043d0 <dcd_edpt_open+0xf4>)
10004358:	4419      	add	r1, r3
1000435a:	442e      	add	r6, r5
1000435c:	eb04 1446 	add.w	r4, r4, r6, lsl #5
10004360:	4281      	cmp	r1, r0
10004362:	6011      	str	r1, [r2, #0]
10004364:	60e3      	str	r3, [r4, #12]
10004366:	d828      	bhi.n	100043ba <dcd_edpt_open+0xde>
10004368:	f083 43a0 	eor.w	r3, r3, #1342177280	@ 0x50000000
1000436c:	f483 1380 	eor.w	r3, r3, #1048576	@ 0x100000
10004370:	6862      	ldr	r2, [r4, #4]
10004372:	ea43 638e 	orr.w	r3, r3, lr, lsl #26
10004376:	f043 4300 	orr.w	r3, r3, #2147483648	@ 0x80000000
1000437a:	6013      	str	r3, [r2, #0]
1000437c:	2001      	movs	r0, #1
1000437e:	e8bd 81f0 	ldmia.w	sp!, {r4, r5, r6, r7, r8, pc}
10004382:	f8df c040 	ldr.w	ip, [pc, #64]	@ 100043c4 <dcd_edpt_open+0xe8>
10004386:	eb04 1883 	add.w	r8, r4, r3, lsl #6
1000438a:	4462      	add	r2, ip
1000438c:	f8c8 2028 	str.w	r2, [r8, #40]	@ 0x28
10004390:	f84c 7030 	str.w	r7, [ip, r0, lsl #3]
10004394:	b94b      	cbnz	r3, 100043aa <dcd_edpt_open+0xce>
10004396:	2300      	movs	r3, #0
10004398:	4a0e      	ldr	r2, [pc, #56]	@ (100043d4 <dcd_edpt_open+0xf8>)
1000439a:	eb04 1445 	add.w	r4, r4, r5, lsl #5
1000439e:	60e2      	str	r2, [r4, #12]
100043a0:	6063      	str	r3, [r4, #4]
100043a2:	e7eb      	b.n	1000437c <dcd_edpt_open+0xa0>
100043a4:	2000      	movs	r0, #0
100043a6:	e8bd 81f0 	ldmia.w	sp!, {r4, r5, r6, r7, r8, pc}
100043aa:	00db      	lsls	r3, r3, #3
100043ac:	f103 43a0 	add.w	r3, r3, #1342177280	@ 0x50000000
100043b0:	f503 1380 	add.w	r3, r3, #1048576	@ 0x100000
100043b4:	f8c8 3024 	str.w	r3, [r8, #36]	@ 0x24
100043b8:	e7c4      	b.n	10004344 <dcd_edpt_open+0x68>
100043ba:	f7fd fdbf 	bl	10001f3c <hard_assertion_failure>
100043be:	bf00      	nop
100043c0:	20001870 	.word	0x20001870
100043c4:	50100080 	.word	0x50100080
100043c8:	50100004 	.word	0x50100004
100043cc:	20001c80 	.word	0x20001c80
100043d0:	50100fff 	.word	0x50100fff
100043d4:	50100100 	.word	0x50100100

100043d8 <dcd_edpt_close_all>:
100043d8:	f001 bd96 	b.w	10005f08 <__reset_non_control_endpoints_veneer>

100043dc <dcd_edpt_xfer>:
100043dc:	468c      	mov	ip, r1
100043de:	b508      	push	{r3, lr}
100043e0:	4611      	mov	r1, r2
100043e2:	4807      	ldr	r0, [pc, #28]	@ (10004400 <dcd_edpt_xfer+0x24>)
100043e4:	461a      	mov	r2, r3
100043e6:	f00c 037f 	and.w	r3, ip, #127	@ 0x7f
100043ea:	ea4f 1cdc 	mov.w	ip, ip, lsr #7
100043ee:	eb0c 0c43 	add.w	ip, ip, r3, lsl #1
100043f2:	eb00 104c 	add.w	r0, r0, ip, lsl #5
100043f6:	f000 f851 	bl	1000449c <hw_endpoint_xfer_start>
100043fa:	2001      	movs	r0, #1
100043fc:	bd08      	pop	{r3, pc}
100043fe:	bf00      	nop
10004400:	20001870 	.word	0x20001870

10004404 <dcd_edpt_stall>:
10004404:	09cb      	lsrs	r3, r1, #7
10004406:	f011 017f 	ands.w	r1, r1, #127	@ 0x7f
1000440a:	d103      	bne.n	10004414 <dcd_edpt_stall+0x10>
1000440c:	4a06      	ldr	r2, [pc, #24]	@ (10004428 <dcd_edpt_stall+0x24>)
1000440e:	f1c3 0002 	rsb	r0, r3, #2
10004412:	6690      	str	r0, [r2, #104]	@ 0x68
10004414:	4805      	ldr	r0, [pc, #20]	@ (1000442c <dcd_edpt_stall+0x28>)
10004416:	eb03 0341 	add.w	r3, r3, r1, lsl #1
1000441a:	f44f 6200 	mov.w	r2, #2048	@ 0x800
1000441e:	2100      	movs	r1, #0
10004420:	eb00 1043 	add.w	r0, r0, r3, lsl #5
10004424:	f001 bd68 	b.w	10005ef8 <___hw_endpoint_buffer_control_update32_veneer>
10004428:	50112000 	.word	0x50112000
1000442c:	20001870 	.word	0x20001870

10004430 <dcd_edpt_clear_stall>:
10004430:	f011 037f 	ands.w	r3, r1, #127	@ 0x7f
10004434:	d100      	bne.n	10004438 <dcd_edpt_clear_stall+0x8>
10004436:	4770      	bx	lr
10004438:	2200      	movs	r2, #0
1000443a:	b410      	push	{r4}
1000443c:	09c8      	lsrs	r0, r1, #7
1000443e:	4c06      	ldr	r4, [pc, #24]	@ (10004458 <dcd_edpt_clear_stall+0x28>)
10004440:	eb00 0043 	add.w	r0, r0, r3, lsl #1
10004444:	eb04 1340 	add.w	r3, r4, r0, lsl #5
10004448:	f46f 6100 	mvn.w	r1, #2048	@ 0x800
1000444c:	4618      	mov	r0, r3
1000444e:	f85d 4b04 	ldr.w	r4, [sp], #4
10004452:	70da      	strb	r2, [r3, #3]
10004454:	f001 bd50 	b.w	10005ef8 <___hw_endpoint_buffer_control_update32_veneer>
10004458:	20001870 	.word	0x20001870

1000445c <rp2040_usb_init>:
1000445c:	f04f 5280 	mov.w	r2, #268435456	@ 0x10000000
10004460:	4809      	ldr	r0, [pc, #36]	@ (10004488 <rp2040_usb_init+0x2c>)
10004462:	490a      	ldr	r1, [pc, #40]	@ (1000448c <rp2040_usb_init+0x30>)
10004464:	b508      	push	{r3, lr}
10004466:	4b0a      	ldr	r3, [pc, #40]	@ (10004490 <rp2040_usb_init+0x34>)
10004468:	6002      	str	r2, [r0, #0]
1000446a:	600a      	str	r2, [r1, #0]
1000446c:	6899      	ldr	r1, [r3, #8]
1000446e:	43c9      	mvns	r1, r1
10004470:	f011 5180 	ands.w	r1, r1, #268435456	@ 0x10000000
10004474:	d1fa      	bne.n	1000446c <rp2040_usb_init+0x10>
10004476:	f44f 5280 	mov.w	r2, #4096	@ 0x1000
1000447a:	4806      	ldr	r0, [pc, #24]	@ (10004494 <rp2040_usb_init+0x38>)
1000447c:	f001 fd60 	bl	10005f40 <__memset_veneer>
10004480:	2209      	movs	r2, #9
10004482:	4b05      	ldr	r3, [pc, #20]	@ (10004498 <rp2040_usb_init+0x3c>)
10004484:	675a      	str	r2, [r3, #116]	@ 0x74
10004486:	bd08      	pop	{r3, pc}
10004488:	40022000 	.word	0x40022000
1000448c:	40023000 	.word	0x40023000
10004490:	40020000 	.word	0x40020000
10004494:	50100000 	.word	0x50100000
10004498:	50110000 	.word	0x50110000

1000449c <hw_endpoint_xfer_start>:
1000449c:	2300      	movs	r3, #0
1000449e:	f04f 0c01 	mov.w	ip, #1
100044a2:	b510      	push	{r4, lr}
100044a4:	f880 c01a 	strb.w	ip, [r0, #26]
100044a8:	8282      	strh	r2, [r0, #20]
100044aa:	82c3      	strh	r3, [r0, #22]
100044ac:	6101      	str	r1, [r0, #16]
100044ae:	4604      	mov	r4, r0
100044b0:	f001 fd2e 	bl	10005f10 <__e15_is_bulkin_ep_veneer>
100044b4:	b120      	cbz	r0, 100044c0 <hw_endpoint_xfer_start+0x24>
100044b6:	f44f 3200 	mov.w	r2, #131072	@ 0x20000
100044ba:	4b07      	ldr	r3, [pc, #28]	@ (100044d8 <hw_endpoint_xfer_start+0x3c>)
100044bc:	f8c3 2090 	str.w	r2, [r3, #144]	@ 0x90
100044c0:	4620      	mov	r0, r4
100044c2:	f001 fd39 	bl	10005f38 <__e15_is_critical_frame_period_veneer>
100044c6:	b110      	cbz	r0, 100044ce <hw_endpoint_xfer_start+0x32>
100044c8:	2301      	movs	r3, #1
100044ca:	7723      	strb	r3, [r4, #28]
100044cc:	bd10      	pop	{r4, pc}
100044ce:	4620      	mov	r0, r4
100044d0:	e8bd 4010 	ldmia.w	sp!, {r4, lr}
100044d4:	f001 bd24 	b.w	10005f20 <__hw_endpoint_start_next_buffer_veneer>
100044d8:	50112000 	.word	0x50112000

100044dc <configuration_reset>:
100044dc:	e92d 41f0 	stmdb	sp!, {r4, r5, r6, r7, r8, lr}
100044e0:	f04f 0800 	mov.w	r8, #0
100044e4:	4d1c      	ldr	r5, [pc, #112]	@ (10004558 <configuration_reset+0x7c>)
100044e6:	4604      	mov	r4, r0
100044e8:	4642      	mov	r2, r8
100044ea:	782b      	ldrb	r3, [r5, #0]
100044ec:	4f1b      	ldr	r7, [pc, #108]	@ (1000455c <configuration_reset+0x80>)
100044ee:	4e1c      	ldr	r6, [pc, #112]	@ (10004560 <configuration_reset+0x84>)
100044f0:	e00d      	b.n	1000450e <configuration_reset+0x32>
100044f2:	6833      	ldr	r3, [r6, #0]
100044f4:	eb13 1342 	adds.w	r3, r3, r2, lsl #5
100044f8:	d025      	beq.n	10004546 <configuration_reset+0x6a>
100044fa:	68db      	ldr	r3, [r3, #12]
100044fc:	4620      	mov	r0, r4
100044fe:	4798      	blx	r3
10004500:	f108 0801 	add.w	r8, r8, #1
10004504:	782b      	ldrb	r3, [r5, #0]
10004506:	fa5f f288 	uxtb.w	r2, r8
1000450a:	4293      	cmp	r3, r2
1000450c:	d306      	bcc.n	1000451c <configuration_reset+0x40>
1000450e:	4293      	cmp	r3, r2
10004510:	eba2 0303 	sub.w	r3, r2, r3
10004514:	d8ed      	bhi.n	100044f2 <configuration_reset+0x16>
10004516:	eb07 1343 	add.w	r3, r7, r3, lsl #5
1000451a:	e7ee      	b.n	100044fa <configuration_reset+0x1e>
1000451c:	4c11      	ldr	r4, [pc, #68]	@ (10004564 <configuration_reset+0x88>)
1000451e:	2254      	movs	r2, #84	@ 0x54
10004520:	2100      	movs	r1, #0
10004522:	4620      	mov	r0, r4
10004524:	f001 fd0c 	bl	10005f40 <__memset_veneer>
10004528:	f04f 33ff 	mov.w	r3, #4294967295
1000452c:	1d25      	adds	r5, r4, #4
1000452e:	6063      	str	r3, [r4, #4]
10004530:	e9c5 3301 	strd	r3, r3, [r5, #4]
10004534:	60eb      	str	r3, [r5, #12]
10004536:	f104 0014 	add.w	r0, r4, #20
1000453a:	2220      	movs	r2, #32
1000453c:	e8bd 41f0 	ldmia.w	sp!, {r4, r5, r6, r7, r8, lr}
10004540:	21ff      	movs	r1, #255	@ 0xff
10004542:	f001 bcfd 	b.w	10005f40 <__memset_veneer>
10004546:	f04f 23e0 	mov.w	r3, #3758153728	@ 0xe000e000
1000454a:	f8d3 3df0 	ldr.w	r3, [r3, #3568]	@ 0xdf0
1000454e:	07db      	lsls	r3, r3, #31
10004550:	d500      	bpl.n	10004554 <configuration_reset+0x78>
10004552:	be00      	bkpt	0x0000
10004554:	e8bd 81f0 	ldmia.w	sp!, {r4, r5, r6, r7, r8, pc}
10004558:	20001cc9 	.word	0x20001cc9
1000455c:	10006474 	.word	0x10006474
10004560:	200015d0 	.word	0x200015d0
10004564:	200016d8 	.word	0x200016d8

10004568 <tud_event_hook_cb>:
10004568:	4770      	bx	lr
1000456a:	bf00      	nop

1000456c <tud_sof_cb>:
1000456c:	4770      	bx	lr
1000456e:	bf00      	nop

10004570 <tud_descriptor_device_qualifier_cb>:
10004570:	2000      	movs	r0, #0
10004572:	4770      	bx	lr

10004574 <tud_descriptor_other_speed_configuration_cb>:
10004574:	2000      	movs	r0, #0
10004576:	4770      	bx	lr

10004578 <tud_mount_cb>:
10004578:	4770      	bx	lr
1000457a:	bf00      	nop

1000457c <tud_umount_cb>:
1000457c:	4770      	bx	lr
1000457e:	bf00      	nop

10004580 <tud_suspend_cb>:
10004580:	4770      	bx	lr
10004582:	bf00      	nop

10004584 <tud_resume_cb>:
10004584:	4770      	bx	lr
10004586:	bf00      	nop

10004588 <tud_mounted>:
10004588:	4b02      	ldr	r3, [pc, #8]	@ (10004594 <tud_mounted+0xc>)
1000458a:	7858      	ldrb	r0, [r3, #1]
1000458c:	3800      	subs	r0, #0
1000458e:	bf18      	it	ne
10004590:	2001      	movne	r0, #1
10004592:	4770      	bx	lr
10004594:	200016d8 	.word	0x200016d8

10004598 <tud_suspended>:
10004598:	4b02      	ldr	r3, [pc, #8]	@ (100045a4 <tud_suspended+0xc>)
1000459a:	7818      	ldrb	r0, [r3, #0]
1000459c:	f3c0 0080 	ubfx	r0, r0, #2, #1
100045a0:	4770      	bx	lr
100045a2:	bf00      	nop
100045a4:	200016d8 	.word	0x200016d8

100045a8 <tud_disconnect>:
100045a8:	b508      	push	{r3, lr}
100045aa:	4b03      	ldr	r3, [pc, #12]	@ (100045b8 <tud_disconnect+0x10>)
100045ac:	7818      	ldrb	r0, [r3, #0]
100045ae:	f7ff fe69 	bl	10004284 <dcd_disconnect>
100045b2:	2001      	movs	r0, #1
100045b4:	bd08      	pop	{r3, pc}
100045b6:	bf00      	nop
100045b8:	2000136c 	.word	0x2000136c

100045bc <tud_connect>:
100045bc:	b508      	push	{r3, lr}
100045be:	4b03      	ldr	r3, [pc, #12]	@ (100045cc <tud_connect+0x10>)
100045c0:	7818      	ldrb	r0, [r3, #0]
100045c2:	f7ff fe67 	bl	10004294 <dcd_connect>
100045c6:	2001      	movs	r0, #1
100045c8:	bd08      	pop	{r3, pc}
100045ca:	bf00      	nop
100045cc:	2000136c 	.word	0x2000136c

100045d0 <tud_rhport_init>:
100045d0:	e92d 47f0 	stmdb	sp!, {r4, r5, r6, r7, r8, r9, sl, lr}
100045d4:	f8df 90e8 	ldr.w	r9, [pc, #232]	@ 100046c0 <tud_rhport_init+0xf0>
100045d8:	f899 3000 	ldrb.w	r3, [r9]
100045dc:	2bff      	cmp	r3, #255	@ 0xff
100045de:	d002      	beq.n	100045e6 <tud_rhport_init+0x16>
100045e0:	2001      	movs	r0, #1
100045e2:	e8bd 87f0 	ldmia.w	sp!, {r4, r5, r6, r7, r8, r9, sl, pc}
100045e6:	460d      	mov	r5, r1
100045e8:	2900      	cmp	r1, #0
100045ea:	d03d      	beq.n	10004668 <tud_rhport_init+0x98>
100045ec:	2100      	movs	r1, #0
100045ee:	2254      	movs	r2, #84	@ 0x54
100045f0:	4606      	mov	r6, r0
100045f2:	4829      	ldr	r0, [pc, #164]	@ (10004698 <tud_rhport_init+0xc8>)
100045f4:	f001 fca4 	bl	10005f40 <__memset_veneer>
100045f8:	2200      	movs	r2, #0
100045fa:	4c28      	ldr	r4, [pc, #160]	@ (1000469c <tud_rhport_init+0xcc>)
100045fc:	4b28      	ldr	r3, [pc, #160]	@ (100046a0 <tud_rhport_init+0xd0>)
100045fe:	4620      	mov	r0, r4
10004600:	701a      	strb	r2, [r3, #0]
10004602:	f7fc ff01 	bl	10001408 <mutex_init>
10004606:	4b27      	ldr	r3, [pc, #156]	@ (100046a4 <tud_rhport_init+0xd4>)
10004608:	4827      	ldr	r0, [pc, #156]	@ (100046a8 <tud_rhport_init+0xd8>)
1000460a:	601c      	str	r4, [r3, #0]
1000460c:	4c27      	ldr	r4, [pc, #156]	@ (100046ac <tud_rhport_init+0xdc>)
1000460e:	f7fc ff09 	bl	10001424 <critical_section_init>
10004612:	4620      	mov	r0, r4
10004614:	f001 fb88 	bl	10005d28 <tu_fifo_clear>
10004618:	4a25      	ldr	r2, [pc, #148]	@ (100046b0 <tud_rhport_init+0xe0>)
1000461a:	4b26      	ldr	r3, [pc, #152]	@ (100046b4 <tud_rhport_init+0xe4>)
1000461c:	6014      	str	r4, [r2, #0]
1000461e:	4c26      	ldr	r4, [pc, #152]	@ (100046b8 <tud_rhport_init+0xe8>)
10004620:	b35b      	cbz	r3, 1000467a <tud_rhport_init+0xaa>
10004622:	4620      	mov	r0, r4
10004624:	f7ff fdc6 	bl	100041b4 <usbd_app_driver_get_cb>
10004628:	4b24      	ldr	r3, [pc, #144]	@ (100046bc <tud_rhport_init+0xec>)
1000462a:	7822      	ldrb	r2, [r4, #0]
1000462c:	6018      	str	r0, [r3, #0]
1000462e:	f04f 0a00 	mov.w	sl, #0
10004632:	f8df 8090 	ldr.w	r8, [pc, #144]	@ 100046c4 <tud_rhport_init+0xf4>
10004636:	4653      	mov	r3, sl
10004638:	4f20      	ldr	r7, [pc, #128]	@ (100046bc <tud_rhport_init+0xec>)
1000463a:	e00d      	b.n	10004658 <tud_rhport_init+0x88>
1000463c:	683a      	ldr	r2, [r7, #0]
1000463e:	eb12 1343 	adds.w	r3, r2, r3, lsl #5
10004642:	d011      	beq.n	10004668 <tud_rhport_init+0x98>
10004644:	685b      	ldr	r3, [r3, #4]
10004646:	b17b      	cbz	r3, 10004668 <tud_rhport_init+0x98>
10004648:	4798      	blx	r3
1000464a:	f10a 0a01 	add.w	sl, sl, #1
1000464e:	7822      	ldrb	r2, [r4, #0]
10004650:	fa5f f38a 	uxtb.w	r3, sl
10004654:	429a      	cmp	r2, r3
10004656:	d312      	bcc.n	1000467e <tud_rhport_init+0xae>
10004658:	4293      	cmp	r3, r2
1000465a:	d3ef      	bcc.n	1000463c <tud_rhport_init+0x6c>
1000465c:	1a9b      	subs	r3, r3, r2
1000465e:	eb08 1343 	add.w	r3, r8, r3, lsl #5
10004662:	685b      	ldr	r3, [r3, #4]
10004664:	2b00      	cmp	r3, #0
10004666:	d1ef      	bne.n	10004648 <tud_rhport_init+0x78>
10004668:	f04f 23e0 	mov.w	r3, #3758153728	@ 0xe000e000
1000466c:	f8d3 3df0 	ldr.w	r3, [r3, #3568]	@ 0xdf0
10004670:	07db      	lsls	r3, r3, #31
10004672:	d500      	bpl.n	10004676 <tud_rhport_init+0xa6>
10004674:	be00      	bkpt	0x0000
10004676:	2000      	movs	r0, #0
10004678:	e7b3      	b.n	100045e2 <tud_rhport_init+0x12>
1000467a:	7822      	ldrb	r2, [r4, #0]
1000467c:	e7d7      	b.n	1000462e <tud_rhport_init+0x5e>
1000467e:	4629      	mov	r1, r5
10004680:	4630      	mov	r0, r6
10004682:	f889 6000 	strb.w	r6, [r9]
10004686:	f7ff fda9 	bl	100041dc <dcd_init>
1000468a:	2800      	cmp	r0, #0
1000468c:	d0ec      	beq.n	10004668 <tud_rhport_init+0x98>
1000468e:	4630      	mov	r0, r6
10004690:	f7ff fdec 	bl	1000426c <dcd_int_enable>
10004694:	e7a4      	b.n	100045e0 <tud_rhport_init+0x10>
10004696:	bf00      	nop
10004698:	200016d8 	.word	0x200016d8
1000469c:	200016d0 	.word	0x200016d0
100046a0:	20001ccb 	.word	0x20001ccb
100046a4:	2000172c 	.word	0x2000172c
100046a8:	20001364 	.word	0x20001364
100046ac:	20001350 	.word	0x20001350
100046b0:	20001730 	.word	0x20001730
100046b4:	100041b5 	.word	0x100041b5
100046b8:	20001cc9 	.word	0x20001cc9
100046bc:	200015d0 	.word	0x200015d0
100046c0:	2000136c 	.word	0x2000136c
100046c4:	10006474 	.word	0x10006474

100046c8 <tud_task_ext>:
100046c8:	e92d 4ff0 	stmdb	sp!, {r4, r5, r6, r7, r8, r9, sl, fp, lr}
100046cc:	f8df 92b0 	ldr.w	r9, [pc, #688]	@ 10004980 <tud_task_ext+0x2b8>
100046d0:	b08b      	sub	sp, #44	@ 0x2c
100046d2:	f899 3000 	ldrb.w	r3, [r9]
100046d6:	2bff      	cmp	r3, #255	@ 0xff
100046d8:	f000 80ed 	beq.w	100048b6 <tud_task_ext+0x1ee>
100046dc:	4ca2      	ldr	r4, [pc, #648]	@ (10004968 <tud_task_ext+0x2a0>)
100046de:	4da3      	ldr	r5, [pc, #652]	@ (1000496c <tud_task_ext+0x2a4>)
100046e0:	f8df a298 	ldr.w	sl, [pc, #664]	@ 1000497c <tud_task_ext+0x2b4>
100046e4:	f8df b29c 	ldr.w	fp, [pc, #668]	@ 10004984 <tud_task_ext+0x2bc>
100046e8:	6826      	ldr	r6, [r4, #0]
100046ea:	6973      	ldr	r3, [r6, #20]
100046ec:	f3ef 8210 	mrs	r2, PRIMASK
100046f0:	b672      	cpsid	i
100046f2:	e8d3 0fcf 	ldaexb	r0, [r3]
100046f6:	2101      	movs	r1, #1
100046f8:	2800      	cmp	r0, #0
100046fa:	d1fa      	bne.n	100046f2 <tud_task_ext+0x2a>
100046fc:	e8c3 1f40 	strexb	r0, r1, [r3]
10004700:	2800      	cmp	r0, #0
10004702:	d1f6      	bne.n	100046f2 <tud_task_ext+0x2a>
10004704:	f3bf 8f5f 	dmb	sy
10004708:	61b2      	str	r2, [r6, #24]
1000470a:	4630      	mov	r0, r6
1000470c:	a907      	add	r1, sp, #28
1000470e:	f001 f959 	bl	100059c4 <tu_fifo_read>
10004712:	2300      	movs	r3, #0
10004714:	6972      	ldr	r2, [r6, #20]
10004716:	e8c2 3f8f 	stlb	r3, [r2]
1000471a:	69b3      	ldr	r3, [r6, #24]
1000471c:	f383 8810 	msr	PRIMASK, r3
10004720:	2800      	cmp	r0, #0
10004722:	f000 80c8 	beq.w	100048b6 <tud_task_ext+0x1ee>
10004726:	f89d 301d 	ldrb.w	r3, [sp, #29]
1000472a:	3b01      	subs	r3, #1
1000472c:	2b07      	cmp	r3, #7
1000472e:	f200 836b 	bhi.w	10004e08 <tud_task_ext+0x740>
10004732:	e8df f003 	tbb	[pc, r3]
10004736:	afa5      	.short	0xafa5
10004738:	358c9b93 	.word	0x358c9b93
1000473c:	040a      	.short	0x040a
1000473e:	9b08      	ldr	r3, [sp, #32]
10004740:	2b00      	cmp	r3, #0
10004742:	d0d1      	beq.n	100046e8 <tud_task_ext+0x20>
10004744:	9809      	ldr	r0, [sp, #36]	@ 0x24
10004746:	4798      	blx	r3
10004748:	e7ce      	b.n	100046e8 <tud_task_ext+0x20>
1000474a:	f89d 1020 	ldrb.w	r1, [sp, #32]
1000474e:	f001 067f 	and.w	r6, r1, #127	@ 0x7f
10004752:	eb05 0046 	add.w	r0, r5, r6, lsl #1
10004756:	eb00 10d1 	add.w	r0, r0, r1, lsr #7
1000475a:	f890 3034 	ldrb.w	r3, [r0, #52]	@ 0x34
1000475e:	f023 0301 	bic.w	r3, r3, #1
10004762:	f880 3034 	strb.w	r3, [r0, #52]	@ 0x34
10004766:	f890 3034 	ldrb.w	r3, [r0, #52]	@ 0x34
1000476a:	f023 0304 	bic.w	r3, r3, #4
1000476e:	f880 3034 	strb.w	r3, [r0, #52]	@ 0x34
10004772:	2e00      	cmp	r6, #0
10004774:	f000 80a2 	beq.w	100048bc <tud_task_ext+0x1f4>
10004778:	7d02      	ldrb	r2, [r0, #20]
1000477a:	f89a 3000 	ldrb.w	r3, [sl]
1000477e:	429a      	cmp	r2, r3
10004780:	f080 8091 	bcs.w	100048a6 <tud_task_ext+0x1de>
10004784:	4b7a      	ldr	r3, [pc, #488]	@ (10004970 <tud_task_ext+0x2a8>)
10004786:	681b      	ldr	r3, [r3, #0]
10004788:	eb13 1342 	adds.w	r3, r3, r2, lsl #5
1000478c:	f000 808c 	beq.w	100048a8 <tud_task_ext+0x1e0>
10004790:	699e      	ldr	r6, [r3, #24]
10004792:	f89d 2021 	ldrb.w	r2, [sp, #33]	@ 0x21
10004796:	9b09      	ldr	r3, [sp, #36]	@ 0x24
10004798:	f89d 001c 	ldrb.w	r0, [sp, #28]
1000479c:	47b0      	blx	r6
1000479e:	e7a3      	b.n	100046e8 <tud_task_ext+0x20>
100047a0:	f89b 3000 	ldrb.w	r3, [fp]
100047a4:	2b00      	cmp	r3, #0
100047a6:	d07f      	beq.n	100048a8 <tud_task_ext+0x1e0>
100047a8:	f89b 3000 	ldrb.w	r3, [fp]
100047ac:	3b01      	subs	r3, #1
100047ae:	b2db      	uxtb	r3, r3
100047b0:	f88b 3000 	strb.w	r3, [fp]
100047b4:	f89b 3000 	ldrb.w	r3, [fp]
100047b8:	f003 00ff 	and.w	r0, r3, #255	@ 0xff
100047bc:	2b00      	cmp	r3, #0
100047be:	d193      	bne.n	100046e8 <tud_task_ext+0x20>
100047c0:	4f6a      	ldr	r7, [pc, #424]	@ (1000496c <tud_task_ext+0x2a4>)
100047c2:	f89d 801c 	ldrb.w	r8, [sp, #28]
100047c6:	783b      	ldrb	r3, [r7, #0]
100047c8:	f043 0301 	orr.w	r3, r3, #1
100047cc:	703b      	strb	r3, [r7, #0]
100047ce:	f897 3034 	ldrb.w	r3, [r7, #52]	@ 0x34
100047d2:	f360 0300 	bfi	r3, r0, #0, #1
100047d6:	f887 3034 	strb.w	r3, [r7, #52]	@ 0x34
100047da:	f897 3034 	ldrb.w	r3, [r7, #52]	@ 0x34
100047de:	f360 0382 	bfi	r3, r0, #2, #1
100047e2:	f887 3034 	strb.w	r3, [r7, #52]	@ 0x34
100047e6:	f897 3035 	ldrb.w	r3, [r7, #53]	@ 0x35
100047ea:	f360 0300 	bfi	r3, r0, #0, #1
100047ee:	f887 3035 	strb.w	r3, [r7, #53]	@ 0x35
100047f2:	f897 3035 	ldrb.w	r3, [r7, #53]	@ 0x35
100047f6:	f360 0382 	bfi	r3, r0, #2, #1
100047fa:	f887 3035 	strb.w	r3, [r7, #53]	@ 0x35
100047fe:	f000 fc59 	bl	100050b4 <usbd_control_set_complete_callback>
10004802:	f89d 3020 	ldrb.w	r3, [sp, #32]
10004806:	f003 0260 	and.w	r2, r3, #96	@ 0x60
1000480a:	2a60      	cmp	r2, #96	@ 0x60
1000480c:	d066      	beq.n	100048dc <tud_task_ext+0x214>
1000480e:	2a40      	cmp	r2, #64	@ 0x40
10004810:	d076      	beq.n	10004900 <tud_task_ext+0x238>
10004812:	f003 031f 	and.w	r3, r3, #31
10004816:	2b01      	cmp	r3, #1
10004818:	f000 80b6 	beq.w	10004988 <tud_task_ext+0x2c0>
1000481c:	2b02      	cmp	r3, #2
1000481e:	d07b      	beq.n	10004918 <tud_task_ext+0x250>
10004820:	2b00      	cmp	r3, #0
10004822:	d15b      	bne.n	100048dc <tud_task_ext+0x214>
10004824:	2a20      	cmp	r2, #32
10004826:	f000 81db 	beq.w	10004be0 <tud_task_ext+0x518>
1000482a:	2a00      	cmp	r2, #0
1000482c:	d156      	bne.n	100048dc <tud_task_ext+0x214>
1000482e:	f89d 3021 	ldrb.w	r3, [sp, #33]	@ 0x21
10004832:	2b09      	cmp	r3, #9
10004834:	d852      	bhi.n	100048dc <tud_task_ext+0x214>
10004836:	e8df f013 	tbh	[pc, r3, lsl #1]
1000483a:	01a2      	.short	0x01a2
1000483c:	00510194 	.word	0x00510194
10004840:	005101b3 	.word	0x005101b3
10004844:	015d0187 	.word	0x015d0187
10004848:	01520051 	.word	0x01520051
1000484c:	00e5      	.short	0x00e5
1000484e:	782b      	ldrb	r3, [r5, #0]
10004850:	07d9      	lsls	r1, r3, #31
10004852:	f57f af49 	bpl.w	100046e8 <tud_task_ext+0x20>
10004856:	f7ff fe95 	bl	10004584 <tud_resume_cb>
1000485a:	e745      	b.n	100046e8 <tud_task_ext+0x20>
1000485c:	78eb      	ldrb	r3, [r5, #3]
1000485e:	07da      	lsls	r2, r3, #31
10004860:	f57f af42 	bpl.w	100046e8 <tud_task_ext+0x20>
10004864:	9808      	ldr	r0, [sp, #32]
10004866:	f7ff fe81 	bl	1000456c <tud_sof_cb>
1000486a:	e73d      	b.n	100046e8 <tud_task_ext+0x20>
1000486c:	782b      	ldrb	r3, [r5, #0]
1000486e:	07d8      	lsls	r0, r3, #31
10004870:	f57f af3a 	bpl.w	100046e8 <tud_task_ext+0x20>
10004874:	7828      	ldrb	r0, [r5, #0]
10004876:	f3c0 00c0 	ubfx	r0, r0, #3, #1
1000487a:	f7ff fe81 	bl	10004580 <tud_suspend_cb>
1000487e:	e733      	b.n	100046e8 <tud_task_ext+0x20>
10004880:	f89d 001c 	ldrb.w	r0, [sp, #28]
10004884:	f7ff fe2a 	bl	100044dc <configuration_reset>
10004888:	f000 fc0a 	bl	100050a0 <usbd_control_reset>
1000488c:	f89d 3020 	ldrb.w	r3, [sp, #32]
10004890:	70ab      	strb	r3, [r5, #2]
10004892:	e729      	b.n	100046e8 <tud_task_ext+0x20>
10004894:	f89d 001c 	ldrb.w	r0, [sp, #28]
10004898:	f7ff fe20 	bl	100044dc <configuration_reset>
1000489c:	f000 fc00 	bl	100050a0 <usbd_control_reset>
100048a0:	f7ff fe6c 	bl	1000457c <tud_umount_cb>
100048a4:	e720      	b.n	100046e8 <tud_task_ext+0x20>
100048a6:	d011      	beq.n	100048cc <tud_task_ext+0x204>
100048a8:	f04f 23e0 	mov.w	r3, #3758153728	@ 0xe000e000
100048ac:	f8d3 3df0 	ldr.w	r3, [r3, #3568]	@ 0xdf0
100048b0:	07dc      	lsls	r4, r3, #31
100048b2:	d500      	bpl.n	100048b6 <tud_task_ext+0x1ee>
100048b4:	be00      	bkpt	0x0000
100048b6:	b00b      	add	sp, #44	@ 0x2c
100048b8:	e8bd 8ff0 	ldmia.w	sp!, {r4, r5, r6, r7, r8, r9, sl, fp, pc}
100048bc:	9b09      	ldr	r3, [sp, #36]	@ 0x24
100048be:	f89d 2021 	ldrb.w	r2, [sp, #33]	@ 0x21
100048c2:	f89d 001c 	ldrb.w	r0, [sp, #28]
100048c6:	f000 fc09 	bl	100050dc <usbd_control_xfer_cb>
100048ca:	e70d      	b.n	100046e8 <tud_task_ext+0x20>
100048cc:	4b29      	ldr	r3, [pc, #164]	@ (10004974 <tud_task_ext+0x2ac>)
100048ce:	e75f      	b.n	10004790 <tud_task_ext+0xc8>
100048d0:	f7ff fafc 	bl	10003ecc <tud_descriptor_configuration_cb>
100048d4:	4602      	mov	r2, r0
100048d6:	2800      	cmp	r0, #0
100048d8:	f040 8179 	bne.w	10004bce <tud_task_ext+0x506>
100048dc:	f04f 23e0 	mov.w	r3, #3758153728	@ 0xe000e000
100048e0:	f8d3 3df0 	ldr.w	r3, [r3, #3568]	@ 0xdf0
100048e4:	07de      	lsls	r6, r3, #31
100048e6:	d500      	bpl.n	100048ea <tud_task_ext+0x222>
100048e8:	be00      	bkpt	0x0000
100048ea:	f89d 001c 	ldrb.w	r0, [sp, #28]
100048ee:	2100      	movs	r1, #0
100048f0:	f7ff fd88 	bl	10004404 <dcd_edpt_stall>
100048f4:	2180      	movs	r1, #128	@ 0x80
100048f6:	f89d 001c 	ldrb.w	r0, [sp, #28]
100048fa:	f7ff fd83 	bl	10004404 <dcd_edpt_stall>
100048fe:	e6f3      	b.n	100046e8 <tud_task_ext+0x20>
10004900:	481d      	ldr	r0, [pc, #116]	@ (10004978 <tud_task_ext+0x2b0>)
10004902:	f000 fbd7 	bl	100050b4 <usbd_control_set_complete_callback>
10004906:	2101      	movs	r1, #1
10004908:	4640      	mov	r0, r8
1000490a:	aa08      	add	r2, sp, #32
1000490c:	f7ff fc3e 	bl	1000418c <tud_vendor_control_xfer_cb>
10004910:	2800      	cmp	r0, #0
10004912:	f47f aee9 	bne.w	100046e8 <tud_task_ext+0x20>
10004916:	e7e8      	b.n	100048ea <tud_task_ext+0x222>
10004918:	f89d 1024 	ldrb.w	r1, [sp, #36]	@ 0x24
1000491c:	f011 0f70 	tst.w	r1, #112	@ 0x70
10004920:	d1dc      	bne.n	100048dc <tud_task_ext+0x214>
10004922:	f001 067f 	and.w	r6, r1, #127	@ 0x7f
10004926:	eb07 0046 	add.w	r0, r7, r6, lsl #1
1000492a:	4b14      	ldr	r3, [pc, #80]	@ (1000497c <tud_task_ext+0x2b4>)
1000492c:	eb00 10d1 	add.w	r0, r0, r1, lsr #7
10004930:	781b      	ldrb	r3, [r3, #0]
10004932:	7d00      	ldrb	r0, [r0, #20]
10004934:	0076      	lsls	r6, r6, #1
10004936:	9601      	str	r6, [sp, #4]
10004938:	4298      	cmp	r0, r3
1000493a:	ea4f 16d1 	mov.w	r6, r1, lsr #7
1000493e:	9600      	str	r6, [sp, #0]
10004940:	d34f      	bcc.n	100049e2 <tud_task_ext+0x31a>
10004942:	f040 815f 	bne.w	10004c04 <tud_task_ext+0x53c>
10004946:	4e0b      	ldr	r6, [pc, #44]	@ (10004974 <tud_task_ext+0x2ac>)
10004948:	2a00      	cmp	r2, #0
1000494a:	f000 815f 	beq.w	10004c0c <tud_task_ext+0x544>
1000494e:	6970      	ldr	r0, [r6, #20]
10004950:	f000 fbb0 	bl	100050b4 <usbd_control_set_complete_callback>
10004954:	2101      	movs	r1, #1
10004956:	4640      	mov	r0, r8
10004958:	6973      	ldr	r3, [r6, #20]
1000495a:	aa08      	add	r2, sp, #32
1000495c:	4798      	blx	r3
1000495e:	2800      	cmp	r0, #0
10004960:	f47f aec2 	bne.w	100046e8 <tud_task_ext+0x20>
10004964:	e7c1      	b.n	100048ea <tud_task_ext+0x222>
10004966:	bf00      	nop
10004968:	20001730 	.word	0x20001730
1000496c:	200016d8 	.word	0x200016d8
10004970:	200015d0 	.word	0x200015d0
10004974:	10006474 	.word	0x10006474
10004978:	1000418d 	.word	0x1000418d
1000497c:	20001cc9 	.word	0x20001cc9
10004980:	2000136c 	.word	0x2000136c
10004984:	20001ccb 	.word	0x20001ccb
10004988:	f89d 3024 	ldrb.w	r3, [sp, #36]	@ 0x24
1000498c:	2b0f      	cmp	r3, #15
1000498e:	d8ac      	bhi.n	100048ea <tud_task_ext+0x222>
10004990:	4aaa      	ldr	r2, [pc, #680]	@ (10004c3c <tud_task_ext+0x574>)
10004992:	443b      	add	r3, r7
10004994:	791b      	ldrb	r3, [r3, #4]
10004996:	7812      	ldrb	r2, [r2, #0]
10004998:	4293      	cmp	r3, r2
1000499a:	d32d      	bcc.n	100049f8 <tud_task_ext+0x330>
1000499c:	d1a5      	bne.n	100048ea <tud_task_ext+0x222>
1000499e:	4ea8      	ldr	r6, [pc, #672]	@ (10004c40 <tud_task_ext+0x578>)
100049a0:	6970      	ldr	r0, [r6, #20]
100049a2:	f000 fb87 	bl	100050b4 <usbd_control_set_complete_callback>
100049a6:	2101      	movs	r1, #1
100049a8:	4640      	mov	r0, r8
100049aa:	6973      	ldr	r3, [r6, #20]
100049ac:	aa08      	add	r2, sp, #32
100049ae:	4798      	blx	r3
100049b0:	2800      	cmp	r0, #0
100049b2:	f47f ae99 	bne.w	100046e8 <tud_task_ext+0x20>
100049b6:	f89d 3020 	ldrb.w	r3, [sp, #32]
100049ba:	f013 0660 	ands.w	r6, r3, #96	@ 0x60
100049be:	d194      	bne.n	100048ea <tud_task_ext+0x222>
100049c0:	f89d 3021 	ldrb.w	r3, [sp, #33]	@ 0x21
100049c4:	3b0a      	subs	r3, #10
100049c6:	2b01      	cmp	r3, #1
100049c8:	d88f      	bhi.n	100048ea <tud_task_ext+0x222>
100049ca:	f000 fb73 	bl	100050b4 <usbd_control_set_complete_callback>
100049ce:	f89d 3021 	ldrb.w	r3, [sp, #33]	@ 0x21
100049d2:	2b0a      	cmp	r3, #10
100049d4:	f000 81f1 	beq.w	10004dba <tud_task_ext+0x6f2>
100049d8:	4640      	mov	r0, r8
100049da:	a908      	add	r1, sp, #32
100049dc:	f000 faf0 	bl	10004fc0 <tud_control_status>
100049e0:	e682      	b.n	100046e8 <tud_task_ext+0x20>
100049e2:	4b98      	ldr	r3, [pc, #608]	@ (10004c44 <tud_task_ext+0x57c>)
100049e4:	681b      	ldr	r3, [r3, #0]
100049e6:	eb03 1640 	add.w	r6, r3, r0, lsl #5
100049ea:	2a00      	cmp	r2, #0
100049ec:	f000 810e 	beq.w	10004c0c <tud_task_ext+0x544>
100049f0:	2e00      	cmp	r6, #0
100049f2:	f43f af7a 	beq.w	100048ea <tud_task_ext+0x222>
100049f6:	e7aa      	b.n	1000494e <tud_task_ext+0x286>
100049f8:	4a92      	ldr	r2, [pc, #584]	@ (10004c44 <tud_task_ext+0x57c>)
100049fa:	6816      	ldr	r6, [r2, #0]
100049fc:	eb16 1643 	adds.w	r6, r6, r3, lsl #5
10004a00:	d1ce      	bne.n	100049a0 <tud_task_ext+0x2d8>
10004a02:	e772      	b.n	100048ea <tud_task_ext+0x222>
10004a04:	787b      	ldrb	r3, [r7, #1]
10004a06:	f89d 6022 	ldrb.w	r6, [sp, #34]	@ 0x22
10004a0a:	429e      	cmp	r6, r3
10004a0c:	f000 814c 	beq.w	10004ca8 <tud_task_ext+0x5e0>
10004a10:	787b      	ldrb	r3, [r7, #1]
10004a12:	2b00      	cmp	r3, #0
10004a14:	f040 81bd 	bne.w	10004d92 <tud_task_ext+0x6ca>
10004a18:	707e      	strb	r6, [r7, #1]
10004a1a:	2e00      	cmp	r6, #0
10004a1c:	f000 8142 	beq.w	10004ca4 <tud_task_ext+0x5dc>
10004a20:	1e70      	subs	r0, r6, #1
10004a22:	b2c0      	uxtb	r0, r0
10004a24:	f7ff fa52 	bl	10003ecc <tud_descriptor_configuration_cb>
10004a28:	4603      	mov	r3, r0
10004a2a:	2800      	cmp	r0, #0
10004a2c:	f000 815e 	beq.w	10004cec <tud_task_ext+0x624>
10004a30:	7842      	ldrb	r2, [r0, #1]
10004a32:	2a02      	cmp	r2, #2
10004a34:	f040 815a 	bne.w	10004cec <tud_task_ext+0x624>
10004a38:	79c1      	ldrb	r1, [r0, #7]
10004a3a:	f103 0609 	add.w	r6, r3, #9
10004a3e:	f3c1 1240 	ubfx	r2, r1, #5, #1
10004a42:	0112      	lsls	r2, r2, #4
10004a44:	f3c1 1180 	ubfx	r1, r1, #6, #1
10004a48:	ea42 1241 	orr.w	r2, r2, r1, lsl #5
10004a4c:	4631      	mov	r1, r6
10004a4e:	7838      	ldrb	r0, [r7, #0]
10004a50:	f020 0030 	bic.w	r0, r0, #48	@ 0x30
10004a54:	4302      	orrs	r2, r0
10004a56:	703a      	strb	r2, [r7, #0]
10004a58:	885a      	ldrh	r2, [r3, #2]
10004a5a:	f8cd 8008 	str.w	r8, [sp, #8]
10004a5e:	189a      	adds	r2, r3, r2
10004a60:	9200      	str	r2, [sp, #0]
10004a62:	9b00      	ldr	r3, [sp, #0]
10004a64:	428b      	cmp	r3, r1
10004a66:	f240 81a3 	bls.w	10004db0 <tud_task_ext+0x6e8>
10004a6a:	784b      	ldrb	r3, [r1, #1]
10004a6c:	2b0b      	cmp	r3, #11
10004a6e:	f000 81ae 	beq.w	10004dce <tud_task_ext+0x706>
10004a72:	f04f 0c01 	mov.w	ip, #1
10004a76:	2b04      	cmp	r3, #4
10004a78:	f040 8138 	bne.w	10004cec <tud_task_ext+0x624>
10004a7c:	2300      	movs	r3, #0
10004a7e:	9a00      	ldr	r2, [sp, #0]
10004a80:	461e      	mov	r6, r3
10004a82:	1a52      	subs	r2, r2, r1
10004a84:	b292      	uxth	r2, r2
10004a86:	9201      	str	r2, [sp, #4]
10004a88:	4a6c      	ldr	r2, [pc, #432]	@ (10004c3c <tud_task_ext+0x574>)
10004a8a:	f8cd c00c 	str.w	ip, [sp, #12]
10004a8e:	7812      	ldrb	r2, [r2, #0]
10004a90:	e01d      	b.n	10004ace <tud_task_ext+0x406>
10004a92:	4a6c      	ldr	r2, [pc, #432]	@ (10004c44 <tud_task_ext+0x57c>)
10004a94:	6812      	ldr	r2, [r2, #0]
10004a96:	eb12 1846 	adds.w	r8, r2, r6, lsl #5
10004a9a:	f000 8127 	beq.w	10004cec <tud_task_ext+0x624>
10004a9e:	9a01      	ldr	r2, [sp, #4]
10004aa0:	9305      	str	r3, [sp, #20]
10004aa2:	9802      	ldr	r0, [sp, #8]
10004aa4:	f8d8 3010 	ldr.w	r3, [r8, #16]
10004aa8:	9104      	str	r1, [sp, #16]
10004aaa:	4798      	blx	r3
10004aac:	9b05      	ldr	r3, [sp, #20]
10004aae:	2808      	cmp	r0, #8
10004ab0:	4602      	mov	r2, r0
10004ab2:	9904      	ldr	r1, [sp, #16]
10004ab4:	f103 0301 	add.w	r3, r3, #1
10004ab8:	d903      	bls.n	10004ac2 <tud_task_ext+0x3fa>
10004aba:	9801      	ldr	r0, [sp, #4]
10004abc:	4290      	cmp	r0, r2
10004abe:	f080 80f8 	bcs.w	10004cb2 <tud_task_ext+0x5ea>
10004ac2:	4a5e      	ldr	r2, [pc, #376]	@ (10004c3c <tud_task_ext+0x574>)
10004ac4:	b2de      	uxtb	r6, r3
10004ac6:	7812      	ldrb	r2, [r2, #0]
10004ac8:	42b2      	cmp	r2, r6
10004aca:	f0c0 810f 	bcc.w	10004cec <tud_task_ext+0x624>
10004ace:	42b2      	cmp	r2, r6
10004ad0:	eba6 0202 	sub.w	r2, r6, r2
10004ad4:	d8dd      	bhi.n	10004a92 <tud_task_ext+0x3ca>
10004ad6:	485a      	ldr	r0, [pc, #360]	@ (10004c40 <tud_task_ext+0x578>)
10004ad8:	eb00 1842 	add.w	r8, r0, r2, lsl #5
10004adc:	e7df      	b.n	10004a9e <tud_task_ext+0x3d6>
10004ade:	787b      	ldrb	r3, [r7, #1]
10004ae0:	4640      	mov	r0, r8
10004ae2:	f88d 301a 	strb.w	r3, [sp, #26]
10004ae6:	f10d 021a 	add.w	r2, sp, #26
10004aea:	2301      	movs	r3, #1
10004aec:	a908      	add	r1, sp, #32
10004aee:	f000 fa81 	bl	10004ff4 <tud_control_xfer>
10004af2:	e5f9      	b.n	100046e8 <tud_task_ext+0x20>
10004af4:	f8bd 0022 	ldrh.w	r0, [sp, #34]	@ 0x22
10004af8:	0a03      	lsrs	r3, r0, #8
10004afa:	3b01      	subs	r3, #1
10004afc:	0a02      	lsrs	r2, r0, #8
10004afe:	b2c0      	uxtb	r0, r0
10004b00:	2b0e      	cmp	r3, #14
10004b02:	f63f aef2 	bhi.w	100048ea <tud_task_ext+0x222>
10004b06:	a101      	add	r1, pc, #4	@ (adr r1, 10004b0c <tud_task_ext+0x444>)
10004b08:	f851 f023 	ldr.w	pc, [r1, r3, lsl #2]
10004b0c:	10004d1d 	.word	0x10004d1d
10004b10:	10004bbd 	.word	0x10004bbd
10004b14:	10004d59 	.word	0x10004d59
10004b18:	100048eb 	.word	0x100048eb
10004b1c:	100048eb 	.word	0x100048eb
10004b20:	10004d3b 	.word	0x10004d3b
10004b24:	10004bbd 	.word	0x10004bbd
10004b28:	100048eb 	.word	0x100048eb
10004b2c:	100048eb 	.word	0x100048eb
10004b30:	100048eb 	.word	0x100048eb
10004b34:	100048eb 	.word	0x100048eb
10004b38:	100048eb 	.word	0x100048eb
10004b3c:	100048eb 	.word	0x100048eb
10004b40:	100048eb 	.word	0x100048eb
10004b44:	10004d0f 	.word	0x10004d0f
10004b48:	a808      	add	r0, sp, #32
10004b4a:	f000 fab9 	bl	100050c0 <usbd_control_set_request>
10004b4e:	4640      	mov	r0, r8
10004b50:	f89d 1022 	ldrb.w	r1, [sp, #34]	@ 0x22
10004b54:	f7ff fb8e 	bl	10004274 <dcd_set_address>
10004b58:	783b      	ldrb	r3, [r7, #0]
10004b5a:	f043 0302 	orr.w	r3, r3, #2
10004b5e:	703b      	strb	r3, [r7, #0]
10004b60:	e5c2      	b.n	100046e8 <tud_task_ext+0x20>
10004b62:	f8bd 3022 	ldrh.w	r3, [sp, #34]	@ 0x22
10004b66:	2b01      	cmp	r3, #1
10004b68:	f47f aebf 	bne.w	100048ea <tud_task_ext+0x222>
10004b6c:	783b      	ldrb	r3, [r7, #0]
10004b6e:	4640      	mov	r0, r8
10004b70:	f023 0308 	bic.w	r3, r3, #8
10004b74:	a908      	add	r1, sp, #32
10004b76:	703b      	strb	r3, [r7, #0]
10004b78:	f000 fa22 	bl	10004fc0 <tud_control_status>
10004b7c:	e5b4      	b.n	100046e8 <tud_task_ext+0x20>
10004b7e:	4640      	mov	r0, r8
10004b80:	783b      	ldrb	r3, [r7, #0]
10004b82:	089a      	lsrs	r2, r3, #2
10004b84:	f002 0202 	and.w	r2, r2, #2
10004b88:	f3c3 1340 	ubfx	r3, r3, #5, #1
10004b8c:	4313      	orrs	r3, r2
10004b8e:	f8ad 301a 	strh.w	r3, [sp, #26]
10004b92:	f10d 021a 	add.w	r2, sp, #26
10004b96:	2302      	movs	r3, #2
10004b98:	a908      	add	r1, sp, #32
10004b9a:	f000 fa2b 	bl	10004ff4 <tud_control_xfer>
10004b9e:	e5a3      	b.n	100046e8 <tud_task_ext+0x20>
10004ba0:	f8bd 3022 	ldrh.w	r3, [sp, #34]	@ 0x22
10004ba4:	2b01      	cmp	r3, #1
10004ba6:	f47f aea0 	bne.w	100048ea <tud_task_ext+0x222>
10004baa:	783b      	ldrb	r3, [r7, #0]
10004bac:	4640      	mov	r0, r8
10004bae:	f043 0308 	orr.w	r3, r3, #8
10004bb2:	a908      	add	r1, sp, #32
10004bb4:	703b      	strb	r3, [r7, #0]
10004bb6:	f000 fa03 	bl	10004fc0 <tud_control_status>
10004bba:	e595      	b.n	100046e8 <tud_task_ext+0x20>
10004bbc:	2a02      	cmp	r2, #2
10004bbe:	f43f ae87 	beq.w	100048d0 <tud_task_ext+0x208>
10004bc2:	f7ff fcd7 	bl	10004574 <tud_descriptor_other_speed_configuration_cb>
10004bc6:	4602      	mov	r2, r0
10004bc8:	2800      	cmp	r0, #0
10004bca:	f43f ae8e 	beq.w	100048ea <tud_task_ext+0x222>
10004bce:	4640      	mov	r0, r8
10004bd0:	8853      	ldrh	r3, [r2, #2]
10004bd2:	a908      	add	r1, sp, #32
10004bd4:	f000 fa0e 	bl	10004ff4 <tud_control_xfer>
10004bd8:	2800      	cmp	r0, #0
10004bda:	f47f ad85 	bne.w	100046e8 <tud_task_ext+0x20>
10004bde:	e684      	b.n	100048ea <tud_task_ext+0x222>
10004be0:	f89d 3024 	ldrb.w	r3, [sp, #36]	@ 0x24
10004be4:	2b0f      	cmp	r3, #15
10004be6:	f63f ae80 	bhi.w	100048ea <tud_task_ext+0x222>
10004bea:	4a14      	ldr	r2, [pc, #80]	@ (10004c3c <tud_task_ext+0x574>)
10004bec:	443b      	add	r3, r7
10004bee:	791b      	ldrb	r3, [r3, #4]
10004bf0:	7812      	ldrb	r2, [r2, #0]
10004bf2:	4293      	cmp	r3, r2
10004bf4:	d21d      	bcs.n	10004c32 <tud_task_ext+0x56a>
10004bf6:	4a13      	ldr	r2, [pc, #76]	@ (10004c44 <tud_task_ext+0x57c>)
10004bf8:	6816      	ldr	r6, [r2, #0]
10004bfa:	eb16 1643 	adds.w	r6, r6, r3, lsl #5
10004bfe:	f47f aea6 	bne.w	1000494e <tud_task_ext+0x286>
10004c02:	e672      	b.n	100048ea <tud_task_ext+0x222>
10004c04:	2a00      	cmp	r2, #0
10004c06:	f47f ae70 	bne.w	100048ea <tud_task_ext+0x222>
10004c0a:	2600      	movs	r6, #0
10004c0c:	f89d 2021 	ldrb.w	r2, [sp, #33]	@ 0x21
10004c10:	f002 03fd 	and.w	r3, r2, #253	@ 0xfd
10004c14:	2b01      	cmp	r3, #1
10004c16:	d017      	beq.n	10004c48 <tud_task_ext+0x580>
10004c18:	2a00      	cmp	r2, #0
10004c1a:	f47f ae5f 	bne.w	100048dc <tud_task_ext+0x214>
10004c1e:	9b01      	ldr	r3, [sp, #4]
10004c20:	9a00      	ldr	r2, [sp, #0]
10004c22:	443b      	add	r3, r7
10004c24:	4413      	add	r3, r2
10004c26:	f893 3034 	ldrb.w	r3, [r3, #52]	@ 0x34
10004c2a:	4640      	mov	r0, r8
10004c2c:	f3c3 0340 	ubfx	r3, r3, #1, #1
10004c30:	e7ad      	b.n	10004b8e <tud_task_ext+0x4c6>
10004c32:	f47f ae5a 	bne.w	100048ea <tud_task_ext+0x222>
10004c36:	4e02      	ldr	r6, [pc, #8]	@ (10004c40 <tud_task_ext+0x578>)
10004c38:	e689      	b.n	1000494e <tud_task_ext+0x286>
10004c3a:	bf00      	nop
10004c3c:	20001cc9 	.word	0x20001cc9
10004c40:	10006474 	.word	0x10006474
10004c44:	200015d0 	.word	0x200015d0
10004c48:	f8bd 3022 	ldrh.w	r3, [sp, #34]	@ 0x22
10004c4c:	b9b3      	cbnz	r3, 10004c7c <tud_task_ext+0x5b4>
10004c4e:	2a01      	cmp	r2, #1
10004c50:	f899 0000 	ldrb.w	r0, [r9]
10004c54:	f000 8088 	beq.w	10004d68 <tud_task_ext+0x6a0>
10004c58:	f7ff fbd4 	bl	10004404 <dcd_edpt_stall>
10004c5c:	9b01      	ldr	r3, [sp, #4]
10004c5e:	9a00      	ldr	r2, [sp, #0]
10004c60:	443b      	add	r3, r7
10004c62:	4413      	add	r3, r2
10004c64:	f893 2034 	ldrb.w	r2, [r3, #52]	@ 0x34
10004c68:	f042 0202 	orr.w	r2, r2, #2
10004c6c:	f883 2034 	strb.w	r2, [r3, #52]	@ 0x34
10004c70:	f893 2034 	ldrb.w	r2, [r3, #52]	@ 0x34
10004c74:	f042 0201 	orr.w	r2, r2, #1
10004c78:	f883 2034 	strb.w	r2, [r3, #52]	@ 0x34
10004c7c:	2e00      	cmp	r6, #0
10004c7e:	f43f ad33 	beq.w	100046e8 <tud_task_ext+0x20>
10004c82:	6970      	ldr	r0, [r6, #20]
10004c84:	f000 fa16 	bl	100050b4 <usbd_control_set_complete_callback>
10004c88:	6973      	ldr	r3, [r6, #20]
10004c8a:	2101      	movs	r1, #1
10004c8c:	aa08      	add	r2, sp, #32
10004c8e:	4640      	mov	r0, r8
10004c90:	4798      	blx	r3
10004c92:	2000      	movs	r0, #0
10004c94:	f000 fa0e 	bl	100050b4 <usbd_control_set_complete_callback>
10004c98:	f897 3035 	ldrb.w	r3, [r7, #53]	@ 0x35
10004c9c:	07df      	lsls	r7, r3, #31
10004c9e:	f53f ad23 	bmi.w	100046e8 <tud_task_ext+0x20>
10004ca2:	e699      	b.n	100049d8 <tud_task_ext+0x310>
10004ca4:	f7ff fc6a 	bl	1000457c <tud_umount_cb>
10004ca8:	4640      	mov	r0, r8
10004caa:	a908      	add	r1, sp, #32
10004cac:	f000 f988 	bl	10004fc0 <tud_control_status>
10004cb0:	e51a      	b.n	100046e8 <tud_task_ext+0x20>
10004cb2:	f8dd c00c 	ldr.w	ip, [sp, #12]
10004cb6:	f1bc 0f01 	cmp.w	ip, #1
10004cba:	f000 809d 	beq.w	10004df8 <tud_task_ext+0x730>
10004cbe:	f1bc 0f00 	cmp.w	ip, #0
10004cc2:	f000 808a 	beq.w	10004dda <tud_task_ext+0x712>
10004cc6:	2300      	movs	r3, #0
10004cc8:	f891 8002 	ldrb.w	r8, [r1, #2]
10004ccc:	e004      	b.n	10004cd8 <tud_task_ext+0x610>
10004cce:	7106      	strb	r6, [r0, #4]
10004cd0:	b2d8      	uxtb	r0, r3
10004cd2:	4584      	cmp	ip, r0
10004cd4:	f240 8081 	bls.w	10004dda <tud_task_ext+0x712>
10004cd8:	eb08 0003 	add.w	r0, r8, r3
10004cdc:	fa57 f080 	uxtab	r0, r7, r0
10004ce0:	f890 e004 	ldrb.w	lr, [r0, #4]
10004ce4:	3301      	adds	r3, #1
10004ce6:	f1be 0fff 	cmp.w	lr, #255	@ 0xff
10004cea:	d0f0      	beq.n	10004cce <tud_task_ext+0x606>
10004cec:	f04f 23e0 	mov.w	r3, #3758153728	@ 0xe000e000
10004cf0:	f8d3 3df0 	ldr.w	r3, [r3, #3568]	@ 0xdf0
10004cf4:	07da      	lsls	r2, r3, #31
10004cf6:	d500      	bpl.n	10004cfa <tud_task_ext+0x632>
10004cf8:	be00      	bkpt	0x0000
10004cfa:	f04f 23e0 	mov.w	r3, #3758153728	@ 0xe000e000
10004cfe:	f8d3 3df0 	ldr.w	r3, [r3, #3568]	@ 0xdf0
10004d02:	07db      	lsls	r3, r3, #31
10004d04:	d500      	bpl.n	10004d08 <tud_task_ext+0x640>
10004d06:	be00      	bkpt	0x0000
10004d08:	2300      	movs	r3, #0
10004d0a:	707b      	strb	r3, [r7, #1]
10004d0c:	e5ed      	b.n	100048ea <tud_task_ext+0x222>
10004d0e:	f7ff fa39 	bl	10004184 <tud_descriptor_bos_cb>
10004d12:	4602      	mov	r2, r0
10004d14:	2800      	cmp	r0, #0
10004d16:	f47f af5a 	bne.w	10004bce <tud_task_ext+0x506>
10004d1a:	e5e6      	b.n	100048ea <tud_task_ext+0x222>
10004d1c:	f7ff f8d2 	bl	10003ec4 <tud_descriptor_device_cb>
10004d20:	4602      	mov	r2, r0
10004d22:	2800      	cmp	r0, #0
10004d24:	f43f adda 	beq.w	100048dc <tud_task_ext+0x214>
10004d28:	4640      	mov	r0, r8
10004d2a:	2312      	movs	r3, #18
10004d2c:	a908      	add	r1, sp, #32
10004d2e:	f000 f961 	bl	10004ff4 <tud_control_xfer>
10004d32:	2800      	cmp	r0, #0
10004d34:	f47f acd8 	bne.w	100046e8 <tud_task_ext+0x20>
10004d38:	e5d7      	b.n	100048ea <tud_task_ext+0x222>
10004d3a:	f7ff fc19 	bl	10004570 <tud_descriptor_device_qualifier_cb>
10004d3e:	4602      	mov	r2, r0
10004d40:	2800      	cmp	r0, #0
10004d42:	f43f add2 	beq.w	100048ea <tud_task_ext+0x222>
10004d46:	4640      	mov	r0, r8
10004d48:	7813      	ldrb	r3, [r2, #0]
10004d4a:	a908      	add	r1, sp, #32
10004d4c:	f000 f952 	bl	10004ff4 <tud_control_xfer>
10004d50:	2800      	cmp	r0, #0
10004d52:	f47f acc9 	bne.w	100046e8 <tud_task_ext+0x20>
10004d56:	e5c8      	b.n	100048ea <tud_task_ext+0x222>
10004d58:	f8bd 1024 	ldrh.w	r1, [sp, #36]	@ 0x24
10004d5c:	f7ff f8ba 	bl	10003ed4 <tud_descriptor_string_cb>
10004d60:	4602      	mov	r2, r0
10004d62:	2800      	cmp	r0, #0
10004d64:	d1ef      	bne.n	10004d46 <tud_task_ext+0x67e>
10004d66:	e5c0      	b.n	100048ea <tud_task_ext+0x222>
10004d68:	9302      	str	r3, [sp, #8]
10004d6a:	f7ff fb61 	bl	10004430 <dcd_edpt_clear_stall>
10004d6e:	9a01      	ldr	r2, [sp, #4]
10004d70:	9b00      	ldr	r3, [sp, #0]
10004d72:	443a      	add	r2, r7
10004d74:	441a      	add	r2, r3
10004d76:	f892 1034 	ldrb.w	r1, [r2, #52]	@ 0x34
10004d7a:	9b02      	ldr	r3, [sp, #8]
10004d7c:	f363 0141 	bfi	r1, r3, #1, #1
10004d80:	f882 1034 	strb.w	r1, [r2, #52]	@ 0x34
10004d84:	f892 1034 	ldrb.w	r1, [r2, #52]	@ 0x34
10004d88:	f363 0100 	bfi	r1, r3, #0, #1
10004d8c:	f882 1034 	strb.w	r1, [r2, #52]	@ 0x34
10004d90:	e774      	b.n	10004c7c <tud_task_ext+0x5b4>
10004d92:	2100      	movs	r1, #0
10004d94:	4640      	mov	r0, r8
10004d96:	f7ff fa85 	bl	100042a4 <dcd_sof_enable>
10004d9a:	4640      	mov	r0, r8
10004d9c:	f7ff fb1c 	bl	100043d8 <dcd_edpt_close_all>
10004da0:	78bb      	ldrb	r3, [r7, #2]
10004da2:	4640      	mov	r0, r8
10004da4:	9300      	str	r3, [sp, #0]
10004da6:	f7ff fb99 	bl	100044dc <configuration_reset>
10004daa:	9b00      	ldr	r3, [sp, #0]
10004dac:	70bb      	strb	r3, [r7, #2]
10004dae:	e633      	b.n	10004a18 <tud_task_ext+0x350>
10004db0:	f8dd 8008 	ldr.w	r8, [sp, #8]
10004db4:	f7ff fbe0 	bl	10004578 <tud_mount_cb>
10004db8:	e776      	b.n	10004ca8 <tud_task_ext+0x5e0>
10004dba:	4640      	mov	r0, r8
10004dbc:	2301      	movs	r3, #1
10004dbe:	a908      	add	r1, sp, #32
10004dc0:	f10d 021a 	add.w	r2, sp, #26
10004dc4:	f88d 601a 	strb.w	r6, [sp, #26]
10004dc8:	f000 f914 	bl	10004ff4 <tud_control_xfer>
10004dcc:	e48c      	b.n	100046e8 <tud_task_ext+0x20>
10004dce:	780b      	ldrb	r3, [r1, #0]
10004dd0:	f891 c003 	ldrb.w	ip, [r1, #3]
10004dd4:	4419      	add	r1, r3
10004dd6:	784b      	ldrb	r3, [r1, #1]
10004dd8:	e64d      	b.n	10004a76 <tud_task_ext+0x3ae>
10004dda:	4633      	mov	r3, r6
10004ddc:	480f      	ldr	r0, [pc, #60]	@ (10004e1c <tud_task_ext+0x754>)
10004dde:	9203      	str	r2, [sp, #12]
10004de0:	9101      	str	r1, [sp, #4]
10004de2:	f000 fd67 	bl	100058b4 <tu_edpt_bind_driver>
10004de6:	4b0e      	ldr	r3, [pc, #56]	@ (10004e20 <tud_task_ext+0x758>)
10004de8:	9901      	ldr	r1, [sp, #4]
10004dea:	781b      	ldrb	r3, [r3, #0]
10004dec:	9a03      	ldr	r2, [sp, #12]
10004dee:	42b3      	cmp	r3, r6
10004df0:	4411      	add	r1, r2
10004df2:	f4bf ae36 	bcs.w	10004a62 <tud_task_ext+0x39a>
10004df6:	e779      	b.n	10004cec <tud_task_ext+0x624>
10004df8:	f8d8 0010 	ldr.w	r0, [r8, #16]
10004dfc:	4b09      	ldr	r3, [pc, #36]	@ (10004e24 <tud_task_ext+0x75c>)
10004dfe:	4298      	cmp	r0, r3
10004e00:	bf08      	it	eq
10004e02:	f04f 0c02 	moveq.w	ip, #2
10004e06:	e75e      	b.n	10004cc6 <tud_task_ext+0x5fe>
10004e08:	f04f 23e0 	mov.w	r3, #3758153728	@ 0xe000e000
10004e0c:	f8d3 3df0 	ldr.w	r3, [r3, #3568]	@ 0xdf0
10004e10:	07db      	lsls	r3, r3, #31
10004e12:	f57f ac69 	bpl.w	100046e8 <tud_task_ext+0x20>
10004e16:	be00      	bkpt	0x0000
10004e18:	e466      	b.n	100046e8 <tud_task_ext+0x20>
10004e1a:	bf00      	nop
10004e1c:	200016ec 	.word	0x200016ec
10004e20:	20001cc9 	.word	0x20001cc9
10004e24:	100054ed 	.word	0x100054ed

10004e28 <usbd_open_edpt_pair>:
10004e28:	e92d 4ff8 	stmdb	sp!, {r3, r4, r5, r6, r7, r8, r9, sl, fp, lr}
10004e2c:	f8dd 8028 	ldr.w	r8, [sp, #40]	@ 0x28
10004e30:	2a00      	cmp	r2, #0
10004e32:	d03f      	beq.n	10004eb4 <usbd_open_edpt_pair+0x8c>
10004e34:	460c      	mov	r4, r1
10004e36:	461e      	mov	r6, r3
10004e38:	4615      	mov	r5, r2
10004e3a:	f04f 0b00 	mov.w	fp, #0
10004e3e:	4f1f      	ldr	r7, [pc, #124]	@ (10004ebc <usbd_open_edpt_pair+0x94>)
10004e40:	f8df 907c 	ldr.w	r9, [pc, #124]	@ 10004ec0 <usbd_open_edpt_pair+0x98>
10004e44:	e017      	b.n	10004e76 <usbd_open_edpt_pair+0x4e>
10004e46:	4620      	mov	r0, r4
10004e48:	f899 1002 	ldrb.w	r1, [r9, #2]
10004e4c:	f000 fd00 	bl	10005850 <tu_edpt_validate>
10004e50:	b1f8      	cbz	r0, 10004e92 <usbd_open_edpt_pair+0x6a>
10004e52:	4621      	mov	r1, r4
10004e54:	4650      	mov	r0, sl
10004e56:	f7ff fa41 	bl	100042dc <dcd_edpt_open>
10004e5a:	b308      	cbz	r0, 10004ea0 <usbd_open_edpt_pair+0x78>
10004e5c:	78a3      	ldrb	r3, [r4, #2]
10004e5e:	f10b 0b01 	add.w	fp, fp, #1
10004e62:	09da      	lsrs	r2, r3, #7
10004e64:	bf16      	itet	ne
10004e66:	9a0b      	ldrne	r2, [sp, #44]	@ 0x2c
10004e68:	f888 3000 	strbeq.w	r3, [r8]
10004e6c:	7013      	strbne	r3, [r2, #0]
10004e6e:	7823      	ldrb	r3, [r4, #0]
10004e70:	45ab      	cmp	fp, r5
10004e72:	441c      	add	r4, r3
10004e74:	d01e      	beq.n	10004eb4 <usbd_open_edpt_pair+0x8c>
10004e76:	7863      	ldrb	r3, [r4, #1]
10004e78:	2b05      	cmp	r3, #5
10004e7a:	d111      	bne.n	10004ea0 <usbd_open_edpt_pair+0x78>
10004e7c:	78e1      	ldrb	r1, [r4, #3]
10004e7e:	f001 0103 	and.w	r1, r1, #3
10004e82:	42b1      	cmp	r1, r6
10004e84:	d10c      	bne.n	10004ea0 <usbd_open_edpt_pair+0x78>
10004e86:	78a3      	ldrb	r3, [r4, #2]
10004e88:	f897 a000 	ldrb.w	sl, [r7]
10004e8c:	f013 0f70 	tst.w	r3, #112	@ 0x70
10004e90:	d0d9      	beq.n	10004e46 <usbd_open_edpt_pair+0x1e>
10004e92:	f04f 23e0 	mov.w	r3, #3758153728	@ 0xe000e000
10004e96:	f8d3 3df0 	ldr.w	r3, [r3, #3568]	@ 0xdf0
10004e9a:	07da      	lsls	r2, r3, #31
10004e9c:	d500      	bpl.n	10004ea0 <usbd_open_edpt_pair+0x78>
10004e9e:	be00      	bkpt	0x0000
10004ea0:	f04f 23e0 	mov.w	r3, #3758153728	@ 0xe000e000
10004ea4:	f8d3 3df0 	ldr.w	r3, [r3, #3568]	@ 0xdf0
10004ea8:	07db      	lsls	r3, r3, #31
10004eaa:	d500      	bpl.n	10004eae <usbd_open_edpt_pair+0x86>
10004eac:	be00      	bkpt	0x0000
10004eae:	2000      	movs	r0, #0
10004eb0:	e8bd 8ff8 	ldmia.w	sp!, {r3, r4, r5, r6, r7, r8, r9, sl, fp, pc}
10004eb4:	2001      	movs	r0, #1
10004eb6:	e8bd 8ff8 	ldmia.w	sp!, {r3, r4, r5, r6, r7, r8, r9, sl, fp, pc}
10004eba:	bf00      	nop
10004ebc:	2000136c 	.word	0x2000136c
10004ec0:	200016d8 	.word	0x200016d8

10004ec4 <usbd_edpt_open>:
10004ec4:	b538      	push	{r3, r4, r5, lr}
10004ec6:	4b0e      	ldr	r3, [pc, #56]	@ (10004f00 <usbd_edpt_open+0x3c>)
10004ec8:	781d      	ldrb	r5, [r3, #0]
10004eca:	788b      	ldrb	r3, [r1, #2]
10004ecc:	f013 0f70 	tst.w	r3, #112	@ 0x70
10004ed0:	d008      	beq.n	10004ee4 <usbd_edpt_open+0x20>
10004ed2:	f04f 23e0 	mov.w	r3, #3758153728	@ 0xe000e000
10004ed6:	f8d3 3df0 	ldr.w	r3, [r3, #3568]	@ 0xdf0
10004eda:	07db      	lsls	r3, r3, #31
10004edc:	d500      	bpl.n	10004ee0 <usbd_edpt_open+0x1c>
10004ede:	be00      	bkpt	0x0000
10004ee0:	2000      	movs	r0, #0
10004ee2:	bd38      	pop	{r3, r4, r5, pc}
10004ee4:	4b07      	ldr	r3, [pc, #28]	@ (10004f04 <usbd_edpt_open+0x40>)
10004ee6:	460c      	mov	r4, r1
10004ee8:	4608      	mov	r0, r1
10004eea:	7899      	ldrb	r1, [r3, #2]
10004eec:	f000 fcb0 	bl	10005850 <tu_edpt_validate>
10004ef0:	2800      	cmp	r0, #0
10004ef2:	d0ee      	beq.n	10004ed2 <usbd_edpt_open+0xe>
10004ef4:	4621      	mov	r1, r4
10004ef6:	4628      	mov	r0, r5
10004ef8:	e8bd 4038 	ldmia.w	sp!, {r3, r4, r5, lr}
10004efc:	f7ff b9ee 	b.w	100042dc <dcd_edpt_open>
10004f00:	2000136c 	.word	0x2000136c
10004f04:	200016d8 	.word	0x200016d8

10004f08 <usbd_edpt_claim>:
10004f08:	460b      	mov	r3, r1
10004f0a:	4a06      	ldr	r2, [pc, #24]	@ (10004f24 <usbd_edpt_claim+0x1c>)
10004f0c:	4806      	ldr	r0, [pc, #24]	@ (10004f28 <usbd_edpt_claim+0x20>)
10004f0e:	6811      	ldr	r1, [r2, #0]
10004f10:	09da      	lsrs	r2, r3, #7
10004f12:	3234      	adds	r2, #52	@ 0x34
10004f14:	f003 037f 	and.w	r3, r3, #127	@ 0x7f
10004f18:	eb02 0343 	add.w	r3, r2, r3, lsl #1
10004f1c:	4418      	add	r0, r3
10004f1e:	f000 bc51 	b.w	100057c4 <tu_edpt_claim>
10004f22:	bf00      	nop
10004f24:	2000172c 	.word	0x2000172c
10004f28:	200016d8 	.word	0x200016d8

10004f2c <usbd_edpt_release>:
10004f2c:	460b      	mov	r3, r1
10004f2e:	4a06      	ldr	r2, [pc, #24]	@ (10004f48 <usbd_edpt_release+0x1c>)
10004f30:	4806      	ldr	r0, [pc, #24]	@ (10004f4c <usbd_edpt_release+0x20>)
10004f32:	6811      	ldr	r1, [r2, #0]
10004f34:	09da      	lsrs	r2, r3, #7
10004f36:	3234      	adds	r2, #52	@ 0x34
10004f38:	f003 037f 	and.w	r3, r3, #127	@ 0x7f
10004f3c:	eb02 0343 	add.w	r3, r2, r3, lsl #1
10004f40:	4418      	add	r0, r3
10004f42:	f000 bc69 	b.w	10005818 <tu_edpt_release>
10004f46:	bf00      	nop
10004f48:	2000172c 	.word	0x2000172c
10004f4c:	200016d8 	.word	0x200016d8

10004f50 <usbd_edpt_xfer>:
10004f50:	b510      	push	{r4, lr}
10004f52:	4c19      	ldr	r4, [pc, #100]	@ (10004fb8 <usbd_edpt_xfer+0x68>)
10004f54:	f001 0e7f 	and.w	lr, r1, #127	@ 0x7f
10004f58:	eb04 044e 	add.w	r4, r4, lr, lsl #1
10004f5c:	eb04 14d1 	add.w	r4, r4, r1, lsr #7
10004f60:	f894 c034 	ldrb.w	ip, [r4, #52]	@ 0x34
10004f64:	4815      	ldr	r0, [pc, #84]	@ (10004fbc <usbd_edpt_xfer+0x6c>)
10004f66:	f01c 0f01 	tst.w	ip, #1
10004f6a:	f104 0430 	add.w	r4, r4, #48	@ 0x30
10004f6e:	7800      	ldrb	r0, [r0, #0]
10004f70:	d008      	beq.n	10004f84 <usbd_edpt_xfer+0x34>
10004f72:	f04f 23e0 	mov.w	r3, #3758153728	@ 0xe000e000
10004f76:	f8d3 3df0 	ldr.w	r3, [r3, #3568]	@ 0xdf0
10004f7a:	07da      	lsls	r2, r3, #31
10004f7c:	d500      	bpl.n	10004f80 <usbd_edpt_xfer+0x30>
10004f7e:	be00      	bkpt	0x0000
10004f80:	2000      	movs	r0, #0
10004f82:	bd10      	pop	{r4, pc}
10004f84:	f894 c004 	ldrb.w	ip, [r4, #4]
10004f88:	f04c 0c01 	orr.w	ip, ip, #1
10004f8c:	f884 c004 	strb.w	ip, [r4, #4]
10004f90:	f7ff fa24 	bl	100043dc <dcd_edpt_xfer>
10004f94:	2800      	cmp	r0, #0
10004f96:	d1f4      	bne.n	10004f82 <usbd_edpt_xfer+0x32>
10004f98:	f04f 21e0 	mov.w	r1, #3758153728	@ 0xe000e000
10004f9c:	7922      	ldrb	r2, [r4, #4]
10004f9e:	f360 0200 	bfi	r2, r0, #0, #1
10004fa2:	7122      	strb	r2, [r4, #4]
10004fa4:	7922      	ldrb	r2, [r4, #4]
10004fa6:	f360 0282 	bfi	r2, r0, #2, #1
10004faa:	7122      	strb	r2, [r4, #4]
10004fac:	f8d1 3df0 	ldr.w	r3, [r1, #3568]	@ 0xdf0
10004fb0:	07db      	lsls	r3, r3, #31
10004fb2:	d5e5      	bpl.n	10004f80 <usbd_edpt_xfer+0x30>
10004fb4:	e7e3      	b.n	10004f7e <usbd_edpt_xfer+0x2e>
10004fb6:	bf00      	nop
10004fb8:	200016d8 	.word	0x200016d8
10004fbc:	2000136c 	.word	0x2000136c

10004fc0 <tud_control_status>:
10004fc0:	b530      	push	{r4, r5, lr}
10004fc2:	4c0b      	ldr	r4, [pc, #44]	@ (10004ff0 <tud_control_status+0x30>)
10004fc4:	468c      	mov	ip, r1
10004fc6:	46a6      	mov	lr, r4
10004fc8:	4605      	mov	r5, r0
10004fca:	6808      	ldr	r0, [r1, #0]
10004fcc:	6849      	ldr	r1, [r1, #4]
10004fce:	2300      	movs	r3, #0
10004fd0:	e8ae 0003 	stmia.w	lr!, {r0, r1}
10004fd4:	f89c 1000 	ldrb.w	r1, [ip]
10004fd8:	4628      	mov	r0, r5
10004fda:	43c9      	mvns	r1, r1
10004fdc:	e9c4 3302 	strd	r3, r3, [r4, #8]
10004fe0:	e8bd 4030 	ldmia.w	sp!, {r4, r5, lr}
10004fe4:	461a      	mov	r2, r3
10004fe6:	f001 0180 	and.w	r1, r1, #128	@ 0x80
10004fea:	f7ff bfb1 	b.w	10004f50 <usbd_edpt_xfer>
10004fee:	bf00      	nop
10004ff0:	20001698 	.word	0x20001698

10004ff4 <tud_control_xfer>:
10004ff4:	e92d 41f0 	stmdb	sp!, {r4, r5, r6, r7, r8, lr}
10004ff8:	4f27      	ldr	r7, [pc, #156]	@ (10005098 <tud_control_xfer+0xa4>)
10004ffa:	f04f 0800 	mov.w	r8, #0
10004ffe:	46be      	mov	lr, r7
10005000:	468c      	mov	ip, r1
10005002:	4606      	mov	r6, r0
10005004:	6808      	ldr	r0, [r1, #0]
10005006:	6849      	ldr	r1, [r1, #4]
10005008:	60ba      	str	r2, [r7, #8]
1000500a:	e8ae 0003 	stmia.w	lr!, {r0, r1}
1000500e:	f8a7 800e 	strh.w	r8, [r7, #14]
10005012:	4615      	mov	r5, r2
10005014:	f8bc 2006 	ldrh.w	r2, [ip, #6]
10005018:	4293      	cmp	r3, r2
1000501a:	bf28      	it	cs
1000501c:	4613      	movcs	r3, r2
1000501e:	81bb      	strh	r3, [r7, #12]
10005020:	b19a      	cbz	r2, 1000504a <tud_control_xfer+0x56>
10005022:	461c      	mov	r4, r3
10005024:	b32b      	cbz	r3, 10005072 <tud_control_xfer+0x7e>
10005026:	b1dd      	cbz	r5, 10005060 <tud_control_xfer+0x6c>
10005028:	f997 3000 	ldrsb.w	r3, [r7]
1000502c:	2c40      	cmp	r4, #64	@ 0x40
1000502e:	bf28      	it	cs
10005030:	2440      	movcs	r4, #64	@ 0x40
10005032:	2b00      	cmp	r3, #0
10005034:	db28      	blt.n	10005088 <tud_control_xfer+0x94>
10005036:	4641      	mov	r1, r8
10005038:	4623      	mov	r3, r4
1000503a:	4630      	mov	r0, r6
1000503c:	4a17      	ldr	r2, [pc, #92]	@ (1000509c <tud_control_xfer+0xa8>)
1000503e:	f7ff ff87 	bl	10004f50 <usbd_edpt_xfer>
10005042:	b168      	cbz	r0, 10005060 <tud_control_xfer+0x6c>
10005044:	2001      	movs	r0, #1
10005046:	e8bd 81f0 	ldmia.w	sp!, {r4, r5, r6, r7, r8, pc}
1000504a:	f89c 1000 	ldrb.w	r1, [ip]
1000504e:	4613      	mov	r3, r2
10005050:	43c9      	mvns	r1, r1
10005052:	4630      	mov	r0, r6
10005054:	f001 0180 	and.w	r1, r1, #128	@ 0x80
10005058:	f7ff ff7a 	bl	10004f50 <usbd_edpt_xfer>
1000505c:	2800      	cmp	r0, #0
1000505e:	d1f1      	bne.n	10005044 <tud_control_xfer+0x50>
10005060:	f04f 23e0 	mov.w	r3, #3758153728	@ 0xe000e000
10005064:	f8d3 3df0 	ldr.w	r3, [r3, #3568]	@ 0xdf0
10005068:	07db      	lsls	r3, r3, #31
1000506a:	d500      	bpl.n	1000506e <tud_control_xfer+0x7a>
1000506c:	be00      	bkpt	0x0000
1000506e:	2000      	movs	r0, #0
10005070:	e7e9      	b.n	10005046 <tud_control_xfer+0x52>
10005072:	461a      	mov	r2, r3
10005074:	7839      	ldrb	r1, [r7, #0]
10005076:	f001 0180 	and.w	r1, r1, #128	@ 0x80
1000507a:	4623      	mov	r3, r4
1000507c:	4630      	mov	r0, r6
1000507e:	f7ff ff67 	bl	10004f50 <usbd_edpt_xfer>
10005082:	2800      	cmp	r0, #0
10005084:	d1de      	bne.n	10005044 <tud_control_xfer+0x50>
10005086:	e7eb      	b.n	10005060 <tud_control_xfer+0x6c>
10005088:	4622      	mov	r2, r4
1000508a:	4629      	mov	r1, r5
1000508c:	4803      	ldr	r0, [pc, #12]	@ (1000509c <tud_control_xfer+0xa8>)
1000508e:	f000 ff4b 	bl	10005f28 <__memcpy_veneer>
10005092:	2180      	movs	r1, #128	@ 0x80
10005094:	4a01      	ldr	r2, [pc, #4]	@ (1000509c <tud_control_xfer+0xa8>)
10005096:	e7f0      	b.n	1000507a <tud_control_xfer+0x86>
10005098:	20001698 	.word	0x20001698
1000509c:	20001658 	.word	0x20001658

100050a0 <usbd_control_reset>:
100050a0:	2200      	movs	r2, #0
100050a2:	4b03      	ldr	r3, [pc, #12]	@ (100050b0 <usbd_control_reset+0x10>)
100050a4:	e9c3 2200 	strd	r2, r2, [r3]
100050a8:	e9c3 2202 	strd	r2, r2, [r3, #8]
100050ac:	611a      	str	r2, [r3, #16]
100050ae:	4770      	bx	lr
100050b0:	20001698 	.word	0x20001698

100050b4 <usbd_control_set_complete_callback>:
100050b4:	4b01      	ldr	r3, [pc, #4]	@ (100050bc <usbd_control_set_complete_callback+0x8>)
100050b6:	6118      	str	r0, [r3, #16]
100050b8:	4770      	bx	lr
100050ba:	bf00      	nop
100050bc:	20001698 	.word	0x20001698

100050c0 <usbd_control_set_request>:
100050c0:	b430      	push	{r4, r5}
100050c2:	4602      	mov	r2, r0
100050c4:	4c04      	ldr	r4, [pc, #16]	@ (100050d8 <usbd_control_set_request+0x18>)
100050c6:	2500      	movs	r5, #0
100050c8:	4623      	mov	r3, r4
100050ca:	6800      	ldr	r0, [r0, #0]
100050cc:	6851      	ldr	r1, [r2, #4]
100050ce:	e9c4 5502 	strd	r5, r5, [r4, #8]
100050d2:	bc30      	pop	{r4, r5}
100050d4:	c303      	stmia	r3!, {r0, r1}
100050d6:	4770      	bx	lr
100050d8:	20001698 	.word	0x20001698

100050dc <usbd_control_xfer_cb>:
100050dc:	b570      	push	{r4, r5, r6, lr}
100050de:	4c3c      	ldr	r4, [pc, #240]	@ (100051d0 <usbd_control_xfer_cb+0xf4>)
100050e0:	09c9      	lsrs	r1, r1, #7
100050e2:	7822      	ldrb	r2, [r4, #0]
100050e4:	4606      	mov	r6, r0
100050e6:	ebb1 1fd2 	cmp.w	r1, r2, lsr #7
100050ea:	461d      	mov	r5, r3
100050ec:	b082      	sub	sp, #8
100050ee:	d017      	beq.n	10005120 <usbd_control_xfer_cb+0x44>
100050f0:	b153      	cbz	r3, 10005108 <usbd_control_xfer_cb+0x2c>
100050f2:	f04f 23e0 	mov.w	r3, #3758153728	@ 0xe000e000
100050f6:	f8d3 3df0 	ldr.w	r3, [r3, #3568]	@ 0xdf0
100050fa:	07db      	lsls	r3, r3, #31
100050fc:	d402      	bmi.n	10005104 <usbd_control_xfer_cb+0x28>
100050fe:	2000      	movs	r0, #0
10005100:	b002      	add	sp, #8
10005102:	bd70      	pop	{r4, r5, r6, pc}
10005104:	be00      	bkpt	0x0000
10005106:	e7fa      	b.n	100050fe <usbd_control_xfer_cb+0x22>
10005108:	4621      	mov	r1, r4
1000510a:	f7ff f8d9 	bl	100042c0 <dcd_edpt0_status_complete>
1000510e:	6923      	ldr	r3, [r4, #16]
10005110:	b11b      	cbz	r3, 1000511a <usbd_control_xfer_cb+0x3e>
10005112:	4622      	mov	r2, r4
10005114:	2103      	movs	r1, #3
10005116:	4630      	mov	r0, r6
10005118:	4798      	blx	r3
1000511a:	2001      	movs	r0, #1
1000511c:	b002      	add	sp, #8
1000511e:	bd70      	pop	{r4, r5, r6, pc}
10005120:	f994 3000 	ldrsb.w	r3, [r4]
10005124:	68a0      	ldr	r0, [r4, #8]
10005126:	2b00      	cmp	r3, #0
10005128:	db05      	blt.n	10005136 <usbd_control_xfer_cb+0x5a>
1000512a:	2800      	cmp	r0, #0
1000512c:	d0e7      	beq.n	100050fe <usbd_control_xfer_cb+0x22>
1000512e:	462a      	mov	r2, r5
10005130:	4928      	ldr	r1, [pc, #160]	@ (100051d4 <usbd_control_xfer_cb+0xf8>)
10005132:	f000 fef9 	bl	10005f28 <__memcpy_veneer>
10005136:	89e0      	ldrh	r0, [r4, #14]
10005138:	68a1      	ldr	r1, [r4, #8]
1000513a:	88e3      	ldrh	r3, [r4, #6]
1000513c:	4428      	add	r0, r5
1000513e:	b280      	uxth	r0, r0
10005140:	4429      	add	r1, r5
10005142:	4283      	cmp	r3, r0
10005144:	81e0      	strh	r0, [r4, #14]
10005146:	60a1      	str	r1, [r4, #8]
10005148:	d016      	beq.n	10005178 <usbd_control_xfer_cb+0x9c>
1000514a:	2d3f      	cmp	r5, #63	@ 0x3f
1000514c:	d914      	bls.n	10005178 <usbd_control_xfer_cb+0x9c>
1000514e:	89a2      	ldrh	r2, [r4, #12]
10005150:	f994 4000 	ldrsb.w	r4, [r4]
10005154:	1a13      	subs	r3, r2, r0
10005156:	b29b      	uxth	r3, r3
10005158:	2b40      	cmp	r3, #64	@ 0x40
1000515a:	bf28      	it	cs
1000515c:	2340      	movcs	r3, #64	@ 0x40
1000515e:	2c00      	cmp	r4, #0
10005160:	db26      	blt.n	100051b0 <usbd_control_xfer_cb+0xd4>
10005162:	4290      	cmp	r0, r2
10005164:	f04f 0100 	mov.w	r1, #0
10005168:	d030      	beq.n	100051cc <usbd_control_xfer_cb+0xf0>
1000516a:	4a1a      	ldr	r2, [pc, #104]	@ (100051d4 <usbd_control_xfer_cb+0xf8>)
1000516c:	4630      	mov	r0, r6
1000516e:	f7ff feef 	bl	10004f50 <usbd_edpt_xfer>
10005172:	2800      	cmp	r0, #0
10005174:	d1d1      	bne.n	1000511a <usbd_control_xfer_cb+0x3e>
10005176:	e7bc      	b.n	100050f2 <usbd_control_xfer_cb+0x16>
10005178:	6923      	ldr	r3, [r4, #16]
1000517a:	b123      	cbz	r3, 10005186 <usbd_control_xfer_cb+0xaa>
1000517c:	2102      	movs	r1, #2
1000517e:	4630      	mov	r0, r6
10005180:	4a13      	ldr	r2, [pc, #76]	@ (100051d0 <usbd_control_xfer_cb+0xf4>)
10005182:	4798      	blx	r3
10005184:	b158      	cbz	r0, 1000519e <usbd_control_xfer_cb+0xc2>
10005186:	7821      	ldrb	r1, [r4, #0]
10005188:	2300      	movs	r3, #0
1000518a:	43c9      	mvns	r1, r1
1000518c:	4630      	mov	r0, r6
1000518e:	461a      	mov	r2, r3
10005190:	f001 0180 	and.w	r1, r1, #128	@ 0x80
10005194:	f7ff fedc 	bl	10004f50 <usbd_edpt_xfer>
10005198:	2800      	cmp	r0, #0
1000519a:	d1be      	bne.n	1000511a <usbd_control_xfer_cb+0x3e>
1000519c:	e7a9      	b.n	100050f2 <usbd_control_xfer_cb+0x16>
1000519e:	4601      	mov	r1, r0
100051a0:	4630      	mov	r0, r6
100051a2:	f7ff f92f 	bl	10004404 <dcd_edpt_stall>
100051a6:	2180      	movs	r1, #128	@ 0x80
100051a8:	4630      	mov	r0, r6
100051aa:	f7ff f92b 	bl	10004404 <dcd_edpt_stall>
100051ae:	e7b4      	b.n	1000511a <usbd_control_xfer_cb+0x3e>
100051b0:	4290      	cmp	r0, r2
100051b2:	d008      	beq.n	100051c6 <usbd_control_xfer_cb+0xea>
100051b4:	461a      	mov	r2, r3
100051b6:	4807      	ldr	r0, [pc, #28]	@ (100051d4 <usbd_control_xfer_cb+0xf8>)
100051b8:	9301      	str	r3, [sp, #4]
100051ba:	f000 feb5 	bl	10005f28 <__memcpy_veneer>
100051be:	2180      	movs	r1, #128	@ 0x80
100051c0:	4a04      	ldr	r2, [pc, #16]	@ (100051d4 <usbd_control_xfer_cb+0xf8>)
100051c2:	9b01      	ldr	r3, [sp, #4]
100051c4:	e7d2      	b.n	1000516c <usbd_control_xfer_cb+0x90>
100051c6:	2180      	movs	r1, #128	@ 0x80
100051c8:	2200      	movs	r2, #0
100051ca:	e7cf      	b.n	1000516c <usbd_control_xfer_cb+0x90>
100051cc:	460a      	mov	r2, r1
100051ce:	e7cd      	b.n	1000516c <usbd_control_xfer_cb+0x90>
100051d0:	20001698 	.word	0x20001698
100051d4:	20001658 	.word	0x20001658

100051d8 <_prep_out_transaction.isra.0>:
100051d8:	e92d 41f0 	stmdb	sp!, {r4, r5, r6, r7, r8, lr}
100051dc:	4604      	mov	r4, r0
100051de:	f7ff f9d3 	bl	10004588 <tud_mounted>
100051e2:	b908      	cbnz	r0, 100051e8 <_prep_out_transaction.isra.0+0x10>
100051e4:	e8bd 81f0 	ldmia.w	sp!, {r4, r5, r6, r7, r8, pc}
100051e8:	f7ff f9d6 	bl	10004598 <tud_suspended>
100051ec:	4607      	mov	r7, r0
100051ee:	2800      	cmp	r0, #0
100051f0:	d1f8      	bne.n	100051e4 <_prep_out_transaction.isra.0+0xc>
100051f2:	22c8      	movs	r2, #200	@ 0xc8
100051f4:	4b13      	ldr	r3, [pc, #76]	@ (10005244 <_prep_out_transaction.isra.0+0x6c>)
100051f6:	fb02 3604 	mla	r6, r2, r4, r3
100051fa:	78f1      	ldrb	r1, [r6, #3]
100051fc:	2900      	cmp	r1, #0
100051fe:	d0f1      	beq.n	100051e4 <_prep_out_transaction.isra.0+0xc>
10005200:	f106 0510 	add.w	r5, r6, #16
10005204:	4628      	mov	r0, r5
10005206:	f000 fbcb 	bl	100059a0 <tu_fifo_remaining>
1000520a:	283f      	cmp	r0, #63	@ 0x3f
1000520c:	d9ea      	bls.n	100051e4 <_prep_out_transaction.isra.0+0xc>
1000520e:	4638      	mov	r0, r7
10005210:	78f1      	ldrb	r1, [r6, #3]
10005212:	f7ff fe79 	bl	10004f08 <usbd_edpt_claim>
10005216:	2800      	cmp	r0, #0
10005218:	d0e4      	beq.n	100051e4 <_prep_out_transaction.isra.0+0xc>
1000521a:	4628      	mov	r0, r5
1000521c:	f000 fbc0 	bl	100059a0 <tu_fifo_remaining>
10005220:	283f      	cmp	r0, #63	@ 0x3f
10005222:	d909      	bls.n	10005238 <_prep_out_transaction.isra.0+0x60>
10005224:	4a08      	ldr	r2, [pc, #32]	@ (10005248 <_prep_out_transaction.isra.0+0x70>)
10005226:	4638      	mov	r0, r7
10005228:	78f1      	ldrb	r1, [r6, #3]
1000522a:	eb02 12c4 	add.w	r2, r2, r4, lsl #7
1000522e:	2340      	movs	r3, #64	@ 0x40
10005230:	e8bd 41f0 	ldmia.w	sp!, {r4, r5, r6, r7, r8, lr}
10005234:	f7ff be8c 	b.w	10004f50 <usbd_edpt_xfer>
10005238:	4638      	mov	r0, r7
1000523a:	78f1      	ldrb	r1, [r6, #3]
1000523c:	e8bd 41f0 	ldmia.w	sp!, {r4, r5, r6, r7, r8, lr}
10005240:	f7ff be74 	b.w	10004f2c <usbd_edpt_release>
10005244:	20001378 	.word	0x20001378
10005248:	200015d4 	.word	0x200015d4

1000524c <tud_cdc_n_connected>:
1000524c:	b510      	push	{r4, lr}
1000524e:	4604      	mov	r4, r0
10005250:	f7ff f99a 	bl	10004588 <tud_mounted>
10005254:	b908      	cbnz	r0, 1000525a <tud_cdc_n_connected+0xe>
10005256:	2000      	movs	r0, #0
10005258:	bd10      	pop	{r4, pc}
1000525a:	f7ff f99d 	bl	10004598 <tud_suspended>
1000525e:	2800      	cmp	r0, #0
10005260:	d1f9      	bne.n	10005256 <tud_cdc_n_connected+0xa>
10005262:	22c8      	movs	r2, #200	@ 0xc8
10005264:	4b03      	ldr	r3, [pc, #12]	@ (10005274 <tud_cdc_n_connected+0x28>)
10005266:	fb02 3304 	mla	r3, r2, r4, r3
1000526a:	7918      	ldrb	r0, [r3, #4]
1000526c:	f000 0001 	and.w	r0, r0, #1
10005270:	bd10      	pop	{r4, pc}
10005272:	bf00      	nop
10005274:	20001378 	.word	0x20001378

10005278 <tud_cdc_n_available>:
10005278:	21c8      	movs	r1, #200	@ 0xc8
1000527a:	b508      	push	{r3, lr}
1000527c:	2310      	movs	r3, #16
1000527e:	fb01 3000 	mla	r0, r1, r0, r3
10005282:	4a02      	ldr	r2, [pc, #8]	@ (1000528c <tud_cdc_n_available+0x14>)
10005284:	4410      	add	r0, r2
10005286:	f000 fb71 	bl	1000596c <tu_fifo_count>
1000528a:	bd08      	pop	{r3, pc}
1000528c:	20001378 	.word	0x20001378

10005290 <tud_cdc_n_read>:
10005290:	e92d 43f8 	stmdb	sp!, {r3, r4, r5, r6, r7, r8, r9, lr}
10005294:	f64f 73ff 	movw	r3, #65535	@ 0xffff
10005298:	f04f 08c8 	mov.w	r8, #200	@ 0xc8
1000529c:	2410      	movs	r4, #16
1000529e:	429a      	cmp	r2, r3
100052a0:	bf28      	it	cs
100052a2:	461a      	movcs	r2, r3
100052a4:	fb18 4400 	smlabb	r4, r8, r0, r4
100052a8:	4f1a      	ldr	r7, [pc, #104]	@ (10005314 <tud_cdc_n_read+0x84>)
100052aa:	4606      	mov	r6, r0
100052ac:	443c      	add	r4, r7
100052ae:	4620      	mov	r0, r4
100052b0:	b292      	uxth	r2, r2
100052b2:	f000 fbd1 	bl	10005a58 <tu_fifo_read_n>
100052b6:	4605      	mov	r5, r0
100052b8:	f7ff f966 	bl	10004588 <tud_mounted>
100052bc:	b910      	cbnz	r0, 100052c4 <tud_cdc_n_read+0x34>
100052be:	4628      	mov	r0, r5
100052c0:	e8bd 83f8 	ldmia.w	sp!, {r3, r4, r5, r6, r7, r8, r9, pc}
100052c4:	f7ff f968 	bl	10004598 <tud_suspended>
100052c8:	4681      	mov	r9, r0
100052ca:	2800      	cmp	r0, #0
100052cc:	d1f7      	bne.n	100052be <tud_cdc_n_read+0x2e>
100052ce:	fb08 7706 	mla	r7, r8, r6, r7
100052d2:	78fb      	ldrb	r3, [r7, #3]
100052d4:	2b00      	cmp	r3, #0
100052d6:	d0f2      	beq.n	100052be <tud_cdc_n_read+0x2e>
100052d8:	4620      	mov	r0, r4
100052da:	f000 fb61 	bl	100059a0 <tu_fifo_remaining>
100052de:	283f      	cmp	r0, #63	@ 0x3f
100052e0:	d9ed      	bls.n	100052be <tud_cdc_n_read+0x2e>
100052e2:	4648      	mov	r0, r9
100052e4:	78f9      	ldrb	r1, [r7, #3]
100052e6:	f7ff fe0f 	bl	10004f08 <usbd_edpt_claim>
100052ea:	2800      	cmp	r0, #0
100052ec:	d0e7      	beq.n	100052be <tud_cdc_n_read+0x2e>
100052ee:	4620      	mov	r0, r4
100052f0:	f000 fb56 	bl	100059a0 <tu_fifo_remaining>
100052f4:	283f      	cmp	r0, #63	@ 0x3f
100052f6:	d908      	bls.n	1000530a <tud_cdc_n_read+0x7a>
100052f8:	4a07      	ldr	r2, [pc, #28]	@ (10005318 <tud_cdc_n_read+0x88>)
100052fa:	4648      	mov	r0, r9
100052fc:	2340      	movs	r3, #64	@ 0x40
100052fe:	78f9      	ldrb	r1, [r7, #3]
10005300:	eb02 12c6 	add.w	r2, r2, r6, lsl #7
10005304:	f7ff fe24 	bl	10004f50 <usbd_edpt_xfer>
10005308:	e7d9      	b.n	100052be <tud_cdc_n_read+0x2e>
1000530a:	4648      	mov	r0, r9
1000530c:	78f9      	ldrb	r1, [r7, #3]
1000530e:	f7ff fe0d 	bl	10004f2c <usbd_edpt_release>
10005312:	e7d4      	b.n	100052be <tud_cdc_n_read+0x2e>
10005314:	20001378 	.word	0x20001378
10005318:	200015d4 	.word	0x200015d4

1000531c <tud_cdc_n_write_flush>:
1000531c:	e92d 41f0 	stmdb	sp!, {r4, r5, r6, r7, r8, lr}
10005320:	4605      	mov	r5, r0
10005322:	f7ff f931 	bl	10004588 <tud_mounted>
10005326:	b910      	cbnz	r0, 1000532e <tud_cdc_n_write_flush+0x12>
10005328:	2000      	movs	r0, #0
1000532a:	e8bd 81f0 	ldmia.w	sp!, {r4, r5, r6, r7, r8, pc}
1000532e:	f7ff f933 	bl	10004598 <tud_suspended>
10005332:	4606      	mov	r6, r0
10005334:	2800      	cmp	r0, #0
10005336:	d1f7      	bne.n	10005328 <tud_cdc_n_write_flush+0xc>
10005338:	f04f 08c8 	mov.w	r8, #200	@ 0xc8
1000533c:	2424      	movs	r4, #36	@ 0x24
1000533e:	fb18 4405 	smlabb	r4, r8, r5, r4
10005342:	4f17      	ldr	r7, [pc, #92]	@ (100053a0 <tud_cdc_n_write_flush+0x84>)
10005344:	443c      	add	r4, r7
10005346:	4620      	mov	r0, r4
10005348:	f000 fb10 	bl	1000596c <tu_fifo_count>
1000534c:	2800      	cmp	r0, #0
1000534e:	d0eb      	beq.n	10005328 <tud_cdc_n_write_flush+0xc>
10005350:	fb08 7705 	mla	r7, r8, r5, r7
10005354:	4630      	mov	r0, r6
10005356:	78b9      	ldrb	r1, [r7, #2]
10005358:	f7ff fdd6 	bl	10004f08 <usbd_edpt_claim>
1000535c:	2800      	cmp	r0, #0
1000535e:	d0e3      	beq.n	10005328 <tud_cdc_n_write_flush+0xc>
10005360:	2240      	movs	r2, #64	@ 0x40
10005362:	4b10      	ldr	r3, [pc, #64]	@ (100053a4 <tud_cdc_n_write_flush+0x88>)
10005364:	4620      	mov	r0, r4
10005366:	eb02 14c5 	add.w	r4, r2, r5, lsl #7
1000536a:	441c      	add	r4, r3
1000536c:	4621      	mov	r1, r4
1000536e:	f000 fb73 	bl	10005a58 <tu_fifo_read_n>
10005372:	4605      	mov	r5, r0
10005374:	b180      	cbz	r0, 10005398 <tud_cdc_n_write_flush+0x7c>
10005376:	4603      	mov	r3, r0
10005378:	4622      	mov	r2, r4
1000537a:	4630      	mov	r0, r6
1000537c:	78b9      	ldrb	r1, [r7, #2]
1000537e:	f7ff fde7 	bl	10004f50 <usbd_edpt_xfer>
10005382:	b938      	cbnz	r0, 10005394 <tud_cdc_n_write_flush+0x78>
10005384:	f04f 23e0 	mov.w	r3, #3758153728	@ 0xe000e000
10005388:	f8d3 3df0 	ldr.w	r3, [r3, #3568]	@ 0xdf0
1000538c:	07db      	lsls	r3, r3, #31
1000538e:	d5cb      	bpl.n	10005328 <tud_cdc_n_write_flush+0xc>
10005390:	be00      	bkpt	0x0000
10005392:	e7c9      	b.n	10005328 <tud_cdc_n_write_flush+0xc>
10005394:	4628      	mov	r0, r5
10005396:	e7c8      	b.n	1000532a <tud_cdc_n_write_flush+0xe>
10005398:	78b9      	ldrb	r1, [r7, #2]
1000539a:	f7ff fdc7 	bl	10004f2c <usbd_edpt_release>
1000539e:	e7c3      	b.n	10005328 <tud_cdc_n_write_flush+0xc>
100053a0:	20001378 	.word	0x20001378
100053a4:	200015d4 	.word	0x200015d4

100053a8 <tud_cdc_n_write>:
100053a8:	b538      	push	{r3, r4, r5, lr}
100053aa:	f64f 73ff 	movw	r3, #65535	@ 0xffff
100053ae:	f04f 0c24 	mov.w	ip, #36	@ 0x24
100053b2:	24c8      	movs	r4, #200	@ 0xc8
100053b4:	429a      	cmp	r2, r3
100053b6:	bf28      	it	cs
100053b8:	461a      	movcs	r2, r3
100053ba:	fb14 c400 	smlabb	r4, r4, r0, ip
100053be:	4b0a      	ldr	r3, [pc, #40]	@ (100053e8 <tud_cdc_n_write+0x40>)
100053c0:	b292      	uxth	r2, r2
100053c2:	441c      	add	r4, r3
100053c4:	4605      	mov	r5, r0
100053c6:	4620      	mov	r0, r4
100053c8:	f000 fc02 	bl	10005bd0 <tu_fifo_write_n>
100053cc:	4603      	mov	r3, r0
100053ce:	4620      	mov	r0, r4
100053d0:	461c      	mov	r4, r3
100053d2:	f000 facb 	bl	1000596c <tu_fifo_count>
100053d6:	283f      	cmp	r0, #63	@ 0x3f
100053d8:	d801      	bhi.n	100053de <tud_cdc_n_write+0x36>
100053da:	4620      	mov	r0, r4
100053dc:	bd38      	pop	{r3, r4, r5, pc}
100053de:	4628      	mov	r0, r5
100053e0:	f7ff ff9c 	bl	1000531c <tud_cdc_n_write_flush>
100053e4:	4620      	mov	r0, r4
100053e6:	bd38      	pop	{r3, r4, r5, pc}
100053e8:	20001378 	.word	0x20001378

100053ec <tud_cdc_n_write_available>:
100053ec:	21c8      	movs	r1, #200	@ 0xc8
100053ee:	b508      	push	{r3, lr}
100053f0:	2324      	movs	r3, #36	@ 0x24
100053f2:	fb01 3000 	mla	r0, r1, r0, r3
100053f6:	4a02      	ldr	r2, [pc, #8]	@ (10005400 <tud_cdc_n_write_available+0x14>)
100053f8:	4410      	add	r0, r2
100053fa:	f000 fad1 	bl	100059a0 <tu_fifo_remaining>
100053fe:	bd08      	pop	{r3, pc}
10005400:	20001378 	.word	0x20001378

10005404 <cdcd_init>:
10005404:	b5f0      	push	{r4, r5, r6, r7, lr}
10005406:	4c19      	ldr	r4, [pc, #100]	@ (1000546c <cdcd_init+0x68>)
10005408:	b083      	sub	sp, #12
1000540a:	22c8      	movs	r2, #200	@ 0xc8
1000540c:	2100      	movs	r1, #0
1000540e:	4620      	mov	r0, r4
10005410:	f000 fd96 	bl	10005f40 <__memset_veneer>
10005414:	2500      	movs	r5, #0
10005416:	23ff      	movs	r3, #255	@ 0xff
10005418:	f44f 31e1 	mov.w	r1, #115200	@ 0x1c200
1000541c:	2208      	movs	r2, #8
1000541e:	4814      	ldr	r0, [pc, #80]	@ (10005470 <cdcd_init+0x6c>)
10005420:	f104 07b8 	add.w	r7, r4, #184	@ 0xb8
10005424:	7005      	strb	r5, [r0, #0]
10005426:	9500      	str	r5, [sp, #0]
10005428:	f104 0010 	add.w	r0, r4, #16
1000542c:	7163      	strb	r3, [r4, #5]
1000542e:	60a1      	str	r1, [r4, #8]
10005430:	73a2      	strb	r2, [r4, #14]
10005432:	f104 0138 	add.w	r1, r4, #56	@ 0x38
10005436:	2301      	movs	r3, #1
10005438:	2240      	movs	r2, #64	@ 0x40
1000543a:	f000 fa67 	bl	1000590c <tu_fifo_config>
1000543e:	2301      	movs	r3, #1
10005440:	2240      	movs	r2, #64	@ 0x40
10005442:	f104 0178 	add.w	r1, r4, #120	@ 0x78
10005446:	9300      	str	r3, [sp, #0]
10005448:	f104 0024 	add.w	r0, r4, #36	@ 0x24
1000544c:	f000 fa5e 	bl	1000590c <tu_fifo_config>
10005450:	f104 06c0 	add.w	r6, r4, #192	@ 0xc0
10005454:	4638      	mov	r0, r7
10005456:	f7fb ffd7 	bl	10001408 <mutex_init>
1000545a:	4630      	mov	r0, r6
1000545c:	f7fb ffd4 	bl	10001408 <mutex_init>
10005460:	e9c4 5707 	strd	r5, r7, [r4, #28]
10005464:	e9c4 650c 	strd	r6, r5, [r4, #48]	@ 0x30
10005468:	b003      	add	sp, #12
1000546a:	bdf0      	pop	{r4, r5, r6, r7, pc}
1000546c:	20001378 	.word	0x20001378
10005470:	20001654 	.word	0x20001654

10005474 <cdcd_deinit>:
10005474:	4b09      	ldr	r3, [pc, #36]	@ (1000549c <cdcd_deinit+0x28>)
10005476:	6b19      	ldr	r1, [r3, #48]	@ 0x30
10005478:	b149      	cbz	r1, 1000548e <cdcd_deinit+0x1a>
1000547a:	6a1a      	ldr	r2, [r3, #32]
1000547c:	b112      	cbz	r2, 10005484 <cdcd_deinit+0x10>
1000547e:	2200      	movs	r2, #0
10005480:	e9c3 2207 	strd	r2, r2, [r3, #28]
10005484:	2200      	movs	r2, #0
10005486:	e9c3 220c 	strd	r2, r2, [r3, #48]	@ 0x30
1000548a:	2001      	movs	r0, #1
1000548c:	4770      	bx	lr
1000548e:	6a1a      	ldr	r2, [r3, #32]
10005490:	2a00      	cmp	r2, #0
10005492:	d0fa      	beq.n	1000548a <cdcd_deinit+0x16>
10005494:	2001      	movs	r0, #1
10005496:	e9c3 1107 	strd	r1, r1, [r3, #28]
1000549a:	4770      	bx	lr
1000549c:	20001378 	.word	0x20001378

100054a0 <cdcd_reset>:
100054a0:	2200      	movs	r2, #0
100054a2:	b510      	push	{r4, lr}
100054a4:	4c0e      	ldr	r4, [pc, #56]	@ (100054e0 <cdcd_reset+0x40>)
100054a6:	480f      	ldr	r0, [pc, #60]	@ (100054e4 <cdcd_reset+0x44>)
100054a8:	7823      	ldrb	r3, [r4, #0]
100054aa:	6002      	str	r2, [r0, #0]
100054ac:	7102      	strb	r2, [r0, #4]
100054ae:	07da      	lsls	r2, r3, #31
100054b0:	d507      	bpl.n	100054c2 <cdcd_reset+0x22>
100054b2:	079b      	lsls	r3, r3, #30
100054b4:	d50b      	bpl.n	100054ce <cdcd_reset+0x2e>
100054b6:	e8bd 4010 	ldmia.w	sp!, {r4, lr}
100054ba:	2101      	movs	r1, #1
100054bc:	480a      	ldr	r0, [pc, #40]	@ (100054e8 <cdcd_reset+0x48>)
100054be:	f000 bc4f 	b.w	10005d60 <tu_fifo_set_overwritable>
100054c2:	3010      	adds	r0, #16
100054c4:	f000 fc30 	bl	10005d28 <tu_fifo_clear>
100054c8:	7823      	ldrb	r3, [r4, #0]
100054ca:	079b      	lsls	r3, r3, #30
100054cc:	d4f3      	bmi.n	100054b6 <cdcd_reset+0x16>
100054ce:	4806      	ldr	r0, [pc, #24]	@ (100054e8 <cdcd_reset+0x48>)
100054d0:	f000 fc2a 	bl	10005d28 <tu_fifo_clear>
100054d4:	e8bd 4010 	ldmia.w	sp!, {r4, lr}
100054d8:	2101      	movs	r1, #1
100054da:	4803      	ldr	r0, [pc, #12]	@ (100054e8 <cdcd_reset+0x48>)
100054dc:	f000 bc40 	b.w	10005d60 <tu_fifo_set_overwritable>
100054e0:	20001654 	.word	0x20001654
100054e4:	20001378 	.word	0x20001378
100054e8:	2000139c 	.word	0x2000139c

100054ec <cdcd_open>:
100054ec:	b5f0      	push	{r4, r5, r6, r7, lr}
100054ee:	794b      	ldrb	r3, [r1, #5]
100054f0:	b083      	sub	sp, #12
100054f2:	2b02      	cmp	r3, #2
100054f4:	d003      	beq.n	100054fe <cdcd_open+0x12>
100054f6:	2500      	movs	r5, #0
100054f8:	4628      	mov	r0, r5
100054fa:	b003      	add	sp, #12
100054fc:	bdf0      	pop	{r4, r5, r6, r7, pc}
100054fe:	798b      	ldrb	r3, [r1, #6]
10005500:	2b02      	cmp	r3, #2
10005502:	d1f8      	bne.n	100054f6 <cdcd_open+0xa>
10005504:	4f26      	ldr	r7, [pc, #152]	@ (100055a0 <cdcd_open+0xb4>)
10005506:	78bb      	ldrb	r3, [r7, #2]
10005508:	b13b      	cbz	r3, 1000551a <cdcd_open+0x2e>
1000550a:	f04f 23e0 	mov.w	r3, #3758153728	@ 0xe000e000
1000550e:	f8d3 3df0 	ldr.w	r3, [r3, #3568]	@ 0xdf0
10005512:	07db      	lsls	r3, r3, #31
10005514:	d5ef      	bpl.n	100054f6 <cdcd_open+0xa>
10005516:	be00      	bkpt	0x0000
10005518:	e7ed      	b.n	100054f6 <cdcd_open+0xa>
1000551a:	788b      	ldrb	r3, [r1, #2]
1000551c:	4606      	mov	r6, r0
1000551e:	703b      	strb	r3, [r7, #0]
10005520:	780b      	ldrb	r3, [r1, #0]
10005522:	2509      	movs	r5, #9
10005524:	18cc      	adds	r4, r1, r3
10005526:	7861      	ldrb	r1, [r4, #1]
10005528:	2924      	cmp	r1, #36	@ 0x24
1000552a:	d10b      	bne.n	10005544 <cdcd_open+0x58>
1000552c:	2a08      	cmp	r2, #8
1000552e:	d802      	bhi.n	10005536 <cdcd_open+0x4a>
10005530:	e00f      	b.n	10005552 <cdcd_open+0x66>
10005532:	42aa      	cmp	r2, r5
10005534:	d30d      	bcc.n	10005552 <cdcd_open+0x66>
10005536:	7823      	ldrb	r3, [r4, #0]
10005538:	441c      	add	r4, r3
1000553a:	7861      	ldrb	r1, [r4, #1]
1000553c:	442b      	add	r3, r5
1000553e:	2924      	cmp	r1, #36	@ 0x24
10005540:	b29d      	uxth	r5, r3
10005542:	d0f6      	beq.n	10005532 <cdcd_open+0x46>
10005544:	2905      	cmp	r1, #5
10005546:	d00a      	beq.n	1000555e <cdcd_open+0x72>
10005548:	2904      	cmp	r1, #4
1000554a:	d102      	bne.n	10005552 <cdcd_open+0x66>
1000554c:	7963      	ldrb	r3, [r4, #5]
1000554e:	2b0a      	cmp	r3, #10
10005550:	d013      	beq.n	1000557a <cdcd_open+0x8e>
10005552:	2000      	movs	r0, #0
10005554:	f7ff fe40 	bl	100051d8 <_prep_out_transaction.isra.0>
10005558:	4628      	mov	r0, r5
1000555a:	b003      	add	sp, #12
1000555c:	bdf0      	pop	{r4, r5, r6, r7, pc}
1000555e:	4621      	mov	r1, r4
10005560:	4630      	mov	r0, r6
10005562:	f7ff fcaf 	bl	10004ec4 <usbd_edpt_open>
10005566:	2800      	cmp	r0, #0
10005568:	d0cf      	beq.n	1000550a <cdcd_open+0x1e>
1000556a:	78a3      	ldrb	r3, [r4, #2]
1000556c:	707b      	strb	r3, [r7, #1]
1000556e:	7823      	ldrb	r3, [r4, #0]
10005570:	441c      	add	r4, r3
10005572:	442b      	add	r3, r5
10005574:	7861      	ldrb	r1, [r4, #1]
10005576:	b29d      	uxth	r5, r3
10005578:	e7e6      	b.n	10005548 <cdcd_open+0x5c>
1000557a:	4b0a      	ldr	r3, [pc, #40]	@ (100055a4 <cdcd_open+0xb8>)
1000557c:	7827      	ldrb	r7, [r4, #0]
1000557e:	9301      	str	r3, [sp, #4]
10005580:	3301      	adds	r3, #1
10005582:	9300      	str	r3, [sp, #0]
10005584:	2302      	movs	r3, #2
10005586:	4630      	mov	r0, r6
10005588:	461a      	mov	r2, r3
1000558a:	19e1      	adds	r1, r4, r7
1000558c:	f7ff fc4c 	bl	10004e28 <usbd_open_edpt_pair>
10005590:	2800      	cmp	r0, #0
10005592:	d0ba      	beq.n	1000550a <cdcd_open+0x1e>
10005594:	350e      	adds	r5, #14
10005596:	fa17 f585 	uxtah	r5, r7, r5
1000559a:	b2ad      	uxth	r5, r5
1000559c:	e7d9      	b.n	10005552 <cdcd_open+0x66>
1000559e:	bf00      	nop
100055a0:	20001378 	.word	0x20001378
100055a4:	2000137a 	.word	0x2000137a

100055a8 <cdcd_control_xfer_cb>:
100055a8:	7813      	ldrb	r3, [r2, #0]
100055aa:	f003 0360 	and.w	r3, r3, #96	@ 0x60
100055ae:	2b20      	cmp	r3, #32
100055b0:	d108      	bne.n	100055c4 <cdcd_control_xfer_cb+0x1c>
100055b2:	b570      	push	{r4, r5, r6, lr}
100055b4:	4c26      	ldr	r4, [pc, #152]	@ (10005650 <cdcd_control_xfer_cb+0xa8>)
100055b6:	8893      	ldrh	r3, [r2, #4]
100055b8:	f894 c000 	ldrb.w	ip, [r4]
100055bc:	459c      	cmp	ip, r3
100055be:	d003      	beq.n	100055c8 <cdcd_control_xfer_cb+0x20>
100055c0:	2000      	movs	r0, #0
100055c2:	bd70      	pop	{r4, r5, r6, pc}
100055c4:	2000      	movs	r0, #0
100055c6:	4770      	bx	lr
100055c8:	7853      	ldrb	r3, [r2, #1]
100055ca:	3b20      	subs	r3, #32
100055cc:	2b03      	cmp	r3, #3
100055ce:	d8f7      	bhi.n	100055c0 <cdcd_control_xfer_cb+0x18>
100055d0:	e8df f003 	tbb	[pc, r3]
100055d4:	020d2327 	.word	0x020d2327
100055d8:	2901      	cmp	r1, #1
100055da:	d02e      	beq.n	1000563a <cdcd_control_xfer_cb+0x92>
100055dc:	2903      	cmp	r1, #3
100055de:	d11e      	bne.n	1000561e <cdcd_control_xfer_cb+0x76>
100055e0:	4b1c      	ldr	r3, [pc, #112]	@ (10005654 <cdcd_control_xfer_cb+0xac>)
100055e2:	b1e3      	cbz	r3, 1000561e <cdcd_control_xfer_cb+0x76>
100055e4:	2000      	movs	r0, #0
100055e6:	8851      	ldrh	r1, [r2, #2]
100055e8:	f3af 8000 	nop.w
100055ec:	e017      	b.n	1000561e <cdcd_control_xfer_cb+0x76>
100055ee:	2901      	cmp	r1, #1
100055f0:	d023      	beq.n	1000563a <cdcd_control_xfer_cb+0x92>
100055f2:	2903      	cmp	r1, #3
100055f4:	d113      	bne.n	1000561e <cdcd_control_xfer_cb+0x76>
100055f6:	8855      	ldrh	r5, [r2, #2]
100055f8:	4817      	ldr	r0, [pc, #92]	@ (10005658 <cdcd_control_xfer_cb+0xb0>)
100055fa:	f005 0601 	and.w	r6, r5, #1
100055fe:	f086 0101 	eor.w	r1, r6, #1
10005602:	7125      	strb	r5, [r4, #4]
10005604:	f000 fbac 	bl	10005d60 <tu_fifo_set_overwritable>
10005608:	4b14      	ldr	r3, [pc, #80]	@ (1000565c <cdcd_control_xfer_cb+0xb4>)
1000560a:	b143      	cbz	r3, 1000561e <cdcd_control_xfer_cb+0x76>
1000560c:	4631      	mov	r1, r6
1000560e:	2000      	movs	r0, #0
10005610:	f3c5 0240 	ubfx	r2, r5, #1, #1
10005614:	f3af 8000 	nop.w
10005618:	e001      	b.n	1000561e <cdcd_control_xfer_cb+0x76>
1000561a:	2901      	cmp	r1, #1
1000561c:	d011      	beq.n	10005642 <cdcd_control_xfer_cb+0x9a>
1000561e:	2001      	movs	r0, #1
10005620:	bd70      	pop	{r4, r5, r6, pc}
10005622:	2901      	cmp	r1, #1
10005624:	d00d      	beq.n	10005642 <cdcd_control_xfer_cb+0x9a>
10005626:	2903      	cmp	r1, #3
10005628:	d1f9      	bne.n	1000561e <cdcd_control_xfer_cb+0x76>
1000562a:	4b0d      	ldr	r3, [pc, #52]	@ (10005660 <cdcd_control_xfer_cb+0xb8>)
1000562c:	2b00      	cmp	r3, #0
1000562e:	d0f6      	beq.n	1000561e <cdcd_control_xfer_cb+0x76>
10005630:	2000      	movs	r0, #0
10005632:	490c      	ldr	r1, [pc, #48]	@ (10005664 <cdcd_control_xfer_cb+0xbc>)
10005634:	f7fe fdc6 	bl	100041c4 <tud_cdc_line_coding_cb>
10005638:	e7f1      	b.n	1000561e <cdcd_control_xfer_cb+0x76>
1000563a:	4611      	mov	r1, r2
1000563c:	f7ff fcc0 	bl	10004fc0 <tud_control_status>
10005640:	e7ed      	b.n	1000561e <cdcd_control_xfer_cb+0x76>
10005642:	4611      	mov	r1, r2
10005644:	2307      	movs	r3, #7
10005646:	4a07      	ldr	r2, [pc, #28]	@ (10005664 <cdcd_control_xfer_cb+0xbc>)
10005648:	f7ff fcd4 	bl	10004ff4 <tud_control_xfer>
1000564c:	e7e7      	b.n	1000561e <cdcd_control_xfer_cb+0x76>
1000564e:	bf00      	nop
10005650:	20001378 	.word	0x20001378
10005654:	00000000 	.word	0x00000000
10005658:	2000139c 	.word	0x2000139c
1000565c:	00000000 	.word	0x00000000
10005660:	100041c5 	.word	0x100041c5
10005664:	20001380 	.word	0x20001380

10005668 <cdcd_xfer_cb>:
10005668:	e92d 47f0 	stmdb	sp!, {r4, r5, r6, r7, r8, r9, sl, lr}
1000566c:	4f36      	ldr	r7, [pc, #216]	@ (10005748 <cdcd_xfer_cb+0xe0>)
1000566e:	460c      	mov	r4, r1
10005670:	78fa      	ldrb	r2, [r7, #3]
10005672:	4606      	mov	r6, r0
10005674:	428a      	cmp	r2, r1
10005676:	461d      	mov	r5, r3
10005678:	f897 c002 	ldrb.w	ip, [r7, #2]
1000567c:	d03c      	beq.n	100056f8 <cdcd_xfer_cb+0x90>
1000567e:	458c      	cmp	ip, r1
10005680:	d013      	beq.n	100056aa <cdcd_xfer_cb+0x42>
10005682:	f04f 23e0 	mov.w	r3, #3758153728	@ 0xe000e000
10005686:	f8d3 3df0 	ldr.w	r3, [r3, #3568]	@ 0xdf0
1000568a:	07db      	lsls	r3, r3, #31
1000568c:	d500      	bpl.n	10005690 <cdcd_xfer_cb+0x28>
1000568e:	be00      	bkpt	0x0000
10005690:	2000      	movs	r0, #0
10005692:	e8bd 87f0 	ldmia.w	sp!, {r4, r5, r6, r7, r8, r9, sl, pc}
10005696:	4b2d      	ldr	r3, [pc, #180]	@ (1000574c <cdcd_xfer_cb+0xe4>)
10005698:	b123      	cbz	r3, 100056a4 <cdcd_xfer_cb+0x3c>
1000569a:	482d      	ldr	r0, [pc, #180]	@ (10005750 <cdcd_xfer_cb+0xe8>)
1000569c:	f000 f976 	bl	1000598c <tu_fifo_empty>
100056a0:	2800      	cmp	r0, #0
100056a2:	d04e      	beq.n	10005742 <cdcd_xfer_cb+0xda>
100056a4:	2000      	movs	r0, #0
100056a6:	f7ff fd97 	bl	100051d8 <_prep_out_transaction.isra.0>
100056aa:	78bb      	ldrb	r3, [r7, #2]
100056ac:	42a3      	cmp	r3, r4
100056ae:	d002      	beq.n	100056b6 <cdcd_xfer_cb+0x4e>
100056b0:	2001      	movs	r0, #1
100056b2:	e8bd 87f0 	ldmia.w	sp!, {r4, r5, r6, r7, r8, r9, sl, pc}
100056b6:	4b27      	ldr	r3, [pc, #156]	@ (10005754 <cdcd_xfer_cb+0xec>)
100056b8:	b113      	cbz	r3, 100056c0 <cdcd_xfer_cb+0x58>
100056ba:	2000      	movs	r0, #0
100056bc:	f3af 8000 	nop.w
100056c0:	2000      	movs	r0, #0
100056c2:	f7ff fe2b 	bl	1000531c <tud_cdc_n_write_flush>
100056c6:	2800      	cmp	r0, #0
100056c8:	d1f2      	bne.n	100056b0 <cdcd_xfer_cb+0x48>
100056ca:	4823      	ldr	r0, [pc, #140]	@ (10005758 <cdcd_xfer_cb+0xf0>)
100056cc:	f000 f94e 	bl	1000596c <tu_fifo_count>
100056d0:	2800      	cmp	r0, #0
100056d2:	d1ed      	bne.n	100056b0 <cdcd_xfer_cb+0x48>
100056d4:	2d00      	cmp	r5, #0
100056d6:	d0eb      	beq.n	100056b0 <cdcd_xfer_cb+0x48>
100056d8:	f015 053f 	ands.w	r5, r5, #63	@ 0x3f
100056dc:	d1e8      	bne.n	100056b0 <cdcd_xfer_cb+0x48>
100056de:	4630      	mov	r0, r6
100056e0:	78b9      	ldrb	r1, [r7, #2]
100056e2:	f7ff fc11 	bl	10004f08 <usbd_edpt_claim>
100056e6:	2800      	cmp	r0, #0
100056e8:	d0e2      	beq.n	100056b0 <cdcd_xfer_cb+0x48>
100056ea:	462b      	mov	r3, r5
100056ec:	462a      	mov	r2, r5
100056ee:	4630      	mov	r0, r6
100056f0:	78b9      	ldrb	r1, [r7, #2]
100056f2:	f7ff fc2d 	bl	10004f50 <usbd_edpt_xfer>
100056f6:	e7db      	b.n	100056b0 <cdcd_xfer_cb+0x48>
100056f8:	f8df 8064 	ldr.w	r8, [pc, #100]	@ 10005760 <cdcd_xfer_cb+0xf8>
100056fc:	b29a      	uxth	r2, r3
100056fe:	4641      	mov	r1, r8
10005700:	f107 0010 	add.w	r0, r7, #16
10005704:	f000 fa64 	bl	10005bd0 <tu_fifo_write_n>
10005708:	4b14      	ldr	r3, [pc, #80]	@ (1000575c <cdcd_xfer_cb+0xf4>)
1000570a:	2b00      	cmp	r3, #0
1000570c:	d0c3      	beq.n	10005696 <cdcd_xfer_cb+0x2e>
1000570e:	797b      	ldrb	r3, [r7, #5]
10005710:	2bff      	cmp	r3, #255	@ 0xff
10005712:	d0c0      	beq.n	10005696 <cdcd_xfer_cb+0x2e>
10005714:	2d00      	cmp	r5, #0
10005716:	d0be      	beq.n	10005696 <cdcd_xfer_cb+0x2e>
10005718:	f107 0910 	add.w	r9, r7, #16
1000571c:	eb08 0a05 	add.w	sl, r8, r5
10005720:	e002      	b.n	10005728 <cdcd_xfer_cb+0xc0>
10005722:	45c2      	cmp	sl, r8
10005724:	d0b7      	beq.n	10005696 <cdcd_xfer_cb+0x2e>
10005726:	797b      	ldrb	r3, [r7, #5]
10005728:	f818 2b01 	ldrb.w	r2, [r8], #1
1000572c:	429a      	cmp	r2, r3
1000572e:	d1f8      	bne.n	10005722 <cdcd_xfer_cb+0xba>
10005730:	4648      	mov	r0, r9
10005732:	f000 f92b 	bl	1000598c <tu_fifo_empty>
10005736:	2800      	cmp	r0, #0
10005738:	d1f3      	bne.n	10005722 <cdcd_xfer_cb+0xba>
1000573a:	7979      	ldrb	r1, [r7, #5]
1000573c:	f3af 8000 	nop.w
10005740:	e7ef      	b.n	10005722 <cdcd_xfer_cb+0xba>
10005742:	f3af 8000 	nop.w
10005746:	e7ad      	b.n	100056a4 <cdcd_xfer_cb+0x3c>
10005748:	20001378 	.word	0x20001378
1000574c:	00000000 	.word	0x00000000
10005750:	20001388 	.word	0x20001388
10005754:	00000000 	.word	0x00000000
10005758:	2000139c 	.word	0x2000139c
1000575c:	00000000 	.word	0x00000000
10005760:	200015d4 	.word	0x200015d4

10005764 <tusb_rhport_init>:
10005764:	b510      	push	{r4, lr}
10005766:	b082      	sub	sp, #8
10005768:	b1b9      	cbz	r1, 1000579a <tusb_rhport_init+0x36>
1000576a:	2801      	cmp	r0, #1
1000576c:	d80c      	bhi.n	10005788 <tusb_rhport_init+0x24>
1000576e:	780b      	ldrb	r3, [r1, #0]
10005770:	b153      	cbz	r3, 10005788 <tusb_rhport_init+0x24>
10005772:	4c13      	ldr	r4, [pc, #76]	@ (100057c0 <tusb_rhport_init+0x5c>)
10005774:	2b01      	cmp	r3, #1
10005776:	5423      	strb	r3, [r4, r0]
10005778:	d002      	beq.n	10005780 <tusb_rhport_init+0x1c>
1000577a:	2001      	movs	r0, #1
1000577c:	b002      	add	sp, #8
1000577e:	bd10      	pop	{r4, pc}
10005780:	f7fe ff26 	bl	100045d0 <tud_rhport_init>
10005784:	2800      	cmp	r0, #0
10005786:	d1f8      	bne.n	1000577a <tusb_rhport_init+0x16>
10005788:	f04f 23e0 	mov.w	r3, #3758153728	@ 0xe000e000
1000578c:	f8d3 3df0 	ldr.w	r3, [r3, #3568]	@ 0xdf0
10005790:	07db      	lsls	r3, r3, #31
10005792:	d500      	bpl.n	10005796 <tusb_rhport_init+0x32>
10005794:	be00      	bkpt	0x0000
10005796:	2000      	movs	r0, #0
10005798:	e7f0      	b.n	1000577c <tusb_rhport_init+0x18>
1000579a:	2401      	movs	r4, #1
1000579c:	4608      	mov	r0, r1
1000579e:	a901      	add	r1, sp, #4
100057a0:	f8ad 4004 	strh.w	r4, [sp, #4]
100057a4:	f7fe ff14 	bl	100045d0 <tud_rhport_init>
100057a8:	b938      	cbnz	r0, 100057ba <tusb_rhport_init+0x56>
100057aa:	f04f 23e0 	mov.w	r3, #3758153728	@ 0xe000e000
100057ae:	f8d3 3df0 	ldr.w	r3, [r3, #3568]	@ 0xdf0
100057b2:	07da      	lsls	r2, r3, #31
100057b4:	d5e2      	bpl.n	1000577c <tusb_rhport_init+0x18>
100057b6:	be00      	bkpt	0x0000
100057b8:	e7e0      	b.n	1000577c <tusb_rhport_init+0x18>
100057ba:	4b01      	ldr	r3, [pc, #4]	@ (100057c0 <tusb_rhport_init+0x5c>)
100057bc:	701c      	strb	r4, [r3, #0]
100057be:	e7dd      	b.n	1000577c <tusb_rhport_init+0x18>
100057c0:	200016cc 	.word	0x200016cc

100057c4 <tu_edpt_claim>:
100057c4:	b5f8      	push	{r3, r4, r5, r6, r7, lr}
100057c6:	7803      	ldrb	r3, [r0, #0]
100057c8:	f013 0401 	ands.w	r4, r3, #1
100057cc:	d11a      	bne.n	10005804 <tu_edpt_claim+0x40>
100057ce:	7803      	ldrb	r3, [r0, #0]
100057d0:	4605      	mov	r5, r0
100057d2:	075a      	lsls	r2, r3, #29
100057d4:	f3c3 0780 	ubfx	r7, r3, #2, #1
100057d8:	d501      	bpl.n	100057de <tu_edpt_claim+0x1a>
100057da:	4620      	mov	r0, r4
100057dc:	bdf8      	pop	{r3, r4, r5, r6, r7, pc}
100057de:	460e      	mov	r6, r1
100057e0:	f04f 31ff 	mov.w	r1, #4294967295
100057e4:	4630      	mov	r0, r6
100057e6:	f000 fb83 	bl	10005ef0 <__mutex_enter_timeout_ms_veneer>
100057ea:	782b      	ldrb	r3, [r5, #0]
100057ec:	f013 0401 	ands.w	r4, r3, #1
100057f0:	d10b      	bne.n	1000580a <tu_edpt_claim+0x46>
100057f2:	782b      	ldrb	r3, [r5, #0]
100057f4:	075b      	lsls	r3, r3, #29
100057f6:	d409      	bmi.n	1000580c <tu_edpt_claim+0x48>
100057f8:	782b      	ldrb	r3, [r5, #0]
100057fa:	2401      	movs	r4, #1
100057fc:	f043 0304 	orr.w	r3, r3, #4
10005800:	702b      	strb	r3, [r5, #0]
10005802:	e003      	b.n	1000580c <tu_edpt_claim+0x48>
10005804:	2400      	movs	r4, #0
10005806:	4620      	mov	r0, r4
10005808:	bdf8      	pop	{r3, r4, r5, r6, r7, pc}
1000580a:	463c      	mov	r4, r7
1000580c:	4630      	mov	r0, r6
1000580e:	f000 fb77 	bl	10005f00 <__mutex_exit_veneer>
10005812:	4620      	mov	r0, r4
10005814:	bdf8      	pop	{r3, r4, r5, r6, r7, pc}
10005816:	bf00      	nop

10005818 <tu_edpt_release>:
10005818:	b570      	push	{r4, r5, r6, lr}
1000581a:	460c      	mov	r4, r1
1000581c:	4605      	mov	r5, r0
1000581e:	f04f 31ff 	mov.w	r1, #4294967295
10005822:	4620      	mov	r0, r4
10005824:	f000 fb64 	bl	10005ef0 <__mutex_enter_timeout_ms_veneer>
10005828:	782b      	ldrb	r3, [r5, #0]
1000582a:	f3c3 0680 	ubfx	r6, r3, #2, #1
1000582e:	075b      	lsls	r3, r3, #29
10005830:	d508      	bpl.n	10005844 <tu_edpt_release+0x2c>
10005832:	782b      	ldrb	r3, [r5, #0]
10005834:	f013 0301 	ands.w	r3, r3, #1
10005838:	bf11      	iteee	ne
1000583a:	2600      	movne	r6, #0
1000583c:	782a      	ldrbeq	r2, [r5, #0]
1000583e:	f363 0282 	bfieq	r2, r3, #2, #1
10005842:	702a      	strbeq	r2, [r5, #0]
10005844:	4620      	mov	r0, r4
10005846:	f000 fb5b 	bl	10005f00 <__mutex_exit_veneer>
1000584a:	4630      	mov	r0, r6
1000584c:	bd70      	pop	{r4, r5, r6, pc}
1000584e:	bf00      	nop

10005850 <tu_edpt_validate>:
10005850:	78c3      	ldrb	r3, [r0, #3]
10005852:	8882      	ldrh	r2, [r0, #4]
10005854:	f003 0003 	and.w	r0, r3, #3
10005858:	2802      	cmp	r0, #2
1000585a:	f3c2 020a 	ubfx	r2, r2, #0, #11
1000585e:	d01f      	beq.n	100058a0 <tu_edpt_validate+0x50>
10005860:	2803      	cmp	r0, #3
10005862:	d003      	beq.n	1000586c <tu_edpt_validate+0x1c>
10005864:	2801      	cmp	r0, #1
10005866:	d00a      	beq.n	1000587e <tu_edpt_validate+0x2e>
10005868:	2000      	movs	r0, #0
1000586a:	4770      	bx	lr
1000586c:	2902      	cmp	r1, #2
1000586e:	bf14      	ite	ne
10005870:	2340      	movne	r3, #64	@ 0x40
10005872:	f44f 6380 	moveq.w	r3, #1024	@ 0x400
10005876:	4293      	cmp	r3, r2
10005878:	d309      	bcc.n	1000588e <tu_edpt_validate+0x3e>
1000587a:	2001      	movs	r0, #1
1000587c:	4770      	bx	lr
1000587e:	2902      	cmp	r1, #2
10005880:	f240 33ff 	movw	r3, #1023	@ 0x3ff
10005884:	bf08      	it	eq
10005886:	f44f 6380 	moveq.w	r3, #1024	@ 0x400
1000588a:	4293      	cmp	r3, r2
1000588c:	d2f6      	bcs.n	1000587c <tu_edpt_validate+0x2c>
1000588e:	f04f 23e0 	mov.w	r3, #3758153728	@ 0xe000e000
10005892:	f8d3 3df0 	ldr.w	r3, [r3, #3568]	@ 0xdf0
10005896:	07db      	lsls	r3, r3, #31
10005898:	d5e6      	bpl.n	10005868 <tu_edpt_validate+0x18>
1000589a:	be00      	bkpt	0x0000
1000589c:	2000      	movs	r0, #0
1000589e:	4770      	bx	lr
100058a0:	2902      	cmp	r1, #2
100058a2:	d002      	beq.n	100058aa <tu_edpt_validate+0x5a>
100058a4:	2a40      	cmp	r2, #64	@ 0x40
100058a6:	d9e8      	bls.n	1000587a <tu_edpt_validate+0x2a>
100058a8:	e7f1      	b.n	1000588e <tu_edpt_validate+0x3e>
100058aa:	f5b2 7f00 	cmp.w	r2, #512	@ 0x200
100058ae:	d0e4      	beq.n	1000587a <tu_edpt_validate+0x2a>
100058b0:	e7ed      	b.n	1000588e <tu_edpt_validate+0x3e>
100058b2:	bf00      	nop

100058b4 <tu_edpt_bind_driver>:
100058b4:	440a      	add	r2, r1
100058b6:	4291      	cmp	r1, r2
100058b8:	d226      	bcs.n	10005908 <tu_edpt_bind_driver+0x54>
100058ba:	f891 c001 	ldrb.w	ip, [r1, #1]
100058be:	f1bc 0f05 	cmp.w	ip, #5
100058c2:	d005      	beq.n	100058d0 <tu_edpt_bind_driver+0x1c>
100058c4:	f891 c000 	ldrb.w	ip, [r1]
100058c8:	4461      	add	r1, ip
100058ca:	428a      	cmp	r2, r1
100058cc:	d8f5      	bhi.n	100058ba <tu_edpt_bind_driver+0x6>
100058ce:	4770      	bx	lr
100058d0:	b500      	push	{lr}
100058d2:	f891 c002 	ldrb.w	ip, [r1, #2]
100058d6:	f00c 0e7f 	and.w	lr, ip, #127	@ 0x7f
100058da:	eb00 0e4e 	add.w	lr, r0, lr, lsl #1
100058de:	ea4f 1cdc 	mov.w	ip, ip, lsr #7
100058e2:	f80e 300c 	strb.w	r3, [lr, ip]
100058e6:	f891 c000 	ldrb.w	ip, [r1]
100058ea:	4461      	add	r1, ip
100058ec:	428a      	cmp	r2, r1
100058ee:	d909      	bls.n	10005904 <tu_edpt_bind_driver+0x50>
100058f0:	f891 c001 	ldrb.w	ip, [r1, #1]
100058f4:	f1bc 0f05 	cmp.w	ip, #5
100058f8:	d0eb      	beq.n	100058d2 <tu_edpt_bind_driver+0x1e>
100058fa:	f891 c000 	ldrb.w	ip, [r1]
100058fe:	4461      	add	r1, ip
10005900:	428a      	cmp	r2, r1
10005902:	d8f5      	bhi.n	100058f0 <tu_edpt_bind_driver+0x3c>
10005904:	f85d fb04 	ldr.w	pc, [sp], #4
10005908:	4770      	bx	lr
1000590a:	bf00      	nop

1000590c <tu_fifo_config>:
1000590c:	e92d 41f0 	stmdb	sp!, {r4, r5, r6, r7, r8, lr}
10005910:	f5b2 4f00 	cmp.w	r2, #32768	@ 0x8000
10005914:	f89d 8018 	ldrb.w	r8, [sp, #24]
10005918:	d824      	bhi.n	10005964 <tu_fifo_config+0x58>
1000591a:	4604      	mov	r4, r0
1000591c:	68c0      	ldr	r0, [r0, #12]
1000591e:	4617      	mov	r7, r2
10005920:	460e      	mov	r6, r1
10005922:	461d      	mov	r5, r3
10005924:	b118      	cbz	r0, 1000592e <tu_fifo_config+0x22>
10005926:	f04f 31ff 	mov.w	r1, #4294967295
1000592a:	f000 fae1 	bl	10005ef0 <__mutex_enter_timeout_ms_veneer>
1000592e:	6920      	ldr	r0, [r4, #16]
10005930:	b118      	cbz	r0, 1000593a <tu_fifo_config+0x2e>
10005932:	f04f 31ff 	mov.w	r1, #4294967295
10005936:	f000 fadb 	bl	10005ef0 <__mutex_enter_timeout_ms_veneer>
1000593a:	2200      	movs	r2, #0
1000593c:	f3c5 030e 	ubfx	r3, r5, #0, #15
10005940:	68e0      	ldr	r0, [r4, #12]
10005942:	ea43 33c8 	orr.w	r3, r3, r8, lsl #15
10005946:	8162      	strh	r2, [r4, #10]
10005948:	6026      	str	r6, [r4, #0]
1000594a:	80a7      	strh	r7, [r4, #4]
1000594c:	80e3      	strh	r3, [r4, #6]
1000594e:	8122      	strh	r2, [r4, #8]
10005950:	b108      	cbz	r0, 10005956 <tu_fifo_config+0x4a>
10005952:	f000 fad5 	bl	10005f00 <__mutex_exit_veneer>
10005956:	6920      	ldr	r0, [r4, #16]
10005958:	b108      	cbz	r0, 1000595e <tu_fifo_config+0x52>
1000595a:	f000 fad1 	bl	10005f00 <__mutex_exit_veneer>
1000595e:	2001      	movs	r0, #1
10005960:	e8bd 81f0 	ldmia.w	sp!, {r4, r5, r6, r7, r8, pc}
10005964:	2000      	movs	r0, #0
10005966:	e8bd 81f0 	ldmia.w	sp!, {r4, r5, r6, r7, r8, pc}
1000596a:	bf00      	nop

1000596c <tu_fifo_count>:
1000596c:	8903      	ldrh	r3, [r0, #8]
1000596e:	8942      	ldrh	r2, [r0, #10]
10005970:	b29b      	uxth	r3, r3
10005972:	b292      	uxth	r2, r2
10005974:	8880      	ldrh	r0, [r0, #4]
10005976:	4293      	cmp	r3, r2
10005978:	bf36      	itet	cc
1000597a:	ebc2 0240 	rsbcc	r2, r2, r0, lsl #1
1000597e:	1a9b      	subcs	r3, r3, r2
10005980:	189b      	addcc	r3, r3, r2
10005982:	b29b      	uxth	r3, r3
10005984:	4298      	cmp	r0, r3
10005986:	bf28      	it	cs
10005988:	4618      	movcs	r0, r3
1000598a:	4770      	bx	lr

1000598c <tu_fifo_empty>:
1000598c:	8902      	ldrh	r2, [r0, #8]
1000598e:	8943      	ldrh	r3, [r0, #10]
10005990:	b290      	uxth	r0, r2
10005992:	b29b      	uxth	r3, r3
10005994:	1ac0      	subs	r0, r0, r3
10005996:	fab0 f080 	clz	r0, r0
1000599a:	0940      	lsrs	r0, r0, #5
1000599c:	4770      	bx	lr
1000599e:	bf00      	nop

100059a0 <tu_fifo_remaining>:
100059a0:	8903      	ldrh	r3, [r0, #8]
100059a2:	8942      	ldrh	r2, [r0, #10]
100059a4:	b29b      	uxth	r3, r3
100059a6:	8880      	ldrh	r0, [r0, #4]
100059a8:	b292      	uxth	r2, r2
100059aa:	4293      	cmp	r3, r2
100059ac:	bf36      	itet	cc
100059ae:	ebc2 0240 	rsbcc	r2, r2, r0, lsl #1
100059b2:	1a9b      	subcs	r3, r3, r2
100059b4:	189b      	addcc	r3, r3, r2
100059b6:	b29b      	uxth	r3, r3
100059b8:	4298      	cmp	r0, r3
100059ba:	bf86      	itte	hi
100059bc:	1ac0      	subhi	r0, r0, r3
100059be:	b280      	uxthhi	r0, r0
100059c0:	2000      	movls	r0, #0
100059c2:	4770      	bx	lr

100059c4 <tu_fifo_read>:
100059c4:	b538      	push	{r3, r4, r5, lr}
100059c6:	4604      	mov	r4, r0
100059c8:	6900      	ldr	r0, [r0, #16]
100059ca:	460d      	mov	r5, r1
100059cc:	b118      	cbz	r0, 100059d6 <tu_fifo_read+0x12>
100059ce:	f04f 31ff 	mov.w	r1, #4294967295
100059d2:	f000 fa8d 	bl	10005ef0 <__mutex_enter_timeout_ms_veneer>
100059d6:	8921      	ldrh	r1, [r4, #8]
100059d8:	8963      	ldrh	r3, [r4, #10]
100059da:	b289      	uxth	r1, r1
100059dc:	b29b      	uxth	r3, r3
100059de:	88a2      	ldrh	r2, [r4, #4]
100059e0:	4299      	cmp	r1, r3
100059e2:	bf36      	itet	cc
100059e4:	ebc3 0042 	rsbcc	r0, r3, r2, lsl #1
100059e8:	1ac8      	subcs	r0, r1, r3
100059ea:	1840      	addcc	r0, r0, r1
100059ec:	b280      	uxth	r0, r0
100059ee:	b350      	cbz	r0, 10005a46 <tu_fifo_read+0x82>
100059f0:	4282      	cmp	r2, r0
100059f2:	d209      	bcs.n	10005a08 <tu_fifo_read+0x44>
100059f4:	4291      	cmp	r1, r2
100059f6:	bf2c      	ite	cs
100059f8:	1a89      	subcs	r1, r1, r2
100059fa:	1889      	addcc	r1, r1, r2
100059fc:	b28b      	uxth	r3, r1
100059fe:	429a      	cmp	r2, r3
10005a00:	8163      	strh	r3, [r4, #10]
10005a02:	d803      	bhi.n	10005a0c <tu_fifo_read+0x48>
10005a04:	1a9b      	subs	r3, r3, r2
10005a06:	b29b      	uxth	r3, r3
10005a08:	429a      	cmp	r2, r3
10005a0a:	d9fb      	bls.n	10005a04 <tu_fifo_read+0x40>
10005a0c:	88e2      	ldrh	r2, [r4, #6]
10005a0e:	6821      	ldr	r1, [r4, #0]
10005a10:	f3c2 020e 	ubfx	r2, r2, #0, #15
10005a14:	fb02 1103 	mla	r1, r2, r3, r1
10005a18:	4628      	mov	r0, r5
10005a1a:	f000 fa85 	bl	10005f28 <__memcpy_veneer>
10005a1e:	8961      	ldrh	r1, [r4, #10]
10005a20:	2501      	movs	r5, #1
10005a22:	b289      	uxth	r1, r1
10005a24:	1c4b      	adds	r3, r1, #1
10005a26:	b29b      	uxth	r3, r3
10005a28:	4299      	cmp	r1, r3
10005a2a:	88a2      	ldrh	r2, [r4, #4]
10005a2c:	d90e      	bls.n	10005a4c <tu_fifo_read+0x88>
10005a2e:	2300      	movs	r3, #0
10005a30:	fa02 f105 	lsl.w	r1, r2, r5
10005a34:	1a5b      	subs	r3, r3, r1
10005a36:	b29b      	uxth	r3, r3
10005a38:	6920      	ldr	r0, [r4, #16]
10005a3a:	8163      	strh	r3, [r4, #10]
10005a3c:	b108      	cbz	r0, 10005a42 <tu_fifo_read+0x7e>
10005a3e:	f000 fa5f 	bl	10005f00 <__mutex_exit_veneer>
10005a42:	4628      	mov	r0, r5
10005a44:	bd38      	pop	{r3, r4, r5, pc}
10005a46:	4605      	mov	r5, r0
10005a48:	8963      	ldrh	r3, [r4, #10]
10005a4a:	b29b      	uxth	r3, r3
10005a4c:	ebb3 0f42 	cmp.w	r3, r2, lsl #1
10005a50:	ea4f 0142 	mov.w	r1, r2, lsl #1
10005a54:	dbf0      	blt.n	10005a38 <tu_fifo_read+0x74>
10005a56:	e7ed      	b.n	10005a34 <tu_fifo_read+0x70>

10005a58 <tu_fifo_read_n>:
10005a58:	e92d 47f0 	stmdb	sp!, {r4, r5, r6, r7, r8, r9, sl, lr}
10005a5c:	4606      	mov	r6, r0
10005a5e:	6900      	ldr	r0, [r0, #16]
10005a60:	4688      	mov	r8, r1
10005a62:	4691      	mov	r9, r2
10005a64:	b118      	cbz	r0, 10005a6e <tu_fifo_read_n+0x16>
10005a66:	f04f 31ff 	mov.w	r1, #4294967295
10005a6a:	f000 fa41 	bl	10005ef0 <__mutex_enter_timeout_ms_veneer>
10005a6e:	8933      	ldrh	r3, [r6, #8]
10005a70:	8974      	ldrh	r4, [r6, #10]
10005a72:	b29b      	uxth	r3, r3
10005a74:	b2a4      	uxth	r4, r4
10005a76:	88b5      	ldrh	r5, [r6, #4]
10005a78:	42a3      	cmp	r3, r4
10005a7a:	bf36      	itet	cc
10005a7c:	ebc4 0745 	rsbcc	r7, r4, r5, lsl #1
10005a80:	1b1f      	subcs	r7, r3, r4
10005a82:	18ff      	addcc	r7, r7, r3
10005a84:	b2bf      	uxth	r7, r7
10005a86:	2f00      	cmp	r7, #0
10005a88:	d04a      	beq.n	10005b20 <tu_fifo_read_n+0xc8>
10005a8a:	42bd      	cmp	r5, r7
10005a8c:	d340      	bcc.n	10005b10 <tu_fifo_read_n+0xb8>
10005a8e:	45b9      	cmp	r9, r7
10005a90:	bf28      	it	cs
10005a92:	46b9      	movcs	r9, r7
10005a94:	42a5      	cmp	r5, r4
10005a96:	fa1f f789 	uxth.w	r7, r9
10005a9a:	d803      	bhi.n	10005aa4 <tu_fifo_read_n+0x4c>
10005a9c:	1b64      	subs	r4, r4, r5
10005a9e:	b2a4      	uxth	r4, r4
10005aa0:	42a5      	cmp	r5, r4
10005aa2:	d9fb      	bls.n	10005a9c <tu_fifo_read_n+0x44>
10005aa4:	f8b6 a006 	ldrh.w	sl, [r6, #6]
10005aa8:	1b2b      	subs	r3, r5, r4
10005aaa:	6831      	ldr	r1, [r6, #0]
10005aac:	b29b      	uxth	r3, r3
10005aae:	f3ca 020e 	ubfx	r2, sl, #0, #15
10005ab2:	429f      	cmp	r7, r3
10005ab4:	4692      	mov	sl, r2
10005ab6:	fb02 1104 	mla	r1, r2, r4, r1
10005aba:	d923      	bls.n	10005b04 <tu_fifo_read_n+0xac>
10005abc:	fb13 f302 	smulbb	r3, r3, r2
10005ac0:	fa1f f983 	uxth.w	r9, r3
10005ac4:	464a      	mov	r2, r9
10005ac6:	4640      	mov	r0, r8
10005ac8:	1b7d      	subs	r5, r7, r5
10005aca:	f000 fa2d 	bl	10005f28 <__memcpy_veneer>
10005ace:	1962      	adds	r2, r4, r5
10005ad0:	fb12 f20a 	smulbb	r2, r2, sl
10005ad4:	6831      	ldr	r1, [r6, #0]
10005ad6:	eb08 0009 	add.w	r0, r8, r9
10005ada:	b292      	uxth	r2, r2
10005adc:	f000 fa24 	bl	10005f28 <__memcpy_veneer>
10005ae0:	8972      	ldrh	r2, [r6, #10]
10005ae2:	88b5      	ldrh	r5, [r6, #4]
10005ae4:	b292      	uxth	r2, r2
10005ae6:	19d3      	adds	r3, r2, r7
10005ae8:	b29b      	uxth	r3, r3
10005aea:	429a      	cmp	r2, r3
10005aec:	d91a      	bls.n	10005b24 <tu_fifo_read_n+0xcc>
10005aee:	006a      	lsls	r2, r5, #1
10005af0:	1a9b      	subs	r3, r3, r2
10005af2:	b29b      	uxth	r3, r3
10005af4:	6930      	ldr	r0, [r6, #16]
10005af6:	8173      	strh	r3, [r6, #10]
10005af8:	b108      	cbz	r0, 10005afe <tu_fifo_read_n+0xa6>
10005afa:	f000 fa01 	bl	10005f00 <__mutex_exit_veneer>
10005afe:	4638      	mov	r0, r7
10005b00:	e8bd 87f0 	ldmia.w	sp!, {r4, r5, r6, r7, r8, r9, sl, pc}
10005b04:	4640      	mov	r0, r8
10005b06:	fb07 f202 	mul.w	r2, r7, r2
10005b0a:	f000 fa0d 	bl	10005f28 <__memcpy_veneer>
10005b0e:	e7e7      	b.n	10005ae0 <tu_fifo_read_n+0x88>
10005b10:	42ab      	cmp	r3, r5
10005b12:	bf2c      	ite	cs
10005b14:	1b5b      	subcs	r3, r3, r5
10005b16:	195b      	addcc	r3, r3, r5
10005b18:	b29c      	uxth	r4, r3
10005b1a:	462f      	mov	r7, r5
10005b1c:	8174      	strh	r4, [r6, #10]
10005b1e:	e7b6      	b.n	10005a8e <tu_fifo_read_n+0x36>
10005b20:	8973      	ldrh	r3, [r6, #10]
10005b22:	b29b      	uxth	r3, r3
10005b24:	ebb3 0f45 	cmp.w	r3, r5, lsl #1
10005b28:	ea4f 0245 	mov.w	r2, r5, lsl #1
10005b2c:	dbe2      	blt.n	10005af4 <tu_fifo_read_n+0x9c>
10005b2e:	e7df      	b.n	10005af0 <tu_fifo_read_n+0x98>

10005b30 <tu_fifo_write>:
10005b30:	b5f8      	push	{r3, r4, r5, r6, r7, lr}
10005b32:	4604      	mov	r4, r0
10005b34:	68c0      	ldr	r0, [r0, #12]
10005b36:	460e      	mov	r6, r1
10005b38:	b118      	cbz	r0, 10005b42 <tu_fifo_write+0x12>
10005b3a:	f04f 31ff 	mov.w	r1, #4294967295
10005b3e:	f000 f9d7 	bl	10005ef0 <__mutex_enter_timeout_ms_veneer>
10005b42:	8925      	ldrh	r5, [r4, #8]
10005b44:	8923      	ldrh	r3, [r4, #8]
10005b46:	8961      	ldrh	r1, [r4, #10]
10005b48:	b29b      	uxth	r3, r3
10005b4a:	b289      	uxth	r1, r1
10005b4c:	88a2      	ldrh	r2, [r4, #4]
10005b4e:	428b      	cmp	r3, r1
10005b50:	bf36      	itet	cc
10005b52:	ebc1 0142 	rsbcc	r1, r1, r2, lsl #1
10005b56:	1a5b      	subcs	r3, r3, r1
10005b58:	185b      	addcc	r3, r3, r1
10005b5a:	b29b      	uxth	r3, r3
10005b5c:	429a      	cmp	r2, r3
10005b5e:	b2ad      	uxth	r5, r5
10005b60:	d808      	bhi.n	10005b74 <tu_fifo_write+0x44>
10005b62:	79e7      	ldrb	r7, [r4, #7]
10005b64:	09ff      	lsrs	r7, r7, #7
10005b66:	d105      	bne.n	10005b74 <tu_fifo_write+0x44>
10005b68:	68e0      	ldr	r0, [r4, #12]
10005b6a:	b108      	cbz	r0, 10005b70 <tu_fifo_write+0x40>
10005b6c:	f000 f9c8 	bl	10005f00 <__mutex_exit_veneer>
10005b70:	4638      	mov	r0, r7
10005b72:	bdf8      	pop	{r3, r4, r5, r6, r7, pc}
10005b74:	4295      	cmp	r5, r2
10005b76:	d319      	bcc.n	10005bac <tu_fifo_write+0x7c>
10005b78:	462b      	mov	r3, r5
10005b7a:	1a9b      	subs	r3, r3, r2
10005b7c:	b29b      	uxth	r3, r3
10005b7e:	4293      	cmp	r3, r2
10005b80:	d2fb      	bcs.n	10005b7a <tu_fifo_write+0x4a>
10005b82:	88e2      	ldrh	r2, [r4, #6]
10005b84:	6820      	ldr	r0, [r4, #0]
10005b86:	f3c2 020e 	ubfx	r2, r2, #0, #15
10005b8a:	fb02 0003 	mla	r0, r2, r3, r0
10005b8e:	4631      	mov	r1, r6
10005b90:	f000 f9ca 	bl	10005f28 <__memcpy_veneer>
10005b94:	1c6b      	adds	r3, r5, #1
10005b96:	b29b      	uxth	r3, r3
10005b98:	429d      	cmp	r5, r3
10005b9a:	88a2      	ldrh	r2, [r4, #4]
10005b9c:	d912      	bls.n	10005bc4 <tu_fifo_write+0x94>
10005b9e:	2300      	movs	r3, #0
10005ba0:	0051      	lsls	r1, r2, #1
10005ba2:	1a5b      	subs	r3, r3, r1
10005ba4:	b29b      	uxth	r3, r3
10005ba6:	2701      	movs	r7, #1
10005ba8:	8123      	strh	r3, [r4, #8]
10005baa:	e7dd      	b.n	10005b68 <tu_fifo_write+0x38>
10005bac:	88e2      	ldrh	r2, [r4, #6]
10005bae:	6820      	ldr	r0, [r4, #0]
10005bb0:	f3c2 020e 	ubfx	r2, r2, #0, #15
10005bb4:	fb05 0002 	mla	r0, r5, r2, r0
10005bb8:	4631      	mov	r1, r6
10005bba:	f000 f9b5 	bl	10005f28 <__memcpy_veneer>
10005bbe:	3501      	adds	r5, #1
10005bc0:	88a2      	ldrh	r2, [r4, #4]
10005bc2:	b2ab      	uxth	r3, r5
10005bc4:	ebb3 0f42 	cmp.w	r3, r2, lsl #1
10005bc8:	ea4f 0142 	mov.w	r1, r2, lsl #1
10005bcc:	dbeb      	blt.n	10005ba6 <tu_fifo_write+0x76>
10005bce:	e7e8      	b.n	10005ba2 <tu_fifo_write+0x72>

10005bd0 <tu_fifo_write_n>:
10005bd0:	e92d 4ff0 	stmdb	sp!, {r4, r5, r6, r7, r8, r9, sl, fp, lr}
10005bd4:	4616      	mov	r6, r2
10005bd6:	b083      	sub	sp, #12
10005bd8:	2a00      	cmp	r2, #0
10005bda:	d04c      	beq.n	10005c76 <tu_fifo_write_n+0xa6>
10005bdc:	4605      	mov	r5, r0
10005bde:	68c0      	ldr	r0, [r0, #12]
10005be0:	4688      	mov	r8, r1
10005be2:	b118      	cbz	r0, 10005bec <tu_fifo_write_n+0x1c>
10005be4:	f04f 31ff 	mov.w	r1, #4294967295
10005be8:	f000 f982 	bl	10005ef0 <__mutex_enter_timeout_ms_veneer>
10005bec:	79ea      	ldrb	r2, [r5, #7]
10005bee:	892f      	ldrh	r7, [r5, #8]
10005bf0:	8969      	ldrh	r1, [r5, #10]
10005bf2:	09d2      	lsrs	r2, r2, #7
10005bf4:	88ab      	ldrh	r3, [r5, #4]
10005bf6:	b2bf      	uxth	r7, r7
10005bf8:	b289      	uxth	r1, r1
10005bfa:	d140      	bne.n	10005c7e <tu_fifo_write_n+0xae>
10005bfc:	428f      	cmp	r7, r1
10005bfe:	bf36      	itet	cc
10005c00:	ebc1 0143 	rsbcc	r1, r1, r3, lsl #1
10005c04:	1a79      	subcs	r1, r7, r1
10005c06:	19c9      	addcc	r1, r1, r7
10005c08:	b289      	uxth	r1, r1
10005c0a:	4299      	cmp	r1, r3
10005c0c:	d241      	bcs.n	10005c92 <tu_fifo_write_n+0xc2>
10005c0e:	1a59      	subs	r1, r3, r1
10005c10:	b289      	uxth	r1, r1
10005c12:	428e      	cmp	r6, r1
10005c14:	bf28      	it	cs
10005c16:	460e      	movcs	r6, r1
10005c18:	f8b5 a006 	ldrh.w	sl, [r5, #6]
10005c1c:	eb07 0906 	add.w	r9, r7, r6
10005c20:	eba6 0b03 	sub.w	fp, r6, r3
10005c24:	f3ca 0a0e 	ubfx	sl, sl, #0, #15
10005c28:	fa1f f989 	uxth.w	r9, r9
10005c2c:	fa1f fb8b 	uxth.w	fp, fp
10005c30:	429f      	cmp	r7, r3
10005c32:	463c      	mov	r4, r7
10005c34:	d303      	bcc.n	10005c3e <tu_fifo_write_n+0x6e>
10005c36:	1ae4      	subs	r4, r4, r3
10005c38:	b2a4      	uxth	r4, r4
10005c3a:	429c      	cmp	r4, r3
10005c3c:	d2fb      	bcs.n	10005c36 <tu_fifo_write_n+0x66>
10005c3e:	1b1b      	subs	r3, r3, r4
10005c40:	6828      	ldr	r0, [r5, #0]
10005c42:	b29b      	uxth	r3, r3
10005c44:	42b3      	cmp	r3, r6
10005c46:	fb0a 0004 	mla	r0, sl, r4, r0
10005c4a:	d34b      	bcc.n	10005ce4 <tu_fifo_write_n+0x114>
10005c4c:	4641      	mov	r1, r8
10005c4e:	fb0a f206 	mul.w	r2, sl, r6
10005c52:	f000 f969 	bl	10005f28 <__memcpy_veneer>
10005c56:	88aa      	ldrh	r2, [r5, #4]
10005c58:	454f      	cmp	r7, r9
10005c5a:	ea4f 0342 	mov.w	r3, r2, lsl #1
10005c5e:	d802      	bhi.n	10005c66 <tu_fifo_write_n+0x96>
10005c60:	ebb9 0f42 	cmp.w	r9, r2, lsl #1
10005c64:	db03      	blt.n	10005c6e <tu_fifo_write_n+0x9e>
10005c66:	eba9 0303 	sub.w	r3, r9, r3
10005c6a:	fa1f f983 	uxth.w	r9, r3
10005c6e:	68e8      	ldr	r0, [r5, #12]
10005c70:	f8a5 9008 	strh.w	r9, [r5, #8]
10005c74:	b988      	cbnz	r0, 10005c9a <tu_fifo_write_n+0xca>
10005c76:	4630      	mov	r0, r6
10005c78:	b003      	add	sp, #12
10005c7a:	e8bd 8ff0 	ldmia.w	sp!, {r4, r5, r6, r7, r8, r9, sl, fp, pc}
10005c7e:	f8b5 a006 	ldrh.w	sl, [r5, #6]
10005c82:	429e      	cmp	r6, r3
10005c84:	f3ca 0a0e 	ubfx	sl, sl, #0, #15
10005c88:	d30d      	bcc.n	10005ca6 <tu_fifo_write_n+0xd6>
10005c8a:	2b00      	cmp	r3, #0
10005c8c:	d13f      	bne.n	10005d0e <tu_fifo_write_n+0x13e>
10005c8e:	461e      	mov	r6, r3
10005c90:	e000      	b.n	10005c94 <tu_fifo_write_n+0xc4>
10005c92:	2600      	movs	r6, #0
10005c94:	68e8      	ldr	r0, [r5, #12]
10005c96:	2800      	cmp	r0, #0
10005c98:	d0ed      	beq.n	10005c76 <tu_fifo_write_n+0xa6>
10005c9a:	f000 f931 	bl	10005f00 <__mutex_exit_veneer>
10005c9e:	4630      	mov	r0, r6
10005ca0:	b003      	add	sp, #12
10005ca2:	e8bd 8ff0 	ldmia.w	sp!, {r4, r5, r6, r7, r8, r9, sl, fp, pc}
10005ca6:	428f      	cmp	r7, r1
10005ca8:	bf36      	itet	cc
10005caa:	ebc1 0243 	rsbcc	r2, r1, r3, lsl #1
10005cae:	1a7a      	subcs	r2, r7, r1
10005cb0:	19d2      	addcc	r2, r2, r7
10005cb2:	b292      	uxth	r2, r2
10005cb4:	0058      	lsls	r0, r3, #1
10005cb6:	4432      	add	r2, r6
10005cb8:	eba6 0b03 	sub.w	fp, r6, r3
10005cbc:	4282      	cmp	r2, r0
10005cbe:	fa1f fb8b 	uxth.w	fp, fp
10005cc2:	db0a      	blt.n	10005cda <tu_fifo_write_n+0x10a>
10005cc4:	eb01 0903 	add.w	r9, r1, r3
10005cc8:	fa1f f989 	uxth.w	r9, r9
10005ccc:	eba9 0706 	sub.w	r7, r9, r6
10005cd0:	b2bf      	uxth	r7, r7
10005cd2:	42b9      	cmp	r1, r7
10005cd4:	d918      	bls.n	10005d08 <tu_fifo_write_n+0x138>
10005cd6:	1a38      	subs	r0, r7, r0
10005cd8:	b287      	uxth	r7, r0
10005cda:	eb06 0907 	add.w	r9, r6, r7
10005cde:	fa1f f989 	uxth.w	r9, r9
10005ce2:	e7a5      	b.n	10005c30 <tu_fifo_write_n+0x60>
10005ce4:	fb13 f30a 	smulbb	r3, r3, sl
10005ce8:	445c      	add	r4, fp
10005cea:	fb14 f40a 	smulbb	r4, r4, sl
10005cee:	b29a      	uxth	r2, r3
10005cf0:	4641      	mov	r1, r8
10005cf2:	9201      	str	r2, [sp, #4]
10005cf4:	f000 f918 	bl	10005f28 <__memcpy_veneer>
10005cf8:	9a01      	ldr	r2, [sp, #4]
10005cfa:	6828      	ldr	r0, [r5, #0]
10005cfc:	eb08 0102 	add.w	r1, r8, r2
10005d00:	b2a2      	uxth	r2, r4
10005d02:	f000 f911 	bl	10005f28 <__memcpy_veneer>
10005d06:	e7a6      	b.n	10005c56 <tu_fifo_write_n+0x86>
10005d08:	42b8      	cmp	r0, r7
10005d0a:	dc91      	bgt.n	10005c30 <tu_fifo_write_n+0x60>
10005d0c:	e7e3      	b.n	10005cd6 <tu_fifo_write_n+0x106>
10005d0e:	1af6      	subs	r6, r6, r3
10005d10:	eb01 0903 	add.w	r9, r1, r3
10005d14:	fb0a 8806 	mla	r8, sl, r6, r8
10005d18:	460f      	mov	r7, r1
10005d1a:	461e      	mov	r6, r3
10005d1c:	f04f 0b00 	mov.w	fp, #0
10005d20:	fa1f f989 	uxth.w	r9, r9
10005d24:	e784      	b.n	10005c30 <tu_fifo_write_n+0x60>
10005d26:	bf00      	nop

10005d28 <tu_fifo_clear>:
10005d28:	b510      	push	{r4, lr}
10005d2a:	4604      	mov	r4, r0
10005d2c:	68c0      	ldr	r0, [r0, #12]
10005d2e:	b118      	cbz	r0, 10005d38 <tu_fifo_clear+0x10>
10005d30:	f04f 31ff 	mov.w	r1, #4294967295
10005d34:	f000 f8dc 	bl	10005ef0 <__mutex_enter_timeout_ms_veneer>
10005d38:	6920      	ldr	r0, [r4, #16]
10005d3a:	b118      	cbz	r0, 10005d44 <tu_fifo_clear+0x1c>
10005d3c:	f04f 31ff 	mov.w	r1, #4294967295
10005d40:	f000 f8d6 	bl	10005ef0 <__mutex_enter_timeout_ms_veneer>
10005d44:	2300      	movs	r3, #0
10005d46:	68e0      	ldr	r0, [r4, #12]
10005d48:	8163      	strh	r3, [r4, #10]
10005d4a:	8123      	strh	r3, [r4, #8]
10005d4c:	b108      	cbz	r0, 10005d52 <tu_fifo_clear+0x2a>
10005d4e:	f000 f8d7 	bl	10005f00 <__mutex_exit_veneer>
10005d52:	6920      	ldr	r0, [r4, #16]
10005d54:	b108      	cbz	r0, 10005d5a <tu_fifo_clear+0x32>
10005d56:	f000 f8d3 	bl	10005f00 <__mutex_exit_veneer>
10005d5a:	2001      	movs	r0, #1
10005d5c:	bd10      	pop	{r4, pc}
10005d5e:	bf00      	nop

10005d60 <tu_fifo_set_overwritable>:
10005d60:	b538      	push	{r3, r4, r5, lr}
10005d62:	4604      	mov	r4, r0
10005d64:	68c0      	ldr	r0, [r0, #12]
10005d66:	460d      	mov	r5, r1
10005d68:	b118      	cbz	r0, 10005d72 <tu_fifo_set_overwritable+0x12>
10005d6a:	f04f 31ff 	mov.w	r1, #4294967295
10005d6e:	f000 f8bf 	bl	10005ef0 <__mutex_enter_timeout_ms_veneer>
10005d72:	6920      	ldr	r0, [r4, #16]
10005d74:	b118      	cbz	r0, 10005d7e <tu_fifo_set_overwritable+0x1e>
10005d76:	f04f 31ff 	mov.w	r1, #4294967295
10005d7a:	f000 f8b9 	bl	10005ef0 <__mutex_enter_timeout_ms_veneer>
10005d7e:	79e3      	ldrb	r3, [r4, #7]
10005d80:	68e0      	ldr	r0, [r4, #12]
10005d82:	f365 13c7 	bfi	r3, r5, #7, #1
10005d86:	71e3      	strb	r3, [r4, #7]
10005d88:	b108      	cbz	r0, 10005d8e <tu_fifo_set_overwritable+0x2e>
10005d8a:	f000 f8b9 	bl	10005f00 <__mutex_exit_veneer>
10005d8e:	6920      	ldr	r0, [r4, #16]
10005d90:	b108      	cbz	r0, 10005d96 <tu_fifo_set_overwritable+0x36>
10005d92:	f000 f8b5 	bl	10005f00 <__mutex_exit_veneer>
10005d96:	2001      	movs	r0, #1
10005d98:	bd38      	pop	{r3, r4, r5, pc}
10005d9a:	bf00      	nop

10005d9c <spi_init>:
10005d9c:	e92d 4ff8 	stmdb	sp!, {r3, r4, r5, r6, r7, r8, r9, sl, fp, lr}
10005da0:	4b37      	ldr	r3, [pc, #220]	@ (10005e80 <spi_init+0xe4>)
10005da2:	4607      	mov	r7, r0
10005da4:	4298      	cmp	r0, r3
10005da6:	bf14      	ite	ne
10005da8:	f44f 2380 	movne.w	r3, #262144	@ 0x40000
10005dac:	f44f 2300 	moveq.w	r3, #524288	@ 0x80000
10005db0:	460e      	mov	r6, r1
10005db2:	4d34      	ldr	r5, [pc, #208]	@ (10005e84 <spi_init+0xe8>)
10005db4:	4c34      	ldr	r4, [pc, #208]	@ (10005e88 <spi_init+0xec>)
10005db6:	4a35      	ldr	r2, [pc, #212]	@ (10005e8c <spi_init+0xf0>)
10005db8:	602b      	str	r3, [r5, #0]
10005dba:	6023      	str	r3, [r4, #0]
10005dbc:	6894      	ldr	r4, [r2, #8]
10005dbe:	ea33 0404 	bics.w	r4, r3, r4
10005dc2:	d1fb      	bne.n	10005dbc <spi_init+0x20>
10005dc4:	2006      	movs	r0, #6
10005dc6:	f7fb ffa5 	bl	10001d14 <clock_get_hz>
10005dca:	4639      	mov	r1, r7
10005dcc:	2302      	movs	r3, #2
10005dce:	f851 2f04 	ldr.w	r2, [r1, #4]!
10005dd2:	ea4f 2e46 	mov.w	lr, r6, lsl #9
10005dd6:	ea4f 5bd6 	mov.w	fp, r6, lsr #23
10005dda:	4570      	cmp	r0, lr
10005ddc:	ea02 0803 	and.w	r8, r2, r3
10005de0:	f501 5940 	add.w	r9, r1, #12288	@ 0x3000
10005de4:	eb74 020b 	sbcs.w	r2, r4, fp
10005de8:	f8c9 3000 	str.w	r3, [r9]
10005dec:	d311      	bcc.n	10005e12 <spi_init+0x76>
10005dee:	ea4f 5c96 	mov.w	ip, r6, lsr #22
10005df2:	02b2      	lsls	r2, r6, #10
10005df4:	e001      	b.n	10005dfa <spi_init+0x5e>
10005df6:	4652      	mov	r2, sl
10005df8:	46ac      	mov	ip, r5
10005dfa:	3302      	adds	r3, #2
10005dfc:	f5b3 7f80 	cmp.w	r3, #256	@ 0x100
10005e00:	d007      	beq.n	10005e12 <spi_init+0x76>
10005e02:	eb1e 0a02 	adds.w	sl, lr, r2
10005e06:	eb4b 050c 	adc.w	r5, fp, ip
10005e0a:	4290      	cmp	r0, r2
10005e0c:	eb74 0c0c 	sbcs.w	ip, r4, ip
10005e10:	d2f1      	bcs.n	10005df6 <spi_init+0x5a>
10005e12:	f44f 7280 	mov.w	r2, #256	@ 0x100
10005e16:	ebc3 2403 	rsb	r4, r3, r3, lsl #8
10005e1a:	4694      	mov	ip, r2
10005e1c:	3a01      	subs	r2, #1
10005e1e:	d02d      	beq.n	10005e7c <spi_init+0xe0>
10005e20:	fbb0 f5f4 	udiv	r5, r0, r4
10005e24:	42ae      	cmp	r6, r5
10005e26:	eba4 0403 	sub.w	r4, r4, r3
10005e2a:	d2f6      	bcs.n	10005e1a <spi_init+0x7e>
10005e2c:	fb0c fc03 	mul.w	ip, ip, r3
10005e30:	0212      	lsls	r2, r2, #8
10005e32:	2402      	movs	r4, #2
10005e34:	613b      	str	r3, [r7, #16]
10005e36:	463b      	mov	r3, r7
10005e38:	2503      	movs	r5, #3
10005e3a:	683e      	ldr	r6, [r7, #0]
10005e3c:	f501 5100 	add.w	r1, r1, #8192	@ 0x2000
10005e40:	4072      	eors	r2, r6
10005e42:	fbb0 f0fc 	udiv	r0, r0, ip
10005e46:	f402 427f 	and.w	r2, r2, #65280	@ 0xff00
10005e4a:	f507 5c80 	add.w	ip, r7, #4096	@ 0x1000
10005e4e:	f8cc 2000 	str.w	r2, [ip]
10005e52:	f8c1 8000 	str.w	r8, [r1]
10005e56:	687e      	ldr	r6, [r7, #4]
10005e58:	f8c9 4000 	str.w	r4, [r9]
10005e5c:	f853 2b24 	ldr.w	r2, [r3], #36
10005e60:	4026      	ands	r6, r4
10005e62:	f082 0207 	eor.w	r2, r2, #7
10005e66:	f002 02cf 	and.w	r2, r2, #207	@ 0xcf
10005e6a:	f503 5300 	add.w	r3, r3, #8192	@ 0x2000
10005e6e:	f8cc 2000 	str.w	r2, [ip]
10005e72:	600e      	str	r6, [r1, #0]
10005e74:	601d      	str	r5, [r3, #0]
10005e76:	600c      	str	r4, [r1, #0]
10005e78:	e8bd 8ff8 	ldmia.w	sp!, {r3, r4, r5, r6, r7, r8, r9, sl, fp, pc}
10005e7c:	469c      	mov	ip, r3
10005e7e:	e7d8      	b.n	10005e32 <spi_init+0x96>
10005e80:	40088000 	.word	0x40088000
10005e84:	40022000 	.word	0x40022000
10005e88:	40023000 	.word	0x40023000
10005e8c:	40020000 	.word	0x40020000

10005e90 <strlen>:
10005e90:	f020 0103 	bic.w	r1, r0, #3
10005e94:	f010 0003 	ands.w	r0, r0, #3
10005e98:	f1c0 0000 	rsb	r0, r0, #0
10005e9c:	f851 3b04 	ldr.w	r3, [r1], #4
10005ea0:	f100 0c04 	add.w	ip, r0, #4
10005ea4:	ea4f 0ccc 	mov.w	ip, ip, lsl #3
10005ea8:	f06f 0200 	mvn.w	r2, #0
10005eac:	bf1c      	itt	ne
10005eae:	fa22 f20c 	lsrne.w	r2, r2, ip
10005eb2:	4313      	orrne	r3, r2
10005eb4:	f04f 0c01 	mov.w	ip, #1
10005eb8:	ea4c 2c0c 	orr.w	ip, ip, ip, lsl #8
10005ebc:	ea4c 4c0c 	orr.w	ip, ip, ip, lsl #16
10005ec0:	eba3 020c 	sub.w	r2, r3, ip
10005ec4:	ea22 0203 	bic.w	r2, r2, r3
10005ec8:	ea12 12cc 	ands.w	r2, r2, ip, lsl #7
10005ecc:	bf04      	itt	eq
10005ece:	f851 3b04 	ldreq.w	r3, [r1], #4
10005ed2:	3004      	addeq	r0, #4
10005ed4:	d0f4      	beq.n	10005ec0 <strlen+0x30>
10005ed6:	f1c2 0100 	rsb	r1, r2, #0
10005eda:	ea02 0201 	and.w	r2, r2, r1
10005ede:	fab2 f282 	clz	r2, r2
10005ee2:	f1c2 021f 	rsb	r2, r2, #31
10005ee6:	eb00 00d2 	add.w	r0, r0, r2, lsr #3
10005eea:	4770      	bx	lr
10005eec:	0000      	movs	r0, r0
	...

10005ef0 <__mutex_enter_timeout_ms_veneer>:
10005ef0:	f85f f000 	ldr.w	pc, [pc]	@ 10005ef4 <__mutex_enter_timeout_ms_veneer+0x4>
10005ef4:	2000022d 	.word	0x2000022d

10005ef8 <___hw_endpoint_buffer_control_update32_veneer>:
10005ef8:	f85f f000 	ldr.w	pc, [pc]	@ 10005efc <___hw_endpoint_buffer_control_update32_veneer+0x4>
10005efc:	20000ac5 	.word	0x20000ac5

10005f00 <__mutex_exit_veneer>:
10005f00:	f85f f000 	ldr.w	pc, [pc]	@ 10005f04 <__mutex_exit_veneer+0x4>
10005f04:	20000265 	.word	0x20000265

10005f08 <__reset_non_control_endpoints_veneer>:
10005f08:	f85f f000 	ldr.w	pc, [pc]	@ 10005f0c <__reset_non_control_endpoints_veneer+0x4>
10005f0c:	200002ad 	.word	0x200002ad

10005f10 <__e15_is_bulkin_ep_veneer>:
10005f10:	f85f f000 	ldr.w	pc, [pc]	@ 10005f14 <__e15_is_bulkin_ep_veneer+0x4>
10005f14:	20000a69 	.word	0x20000a69

10005f18 <__mutex_try_enter_block_until_veneer>:
10005f18:	f85f f000 	ldr.w	pc, [pc]	@ 10005f1c <__mutex_try_enter_block_until_veneer+0x4>
10005f1c:	200001f5 	.word	0x200001f5

10005f20 <__hw_endpoint_start_next_buffer_veneer>:
10005f20:	f85f f000 	ldr.w	pc, [pc]	@ 10005f24 <__hw_endpoint_start_next_buffer_veneer+0x4>
10005f24:	20000b09 	.word	0x20000b09

10005f28 <__memcpy_veneer>:
10005f28:	f85f f000 	ldr.w	pc, [pc]	@ 10005f2c <__memcpy_veneer+0x4>
10005f2c:	20001199 	.word	0x20001199

10005f30 <____aeabi_uldivmod_veneer>:
10005f30:	f85f f000 	ldr.w	pc, [pc]	@ 10005f34 <____aeabi_uldivmod_veneer+0x4>
10005f34:	20000dc1 	.word	0x20000dc1

10005f38 <__e15_is_critical_frame_period_veneer>:
10005f38:	f85f f000 	ldr.w	pc, [pc]	@ 10005f3c <__e15_is_critical_frame_period_veneer+0x4>
10005f3c:	20000a91 	.word	0x20000a91

10005f40 <__memset_veneer>:
10005f40:	f85f f000 	ldr.w	pc, [pc]	@ 10005f44 <__memset_veneer+0x4>
10005f44:	200010f5 	.word	0x200010f5

10005f48 <__pre_init_runtime_init_bootrom_reset>:
10005f48:	10001ff5                                ....

10005f4c <__pre_init_runtime_init_early_resets>:
10005f4c:	10001f69                                i...

10005f50 <__pre_init_runtime_init_usb_power_down>:
10005f50:	10001f9d                                ....

10005f54 <__pre_init_runtime_init_clocks>:
10005f54:	10002085                                . ..

10005f58 <__pre_init_runtime_init_post_clock_resets>:
10005f58:	10001fd5                                ....

10005f5c <__pre_init_runtime_init_boot_locks_reset>:
10005f5c:	10001eed                                ....

10005f60 <__pre_init_runtime_init_spin_locks_reset>:
10005f60:	1000201d                                . ..

10005f64 <__pre_init_runtime_init_bootrom_locking_enable>:
10005f64:	10001ed9                                ....

10005f68 <__pre_init_runtime_init_mutex>:
10005f68:	100013bd                                ....

10005f6c <__pre_init_runtime_init_install_ram_vector_table>:
10005f6c:	10002021                                ! ..

10005f70 <__pre_init_runtime_init_default_alarm_pool>:
10005f70:	10001781                                ....

10005f74 <__pre_init_first_per_core_initializer>:
10005f74:	10001f39                                9...

10005f78 <__pre_init_runtime_init_per_core_bootrom_reset>:
10005f78:	10002009                                . ..

10005f7c <__pre_init_runtime_init_per_core_enable_coprocessors>:
10005f7c:	10001fb9                                ....

10005f80 <__pre_init_spinlock_set_extexclall>:
10005f80:	1000102d                                -...

10005f84 <__pre_init_runtime_init_per_core_irq_priorities>:
10005f84:	10001055                                U...

10005f88 <__init_array_start>:
10005f88:	10003f45 	.word	0x10003f45
10005f8c:	10000959 	.word	0x10000959

Disassembly of section .data:

20000110 <mutex_try_enter>:
20000110:	4603      	mov	r3, r0
20000112:	b500      	push	{lr}
20000114:	6802      	ldr	r2, [r0, #0]
20000116:	f3ef 8c10 	mrs	ip, PRIMASK
2000011a:	b672      	cpsid	i
2000011c:	e8d2 efcf 	ldaexb	lr, [r2]
20000120:	2001      	movs	r0, #1
20000122:	f1be 0f00 	cmp.w	lr, #0
20000126:	d1f9      	bne.n	2000011c <mutex_try_enter+0xc>
20000128:	e8c2 0f4e 	strexb	lr, r0, [r2]
2000012c:	f1be 0f00 	cmp.w	lr, #0
20000130:	d1f4      	bne.n	2000011c <mutex_try_enter+0xc>
20000132:	f3bf 8f5f 	dmb	sy
20000136:	f993 2004 	ldrsb.w	r2, [r3, #4]
2000013a:	2a00      	cmp	r2, #0
2000013c:	db0a      	blt.n	20000154 <mutex_try_enter+0x44>
2000013e:	b101      	cbz	r1, 20000142 <mutex_try_enter+0x32>
20000140:	600a      	str	r2, [r1, #0]
20000142:	2000      	movs	r0, #0
20000144:	2200      	movs	r2, #0
20000146:	681b      	ldr	r3, [r3, #0]
20000148:	e8c3 2f8f 	stlb	r2, [r3]
2000014c:	f38c 8810 	msr	PRIMASK, ip
20000150:	f85d fb04 	ldr.w	pc, [sp], #4
20000154:	f04f 4250 	mov.w	r2, #3489660928	@ 0xd0000000
20000158:	6812      	ldr	r2, [r2, #0]
2000015a:	2001      	movs	r0, #1
2000015c:	711a      	strb	r2, [r3, #4]
2000015e:	e7f1      	b.n	20000144 <mutex_try_enter+0x34>

20000160 <mutex_enter_block_until>:
20000160:	f04f 4150 	mov.w	r1, #3489660928	@ 0xd0000000
20000164:	e92d 43f8 	stmdb	sp!, {r3, r4, r5, r6, r7, r8, r9, lr}
20000168:	2700      	movs	r7, #0
2000016a:	4604      	mov	r4, r0
2000016c:	4616      	mov	r6, r2
2000016e:	461d      	mov	r5, r3
20000170:	f8df 907c 	ldr.w	r9, [pc, #124]	@ 200001f0 <mutex_enter_block_until+0x90>
20000174:	f8d1 8000 	ldr.w	r8, [r1]
20000178:	6821      	ldr	r1, [r4, #0]
2000017a:	f3ef 8210 	mrs	r2, PRIMASK
2000017e:	b672      	cpsid	i
20000180:	e8d1 0fcf 	ldaexb	r0, [r1]
20000184:	2301      	movs	r3, #1
20000186:	2800      	cmp	r0, #0
20000188:	d1fa      	bne.n	20000180 <mutex_enter_block_until+0x20>
2000018a:	e8c1 3f40 	strexb	r0, r3, [r1]
2000018e:	2800      	cmp	r0, #0
20000190:	d1f6      	bne.n	20000180 <mutex_enter_block_until+0x20>
20000192:	f3bf 8f5f 	dmb	sy
20000196:	f994 3004 	ldrsb.w	r3, [r4, #4]
2000019a:	2b00      	cmp	r3, #0
2000019c:	db1d      	blt.n	200001da <mutex_enter_block_until+0x7a>
2000019e:	f899 c000 	ldrb.w	ip, [r9]
200001a2:	6823      	ldr	r3, [r4, #0]
200001a4:	fa5f fc8c 	uxtb.w	ip, ip
200001a8:	e8c3 7f8f 	stlb	r7, [r3]
200001ac:	f382 8810 	msr	PRIMASK, r2
200001b0:	f899 3000 	ldrb.w	r3, [r9]
200001b4:	4563      	cmp	r3, ip
200001b6:	d008      	beq.n	200001ca <mutex_enter_block_until+0x6a>
200001b8:	4630      	mov	r0, r6
200001ba:	4629      	mov	r1, r5
200001bc:	f001 f86c 	bl	20001298 <__best_effort_wfe_or_timeout_veneer>
200001c0:	2800      	cmp	r0, #0
200001c2:	d0d9      	beq.n	20000178 <mutex_enter_block_until+0x18>
200001c4:	2000      	movs	r0, #0
200001c6:	e8bd 83f8 	ldmia.w	sp!, {r3, r4, r5, r6, r7, r8, r9, pc}
200001ca:	bf20      	wfe
200001cc:	4630      	mov	r0, r6
200001ce:	4629      	mov	r1, r5
200001d0:	f001 f862 	bl	20001298 <__best_effort_wfe_or_timeout_veneer>
200001d4:	2800      	cmp	r0, #0
200001d6:	d0cf      	beq.n	20000178 <mutex_enter_block_until+0x18>
200001d8:	e7f4      	b.n	200001c4 <mutex_enter_block_until+0x64>
200001da:	2300      	movs	r3, #0
200001dc:	6821      	ldr	r1, [r4, #0]
200001de:	f884 8004 	strb.w	r8, [r4, #4]
200001e2:	e8c1 3f8f 	stlb	r3, [r1]
200001e6:	f382 8810 	msr	PRIMASK, r2
200001ea:	2001      	movs	r0, #1
200001ec:	e8bd 83f8 	ldmia.w	sp!, {r3, r4, r5, r6, r7, r8, r9, pc}
200001f0:	20001cce 	.word	0x20001cce

200001f4 <mutex_try_enter_block_until>:
200001f4:	b570      	push	{r4, r5, r6, lr}
200001f6:	b082      	sub	sp, #8
200001f8:	a901      	add	r1, sp, #4
200001fa:	4606      	mov	r6, r0
200001fc:	4615      	mov	r5, r2
200001fe:	461c      	mov	r4, r3
20000200:	f7ff ff86 	bl	20000110 <mutex_try_enter>
20000204:	b938      	cbnz	r0, 20000216 <mutex_try_enter_block_until+0x22>
20000206:	f04f 4350 	mov.w	r3, #3489660928	@ 0xd0000000
2000020a:	f99d 2004 	ldrsb.w	r2, [sp, #4]
2000020e:	f993 3000 	ldrsb.w	r3, [r3]
20000212:	429a      	cmp	r2, r3
20000214:	d101      	bne.n	2000021a <mutex_try_enter_block_until+0x26>
20000216:	b002      	add	sp, #8
20000218:	bd70      	pop	{r4, r5, r6, pc}
2000021a:	462a      	mov	r2, r5
2000021c:	4623      	mov	r3, r4
2000021e:	4630      	mov	r0, r6
20000220:	b002      	add	sp, #8
20000222:	e8bd 4070 	ldmia.w	sp!, {r4, r5, r6, lr}
20000226:	f7ff bf9b 	b.w	20000160 <mutex_enter_block_until>
2000022a:	bf00      	nop

2000022c <mutex_enter_timeout_ms>:
2000022c:	b570      	push	{r4, r5, r6, lr}
2000022e:	4605      	mov	r5, r0
20000230:	460c      	mov	r4, r1
20000232:	f001 f829 	bl	20001288 <__time_us_64_veneer>
20000236:	4602      	mov	r2, r0
20000238:	460b      	mov	r3, r1
2000023a:	f44f 707a 	mov.w	r0, #1000	@ 0x3e8
2000023e:	f04f 3eff 	mov.w	lr, #4294967295
20000242:	f06f 4c00 	mvn.w	ip, #2147483648	@ 0x80000000
20000246:	fbe4 2300 	umlal	r2, r3, r4, r0
2000024a:	4596      	cmp	lr, r2
2000024c:	eb7c 0103 	sbcs.w	r1, ip, r3
20000250:	bf38      	it	cc
20000252:	4672      	movcc	r2, lr
20000254:	4628      	mov	r0, r5
20000256:	e8bd 4070 	ldmia.w	sp!, {r4, r5, r6, lr}
2000025a:	bf38      	it	cc
2000025c:	4663      	movcc	r3, ip
2000025e:	f7ff bf7f 	b.w	20000160 <mutex_enter_block_until>
20000262:	bf00      	nop

20000264 <mutex_exit>:
20000264:	6803      	ldr	r3, [r0, #0]
20000266:	f3ef 8110 	mrs	r1, PRIMASK
2000026a:	b672      	cpsid	i
2000026c:	e8d3 cfcf 	ldaexb	ip, [r3]
20000270:	2201      	movs	r2, #1
20000272:	f1bc 0f00 	cmp.w	ip, #0
20000276:	d1f9      	bne.n	2000026c <mutex_exit+0x8>
20000278:	e8c3 2f4c 	strexb	ip, r2, [r3]
2000027c:	f1bc 0f00 	cmp.w	ip, #0
20000280:	d1f4      	bne.n	2000026c <mutex_exit+0x8>
20000282:	f3bf 8f5f 	dmb	sy
20000286:	f04f 0cff 	mov.w	ip, #255	@ 0xff
2000028a:	4a07      	ldr	r2, [pc, #28]	@ (200002a8 <mutex_exit+0x44>)
2000028c:	f880 c004 	strb.w	ip, [r0, #4]
20000290:	7813      	ldrb	r3, [r2, #0]
20000292:	3301      	adds	r3, #1
20000294:	b2db      	uxtb	r3, r3
20000296:	7013      	strb	r3, [r2, #0]
20000298:	2300      	movs	r3, #0
2000029a:	6802      	ldr	r2, [r0, #0]
2000029c:	e8c2 3f8f 	stlb	r3, [r2]
200002a0:	f381 8810 	msr	PRIMASK, r1
200002a4:	bf40      	sev
200002a6:	4770      	bx	lr
200002a8:	20001cce 	.word	0x20001cce

200002ac <reset_non_control_endpoints>:
200002ac:	2100      	movs	r1, #0
200002ae:	b508      	push	{r3, lr}
200002b0:	4b13      	ldr	r3, [pc, #76]	@ (20000300 <reset_non_control_endpoints+0x54>)
200002b2:	f44f 7270 	mov.w	r2, #960	@ 0x3c0
200002b6:	6099      	str	r1, [r3, #8]
200002b8:	4812      	ldr	r0, [pc, #72]	@ (20000304 <reset_non_control_endpoints+0x58>)
200002ba:	60d9      	str	r1, [r3, #12]
200002bc:	6119      	str	r1, [r3, #16]
200002be:	6159      	str	r1, [r3, #20]
200002c0:	6199      	str	r1, [r3, #24]
200002c2:	61d9      	str	r1, [r3, #28]
200002c4:	6219      	str	r1, [r3, #32]
200002c6:	6259      	str	r1, [r3, #36]	@ 0x24
200002c8:	6299      	str	r1, [r3, #40]	@ 0x28
200002ca:	62d9      	str	r1, [r3, #44]	@ 0x2c
200002cc:	6319      	str	r1, [r3, #48]	@ 0x30
200002ce:	6359      	str	r1, [r3, #52]	@ 0x34
200002d0:	6399      	str	r1, [r3, #56]	@ 0x38
200002d2:	63d9      	str	r1, [r3, #60]	@ 0x3c
200002d4:	6419      	str	r1, [r3, #64]	@ 0x40
200002d6:	6459      	str	r1, [r3, #68]	@ 0x44
200002d8:	6499      	str	r1, [r3, #72]	@ 0x48
200002da:	64d9      	str	r1, [r3, #76]	@ 0x4c
200002dc:	6519      	str	r1, [r3, #80]	@ 0x50
200002de:	6559      	str	r1, [r3, #84]	@ 0x54
200002e0:	6599      	str	r1, [r3, #88]	@ 0x58
200002e2:	65d9      	str	r1, [r3, #92]	@ 0x5c
200002e4:	6619      	str	r1, [r3, #96]	@ 0x60
200002e6:	6659      	str	r1, [r3, #100]	@ 0x64
200002e8:	6699      	str	r1, [r3, #104]	@ 0x68
200002ea:	66d9      	str	r1, [r3, #108]	@ 0x6c
200002ec:	6719      	str	r1, [r3, #112]	@ 0x70
200002ee:	6759      	str	r1, [r3, #116]	@ 0x74
200002f0:	6799      	str	r1, [r3, #120]	@ 0x78
200002f2:	67d9      	str	r1, [r3, #124]	@ 0x7c
200002f4:	f000 fefe 	bl	200010f4 <memset>
200002f8:	4b03      	ldr	r3, [pc, #12]	@ (20000308 <reset_non_control_endpoints+0x5c>)
200002fa:	4a04      	ldr	r2, [pc, #16]	@ (2000030c <reset_non_control_endpoints+0x60>)
200002fc:	601a      	str	r2, [r3, #0]
200002fe:	bd08      	pop	{r3, pc}
20000300:	50100000 	.word	0x50100000
20000304:	200018b0 	.word	0x200018b0
20000308:	20001c80 	.word	0x20001c80
2000030c:	50100180 	.word	0x50100180

20000310 <hw_handle_buff_status>:
20000310:	e92d 4ff0 	stmdb	sp!, {r4, r5, r6, r7, r8, r9, sl, fp, lr}
20000314:	4b20      	ldr	r3, [pc, #128]	@ (20000398 <hw_handle_buff_status+0x88>)
20000316:	b085      	sub	sp, #20
20000318:	6d9e      	ldr	r6, [r3, #88]	@ 0x58
2000031a:	b30e      	cbz	r6, 20000360 <hw_handle_buff_status+0x50>
2000031c:	2400      	movs	r4, #0
2000031e:	2501      	movs	r5, #1
20000320:	4f1e      	ldr	r7, [pc, #120]	@ (2000039c <hw_handle_buff_status+0x8c>)
20000322:	e001      	b.n	20000328 <hw_handle_buff_status+0x18>
20000324:	2c20      	cmp	r4, #32
20000326:	d01b      	beq.n	20000360 <hw_handle_buff_status+0x50>
20000328:	ea06 0305 	and.w	r3, r6, r5
2000032c:	1c62      	adds	r2, r4, #1
2000032e:	4621      	mov	r1, r4
20000330:	46aa      	mov	sl, r5
20000332:	b2d4      	uxtb	r4, r2
20000334:	006d      	lsls	r5, r5, #1
20000336:	2b00      	cmp	r3, #0
20000338:	d0f4      	beq.n	20000324 <hw_handle_buff_status+0x14>
2000033a:	2302      	movs	r3, #2
2000033c:	f004 0801 	and.w	r8, r4, #1
20000340:	ea4f 0951 	mov.w	r9, r1, lsr #1
20000344:	fb13 8b09 	smlabb	fp, r3, r9, r8
20000348:	4b15      	ldr	r3, [pc, #84]	@ (200003a0 <hw_handle_buff_status+0x90>)
2000034a:	eb07 1b4b 	add.w	fp, r7, fp, lsl #5
2000034e:	4658      	mov	r0, fp
20000350:	f8c3 a058 	str.w	sl, [r3, #88]	@ 0x58
20000354:	f000 fc0a 	bl	20000b6c <hw_endpoint_xfer_continue>
20000358:	b928      	cbnz	r0, 20000366 <hw_handle_buff_status+0x56>
2000035a:	ea36 060a 	bics.w	r6, r6, sl
2000035e:	d1e1      	bne.n	20000324 <hw_handle_buff_status+0x14>
20000360:	b005      	add	sp, #20
20000362:	e8bd 8ff0 	ldmia.w	sp!, {r4, r5, r6, r7, r8, r9, sl, fp, pc}
20000366:	f44f 62e0 	mov.w	r2, #1792	@ 0x700
2000036a:	f8ad 2004 	strh.w	r2, [sp, #4]
2000036e:	2200      	movs	r2, #0
20000370:	eb08 0349 	add.w	r3, r8, r9, lsl #1
20000374:	eb07 1343 	add.w	r3, r7, r3, lsl #5
20000378:	f88d 2009 	strb.w	r2, [sp, #9]
2000037c:	789a      	ldrb	r2, [r3, #2]
2000037e:	8adb      	ldrh	r3, [r3, #22]
20000380:	a801      	add	r0, sp, #4
20000382:	2101      	movs	r1, #1
20000384:	f88d 2008 	strb.w	r2, [sp, #8]
20000388:	9303      	str	r3, [sp, #12]
2000038a:	f000 fc0d 	bl	20000ba8 <dcd_event_handler>
2000038e:	4658      	mov	r0, fp
20000390:	f000 fb92 	bl	20000ab8 <hw_endpoint_reset_transfer>
20000394:	e7e1      	b.n	2000035a <hw_handle_buff_status+0x4a>
20000396:	bf00      	nop
20000398:	50110000 	.word	0x50110000
2000039c:	20001870 	.word	0x20001870
200003a0:	50113000 	.word	0x50113000

200003a4 <dcd_rp2040_irq>:
200003a4:	b5f0      	push	{r4, r5, r6, r7, lr}
200003a6:	4bb2      	ldr	r3, [pc, #712]	@ (20000670 <dcd_rp2040_irq+0x2cc>)
200003a8:	b085      	sub	sp, #20
200003aa:	f8d3 5098 	ldr.w	r5, [r3, #152]	@ 0x98
200003ae:	f415 3600 	ands.w	r6, r5, #131072	@ 0x20000
200003b2:	d074      	beq.n	2000049e <dcd_rp2040_irq+0xfa>
200003b4:	4baf      	ldr	r3, [pc, #700]	@ (20000674 <dcd_rp2040_irq+0x2d0>)
200003b6:	4cb0      	ldr	r4, [pc, #704]	@ (20000678 <dcd_rp2040_irq+0x2d4>)
200003b8:	6a99      	ldr	r1, [r3, #40]	@ 0x28
200003ba:	f894 303b 	ldrb.w	r3, [r4, #59]	@ 0x3b
200003be:	4aaf      	ldr	r2, [pc, #700]	@ (2000067c <dcd_rp2040_irq+0x2d8>)
200003c0:	2b02      	cmp	r3, #2
200003c2:	6011      	str	r1, [r2, #0]
200003c4:	f000 80f9 	beq.w	200005ba <dcd_rp2040_irq+0x216>
200003c8:	2600      	movs	r6, #0
200003ca:	f894 307b 	ldrb.w	r3, [r4, #123]	@ 0x7b
200003ce:	2b02      	cmp	r3, #2
200003d0:	f000 81d4 	beq.w	2000077c <dcd_rp2040_irq+0x3d8>
200003d4:	f894 30bb 	ldrb.w	r3, [r4, #187]	@ 0xbb
200003d8:	2b02      	cmp	r3, #2
200003da:	f000 81c5 	beq.w	20000768 <dcd_rp2040_irq+0x3c4>
200003de:	f894 30fb 	ldrb.w	r3, [r4, #251]	@ 0xfb
200003e2:	2b02      	cmp	r3, #2
200003e4:	f000 81b6 	beq.w	20000754 <dcd_rp2040_irq+0x3b0>
200003e8:	f894 313b 	ldrb.w	r3, [r4, #315]	@ 0x13b
200003ec:	2b02      	cmp	r3, #2
200003ee:	f000 81a6 	beq.w	2000073e <dcd_rp2040_irq+0x39a>
200003f2:	f894 317b 	ldrb.w	r3, [r4, #379]	@ 0x17b
200003f6:	2b02      	cmp	r3, #2
200003f8:	f000 8196 	beq.w	20000728 <dcd_rp2040_irq+0x384>
200003fc:	f894 31bb 	ldrb.w	r3, [r4, #443]	@ 0x1bb
20000400:	2b02      	cmp	r3, #2
20000402:	f000 8186 	beq.w	20000712 <dcd_rp2040_irq+0x36e>
20000406:	f894 31fb 	ldrb.w	r3, [r4, #507]	@ 0x1fb
2000040a:	2b02      	cmp	r3, #2
2000040c:	f000 8176 	beq.w	200006fc <dcd_rp2040_irq+0x358>
20000410:	f894 323b 	ldrb.w	r3, [r4, #571]	@ 0x23b
20000414:	2b02      	cmp	r3, #2
20000416:	f000 8165 	beq.w	200006e4 <dcd_rp2040_irq+0x340>
2000041a:	f894 327b 	ldrb.w	r3, [r4, #635]	@ 0x27b
2000041e:	2b02      	cmp	r3, #2
20000420:	f000 8154 	beq.w	200006cc <dcd_rp2040_irq+0x328>
20000424:	f894 32bb 	ldrb.w	r3, [r4, #699]	@ 0x2bb
20000428:	2b02      	cmp	r3, #2
2000042a:	f000 8143 	beq.w	200006b4 <dcd_rp2040_irq+0x310>
2000042e:	f894 32fb 	ldrb.w	r3, [r4, #763]	@ 0x2fb
20000432:	2b02      	cmp	r3, #2
20000434:	f000 8132 	beq.w	2000069c <dcd_rp2040_irq+0x2f8>
20000438:	f894 333b 	ldrb.w	r3, [r4, #827]	@ 0x33b
2000043c:	2b02      	cmp	r3, #2
2000043e:	f000 810a 	beq.w	20000656 <dcd_rp2040_irq+0x2b2>
20000442:	f894 337b 	ldrb.w	r3, [r4, #891]	@ 0x37b
20000446:	2b02      	cmp	r3, #2
20000448:	f000 80c9 	beq.w	200005de <dcd_rp2040_irq+0x23a>
2000044c:	f894 33bb 	ldrb.w	r3, [r4, #955]	@ 0x3bb
20000450:	2b02      	cmp	r3, #2
20000452:	f000 80ec 	beq.w	2000062e <dcd_rp2040_irq+0x28a>
20000456:	f894 33fb 	ldrb.w	r3, [r4, #1019]	@ 0x3fb
2000045a:	2b02      	cmp	r3, #2
2000045c:	f000 80d6 	beq.w	2000060c <dcd_rp2040_irq+0x268>
20000460:	b93e      	cbnz	r6, 20000472 <dcd_rp2040_irq+0xce>
20000462:	4b87      	ldr	r3, [pc, #540]	@ (20000680 <dcd_rp2040_irq+0x2dc>)
20000464:	781b      	ldrb	r3, [r3, #0]
20000466:	b923      	cbnz	r3, 20000472 <dcd_rp2040_irq+0xce>
20000468:	f44f 3200 	mov.w	r2, #131072	@ 0x20000
2000046c:	4b85      	ldr	r3, [pc, #532]	@ (20000684 <dcd_rp2040_irq+0x2e0>)
2000046e:	f8c3 2090 	str.w	r2, [r3, #144]	@ 0x90
20000472:	f44f 7240 	mov.w	r2, #768	@ 0x300
20000476:	4b7e      	ldr	r3, [pc, #504]	@ (20000670 <dcd_rp2040_irq+0x2cc>)
20000478:	2101      	movs	r1, #1
2000047a:	6c9b      	ldr	r3, [r3, #72]	@ 0x48
2000047c:	a801      	add	r0, sp, #4
2000047e:	f3c3 030a 	ubfx	r3, r3, #0, #11
20000482:	f8ad 2004 	strh.w	r2, [sp, #4]
20000486:	9302      	str	r3, [sp, #8]
20000488:	f000 fb8e 	bl	20000ba8 <dcd_event_handler>
2000048c:	06ea      	lsls	r2, r5, #27
2000048e:	f44f 3600 	mov.w	r6, #131072	@ 0x20000
20000492:	4c7d      	ldr	r4, [pc, #500]	@ (20000688 <dcd_rp2040_irq+0x2e4>)
20000494:	d507      	bpl.n	200004a6 <dcd_rp2040_irq+0x102>
20000496:	f7ff ff3b 	bl	20000310 <hw_handle_buff_status>
2000049a:	4626      	mov	r6, r4
2000049c:	e003      	b.n	200004a6 <dcd_rp2040_irq+0x102>
2000049e:	06ea      	lsls	r2, r5, #27
200004a0:	f04f 0410 	mov.w	r4, #16
200004a4:	d4f7      	bmi.n	20000496 <dcd_rp2040_irq+0xf2>
200004a6:	03eb      	lsls	r3, r5, #15
200004a8:	d532      	bpl.n	20000510 <dcd_rp2040_irq+0x16c>
200004aa:	4c73      	ldr	r4, [pc, #460]	@ (20000678 <dcd_rp2040_irq+0x2d4>)
200004ac:	f446 3680 	orr.w	r6, r6, #65536	@ 0x10000
200004b0:	7ea3      	ldrb	r3, [r4, #26]
200004b2:	b19b      	cbz	r3, 200004dc <dcd_rp2040_irq+0x138>
200004b4:	2102      	movs	r1, #2
200004b6:	4b75      	ldr	r3, [pc, #468]	@ (2000068c <dcd_rp2040_irq+0x2e8>)
200004b8:	4a6d      	ldr	r2, [pc, #436]	@ (20000670 <dcd_rp2040_irq+0x2cc>)
200004ba:	6619      	str	r1, [r3, #96]	@ 0x60
200004bc:	6e53      	ldr	r3, [r2, #100]	@ 0x64
200004be:	079f      	lsls	r7, r3, #30
200004c0:	d5fc      	bpl.n	200004bc <dcd_rp2040_irq+0x118>
200004c2:	f44f 5240 	mov.w	r2, #12288	@ 0x3000
200004c6:	2100      	movs	r1, #0
200004c8:	486b      	ldr	r0, [pc, #428]	@ (20000678 <dcd_rp2040_irq+0x2d4>)
200004ca:	f000 fafb 	bl	20000ac4 <_hw_endpoint_buffer_control_update32>
200004ce:	486a      	ldr	r0, [pc, #424]	@ (20000678 <dcd_rp2040_irq+0x2d4>)
200004d0:	f000 faf2 	bl	20000ab8 <hw_endpoint_reset_transfer>
200004d4:	2202      	movs	r2, #2
200004d6:	4b6b      	ldr	r3, [pc, #428]	@ (20000684 <dcd_rp2040_irq+0x2e0>)
200004d8:	665a      	str	r2, [r3, #100]	@ 0x64
200004da:	661a      	str	r2, [r3, #96]	@ 0x60
200004dc:	2301      	movs	r3, #1
200004de:	f894 203a 	ldrb.w	r2, [r4, #58]	@ 0x3a
200004e2:	70e3      	strb	r3, [r4, #3]
200004e4:	b9fa      	cbnz	r2, 20000526 <dcd_rp2040_irq+0x182>
200004e6:	2301      	movs	r3, #1
200004e8:	f44f 61c0 	mov.w	r1, #1536	@ 0x600
200004ec:	4a68      	ldr	r2, [pc, #416]	@ (20000690 <dcd_rp2040_irq+0x2ec>)
200004ee:	f884 3023 	strb.w	r3, [r4, #35]	@ 0x23
200004f2:	f8ad 1004 	strh.w	r1, [sp, #4]
200004f6:	e892 0003 	ldmia.w	r2, {r0, r1}
200004fa:	aa04      	add	r2, sp, #16
200004fc:	e902 0003 	stmdb	r2, {r0, r1}
20000500:	4619      	mov	r1, r3
20000502:	a801      	add	r0, sp, #4
20000504:	f000 fb50 	bl	20000ba8 <dcd_event_handler>
20000508:	f44f 3200 	mov.w	r2, #131072	@ 0x20000
2000050c:	4b5d      	ldr	r3, [pc, #372]	@ (20000684 <dcd_rp2040_irq+0x2e0>)
2000050e:	651a      	str	r2, [r3, #80]	@ 0x50
20000510:	04e9      	lsls	r1, r5, #19
20000512:	d41d      	bmi.n	20000550 <dcd_rp2040_irq+0x1ac>
20000514:	046a      	lsls	r2, r5, #17
20000516:	d432      	bmi.n	2000057e <dcd_rp2040_irq+0x1da>
20000518:	042b      	lsls	r3, r5, #16
2000051a:	d43f      	bmi.n	2000059c <dcd_rp2040_irq+0x1f8>
2000051c:	42ae      	cmp	r6, r5
2000051e:	f040 81a5 	bne.w	2000086c <dcd_rp2040_irq+0x4c8>
20000522:	b005      	add	sp, #20
20000524:	bdf0      	pop	{r4, r5, r6, r7, pc}
20000526:	4a59      	ldr	r2, [pc, #356]	@ (2000068c <dcd_rp2040_irq+0x2e8>)
20000528:	6613      	str	r3, [r2, #96]	@ 0x60
2000052a:	f5a2 5200 	sub.w	r2, r2, #8192	@ 0x2000
2000052e:	6e53      	ldr	r3, [r2, #100]	@ 0x64
20000530:	07d8      	lsls	r0, r3, #31
20000532:	d5fc      	bpl.n	2000052e <dcd_rp2040_irq+0x18a>
20000534:	f44f 5240 	mov.w	r2, #12288	@ 0x3000
20000538:	2100      	movs	r1, #0
2000053a:	4856      	ldr	r0, [pc, #344]	@ (20000694 <dcd_rp2040_irq+0x2f0>)
2000053c:	f000 fac2 	bl	20000ac4 <_hw_endpoint_buffer_control_update32>
20000540:	4854      	ldr	r0, [pc, #336]	@ (20000694 <dcd_rp2040_irq+0x2f0>)
20000542:	f000 fab9 	bl	20000ab8 <hw_endpoint_reset_transfer>
20000546:	2201      	movs	r2, #1
20000548:	4b4e      	ldr	r3, [pc, #312]	@ (20000684 <dcd_rp2040_irq+0x2e0>)
2000054a:	665a      	str	r2, [r3, #100]	@ 0x64
2000054c:	661a      	str	r2, [r3, #96]	@ 0x60
2000054e:	e7ca      	b.n	200004e6 <dcd_rp2040_irq+0x142>
20000550:	2400      	movs	r4, #0
20000552:	4b47      	ldr	r3, [pc, #284]	@ (20000670 <dcd_rp2040_irq+0x2cc>)
20000554:	f446 5680 	orr.w	r6, r6, #4096	@ 0x1000
20000558:	601c      	str	r4, [r3, #0]
2000055a:	f7ff fea7 	bl	200002ac <reset_non_control_endpoints>
2000055e:	f44f 7380 	mov.w	r3, #256	@ 0x100
20000562:	2101      	movs	r1, #1
20000564:	a801      	add	r0, sp, #4
20000566:	f8ad 3004 	strh.w	r3, [sp, #4]
2000056a:	f88d 4008 	strb.w	r4, [sp, #8]
2000056e:	f000 fb1b 	bl	20000ba8 <dcd_event_handler>
20000572:	f44f 2200 	mov.w	r2, #524288	@ 0x80000
20000576:	4b43      	ldr	r3, [pc, #268]	@ (20000684 <dcd_rp2040_irq+0x2e0>)
20000578:	651a      	str	r2, [r3, #80]	@ 0x50
2000057a:	046a      	lsls	r2, r5, #17
2000057c:	d5cc      	bpl.n	20000518 <dcd_rp2040_irq+0x174>
2000057e:	f44f 6380 	mov.w	r3, #1024	@ 0x400
20000582:	2101      	movs	r1, #1
20000584:	a801      	add	r0, sp, #4
20000586:	f8ad 3004 	strh.w	r3, [sp, #4]
2000058a:	f000 fb0d 	bl	20000ba8 <dcd_event_handler>
2000058e:	2210      	movs	r2, #16
20000590:	4b3c      	ldr	r3, [pc, #240]	@ (20000684 <dcd_rp2040_irq+0x2e0>)
20000592:	f446 4680 	orr.w	r6, r6, #16384	@ 0x4000
20000596:	651a      	str	r2, [r3, #80]	@ 0x50
20000598:	042b      	lsls	r3, r5, #16
2000059a:	d5bf      	bpl.n	2000051c <dcd_rp2040_irq+0x178>
2000059c:	f44f 63a0 	mov.w	r3, #1280	@ 0x500
200005a0:	2101      	movs	r1, #1
200005a2:	a801      	add	r0, sp, #4
200005a4:	f8ad 3004 	strh.w	r3, [sp, #4]
200005a8:	f000 fafe 	bl	20000ba8 <dcd_event_handler>
200005ac:	f44f 6200 	mov.w	r2, #2048	@ 0x800
200005b0:	4b34      	ldr	r3, [pc, #208]	@ (20000684 <dcd_rp2040_irq+0x2e0>)
200005b2:	f446 4600 	orr.w	r6, r6, #32768	@ 0x8000
200005b6:	651a      	str	r2, [r3, #80]	@ 0x50
200005b8:	e7b0      	b.n	2000051c <dcd_rp2040_irq+0x178>
200005ba:	f894 603a 	ldrb.w	r6, [r4, #58]	@ 0x3a
200005be:	2e00      	cmp	r6, #0
200005c0:	f43f af03 	beq.w	200003ca <dcd_rp2040_irq+0x26>
200005c4:	f894 303c 	ldrb.w	r3, [r4, #60]	@ 0x3c
200005c8:	2b00      	cmp	r3, #0
200005ca:	f43f aefe 	beq.w	200003ca <dcd_rp2040_irq+0x26>
200005ce:	2300      	movs	r3, #0
200005d0:	f104 0020 	add.w	r0, r4, #32
200005d4:	f884 303c 	strb.w	r3, [r4, #60]	@ 0x3c
200005d8:	f000 fa96 	bl	20000b08 <hw_endpoint_start_next_buffer>
200005dc:	e6f5      	b.n	200003ca <dcd_rp2040_irq+0x26>
200005de:	f894 737a 	ldrb.w	r7, [r4, #890]	@ 0x37a
200005e2:	2f00      	cmp	r7, #0
200005e4:	f43f af32 	beq.w	2000044c <dcd_rp2040_irq+0xa8>
200005e8:	f894 337c 	ldrb.w	r3, [r4, #892]	@ 0x37c
200005ec:	2b00      	cmp	r3, #0
200005ee:	f040 8136 	bne.w	2000085e <dcd_rp2040_irq+0x4ba>
200005f2:	f894 33bb 	ldrb.w	r3, [r4, #955]	@ 0x3bb
200005f6:	2b02      	cmp	r3, #2
200005f8:	d123      	bne.n	20000642 <dcd_rp2040_irq+0x29e>
200005fa:	f894 33ba 	ldrb.w	r3, [r4, #954]	@ 0x3ba
200005fe:	b9db      	cbnz	r3, 20000638 <dcd_rp2040_irq+0x294>
20000600:	f894 33fb 	ldrb.w	r3, [r4, #1019]	@ 0x3fb
20000604:	2b02      	cmp	r3, #2
20000606:	f47f af34 	bne.w	20000472 <dcd_rp2040_irq+0xce>
2000060a:	463e      	mov	r6, r7
2000060c:	f894 33fa 	ldrb.w	r3, [r4, #1018]	@ 0x3fa
20000610:	2b00      	cmp	r3, #0
20000612:	f43f af25 	beq.w	20000460 <dcd_rp2040_irq+0xbc>
20000616:	f894 33fc 	ldrb.w	r3, [r4, #1020]	@ 0x3fc
2000061a:	2b00      	cmp	r3, #0
2000061c:	f43f af29 	beq.w	20000472 <dcd_rp2040_irq+0xce>
20000620:	2300      	movs	r3, #0
20000622:	481d      	ldr	r0, [pc, #116]	@ (20000698 <dcd_rp2040_irq+0x2f4>)
20000624:	f884 33fc 	strb.w	r3, [r4, #1020]	@ 0x3fc
20000628:	f000 fa6e 	bl	20000b08 <hw_endpoint_start_next_buffer>
2000062c:	e721      	b.n	20000472 <dcd_rp2040_irq+0xce>
2000062e:	f894 33ba 	ldrb.w	r3, [r4, #954]	@ 0x3ba
20000632:	2b00      	cmp	r3, #0
20000634:	f43f af0f 	beq.w	20000456 <dcd_rp2040_irq+0xb2>
20000638:	f894 33bc 	ldrb.w	r3, [r4, #956]	@ 0x3bc
2000063c:	2b00      	cmp	r3, #0
2000063e:	f040 80a7 	bne.w	20000790 <dcd_rp2040_irq+0x3ec>
20000642:	f894 33fb 	ldrb.w	r3, [r4, #1019]	@ 0x3fb
20000646:	2b02      	cmp	r3, #2
20000648:	f47f af13 	bne.w	20000472 <dcd_rp2040_irq+0xce>
2000064c:	f894 33fa 	ldrb.w	r3, [r4, #1018]	@ 0x3fa
20000650:	2b00      	cmp	r3, #0
20000652:	d1e0      	bne.n	20000616 <dcd_rp2040_irq+0x272>
20000654:	e70d      	b.n	20000472 <dcd_rp2040_irq+0xce>
20000656:	f894 733a 	ldrb.w	r7, [r4, #826]	@ 0x33a
2000065a:	2f00      	cmp	r7, #0
2000065c:	f43f aef1 	beq.w	20000442 <dcd_rp2040_irq+0x9e>
20000660:	f894 333c 	ldrb.w	r3, [r4, #828]	@ 0x33c
20000664:	2b00      	cmp	r3, #0
20000666:	f040 80f2 	bne.w	2000084e <dcd_rp2040_irq+0x4aa>
2000066a:	463e      	mov	r6, r7
2000066c:	e6e9      	b.n	20000442 <dcd_rp2040_irq+0x9e>
2000066e:	bf00      	nop
20000670:	50110000 	.word	0x50110000
20000674:	400b0000 	.word	0x400b0000
20000678:	20001870 	.word	0x20001870
2000067c:	20001858 	.word	0x20001858
20000680:	20001cca 	.word	0x20001cca
20000684:	50113000 	.word	0x50113000
20000688:	00020010 	.word	0x00020010
2000068c:	50112000 	.word	0x50112000
20000690:	50100000 	.word	0x50100000
20000694:	20001890 	.word	0x20001890
20000698:	20001c50 	.word	0x20001c50
2000069c:	f894 72fa 	ldrb.w	r7, [r4, #762]	@ 0x2fa
200006a0:	2f00      	cmp	r7, #0
200006a2:	f43f aec9 	beq.w	20000438 <dcd_rp2040_irq+0x94>
200006a6:	f894 32fc 	ldrb.w	r3, [r4, #764]	@ 0x2fc
200006aa:	2b00      	cmp	r3, #0
200006ac:	f040 80c7 	bne.w	2000083e <dcd_rp2040_irq+0x49a>
200006b0:	463e      	mov	r6, r7
200006b2:	e6c1      	b.n	20000438 <dcd_rp2040_irq+0x94>
200006b4:	f894 72ba 	ldrb.w	r7, [r4, #698]	@ 0x2ba
200006b8:	2f00      	cmp	r7, #0
200006ba:	f43f aeb8 	beq.w	2000042e <dcd_rp2040_irq+0x8a>
200006be:	f894 32bc 	ldrb.w	r3, [r4, #700]	@ 0x2bc
200006c2:	2b00      	cmp	r3, #0
200006c4:	f040 80b3 	bne.w	2000082e <dcd_rp2040_irq+0x48a>
200006c8:	463e      	mov	r6, r7
200006ca:	e6b0      	b.n	2000042e <dcd_rp2040_irq+0x8a>
200006cc:	f894 727a 	ldrb.w	r7, [r4, #634]	@ 0x27a
200006d0:	2f00      	cmp	r7, #0
200006d2:	f43f aea7 	beq.w	20000424 <dcd_rp2040_irq+0x80>
200006d6:	f894 327c 	ldrb.w	r3, [r4, #636]	@ 0x27c
200006da:	2b00      	cmp	r3, #0
200006dc:	f040 809f 	bne.w	2000081e <dcd_rp2040_irq+0x47a>
200006e0:	463e      	mov	r6, r7
200006e2:	e69f      	b.n	20000424 <dcd_rp2040_irq+0x80>
200006e4:	f894 723a 	ldrb.w	r7, [r4, #570]	@ 0x23a
200006e8:	2f00      	cmp	r7, #0
200006ea:	f43f ae96 	beq.w	2000041a <dcd_rp2040_irq+0x76>
200006ee:	f894 323c 	ldrb.w	r3, [r4, #572]	@ 0x23c
200006f2:	2b00      	cmp	r3, #0
200006f4:	f040 808b 	bne.w	2000080e <dcd_rp2040_irq+0x46a>
200006f8:	463e      	mov	r6, r7
200006fa:	e68e      	b.n	2000041a <dcd_rp2040_irq+0x76>
200006fc:	f894 71fa 	ldrb.w	r7, [r4, #506]	@ 0x1fa
20000700:	2f00      	cmp	r7, #0
20000702:	f43f ae85 	beq.w	20000410 <dcd_rp2040_irq+0x6c>
20000706:	f894 31fc 	ldrb.w	r3, [r4, #508]	@ 0x1fc
2000070a:	2b00      	cmp	r3, #0
2000070c:	d177      	bne.n	200007fe <dcd_rp2040_irq+0x45a>
2000070e:	463e      	mov	r6, r7
20000710:	e67e      	b.n	20000410 <dcd_rp2040_irq+0x6c>
20000712:	f894 71ba 	ldrb.w	r7, [r4, #442]	@ 0x1ba
20000716:	2f00      	cmp	r7, #0
20000718:	f43f ae75 	beq.w	20000406 <dcd_rp2040_irq+0x62>
2000071c:	f894 31bc 	ldrb.w	r3, [r4, #444]	@ 0x1bc
20000720:	2b00      	cmp	r3, #0
20000722:	d164      	bne.n	200007ee <dcd_rp2040_irq+0x44a>
20000724:	463e      	mov	r6, r7
20000726:	e66e      	b.n	20000406 <dcd_rp2040_irq+0x62>
20000728:	f894 717a 	ldrb.w	r7, [r4, #378]	@ 0x17a
2000072c:	2f00      	cmp	r7, #0
2000072e:	f43f ae65 	beq.w	200003fc <dcd_rp2040_irq+0x58>
20000732:	f894 317c 	ldrb.w	r3, [r4, #380]	@ 0x17c
20000736:	2b00      	cmp	r3, #0
20000738:	d151      	bne.n	200007de <dcd_rp2040_irq+0x43a>
2000073a:	463e      	mov	r6, r7
2000073c:	e65e      	b.n	200003fc <dcd_rp2040_irq+0x58>
2000073e:	f894 713a 	ldrb.w	r7, [r4, #314]	@ 0x13a
20000742:	2f00      	cmp	r7, #0
20000744:	f43f ae55 	beq.w	200003f2 <dcd_rp2040_irq+0x4e>
20000748:	f894 313c 	ldrb.w	r3, [r4, #316]	@ 0x13c
2000074c:	2b00      	cmp	r3, #0
2000074e:	d13e      	bne.n	200007ce <dcd_rp2040_irq+0x42a>
20000750:	463e      	mov	r6, r7
20000752:	e64e      	b.n	200003f2 <dcd_rp2040_irq+0x4e>
20000754:	f894 70fa 	ldrb.w	r7, [r4, #250]	@ 0xfa
20000758:	2f00      	cmp	r7, #0
2000075a:	f43f ae45 	beq.w	200003e8 <dcd_rp2040_irq+0x44>
2000075e:	f894 30fc 	ldrb.w	r3, [r4, #252]	@ 0xfc
20000762:	bb63      	cbnz	r3, 200007be <dcd_rp2040_irq+0x41a>
20000764:	463e      	mov	r6, r7
20000766:	e63f      	b.n	200003e8 <dcd_rp2040_irq+0x44>
20000768:	f894 70ba 	ldrb.w	r7, [r4, #186]	@ 0xba
2000076c:	2f00      	cmp	r7, #0
2000076e:	f43f ae36 	beq.w	200003de <dcd_rp2040_irq+0x3a>
20000772:	f894 30bc 	ldrb.w	r3, [r4, #188]	@ 0xbc
20000776:	b9d3      	cbnz	r3, 200007ae <dcd_rp2040_irq+0x40a>
20000778:	463e      	mov	r6, r7
2000077a:	e630      	b.n	200003de <dcd_rp2040_irq+0x3a>
2000077c:	f894 707a 	ldrb.w	r7, [r4, #122]	@ 0x7a
20000780:	2f00      	cmp	r7, #0
20000782:	f43f ae27 	beq.w	200003d4 <dcd_rp2040_irq+0x30>
20000786:	f894 307c 	ldrb.w	r3, [r4, #124]	@ 0x7c
2000078a:	b943      	cbnz	r3, 2000079e <dcd_rp2040_irq+0x3fa>
2000078c:	463e      	mov	r6, r7
2000078e:	e621      	b.n	200003d4 <dcd_rp2040_irq+0x30>
20000790:	2300      	movs	r3, #0
20000792:	4839      	ldr	r0, [pc, #228]	@ (20000878 <dcd_rp2040_irq+0x4d4>)
20000794:	f884 33bc 	strb.w	r3, [r4, #956]	@ 0x3bc
20000798:	f000 f9b6 	bl	20000b08 <hw_endpoint_start_next_buffer>
2000079c:	e751      	b.n	20000642 <dcd_rp2040_irq+0x29e>
2000079e:	2300      	movs	r3, #0
200007a0:	4836      	ldr	r0, [pc, #216]	@ (2000087c <dcd_rp2040_irq+0x4d8>)
200007a2:	f884 307c 	strb.w	r3, [r4, #124]	@ 0x7c
200007a6:	463e      	mov	r6, r7
200007a8:	f000 f9ae 	bl	20000b08 <hw_endpoint_start_next_buffer>
200007ac:	e612      	b.n	200003d4 <dcd_rp2040_irq+0x30>
200007ae:	2300      	movs	r3, #0
200007b0:	4833      	ldr	r0, [pc, #204]	@ (20000880 <dcd_rp2040_irq+0x4dc>)
200007b2:	f884 30bc 	strb.w	r3, [r4, #188]	@ 0xbc
200007b6:	463e      	mov	r6, r7
200007b8:	f000 f9a6 	bl	20000b08 <hw_endpoint_start_next_buffer>
200007bc:	e60f      	b.n	200003de <dcd_rp2040_irq+0x3a>
200007be:	2300      	movs	r3, #0
200007c0:	4830      	ldr	r0, [pc, #192]	@ (20000884 <dcd_rp2040_irq+0x4e0>)
200007c2:	f884 30fc 	strb.w	r3, [r4, #252]	@ 0xfc
200007c6:	463e      	mov	r6, r7
200007c8:	f000 f99e 	bl	20000b08 <hw_endpoint_start_next_buffer>
200007cc:	e60c      	b.n	200003e8 <dcd_rp2040_irq+0x44>
200007ce:	2300      	movs	r3, #0
200007d0:	482d      	ldr	r0, [pc, #180]	@ (20000888 <dcd_rp2040_irq+0x4e4>)
200007d2:	f884 313c 	strb.w	r3, [r4, #316]	@ 0x13c
200007d6:	463e      	mov	r6, r7
200007d8:	f000 f996 	bl	20000b08 <hw_endpoint_start_next_buffer>
200007dc:	e609      	b.n	200003f2 <dcd_rp2040_irq+0x4e>
200007de:	2300      	movs	r3, #0
200007e0:	482a      	ldr	r0, [pc, #168]	@ (2000088c <dcd_rp2040_irq+0x4e8>)
200007e2:	f884 317c 	strb.w	r3, [r4, #380]	@ 0x17c
200007e6:	463e      	mov	r6, r7
200007e8:	f000 f98e 	bl	20000b08 <hw_endpoint_start_next_buffer>
200007ec:	e606      	b.n	200003fc <dcd_rp2040_irq+0x58>
200007ee:	2300      	movs	r3, #0
200007f0:	4827      	ldr	r0, [pc, #156]	@ (20000890 <dcd_rp2040_irq+0x4ec>)
200007f2:	f884 31bc 	strb.w	r3, [r4, #444]	@ 0x1bc
200007f6:	463e      	mov	r6, r7
200007f8:	f000 f986 	bl	20000b08 <hw_endpoint_start_next_buffer>
200007fc:	e603      	b.n	20000406 <dcd_rp2040_irq+0x62>
200007fe:	2300      	movs	r3, #0
20000800:	4824      	ldr	r0, [pc, #144]	@ (20000894 <dcd_rp2040_irq+0x4f0>)
20000802:	f884 31fc 	strb.w	r3, [r4, #508]	@ 0x1fc
20000806:	463e      	mov	r6, r7
20000808:	f000 f97e 	bl	20000b08 <hw_endpoint_start_next_buffer>
2000080c:	e600      	b.n	20000410 <dcd_rp2040_irq+0x6c>
2000080e:	2300      	movs	r3, #0
20000810:	4821      	ldr	r0, [pc, #132]	@ (20000898 <dcd_rp2040_irq+0x4f4>)
20000812:	f884 323c 	strb.w	r3, [r4, #572]	@ 0x23c
20000816:	463e      	mov	r6, r7
20000818:	f000 f976 	bl	20000b08 <hw_endpoint_start_next_buffer>
2000081c:	e5fd      	b.n	2000041a <dcd_rp2040_irq+0x76>
2000081e:	2300      	movs	r3, #0
20000820:	481e      	ldr	r0, [pc, #120]	@ (2000089c <dcd_rp2040_irq+0x4f8>)
20000822:	f884 327c 	strb.w	r3, [r4, #636]	@ 0x27c
20000826:	463e      	mov	r6, r7
20000828:	f000 f96e 	bl	20000b08 <hw_endpoint_start_next_buffer>
2000082c:	e5fa      	b.n	20000424 <dcd_rp2040_irq+0x80>
2000082e:	2300      	movs	r3, #0
20000830:	481b      	ldr	r0, [pc, #108]	@ (200008a0 <dcd_rp2040_irq+0x4fc>)
20000832:	f884 32bc 	strb.w	r3, [r4, #700]	@ 0x2bc
20000836:	463e      	mov	r6, r7
20000838:	f000 f966 	bl	20000b08 <hw_endpoint_start_next_buffer>
2000083c:	e5f7      	b.n	2000042e <dcd_rp2040_irq+0x8a>
2000083e:	2300      	movs	r3, #0
20000840:	4818      	ldr	r0, [pc, #96]	@ (200008a4 <dcd_rp2040_irq+0x500>)
20000842:	f884 32fc 	strb.w	r3, [r4, #764]	@ 0x2fc
20000846:	463e      	mov	r6, r7
20000848:	f000 f95e 	bl	20000b08 <hw_endpoint_start_next_buffer>
2000084c:	e5f4      	b.n	20000438 <dcd_rp2040_irq+0x94>
2000084e:	2300      	movs	r3, #0
20000850:	4815      	ldr	r0, [pc, #84]	@ (200008a8 <dcd_rp2040_irq+0x504>)
20000852:	f884 333c 	strb.w	r3, [r4, #828]	@ 0x33c
20000856:	463e      	mov	r6, r7
20000858:	f000 f956 	bl	20000b08 <hw_endpoint_start_next_buffer>
2000085c:	e5f1      	b.n	20000442 <dcd_rp2040_irq+0x9e>
2000085e:	2300      	movs	r3, #0
20000860:	4812      	ldr	r0, [pc, #72]	@ (200008ac <dcd_rp2040_irq+0x508>)
20000862:	f884 337c 	strb.w	r3, [r4, #892]	@ 0x37c
20000866:	f000 f94f 	bl	20000b08 <hw_endpoint_start_next_buffer>
2000086a:	e6c2      	b.n	200005f2 <dcd_rp2040_irq+0x24e>
2000086c:	4810      	ldr	r0, [pc, #64]	@ (200008b0 <dcd_rp2040_irq+0x50c>)
2000086e:	ea86 0105 	eor.w	r1, r6, r5
20000872:	f000 fd19 	bl	200012a8 <__panic_veneer>
20000876:	bf00      	nop
20000878:	20001c10 	.word	0x20001c10
2000087c:	200018d0 	.word	0x200018d0
20000880:	20001910 	.word	0x20001910
20000884:	20001950 	.word	0x20001950
20000888:	20001990 	.word	0x20001990
2000088c:	200019d0 	.word	0x200019d0
20000890:	20001a10 	.word	0x20001a10
20000894:	20001a50 	.word	0x20001a50
20000898:	20001a90 	.word	0x20001a90
2000089c:	20001ad0 	.word	0x20001ad0
200008a0:	20001b10 	.word	0x20001b10
200008a4:	20001b50 	.word	0x20001b50
200008a8:	20001b90 	.word	0x20001b90
200008ac:	20001bd0 	.word	0x20001bd0
200008b0:	100061c4 	.word	0x100061c4

200008b4 <prepare_ep_buffer>:
200008b4:	e92d 43f0 	stmdb	sp!, {r4, r5, r6, r7, r8, r9, lr}
200008b8:	8a82      	ldrh	r2, [r0, #20]
200008ba:	8b04      	ldrh	r4, [r0, #24]
200008bc:	4603      	mov	r3, r0
200008be:	4294      	cmp	r4, r2
200008c0:	78c0      	ldrb	r0, [r0, #3]
200008c2:	bf28      	it	cs
200008c4:	4614      	movcs	r4, r2
200008c6:	1e05      	subs	r5, r0, #0
200008c8:	bf18      	it	ne
200008ca:	2501      	movne	r5, #1
200008cc:	f080 0001 	eor.w	r0, r0, #1
200008d0:	1b12      	subs	r2, r2, r4
200008d2:	785e      	ldrb	r6, [r3, #1]
200008d4:	70d8      	strb	r0, [r3, #3]
200008d6:	b292      	uxth	r2, r2
200008d8:	f444 6080 	orr.w	r0, r4, #1024	@ 0x400
200008dc:	829a      	strh	r2, [r3, #20]
200008de:	ea40 3045 	orr.w	r0, r0, r5, lsl #13
200008e2:	bb06      	cbnz	r6, 20000926 <prepare_ep_buffer+0x72>
200008e4:	68dd      	ldr	r5, [r3, #12]
200008e6:	f104 38ff 	add.w	r8, r4, #4294967295
200008ea:	eb05 1c81 	add.w	ip, r5, r1, lsl #6
200008ee:	691d      	ldr	r5, [r3, #16]
200008f0:	b1ac      	cbz	r4, 2000091e <prepare_ep_buffer+0x6a>
200008f2:	f1b8 0f05 	cmp.w	r8, #5
200008f6:	f105 0201 	add.w	r2, r5, #1
200008fa:	d903      	bls.n	20000904 <prepare_ep_buffer+0x50>
200008fc:	ebac 0702 	sub.w	r7, ip, r2
20000900:	2f02      	cmp	r7, #2
20000902:	d817      	bhi.n	20000934 <prepare_ep_buffer+0x80>
20000904:	f10c 3cff 	add.w	ip, ip, #4294967295
20000908:	4425      	add	r5, r4
2000090a:	e000      	b.n	2000090e <prepare_ep_buffer+0x5a>
2000090c:	3201      	adds	r2, #1
2000090e:	f812 6c01 	ldrb.w	r6, [r2, #-1]
20000912:	42aa      	cmp	r2, r5
20000914:	f80c 6f01 	strb.w	r6, [ip, #1]!
20000918:	d1f8      	bne.n	2000090c <prepare_ep_buffer+0x58>
2000091a:	691d      	ldr	r5, [r3, #16]
2000091c:	8a9a      	ldrh	r2, [r3, #20]
2000091e:	4425      	add	r5, r4
20000920:	611d      	str	r5, [r3, #16]
20000922:	f440 4000 	orr.w	r0, r0, #32768	@ 0x8000
20000926:	b90a      	cbnz	r2, 2000092c <prepare_ep_buffer+0x78>
20000928:	f440 4080 	orr.w	r0, r0, #16384	@ 0x4000
2000092c:	b101      	cbz	r1, 20000930 <prepare_ep_buffer+0x7c>
2000092e:	0400      	lsls	r0, r0, #16
20000930:	e8bd 83f0 	ldmia.w	sp!, {r4, r5, r6, r7, r8, r9, pc}
20000934:	462f      	mov	r7, r5
20000936:	46e6      	mov	lr, ip
20000938:	4632      	mov	r2, r6
2000093a:	1f26      	subs	r6, r4, #4
2000093c:	08b6      	lsrs	r6, r6, #2
2000093e:	3601      	adds	r6, #1
20000940:	f857 9b04 	ldr.w	r9, [r7], #4
20000944:	3201      	adds	r2, #1
20000946:	4296      	cmp	r6, r2
20000948:	f84e 9b04 	str.w	r9, [lr], #4
2000094c:	d8f8      	bhi.n	20000940 <prepare_ep_buffer+0x8c>
2000094e:	ebb4 0f86 	cmp.w	r4, r6, lsl #2
20000952:	eba8 0286 	sub.w	r2, r8, r6, lsl #2
20000956:	eb05 0e86 	add.w	lr, r5, r6, lsl #2
2000095a:	eb0c 0786 	add.w	r7, ip, r6, lsl #2
2000095e:	d0dc      	beq.n	2000091a <prepare_ep_buffer+0x66>
20000960:	f815 5026 	ldrb.w	r5, [r5, r6, lsl #2]
20000964:	f80c 5026 	strb.w	r5, [ip, r6, lsl #2]
20000968:	2a00      	cmp	r2, #0
2000096a:	d0d6      	beq.n	2000091a <prepare_ep_buffer+0x66>
2000096c:	f89e 5001 	ldrb.w	r5, [lr, #1]
20000970:	2a01      	cmp	r2, #1
20000972:	707d      	strb	r5, [r7, #1]
20000974:	d0d1      	beq.n	2000091a <prepare_ep_buffer+0x66>
20000976:	f89e 2002 	ldrb.w	r2, [lr, #2]
2000097a:	70ba      	strb	r2, [r7, #2]
2000097c:	691d      	ldr	r5, [r3, #16]
2000097e:	8a9a      	ldrh	r2, [r3, #20]
20000980:	e7cd      	b.n	2000091e <prepare_ep_buffer+0x6a>
20000982:	bf00      	nop

20000984 <sync_ep_buffer>:
20000984:	6883      	ldr	r3, [r0, #8]
20000986:	4602      	mov	r2, r0
20000988:	6818      	ldr	r0, [r3, #0]
2000098a:	b101      	cbz	r1, 2000098e <sync_ep_buffer+0xa>
2000098c:	0c00      	lsrs	r0, r0, #16
2000098e:	7853      	ldrb	r3, [r2, #1]
20000990:	f3c0 0009 	ubfx	r0, r0, #0, #10
20000994:	b313      	cbz	r3, 200009dc <sync_ep_buffer+0x58>
20000996:	b5f0      	push	{r4, r5, r6, r7, lr}
20000998:	e9d2 5403 	ldrd	r5, r4, [r2, #12]
2000099c:	018f      	lsls	r7, r1, #6
2000099e:	eb05 1381 	add.w	r3, r5, r1, lsl #6
200009a2:	1e46      	subs	r6, r0, #1
200009a4:	b178      	cbz	r0, 200009c6 <sync_ep_buffer+0x42>
200009a6:	2e05      	cmp	r6, #5
200009a8:	d904      	bls.n	200009b4 <sync_ep_buffer+0x30>
200009aa:	3701      	adds	r7, #1
200009ac:	443d      	add	r5, r7
200009ae:	1b65      	subs	r5, r4, r5
200009b0:	2d02      	cmp	r5, #2
200009b2:	d81c      	bhi.n	200009ee <sync_ep_buffer+0x6a>
200009b4:	1e61      	subs	r1, r4, #1
200009b6:	181d      	adds	r5, r3, r0
200009b8:	f813 4b01 	ldrb.w	r4, [r3], #1
200009bc:	429d      	cmp	r5, r3
200009be:	f801 4f01 	strb.w	r4, [r1, #1]!
200009c2:	d1f9      	bne.n	200009b8 <sync_ep_buffer+0x34>
200009c4:	6914      	ldr	r4, [r2, #16]
200009c6:	8ad3      	ldrh	r3, [r2, #22]
200009c8:	4404      	add	r4, r0
200009ca:	4403      	add	r3, r0
200009cc:	82d3      	strh	r3, [r2, #22]
200009ce:	8b13      	ldrh	r3, [r2, #24]
200009d0:	6114      	str	r4, [r2, #16]
200009d2:	4283      	cmp	r3, r0
200009d4:	bf84      	itt	hi
200009d6:	2300      	movhi	r3, #0
200009d8:	8293      	strhhi	r3, [r2, #20]
200009da:	bdf0      	pop	{r4, r5, r6, r7, pc}
200009dc:	8ad3      	ldrh	r3, [r2, #22]
200009de:	4403      	add	r3, r0
200009e0:	82d3      	strh	r3, [r2, #22]
200009e2:	8b13      	ldrh	r3, [r2, #24]
200009e4:	4283      	cmp	r3, r0
200009e6:	bf84      	itt	hi
200009e8:	2300      	movhi	r3, #0
200009ea:	8293      	strhhi	r3, [r2, #20]
200009ec:	4770      	bx	lr
200009ee:	469e      	mov	lr, r3
200009f0:	4625      	mov	r5, r4
200009f2:	2100      	movs	r1, #0
200009f4:	f1a0 0c04 	sub.w	ip, r0, #4
200009f8:	ea4f 0c9c 	mov.w	ip, ip, lsr #2
200009fc:	f10c 0c01 	add.w	ip, ip, #1
20000a00:	f85e 7b04 	ldr.w	r7, [lr], #4
20000a04:	3101      	adds	r1, #1
20000a06:	4561      	cmp	r1, ip
20000a08:	f845 7b04 	str.w	r7, [r5], #4
20000a0c:	d3f8      	bcc.n	20000a00 <sync_ep_buffer+0x7c>
20000a0e:	ebb0 0f8c 	cmp.w	r0, ip, lsl #2
20000a12:	eba6 068c 	sub.w	r6, r6, ip, lsl #2
20000a16:	eb03 058c 	add.w	r5, r3, ip, lsl #2
20000a1a:	eb04 018c 	add.w	r1, r4, ip, lsl #2
20000a1e:	d0d1      	beq.n	200009c4 <sync_ep_buffer+0x40>
20000a20:	f813 302c 	ldrb.w	r3, [r3, ip, lsl #2]
20000a24:	f804 302c 	strb.w	r3, [r4, ip, lsl #2]
20000a28:	2e00      	cmp	r6, #0
20000a2a:	d0cb      	beq.n	200009c4 <sync_ep_buffer+0x40>
20000a2c:	786b      	ldrb	r3, [r5, #1]
20000a2e:	2e01      	cmp	r6, #1
20000a30:	704b      	strb	r3, [r1, #1]
20000a32:	d0c7      	beq.n	200009c4 <sync_ep_buffer+0x40>
20000a34:	78ab      	ldrb	r3, [r5, #2]
20000a36:	708b      	strb	r3, [r1, #2]
20000a38:	6914      	ldr	r4, [r2, #16]
20000a3a:	e7c4      	b.n	200009c6 <sync_ep_buffer+0x42>

20000a3c <_hw_endpoint_xfer_sync>:
20000a3c:	b510      	push	{r4, lr}
20000a3e:	4604      	mov	r4, r0
20000a40:	6883      	ldr	r3, [r0, #8]
20000a42:	2100      	movs	r1, #0
20000a44:	681b      	ldr	r3, [r3, #0]
20000a46:	f7ff ff9d 	bl	20000984 <sync_ep_buffer>
20000a4a:	6863      	ldr	r3, [r4, #4]
20000a4c:	681b      	ldr	r3, [r3, #0]
20000a4e:	005b      	lsls	r3, r3, #1
20000a50:	d502      	bpl.n	20000a58 <_hw_endpoint_xfer_sync+0x1c>
20000a52:	8b23      	ldrh	r3, [r4, #24]
20000a54:	4283      	cmp	r3, r0
20000a56:	d000      	beq.n	20000a5a <_hw_endpoint_xfer_sync+0x1e>
20000a58:	bd10      	pop	{r4, pc}
20000a5a:	4620      	mov	r0, r4
20000a5c:	e8bd 4010 	ldmia.w	sp!, {r4, lr}
20000a60:	2101      	movs	r1, #1
20000a62:	f7ff bf8f 	b.w	20000984 <sync_ep_buffer>
20000a66:	bf00      	nop

20000a68 <e15_is_bulkin_ep>:
20000a68:	4b08      	ldr	r3, [pc, #32]	@ (20000a8c <e15_is_bulkin_ep+0x24>)
20000a6a:	6c1b      	ldr	r3, [r3, #64]	@ 0x40
20000a6c:	f013 0302 	ands.w	r3, r3, #2
20000a70:	d102      	bne.n	20000a78 <e15_is_bulkin_ep+0x10>
20000a72:	7882      	ldrb	r2, [r0, #2]
20000a74:	09d2      	lsrs	r2, r2, #7
20000a76:	d101      	bne.n	20000a7c <e15_is_bulkin_ep+0x14>
20000a78:	2000      	movs	r0, #0
20000a7a:	4770      	bx	lr
20000a7c:	7ec0      	ldrb	r0, [r0, #27]
20000a7e:	f1a0 0002 	sub.w	r0, r0, #2
20000a82:	fab0 f080 	clz	r0, r0
20000a86:	0940      	lsrs	r0, r0, #5
20000a88:	4770      	bx	lr
20000a8a:	bf00      	nop
20000a8c:	50110000 	.word	0x50110000

20000a90 <e15_is_critical_frame_period>:
20000a90:	b508      	push	{r3, lr}
20000a92:	f7ff ffe9 	bl	20000a68 <e15_is_bulkin_ep>
20000a96:	b150      	cbz	r0, 20000aae <e15_is_critical_frame_period+0x1e>
20000a98:	4a05      	ldr	r2, [pc, #20]	@ (20000ab0 <e15_is_critical_frame_period+0x20>)
20000a9a:	4b06      	ldr	r3, [pc, #24]	@ (20000ab4 <e15_is_critical_frame_period+0x24>)
20000a9c:	6a90      	ldr	r0, [r2, #40]	@ 0x28
20000a9e:	681b      	ldr	r3, [r3, #0]
20000aa0:	f5a0 7048 	sub.w	r0, r0, #800	@ 0x320
20000aa4:	1ac0      	subs	r0, r0, r3
20000aa6:	28c6      	cmp	r0, #198	@ 0xc6
20000aa8:	bf8c      	ite	hi
20000aaa:	2000      	movhi	r0, #0
20000aac:	2001      	movls	r0, #1
20000aae:	bd08      	pop	{r3, pc}
20000ab0:	400b0000 	.word	0x400b0000
20000ab4:	20001858 	.word	0x20001858

20000ab8 <hw_endpoint_reset_transfer>:
20000ab8:	2300      	movs	r3, #0
20000aba:	e9c0 3304 	strd	r3, r3, [r0, #16]
20000abe:	7683      	strb	r3, [r0, #26]
20000ac0:	4770      	bx	lr
20000ac2:	bf00      	nop

20000ac4 <_hw_endpoint_buffer_control_update32>:
20000ac4:	b510      	push	{r4, lr}
20000ac6:	6883      	ldr	r3, [r0, #8]
20000ac8:	b109      	cbz	r1, 20000ace <_hw_endpoint_buffer_control_update32+0xa>
20000aca:	681c      	ldr	r4, [r3, #0]
20000acc:	4021      	ands	r1, r4
20000ace:	b182      	cbz	r2, 20000af2 <_hw_endpoint_buffer_control_update32+0x2e>
20000ad0:	4311      	orrs	r1, r2
20000ad2:	0552      	lsls	r2, r2, #21
20000ad4:	d50d      	bpl.n	20000af2 <_hw_endpoint_buffer_control_update32+0x2e>
20000ad6:	681a      	ldr	r2, [r3, #0]
20000ad8:	0554      	lsls	r4, r2, #21
20000ada:	d40c      	bmi.n	20000af6 <_hw_endpoint_buffer_control_update32+0x32>
20000adc:	4a08      	ldr	r2, [pc, #32]	@ (20000b00 <_hw_endpoint_buffer_control_update32+0x3c>)
20000ade:	f421 6480 	bic.w	r4, r1, #1024	@ 0x400
20000ae2:	601c      	str	r4, [r3, #0]
20000ae4:	6c12      	ldr	r2, [r2, #64]	@ 0x40
20000ae6:	0792      	lsls	r2, r2, #30
20000ae8:	d403      	bmi.n	20000af2 <_hw_endpoint_buffer_control_update32+0x2e>
20000aea:	230c      	movs	r3, #12
20000aec:	3b03      	subs	r3, #3
20000aee:	d2fd      	bcs.n	20000aec <_hw_endpoint_buffer_control_update32+0x28>
20000af0:	6883      	ldr	r3, [r0, #8]
20000af2:	6019      	str	r1, [r3, #0]
20000af4:	bd10      	pop	{r4, pc}
20000af6:	7881      	ldrb	r1, [r0, #2]
20000af8:	4802      	ldr	r0, [pc, #8]	@ (20000b04 <_hw_endpoint_buffer_control_update32+0x40>)
20000afa:	f000 fbd5 	bl	200012a8 <__panic_veneer>
20000afe:	bf00      	nop
20000b00:	50110000 	.word	0x50110000
20000b04:	100061d8 	.word	0x100061d8

20000b08 <hw_endpoint_start_next_buffer>:
20000b08:	b530      	push	{r4, r5, lr}
20000b0a:	6843      	ldr	r3, [r0, #4]
20000b0c:	2100      	movs	r1, #0
20000b0e:	b083      	sub	sp, #12
20000b10:	4604      	mov	r4, r0
20000b12:	681d      	ldr	r5, [r3, #0]
20000b14:	f7ff fece 	bl	200008b4 <prepare_ep_buffer>
20000b18:	4b13      	ldr	r3, [pc, #76]	@ (20000b68 <hw_endpoint_start_next_buffer+0x60>)
20000b1a:	f440 5280 	orr.w	r2, r0, #4096	@ 0x1000
20000b1e:	6c1b      	ldr	r3, [r3, #64]	@ 0x40
20000b20:	f013 0f02 	tst.w	r3, #2
20000b24:	78a3      	ldrb	r3, [r4, #2]
20000b26:	d00e      	beq.n	20000b46 <hw_endpoint_start_next_buffer+0x3e>
20000b28:	065b      	lsls	r3, r3, #25
20000b2a:	d00e      	beq.n	20000b4a <hw_endpoint_start_next_buffer+0x42>
20000b2c:	f025 45a0 	bic.w	r5, r5, #1342177280	@ 0x50000000
20000b30:	f045 5500 	orr.w	r5, r5, #536870912	@ 0x20000000
20000b34:	2100      	movs	r1, #0
20000b36:	4620      	mov	r0, r4
20000b38:	6863      	ldr	r3, [r4, #4]
20000b3a:	601d      	str	r5, [r3, #0]
20000b3c:	b003      	add	sp, #12
20000b3e:	e8bd 4030 	ldmia.w	sp!, {r4, r5, lr}
20000b42:	f7ff bfbf 	b.w	20000ac4 <_hw_endpoint_buffer_control_update32>
20000b46:	09db      	lsrs	r3, r3, #7
20000b48:	d0f0      	beq.n	20000b2c <hw_endpoint_start_next_buffer+0x24>
20000b4a:	8aa3      	ldrh	r3, [r4, #20]
20000b4c:	2b00      	cmp	r3, #0
20000b4e:	d0ed      	beq.n	20000b2c <hw_endpoint_start_next_buffer+0x24>
20000b50:	2101      	movs	r1, #1
20000b52:	4620      	mov	r0, r4
20000b54:	9201      	str	r2, [sp, #4]
20000b56:	f7ff fead 	bl	200008b4 <prepare_ep_buffer>
20000b5a:	9a01      	ldr	r2, [sp, #4]
20000b5c:	f025 5500 	bic.w	r5, r5, #536870912	@ 0x20000000
20000b60:	4302      	orrs	r2, r0
20000b62:	f045 45a0 	orr.w	r5, r5, #1342177280	@ 0x50000000
20000b66:	e7e5      	b.n	20000b34 <hw_endpoint_start_next_buffer+0x2c>
20000b68:	50110000 	.word	0x50110000

20000b6c <hw_endpoint_xfer_continue>:
20000b6c:	b538      	push	{r3, r4, r5, lr}
20000b6e:	7e85      	ldrb	r5, [r0, #26]
20000b70:	4604      	mov	r4, r0
20000b72:	b195      	cbz	r5, 20000b9a <hw_endpoint_xfer_continue+0x2e>
20000b74:	f7ff ff62 	bl	20000a3c <_hw_endpoint_xfer_sync>
20000b78:	8aa3      	ldrh	r3, [r4, #20]
20000b7a:	b90b      	cbnz	r3, 20000b80 <hw_endpoint_xfer_continue+0x14>
20000b7c:	4628      	mov	r0, r5
20000b7e:	bd38      	pop	{r3, r4, r5, pc}
20000b80:	4620      	mov	r0, r4
20000b82:	f7ff ff85 	bl	20000a90 <e15_is_critical_frame_period>
20000b86:	b120      	cbz	r0, 20000b92 <hw_endpoint_xfer_continue+0x26>
20000b88:	2301      	movs	r3, #1
20000b8a:	7723      	strb	r3, [r4, #28]
20000b8c:	2500      	movs	r5, #0
20000b8e:	4628      	mov	r0, r5
20000b90:	bd38      	pop	{r3, r4, r5, pc}
20000b92:	4620      	mov	r0, r4
20000b94:	f7ff ffb8 	bl	20000b08 <hw_endpoint_start_next_buffer>
20000b98:	e7f8      	b.n	20000b8c <hw_endpoint_xfer_continue+0x20>
20000b9a:	7881      	ldrb	r1, [r0, #2]
20000b9c:	4801      	ldr	r0, [pc, #4]	@ (20000ba4 <hw_endpoint_xfer_continue+0x38>)
20000b9e:	f000 fb83 	bl	200012a8 <__panic_veneer>
20000ba2:	bf00      	nop
20000ba4:	100061f8 	.word	0x100061f8

20000ba8 <dcd_event_handler>:
20000ba8:	e92d 43f0 	stmdb	sp!, {r4, r5, r6, r7, r8, r9, lr}
20000bac:	7843      	ldrb	r3, [r0, #1]
20000bae:	4604      	mov	r4, r0
20000bb0:	3b02      	subs	r3, #2
20000bb2:	460d      	mov	r5, r1
20000bb4:	b085      	sub	sp, #20
20000bb6:	2b04      	cmp	r3, #4
20000bb8:	d813      	bhi.n	20000be2 <dcd_event_handler+0x3a>
20000bba:	e8df f003 	tbb	[pc, r3]
20000bbe:	4803      	.short	0x4803
20000bc0:	7067      	.short	0x7067
20000bc2:	42          	.byte	0x42
20000bc3:	00          	.byte	0x00
20000bc4:	2100      	movs	r1, #0
20000bc6:	4b78      	ldr	r3, [pc, #480]	@ (20000da8 <dcd_event_handler+0x200>)
20000bc8:	781a      	ldrb	r2, [r3, #0]
20000bca:	f022 0201 	bic.w	r2, r2, #1
20000bce:	701a      	strb	r2, [r3, #0]
20000bd0:	781a      	ldrb	r2, [r3, #0]
20000bd2:	f022 0202 	bic.w	r2, r2, #2
20000bd6:	701a      	strb	r2, [r3, #0]
20000bd8:	7059      	strb	r1, [r3, #1]
20000bda:	781a      	ldrb	r2, [r3, #0]
20000bdc:	f361 0282 	bfi	r2, r1, #2, #1
20000be0:	701a      	strb	r2, [r3, #0]
20000be2:	4b72      	ldr	r3, [pc, #456]	@ (20000dac <dcd_event_handler+0x204>)
20000be4:	681e      	ldr	r6, [r3, #0]
20000be6:	6973      	ldr	r3, [r6, #20]
20000be8:	f3ef 8210 	mrs	r2, PRIMASK
20000bec:	b672      	cpsid	i
20000bee:	e8d3 0fcf 	ldaexb	r0, [r3]
20000bf2:	2101      	movs	r1, #1
20000bf4:	2800      	cmp	r0, #0
20000bf6:	d1fa      	bne.n	20000bee <dcd_event_handler+0x46>
20000bf8:	e8c3 1f40 	strexb	r0, r1, [r3]
20000bfc:	2800      	cmp	r0, #0
20000bfe:	d1f6      	bne.n	20000bee <dcd_event_handler+0x46>
20000c00:	f3bf 8f5f 	dmb	sy
20000c04:	61b2      	str	r2, [r6, #24]
20000c06:	4621      	mov	r1, r4
20000c08:	4630      	mov	r0, r6
20000c0a:	f000 fb41 	bl	20001290 <__tu_fifo_write_veneer>
20000c0e:	2300      	movs	r3, #0
20000c10:	6972      	ldr	r2, [r6, #20]
20000c12:	e8c2 3f8f 	stlb	r3, [r2]
20000c16:	69b3      	ldr	r3, [r6, #24]
20000c18:	f383 8810 	msr	PRIMASK, r3
20000c1c:	b948      	cbnz	r0, 20000c32 <dcd_event_handler+0x8a>
20000c1e:	f04f 23e0 	mov.w	r3, #3758153728	@ 0xe000e000
20000c22:	f8d3 3df0 	ldr.w	r3, [r3, #3568]	@ 0xdf0
20000c26:	07db      	lsls	r3, r3, #31
20000c28:	d508      	bpl.n	20000c3c <dcd_event_handler+0x94>
20000c2a:	be00      	bkpt	0x0000
20000c2c:	b005      	add	sp, #20
20000c2e:	e8bd 83f0 	ldmia.w	sp!, {r4, r5, r6, r7, r8, r9, pc}
20000c32:	462a      	mov	r2, r5
20000c34:	7861      	ldrb	r1, [r4, #1]
20000c36:	7820      	ldrb	r0, [r4, #0]
20000c38:	f000 fb32 	bl	200012a0 <__tud_event_hook_cb_veneer>
20000c3c:	b005      	add	sp, #20
20000c3e:	e8bd 83f0 	ldmia.w	sp!, {r4, r5, r6, r7, r8, r9, pc}
20000c42:	4a5b      	ldr	r2, [pc, #364]	@ (20000db0 <dcd_event_handler+0x208>)
20000c44:	7813      	ldrb	r3, [r2, #0]
20000c46:	3301      	adds	r3, #1
20000c48:	b2db      	uxtb	r3, r3
20000c4a:	7013      	strb	r3, [r2, #0]
20000c4c:	e7c9      	b.n	20000be2 <dcd_event_handler+0x3a>
20000c4e:	f04f 0900 	mov.w	r9, #0
20000c52:	4e58      	ldr	r6, [pc, #352]	@ (20000db4 <dcd_event_handler+0x20c>)
20000c54:	464b      	mov	r3, r9
20000c56:	7831      	ldrb	r1, [r6, #0]
20000c58:	f8df 8160 	ldr.w	r8, [pc, #352]	@ 20000dbc <dcd_event_handler+0x214>
20000c5c:	4f56      	ldr	r7, [pc, #344]	@ (20000db8 <dcd_event_handler+0x210>)
20000c5e:	e00f      	b.n	20000c80 <dcd_event_handler+0xd8>
20000c60:	683a      	ldr	r2, [r7, #0]
20000c62:	eb12 1343 	adds.w	r3, r2, r3, lsl #5
20000c66:	d005      	beq.n	20000c74 <dcd_event_handler+0xcc>
20000c68:	69db      	ldr	r3, [r3, #28]
20000c6a:	b11b      	cbz	r3, 20000c74 <dcd_event_handler+0xcc>
20000c6c:	6861      	ldr	r1, [r4, #4]
20000c6e:	7820      	ldrb	r0, [r4, #0]
20000c70:	4798      	blx	r3
20000c72:	7831      	ldrb	r1, [r6, #0]
20000c74:	f109 0901 	add.w	r9, r9, #1
20000c78:	fa5f f389 	uxtb.w	r3, r9
20000c7c:	428b      	cmp	r3, r1
20000c7e:	d817      	bhi.n	20000cb0 <dcd_event_handler+0x108>
20000c80:	4299      	cmp	r1, r3
20000c82:	d8ed      	bhi.n	20000c60 <dcd_event_handler+0xb8>
20000c84:	1a5b      	subs	r3, r3, r1
20000c86:	eb08 1343 	add.w	r3, r8, r3, lsl #5
20000c8a:	e7ed      	b.n	20000c68 <dcd_event_handler+0xc0>
20000c8c:	4b46      	ldr	r3, [pc, #280]	@ (20000da8 <dcd_event_handler+0x200>)
20000c8e:	781a      	ldrb	r2, [r3, #0]
20000c90:	07d7      	lsls	r7, r2, #31
20000c92:	d5d3      	bpl.n	20000c3c <dcd_event_handler+0x94>
20000c94:	781a      	ldrb	r2, [r3, #0]
20000c96:	f042 0204 	orr.w	r2, r2, #4
20000c9a:	701a      	strb	r2, [r3, #0]
20000c9c:	e7a1      	b.n	20000be2 <dcd_event_handler+0x3a>
20000c9e:	4b42      	ldr	r3, [pc, #264]	@ (20000da8 <dcd_event_handler+0x200>)
20000ca0:	781a      	ldrb	r2, [r3, #0]
20000ca2:	07d6      	lsls	r6, r2, #31
20000ca4:	d5ca      	bpl.n	20000c3c <dcd_event_handler+0x94>
20000ca6:	781a      	ldrb	r2, [r3, #0]
20000ca8:	f022 0204 	bic.w	r2, r2, #4
20000cac:	701a      	strb	r2, [r3, #0]
20000cae:	e798      	b.n	20000be2 <dcd_event_handler+0x3a>
20000cb0:	4e3d      	ldr	r6, [pc, #244]	@ (20000da8 <dcd_event_handler+0x200>)
20000cb2:	7833      	ldrb	r3, [r6, #0]
20000cb4:	0758      	lsls	r0, r3, #29
20000cb6:	d437      	bmi.n	20000d28 <dcd_event_handler+0x180>
20000cb8:	78f3      	ldrb	r3, [r6, #3]
20000cba:	07da      	lsls	r2, r3, #31
20000cbc:	d5be      	bpl.n	20000c3c <dcd_event_handler+0x94>
20000cbe:	2303      	movs	r3, #3
20000cc0:	2700      	movs	r7, #0
20000cc2:	4a3a      	ldr	r2, [pc, #232]	@ (20000dac <dcd_event_handler+0x204>)
20000cc4:	7821      	ldrb	r1, [r4, #0]
20000cc6:	6816      	ldr	r6, [r2, #0]
20000cc8:	6862      	ldr	r2, [r4, #4]
20000cca:	f88d 1004 	strb.w	r1, [sp, #4]
20000cce:	f88d 3005 	strb.w	r3, [sp, #5]
20000cd2:	6973      	ldr	r3, [r6, #20]
20000cd4:	f8cd 7006 	str.w	r7, [sp, #6]
20000cd8:	f8cd 700a 	str.w	r7, [sp, #10]
20000cdc:	f8ad 700e 	strh.w	r7, [sp, #14]
20000ce0:	9202      	str	r2, [sp, #8]
20000ce2:	f3ef 8210 	mrs	r2, PRIMASK
20000ce6:	b672      	cpsid	i
20000ce8:	e8d3 0fcf 	ldaexb	r0, [r3]
20000cec:	2101      	movs	r1, #1
20000cee:	2800      	cmp	r0, #0
20000cf0:	d1fa      	bne.n	20000ce8 <dcd_event_handler+0x140>
20000cf2:	e8c3 1f40 	strexb	r0, r1, [r3]
20000cf6:	2800      	cmp	r0, #0
20000cf8:	d1f6      	bne.n	20000ce8 <dcd_event_handler+0x140>
20000cfa:	f3bf 8f5f 	dmb	sy
20000cfe:	4630      	mov	r0, r6
20000d00:	61b2      	str	r2, [r6, #24]
20000d02:	a901      	add	r1, sp, #4
20000d04:	f000 fac4 	bl	20001290 <__tu_fifo_write_veneer>
20000d08:	6973      	ldr	r3, [r6, #20]
20000d0a:	e8c3 7f8f 	stlb	r7, [r3]
20000d0e:	69b3      	ldr	r3, [r6, #24]
20000d10:	f383 8810 	msr	PRIMASK, r3
20000d14:	2800      	cmp	r0, #0
20000d16:	d082      	beq.n	20000c1e <dcd_event_handler+0x76>
20000d18:	462a      	mov	r2, r5
20000d1a:	f89d 1005 	ldrb.w	r1, [sp, #5]
20000d1e:	f89d 0004 	ldrb.w	r0, [sp, #4]
20000d22:	f000 fabd 	bl	200012a0 <__tud_event_hook_cb_veneer>
20000d26:	e789      	b.n	20000c3c <dcd_event_handler+0x94>
20000d28:	7833      	ldrb	r3, [r6, #0]
20000d2a:	f04f 0800 	mov.w	r8, #0
20000d2e:	f023 0304 	bic.w	r3, r3, #4
20000d32:	7033      	strb	r3, [r6, #0]
20000d34:	2305      	movs	r3, #5
20000d36:	4a1d      	ldr	r2, [pc, #116]	@ (20000dac <dcd_event_handler+0x204>)
20000d38:	f88d 3005 	strb.w	r3, [sp, #5]
20000d3c:	6817      	ldr	r7, [r2, #0]
20000d3e:	7822      	ldrb	r2, [r4, #0]
20000d40:	f8ad 800e 	strh.w	r8, [sp, #14]
20000d44:	f88d 2004 	strb.w	r2, [sp, #4]
20000d48:	697b      	ldr	r3, [r7, #20]
20000d4a:	f8cd 8006 	str.w	r8, [sp, #6]
20000d4e:	f8cd 800a 	str.w	r8, [sp, #10]
20000d52:	f3ef 8210 	mrs	r2, PRIMASK
20000d56:	b672      	cpsid	i
20000d58:	e8d3 0fcf 	ldaexb	r0, [r3]
20000d5c:	2101      	movs	r1, #1
20000d5e:	2800      	cmp	r0, #0
20000d60:	d1fa      	bne.n	20000d58 <dcd_event_handler+0x1b0>
20000d62:	e8c3 1f40 	strexb	r0, r1, [r3]
20000d66:	2800      	cmp	r0, #0
20000d68:	d1f6      	bne.n	20000d58 <dcd_event_handler+0x1b0>
20000d6a:	f3bf 8f5f 	dmb	sy
20000d6e:	4638      	mov	r0, r7
20000d70:	61ba      	str	r2, [r7, #24]
20000d72:	a901      	add	r1, sp, #4
20000d74:	f000 fa8c 	bl	20001290 <__tu_fifo_write_veneer>
20000d78:	697b      	ldr	r3, [r7, #20]
20000d7a:	e8c3 8f8f 	stlb	r8, [r3]
20000d7e:	69bb      	ldr	r3, [r7, #24]
20000d80:	f383 8810 	msr	PRIMASK, r3
20000d84:	b938      	cbnz	r0, 20000d96 <dcd_event_handler+0x1ee>
20000d86:	f04f 23e0 	mov.w	r3, #3758153728	@ 0xe000e000
20000d8a:	f8d3 3df0 	ldr.w	r3, [r3, #3568]	@ 0xdf0
20000d8e:	07d9      	lsls	r1, r3, #31
20000d90:	d592      	bpl.n	20000cb8 <dcd_event_handler+0x110>
20000d92:	be00      	bkpt	0x0000
20000d94:	e790      	b.n	20000cb8 <dcd_event_handler+0x110>
20000d96:	462a      	mov	r2, r5
20000d98:	f89d 1005 	ldrb.w	r1, [sp, #5]
20000d9c:	f89d 0004 	ldrb.w	r0, [sp, #4]
20000da0:	f000 fa7e 	bl	200012a0 <__tud_event_hook_cb_veneer>
20000da4:	e788      	b.n	20000cb8 <dcd_event_handler+0x110>
20000da6:	bf00      	nop
20000da8:	200016d8 	.word	0x200016d8
20000dac:	20001730 	.word	0x20001730
20000db0:	20001ccb 	.word	0x20001ccb
20000db4:	20001cc9 	.word	0x20001cc9
20000db8:	200015d0 	.word	0x200015d0
20000dbc:	10006474 	.word	0x10006474

20000dc0 <__aeabi_uldivmod>:
20000dc0:	b953      	cbnz	r3, 20000dd8 <__aeabi_uldivmod+0x18>
20000dc2:	b94a      	cbnz	r2, 20000dd8 <__aeabi_uldivmod+0x18>
20000dc4:	2900      	cmp	r1, #0
20000dc6:	bf08      	it	eq
20000dc8:	2800      	cmpeq	r0, #0
20000dca:	bf1c      	itt	ne
20000dcc:	f04f 31ff 	movne.w	r1, #4294967295
20000dd0:	f04f 30ff 	movne.w	r0, #4294967295
20000dd4:	f000 b98c 	b.w	200010f0 <__aeabi_idiv0>
20000dd8:	f1ad 0c08 	sub.w	ip, sp, #8
20000ddc:	e96d ce04 	strd	ip, lr, [sp, #-16]!
20000de0:	f000 f806 	bl	20000df0 <__udivmoddi4>
20000de4:	f8dd e004 	ldr.w	lr, [sp, #4]
20000de8:	e9dd 2302 	ldrd	r2, r3, [sp, #8]
20000dec:	b004      	add	sp, #16
20000dee:	4770      	bx	lr

20000df0 <__udivmoddi4>:
20000df0:	e92d 4ff0 	stmdb	sp!, {r4, r5, r6, r7, r8, r9, sl, fp, lr}
20000df4:	9d09      	ldr	r5, [sp, #36]	@ 0x24
20000df6:	460e      	mov	r6, r1
20000df8:	4604      	mov	r4, r0
20000dfa:	460f      	mov	r7, r1
20000dfc:	2b00      	cmp	r3, #0
20000dfe:	d147      	bne.n	20000e90 <__udivmoddi4+0xa0>
20000e00:	428a      	cmp	r2, r1
20000e02:	4694      	mov	ip, r2
20000e04:	fab2 f382 	clz	r3, r2
20000e08:	d95a      	bls.n	20000ec0 <__udivmoddi4+0xd0>
20000e0a:	b143      	cbz	r3, 20000e1e <__udivmoddi4+0x2e>
20000e0c:	fa02 fc03 	lsl.w	ip, r2, r3
20000e10:	f1c3 0220 	rsb	r2, r3, #32
20000e14:	409f      	lsls	r7, r3
20000e16:	409c      	lsls	r4, r3
20000e18:	fa20 f202 	lsr.w	r2, r0, r2
20000e1c:	4317      	orrs	r7, r2
20000e1e:	ea4f 461c 	mov.w	r6, ip, lsr #16
20000e22:	fa1f fe8c 	uxth.w	lr, ip
20000e26:	0c22      	lsrs	r2, r4, #16
20000e28:	fbb7 f1f6 	udiv	r1, r7, r6
20000e2c:	fb06 7711 	mls	r7, r6, r1, r7
20000e30:	fb01 f00e 	mul.w	r0, r1, lr
20000e34:	ea42 4207 	orr.w	r2, r2, r7, lsl #16
20000e38:	4290      	cmp	r0, r2
20000e3a:	d908      	bls.n	20000e4e <__udivmoddi4+0x5e>
20000e3c:	eb1c 0202 	adds.w	r2, ip, r2
20000e40:	f101 37ff 	add.w	r7, r1, #4294967295
20000e44:	d202      	bcs.n	20000e4c <__udivmoddi4+0x5c>
20000e46:	4290      	cmp	r0, r2
20000e48:	f200 813c 	bhi.w	200010c4 <__udivmoddi4+0x2d4>
20000e4c:	4639      	mov	r1, r7
20000e4e:	1a12      	subs	r2, r2, r0
20000e50:	b2a4      	uxth	r4, r4
20000e52:	fbb2 f0f6 	udiv	r0, r2, r6
20000e56:	fb06 2210 	mls	r2, r6, r0, r2
20000e5a:	fb00 fe0e 	mul.w	lr, r0, lr
20000e5e:	ea44 4402 	orr.w	r4, r4, r2, lsl #16
20000e62:	45a6      	cmp	lr, r4
20000e64:	d908      	bls.n	20000e78 <__udivmoddi4+0x88>
20000e66:	eb1c 0404 	adds.w	r4, ip, r4
20000e6a:	f100 32ff 	add.w	r2, r0, #4294967295
20000e6e:	d202      	bcs.n	20000e76 <__udivmoddi4+0x86>
20000e70:	45a6      	cmp	lr, r4
20000e72:	f200 812a 	bhi.w	200010ca <__udivmoddi4+0x2da>
20000e76:	4610      	mov	r0, r2
20000e78:	ea40 4001 	orr.w	r0, r0, r1, lsl #16
20000e7c:	eba4 040e 	sub.w	r4, r4, lr
20000e80:	2100      	movs	r1, #0
20000e82:	b11d      	cbz	r5, 20000e8c <__udivmoddi4+0x9c>
20000e84:	40dc      	lsrs	r4, r3
20000e86:	2300      	movs	r3, #0
20000e88:	e9c5 4300 	strd	r4, r3, [r5]
20000e8c:	e8bd 8ff0 	ldmia.w	sp!, {r4, r5, r6, r7, r8, r9, sl, fp, pc}
20000e90:	428b      	cmp	r3, r1
20000e92:	d905      	bls.n	20000ea0 <__udivmoddi4+0xb0>
20000e94:	b10d      	cbz	r5, 20000e9a <__udivmoddi4+0xaa>
20000e96:	e9c5 0100 	strd	r0, r1, [r5]
20000e9a:	2100      	movs	r1, #0
20000e9c:	4608      	mov	r0, r1
20000e9e:	e7f5      	b.n	20000e8c <__udivmoddi4+0x9c>
20000ea0:	fab3 f183 	clz	r1, r3
20000ea4:	2900      	cmp	r1, #0
20000ea6:	d14f      	bne.n	20000f48 <__udivmoddi4+0x158>
20000ea8:	42b3      	cmp	r3, r6
20000eaa:	f0c0 8102 	bcc.w	200010b2 <__udivmoddi4+0x2c2>
20000eae:	4282      	cmp	r2, r0
20000eb0:	f240 80ff 	bls.w	200010b2 <__udivmoddi4+0x2c2>
20000eb4:	4608      	mov	r0, r1
20000eb6:	2d00      	cmp	r5, #0
20000eb8:	d0e8      	beq.n	20000e8c <__udivmoddi4+0x9c>
20000eba:	e9c5 4700 	strd	r4, r7, [r5]
20000ebe:	e7e5      	b.n	20000e8c <__udivmoddi4+0x9c>
20000ec0:	2b00      	cmp	r3, #0
20000ec2:	f040 80af 	bne.w	20001024 <__udivmoddi4+0x234>
20000ec6:	1a8a      	subs	r2, r1, r2
20000ec8:	ea4f 4e1c 	mov.w	lr, ip, lsr #16
20000ecc:	fa1f f78c 	uxth.w	r7, ip
20000ed0:	2101      	movs	r1, #1
20000ed2:	fbb2 f6fe 	udiv	r6, r2, lr
20000ed6:	fb0e 2016 	mls	r0, lr, r6, r2
20000eda:	0c22      	lsrs	r2, r4, #16
20000edc:	ea42 4200 	orr.w	r2, r2, r0, lsl #16
20000ee0:	fb07 f006 	mul.w	r0, r7, r6
20000ee4:	4290      	cmp	r0, r2
20000ee6:	d90f      	bls.n	20000f08 <__udivmoddi4+0x118>
20000ee8:	eb1c 0202 	adds.w	r2, ip, r2
20000eec:	f106 38ff 	add.w	r8, r6, #4294967295
20000ef0:	bf2c      	ite	cs
20000ef2:	f04f 0901 	movcs.w	r9, #1
20000ef6:	f04f 0900 	movcc.w	r9, #0
20000efa:	4290      	cmp	r0, r2
20000efc:	d903      	bls.n	20000f06 <__udivmoddi4+0x116>
20000efe:	f1b9 0f00 	cmp.w	r9, #0
20000f02:	f000 80dc 	beq.w	200010be <__udivmoddi4+0x2ce>
20000f06:	4646      	mov	r6, r8
20000f08:	1a12      	subs	r2, r2, r0
20000f0a:	b2a4      	uxth	r4, r4
20000f0c:	fbb2 f0fe 	udiv	r0, r2, lr
20000f10:	fb0e 2210 	mls	r2, lr, r0, r2
20000f14:	fb00 f707 	mul.w	r7, r0, r7
20000f18:	ea44 4402 	orr.w	r4, r4, r2, lsl #16
20000f1c:	42a7      	cmp	r7, r4
20000f1e:	d90f      	bls.n	20000f40 <__udivmoddi4+0x150>
20000f20:	eb1c 0404 	adds.w	r4, ip, r4
20000f24:	f100 32ff 	add.w	r2, r0, #4294967295
20000f28:	bf2c      	ite	cs
20000f2a:	f04f 0e01 	movcs.w	lr, #1
20000f2e:	f04f 0e00 	movcc.w	lr, #0
20000f32:	42a7      	cmp	r7, r4
20000f34:	d903      	bls.n	20000f3e <__udivmoddi4+0x14e>
20000f36:	f1be 0f00 	cmp.w	lr, #0
20000f3a:	f000 80c9 	beq.w	200010d0 <__udivmoddi4+0x2e0>
20000f3e:	4610      	mov	r0, r2
20000f40:	1be4      	subs	r4, r4, r7
20000f42:	ea40 4006 	orr.w	r0, r0, r6, lsl #16
20000f46:	e79c      	b.n	20000e82 <__udivmoddi4+0x92>
20000f48:	f1c1 0420 	rsb	r4, r1, #32
20000f4c:	408b      	lsls	r3, r1
20000f4e:	fa06 fc01 	lsl.w	ip, r6, r1
20000f52:	fa00 fe01 	lsl.w	lr, r0, r1
20000f56:	fa22 f704 	lsr.w	r7, r2, r4
20000f5a:	40e6      	lsrs	r6, r4
20000f5c:	408a      	lsls	r2, r1
20000f5e:	431f      	orrs	r7, r3
20000f60:	fa20 f304 	lsr.w	r3, r0, r4
20000f64:	ea4f 4817 	mov.w	r8, r7, lsr #16
20000f68:	ea43 030c 	orr.w	r3, r3, ip
20000f6c:	fa1f fc87 	uxth.w	ip, r7
20000f70:	ea4f 4913 	mov.w	r9, r3, lsr #16
20000f74:	fbb6 f0f8 	udiv	r0, r6, r8
20000f78:	fb08 6610 	mls	r6, r8, r0, r6
20000f7c:	ea49 4606 	orr.w	r6, r9, r6, lsl #16
20000f80:	fb00 f90c 	mul.w	r9, r0, ip
20000f84:	45b1      	cmp	r9, r6
20000f86:	d90e      	bls.n	20000fa6 <__udivmoddi4+0x1b6>
20000f88:	19be      	adds	r6, r7, r6
20000f8a:	f100 3aff 	add.w	sl, r0, #4294967295
20000f8e:	bf2c      	ite	cs
20000f90:	f04f 0b01 	movcs.w	fp, #1
20000f94:	f04f 0b00 	movcc.w	fp, #0
20000f98:	45b1      	cmp	r9, r6
20000f9a:	d903      	bls.n	20000fa4 <__udivmoddi4+0x1b4>
20000f9c:	f1bb 0f00 	cmp.w	fp, #0
20000fa0:	f000 80a2 	beq.w	200010e8 <__udivmoddi4+0x2f8>
20000fa4:	4650      	mov	r0, sl
20000fa6:	eba6 0609 	sub.w	r6, r6, r9
20000faa:	fa1f f983 	uxth.w	r9, r3
20000fae:	fbb6 f3f8 	udiv	r3, r6, r8
20000fb2:	fb08 6613 	mls	r6, r8, r3, r6
20000fb6:	fb03 fc0c 	mul.w	ip, r3, ip
20000fba:	ea49 4606 	orr.w	r6, r9, r6, lsl #16
20000fbe:	45b4      	cmp	ip, r6
20000fc0:	d90e      	bls.n	20000fe0 <__udivmoddi4+0x1f0>
20000fc2:	19be      	adds	r6, r7, r6
20000fc4:	f103 38ff 	add.w	r8, r3, #4294967295
20000fc8:	bf2c      	ite	cs
20000fca:	f04f 0901 	movcs.w	r9, #1
20000fce:	f04f 0900 	movcc.w	r9, #0
20000fd2:	45b4      	cmp	ip, r6
20000fd4:	d903      	bls.n	20000fde <__udivmoddi4+0x1ee>
20000fd6:	f1b9 0f00 	cmp.w	r9, #0
20000fda:	f000 8082 	beq.w	200010e2 <__udivmoddi4+0x2f2>
20000fde:	4643      	mov	r3, r8
20000fe0:	ea43 4000 	orr.w	r0, r3, r0, lsl #16
20000fe4:	eba6 060c 	sub.w	r6, r6, ip
20000fe8:	fba0 8c02 	umull	r8, ip, r0, r2
20000fec:	4566      	cmp	r6, ip
20000fee:	4643      	mov	r3, r8
20000ff0:	46e1      	mov	r9, ip
20000ff2:	d302      	bcc.n	20000ffa <__udivmoddi4+0x20a>
20000ff4:	d107      	bne.n	20001006 <__udivmoddi4+0x216>
20000ff6:	45c6      	cmp	lr, r8
20000ff8:	d205      	bcs.n	20001006 <__udivmoddi4+0x216>
20000ffa:	ebb8 0302 	subs.w	r3, r8, r2
20000ffe:	eb6c 0c07 	sbc.w	ip, ip, r7
20001002:	3801      	subs	r0, #1
20001004:	46e1      	mov	r9, ip
20001006:	b15d      	cbz	r5, 20001020 <__udivmoddi4+0x230>
20001008:	ebbe 0203 	subs.w	r2, lr, r3
2000100c:	eb66 0609 	sbc.w	r6, r6, r9
20001010:	fa06 f404 	lsl.w	r4, r6, r4
20001014:	fa22 f301 	lsr.w	r3, r2, r1
20001018:	40ce      	lsrs	r6, r1
2000101a:	431c      	orrs	r4, r3
2000101c:	e9c5 4600 	strd	r4, r6, [r5]
20001020:	2100      	movs	r1, #0
20001022:	e733      	b.n	20000e8c <__udivmoddi4+0x9c>
20001024:	fa02 fc03 	lsl.w	ip, r2, r3
20001028:	f1c3 0220 	rsb	r2, r3, #32
2000102c:	4099      	lsls	r1, r3
2000102e:	409c      	lsls	r4, r3
20001030:	40d6      	lsrs	r6, r2
20001032:	ea4f 4e1c 	mov.w	lr, ip, lsr #16
20001036:	fa20 f202 	lsr.w	r2, r0, r2
2000103a:	fa1f f78c 	uxth.w	r7, ip
2000103e:	fbb6 f0fe 	udiv	r0, r6, lr
20001042:	430a      	orrs	r2, r1
20001044:	fb0e 6610 	mls	r6, lr, r0, r6
20001048:	0c11      	lsrs	r1, r2, #16
2000104a:	ea41 4106 	orr.w	r1, r1, r6, lsl #16
2000104e:	fb00 f607 	mul.w	r6, r0, r7
20001052:	428e      	cmp	r6, r1
20001054:	d90e      	bls.n	20001074 <__udivmoddi4+0x284>
20001056:	eb1c 0101 	adds.w	r1, ip, r1
2000105a:	f100 38ff 	add.w	r8, r0, #4294967295
2000105e:	bf2c      	ite	cs
20001060:	f04f 0901 	movcs.w	r9, #1
20001064:	f04f 0900 	movcc.w	r9, #0
20001068:	428e      	cmp	r6, r1
2000106a:	d902      	bls.n	20001072 <__udivmoddi4+0x282>
2000106c:	f1b9 0f00 	cmp.w	r9, #0
20001070:	d034      	beq.n	200010dc <__udivmoddi4+0x2ec>
20001072:	4640      	mov	r0, r8
20001074:	1b89      	subs	r1, r1, r6
20001076:	b292      	uxth	r2, r2
20001078:	fbb1 f6fe 	udiv	r6, r1, lr
2000107c:	fb0e 1116 	mls	r1, lr, r6, r1
20001080:	ea42 4201 	orr.w	r2, r2, r1, lsl #16
20001084:	fb06 f107 	mul.w	r1, r6, r7
20001088:	4291      	cmp	r1, r2
2000108a:	d90e      	bls.n	200010aa <__udivmoddi4+0x2ba>
2000108c:	eb1c 0202 	adds.w	r2, ip, r2
20001090:	f106 38ff 	add.w	r8, r6, #4294967295
20001094:	bf2c      	ite	cs
20001096:	f04f 0901 	movcs.w	r9, #1
2000109a:	f04f 0900 	movcc.w	r9, #0
2000109e:	4291      	cmp	r1, r2
200010a0:	d902      	bls.n	200010a8 <__udivmoddi4+0x2b8>
200010a2:	f1b9 0f00 	cmp.w	r9, #0
200010a6:	d016      	beq.n	200010d6 <__udivmoddi4+0x2e6>
200010a8:	4646      	mov	r6, r8
200010aa:	1a52      	subs	r2, r2, r1
200010ac:	ea46 4100 	orr.w	r1, r6, r0, lsl #16
200010b0:	e70f      	b.n	20000ed2 <__udivmoddi4+0xe2>
200010b2:	1a84      	subs	r4, r0, r2
200010b4:	eb66 0203 	sbc.w	r2, r6, r3
200010b8:	2001      	movs	r0, #1
200010ba:	4617      	mov	r7, r2
200010bc:	e6fb      	b.n	20000eb6 <__udivmoddi4+0xc6>
200010be:	3e02      	subs	r6, #2
200010c0:	4462      	add	r2, ip
200010c2:	e721      	b.n	20000f08 <__udivmoddi4+0x118>
200010c4:	3902      	subs	r1, #2
200010c6:	4462      	add	r2, ip
200010c8:	e6c1      	b.n	20000e4e <__udivmoddi4+0x5e>
200010ca:	4464      	add	r4, ip
200010cc:	3802      	subs	r0, #2
200010ce:	e6d3      	b.n	20000e78 <__udivmoddi4+0x88>
200010d0:	4464      	add	r4, ip
200010d2:	3802      	subs	r0, #2
200010d4:	e734      	b.n	20000f40 <__udivmoddi4+0x150>
200010d6:	3e02      	subs	r6, #2
200010d8:	4462      	add	r2, ip
200010da:	e7e6      	b.n	200010aa <__udivmoddi4+0x2ba>
200010dc:	3802      	subs	r0, #2
200010de:	4461      	add	r1, ip
200010e0:	e7c8      	b.n	20001074 <__udivmoddi4+0x284>
200010e2:	3b02      	subs	r3, #2
200010e4:	443e      	add	r6, r7
200010e6:	e77b      	b.n	20000fe0 <__udivmoddi4+0x1f0>
200010e8:	3802      	subs	r0, #2
200010ea:	443e      	add	r6, r7
200010ec:	e75b      	b.n	20000fa6 <__udivmoddi4+0x1b6>
200010ee:	bf00      	nop

200010f0 <__aeabi_idiv0>:
200010f0:	4770      	bx	lr
200010f2:	bf00      	nop

200010f4 <memset>:
200010f4:	b570      	push	{r4, r5, r6, lr}
200010f6:	0786      	lsls	r6, r0, #30
200010f8:	d047      	beq.n	2000118a <memset+0x96>
200010fa:	1e54      	subs	r4, r2, #1
200010fc:	2a00      	cmp	r2, #0
200010fe:	d03e      	beq.n	2000117e <memset+0x8a>
20001100:	b2ca      	uxtb	r2, r1
20001102:	4603      	mov	r3, r0
20001104:	e001      	b.n	2000110a <memset+0x16>
20001106:	3c01      	subs	r4, #1
20001108:	d339      	bcc.n	2000117e <memset+0x8a>
2000110a:	f803 2b01 	strb.w	r2, [r3], #1
2000110e:	079d      	lsls	r5, r3, #30
20001110:	d1f9      	bne.n	20001106 <memset+0x12>
20001112:	2c03      	cmp	r4, #3
20001114:	d92c      	bls.n	20001170 <memset+0x7c>
20001116:	b2cd      	uxtb	r5, r1
20001118:	2c0f      	cmp	r4, #15
2000111a:	eb05 2505 	add.w	r5, r5, r5, lsl #8
2000111e:	eb05 4505 	add.w	r5, r5, r5, lsl #16
20001122:	d935      	bls.n	20001190 <memset+0x9c>
20001124:	f1a4 0c10 	sub.w	ip, r4, #16
20001128:	f103 0e10 	add.w	lr, r3, #16
2000112c:	461a      	mov	r2, r3
2000112e:	f02c 060f 	bic.w	r6, ip, #15
20001132:	ea4f 1c1c 	mov.w	ip, ip, lsr #4
20001136:	44b6      	add	lr, r6
20001138:	e9c2 5500 	strd	r5, r5, [r2]
2000113c:	e9c2 5502 	strd	r5, r5, [r2, #8]
20001140:	3210      	adds	r2, #16
20001142:	4572      	cmp	r2, lr
20001144:	d1f8      	bne.n	20001138 <memset+0x44>
20001146:	f10c 0201 	add.w	r2, ip, #1
2000114a:	f014 0f0c 	tst.w	r4, #12
2000114e:	f004 0c0f 	and.w	ip, r4, #15
20001152:	eb03 1202 	add.w	r2, r3, r2, lsl #4
20001156:	d013      	beq.n	20001180 <memset+0x8c>
20001158:	f1ac 0304 	sub.w	r3, ip, #4
2000115c:	f023 0303 	bic.w	r3, r3, #3
20001160:	3304      	adds	r3, #4
20001162:	4413      	add	r3, r2
20001164:	f842 5b04 	str.w	r5, [r2], #4
20001168:	4293      	cmp	r3, r2
2000116a:	d1fb      	bne.n	20001164 <memset+0x70>
2000116c:	f00c 0403 	and.w	r4, ip, #3
20001170:	b12c      	cbz	r4, 2000117e <memset+0x8a>
20001172:	b2c9      	uxtb	r1, r1
20001174:	441c      	add	r4, r3
20001176:	f803 1b01 	strb.w	r1, [r3], #1
2000117a:	42a3      	cmp	r3, r4
2000117c:	d1fb      	bne.n	20001176 <memset+0x82>
2000117e:	bd70      	pop	{r4, r5, r6, pc}
20001180:	4664      	mov	r4, ip
20001182:	4613      	mov	r3, r2
20001184:	2c00      	cmp	r4, #0
20001186:	d1f4      	bne.n	20001172 <memset+0x7e>
20001188:	e7f9      	b.n	2000117e <memset+0x8a>
2000118a:	4603      	mov	r3, r0
2000118c:	4614      	mov	r4, r2
2000118e:	e7c0      	b.n	20001112 <memset+0x1e>
20001190:	461a      	mov	r2, r3
20001192:	46a4      	mov	ip, r4
20001194:	e7e0      	b.n	20001158 <memset+0x64>
20001196:	bf00      	nop

20001198 <memcpy>:
20001198:	4684      	mov	ip, r0
2000119a:	ea41 0300 	orr.w	r3, r1, r0
2000119e:	f013 0303 	ands.w	r3, r3, #3
200011a2:	d149      	bne.n	20001238 <memcpy+0xa0>
200011a4:	3a40      	subs	r2, #64	@ 0x40
200011a6:	d323      	bcc.n	200011f0 <memcpy+0x58>
200011a8:	680b      	ldr	r3, [r1, #0]
200011aa:	6003      	str	r3, [r0, #0]
200011ac:	684b      	ldr	r3, [r1, #4]
200011ae:	6043      	str	r3, [r0, #4]
200011b0:	688b      	ldr	r3, [r1, #8]
200011b2:	6083      	str	r3, [r0, #8]
200011b4:	68cb      	ldr	r3, [r1, #12]
200011b6:	60c3      	str	r3, [r0, #12]
200011b8:	690b      	ldr	r3, [r1, #16]
200011ba:	6103      	str	r3, [r0, #16]
200011bc:	694b      	ldr	r3, [r1, #20]
200011be:	6143      	str	r3, [r0, #20]
200011c0:	698b      	ldr	r3, [r1, #24]
200011c2:	6183      	str	r3, [r0, #24]
200011c4:	69cb      	ldr	r3, [r1, #28]
200011c6:	61c3      	str	r3, [r0, #28]
200011c8:	6a0b      	ldr	r3, [r1, #32]
200011ca:	6203      	str	r3, [r0, #32]
200011cc:	6a4b      	ldr	r3, [r1, #36]	@ 0x24
200011ce:	6243      	str	r3, [r0, #36]	@ 0x24
200011d0:	6a8b      	ldr	r3, [r1, #40]	@ 0x28
200011d2:	6283      	str	r3, [r0, #40]	@ 0x28
200011d4:	6acb      	ldr	r3, [r1, #44]	@ 0x2c
200011d6:	62c3      	str	r3, [r0, #44]	@ 0x2c
200011d8:	6b0b      	ldr	r3, [r1, #48]	@ 0x30
200011da:	6303      	str	r3, [r0, #48]	@ 0x30
200011dc:	6b4b      	ldr	r3, [r1, #52]	@ 0x34
200011de:	6343      	str	r3, [r0, #52]	@ 0x34
200011e0:	6b8b      	ldr	r3, [r1, #56]	@ 0x38
200011e2:	6383      	str	r3, [r0, #56]	@ 0x38
200011e4:	6bcb      	ldr	r3, [r1, #60]	@ 0x3c
200011e6:	63c3      	str	r3, [r0, #60]	@ 0x3c
200011e8:	3040      	adds	r0, #64	@ 0x40
200011ea:	3140      	adds	r1, #64	@ 0x40
200011ec:	3a40      	subs	r2, #64	@ 0x40
200011ee:	d2db      	bcs.n	200011a8 <memcpy+0x10>
200011f0:	3230      	adds	r2, #48	@ 0x30
200011f2:	d30b      	bcc.n	2000120c <memcpy+0x74>
200011f4:	680b      	ldr	r3, [r1, #0]
200011f6:	6003      	str	r3, [r0, #0]
200011f8:	684b      	ldr	r3, [r1, #4]
200011fa:	6043      	str	r3, [r0, #4]
200011fc:	688b      	ldr	r3, [r1, #8]
200011fe:	6083      	str	r3, [r0, #8]
20001200:	68cb      	ldr	r3, [r1, #12]
20001202:	60c3      	str	r3, [r0, #12]
20001204:	3010      	adds	r0, #16
20001206:	3110      	adds	r1, #16
20001208:	3a10      	subs	r2, #16
2000120a:	d2f3      	bcs.n	200011f4 <memcpy+0x5c>
2000120c:	320c      	adds	r2, #12
2000120e:	d305      	bcc.n	2000121c <memcpy+0x84>
20001210:	f851 3b04 	ldr.w	r3, [r1], #4
20001214:	f840 3b04 	str.w	r3, [r0], #4
20001218:	3a04      	subs	r2, #4
2000121a:	d2f9      	bcs.n	20001210 <memcpy+0x78>
2000121c:	3204      	adds	r2, #4
2000121e:	d008      	beq.n	20001232 <memcpy+0x9a>
20001220:	07d2      	lsls	r2, r2, #31
20001222:	bf1c      	itt	ne
20001224:	f811 3b01 	ldrbne.w	r3, [r1], #1
20001228:	f800 3b01 	strbne.w	r3, [r0], #1
2000122c:	d301      	bcc.n	20001232 <memcpy+0x9a>
2000122e:	880b      	ldrh	r3, [r1, #0]
20001230:	8003      	strh	r3, [r0, #0]
20001232:	4660      	mov	r0, ip
20001234:	4770      	bx	lr
20001236:	bf00      	nop
20001238:	2a08      	cmp	r2, #8
2000123a:	d313      	bcc.n	20001264 <memcpy+0xcc>
2000123c:	078b      	lsls	r3, r1, #30
2000123e:	d0b1      	beq.n	200011a4 <memcpy+0xc>
20001240:	f010 0303 	ands.w	r3, r0, #3
20001244:	d0ae      	beq.n	200011a4 <memcpy+0xc>
20001246:	f1c3 0304 	rsb	r3, r3, #4
2000124a:	1ad2      	subs	r2, r2, r3
2000124c:	07db      	lsls	r3, r3, #31
2000124e:	bf1c      	itt	ne
20001250:	f811 3b01 	ldrbne.w	r3, [r1], #1
20001254:	f800 3b01 	strbne.w	r3, [r0], #1
20001258:	d3a4      	bcc.n	200011a4 <memcpy+0xc>
2000125a:	f831 3b02 	ldrh.w	r3, [r1], #2
2000125e:	f820 3b02 	strh.w	r3, [r0], #2
20001262:	e79f      	b.n	200011a4 <memcpy+0xc>
20001264:	3a04      	subs	r2, #4
20001266:	d3d9      	bcc.n	2000121c <memcpy+0x84>
20001268:	3a01      	subs	r2, #1
2000126a:	f811 3b01 	ldrb.w	r3, [r1], #1
2000126e:	f800 3b01 	strb.w	r3, [r0], #1
20001272:	d2f9      	bcs.n	20001268 <memcpy+0xd0>
20001274:	780b      	ldrb	r3, [r1, #0]
20001276:	7003      	strb	r3, [r0, #0]
20001278:	784b      	ldrb	r3, [r1, #1]
2000127a:	7043      	strb	r3, [r0, #1]
2000127c:	788b      	ldrb	r3, [r1, #2]
2000127e:	7083      	strb	r3, [r0, #2]
20001280:	4660      	mov	r0, ip
20001282:	4770      	bx	lr
20001284:	0000      	movs	r0, r0
	...

20001288 <__time_us_64_veneer>:
20001288:	f85f f000 	ldr.w	pc, [pc]	@ 2000128c <__time_us_64_veneer+0x4>
2000128c:	10001c0d 	.word	0x10001c0d

20001290 <__tu_fifo_write_veneer>:
20001290:	f85f f000 	ldr.w	pc, [pc]	@ 20001294 <__tu_fifo_write_veneer+0x4>
20001294:	10005b31 	.word	0x10005b31

20001298 <__best_effort_wfe_or_timeout_veneer>:
20001298:	f85f f000 	ldr.w	pc, [pc]	@ 2000129c <__best_effort_wfe_or_timeout_veneer+0x4>
2000129c:	10001b05 	.word	0x10001b05

200012a0 <__tud_event_hook_cb_veneer>:
200012a0:	f85f f000 	ldr.w	pc, [pc]	@ 200012a4 <__tud_event_hook_cb_veneer+0x4>
200012a4:	10004569 	.word	0x10004569

200012a8 <__panic_veneer>:
200012a8:	f85f f000 	ldr.w	pc, [pc]	@ 200012ac <__panic_veneer+0x4>
200012ac:	10000ed1 	.word	0x10000ed1

200012b0 <striped_spin_lock_num>:
200012b0:	00000010                                ....

200012b4 <irq_handler_chain_slots>:
200012b4:	00000000 	.word	0x00000000
200012b8:	00010000 	.word	0x00010000
	...
200012c4:	00020000 	.word	0x00020000
	...
200012d0:	00030000 	.word	0x00030000
	...
200012dc:	00040000 	.word	0x00040000
	...
200012e8:	00050000 	.word	0x00050000
	...
200012f4:	00ff0000 	.word	0x00ff0000
200012f8:	00000000 	.word	0x00000000

200012fc <irq_handler_chain_first_slot>:
200012fc:	b501      	push	{r0, lr}
200012fe:	6848      	ldr	r0, [r1, #4]
20001300:	3101      	adds	r1, #1
20001302:	468e      	mov	lr, r1
20001304:	4700      	bx	r0

20001306 <irq_handler_chain_remove_tail>:
20001306:	4670      	mov	r0, lr
20001308:	3809      	subs	r0, #9
2000130a:	4901      	ldr	r1, [pc, #4]	@ (20001310 <irq_handler_chain_remove_tail+0xa>)
2000130c:	4788      	blx	r1
2000130e:	bd01      	pop	{r0, pc}
20001310:	100012dd 	.word	0x100012dd
20001314:	00000000 	.word	0x00000000

20001318 <last_added.0>:
20001318:	ffffffff 7fffffff                       ........

20001320 <default_alarm_pool>:
	...
20001334:	20001440                                @.. 

20001338 <stdio_usb>:
20001338:	10003d9d 10003d49 10003cc1 10003cad     .=..I=...<...<..
20001348:	00000000 00000100                       ........

20001350 <_usbd_qdef>:
20001350:	20001734 000c0010 00000000 00000000     4.. ............
	...

2000136c <_usbd_rhport>:
2000136c:	000000ff                                ....

20001370 <print_mutex>:
	...
