
Z:/Code/Github/Ounce/Hardware/host-src/build_pico1/ounce_master.elf:     file format elf32-littlearm

Sections:
Idx Name          Size      VMA       LMA       File off  Algn
  0 .boot2        00000100  10000000  10000000  00001000  2**0
                  CONTENTS, ALLOC, LOAD, READONLY, CODE
  1 .text         00007998  10000100  10000100  00001100  2**3
                  CONTENTS, ALLOC, LOAD, READONLY, CODE
  2 .rodata       000006dc  10007a98  10007a98  00008a98  2**3
                  CONTENTS, ALLOC, LOAD, READONLY, DATA
  3 .binary_info  00000020  10008174  10008174  00009174  2**2
                  CONTENTS, ALLOC, LOAD, READONLY, DATA
  4 .xip_ram      00000000  15000000  15000000  0000b610  2**0
                  CONTENTS
  5 .ram_vector_table 000000c0  20000000  20000000  0000c000  2**2
                  ALLOC
  6 .uninitialized_data 00000000  200000c0  200000c0  0000b610  2**0
                  CONTENTS
  7 .data         00001550  200000c0  10008194  0000a0c0  2**4
                  CONTENTS, ALLOC, LOAD, READONLY, CODE
  8 .tdata        00000000  20001610  20001610  0000b610  2**0
                  CONTENTS, ALLOC, LOAD, DATA, THREAD_LOCAL
  9 .tbss         00000000  20001610  20001610  00000000  2**0
                  ALLOC, THREAD_LOCAL
 10 .tbss_space   00000000  20001610  20001610  0000b610  2**0
                  CONTENTS
 11 .bss          00000d90  20001610  100096e4  0000b610  2**3
                  ALLOC
 12 .tls0         00000000  200023a0  200023a0  0000b610  2**0
                  CONTENTS
 13 .tls1         00000000  200023a0  200023a0  0000b610  2**0
                  CONTENTS
 14 .persistent_data 00000000  200023a0  200023a0  0000b610  2**0
                  CONTENTS
 15 .dummy_pre_heap 00000000  200023a0  200023a0  0000b610  2**0
                  CONTENTS
 16 .heap         00000800  200023a0  200023a0  0000c3a0  2**2
                  ALLOC, READONLY
 17 .scratch_x    00000000  20040000  20040000  0000b610  2**0
                  CONTENTS
 18 .scratch_y    00000000  20041000  20041000  0000b610  2**0
                  CONTENTS
 19 .stack_dummy  00000800  20041000  20041000  0000c000  2**5
                  ALLOC, READONLY
 20 .debug_info   00031ff7  00000000  00000000  0000b610  2**0
                  CONTENTS, READONLY, DEBUGGING, OCTETS
 21 .debug_abbrev 00008e6b  00000000  00000000  0003d607  2**0
                  CONTENTS, READONLY, DEBUGGING, OCTETS
 22 .debug_loclists 0001b3b5  00000000  00000000  00046472  2**0
                  CONTENTS, READONLY, DEBUGGING, OCTETS
 23 .debug_aranges 000016c0  00000000  00000000  00061828  2**3
                  CONTENTS, READONLY, DEBUGGING, OCTETS
 24 .debug_rnglists 00004683  00000000  00000000  00062ee8  2**0
                  CONTENTS, READONLY, DEBUGGING, OCTETS
 25 .debug_line   00025317  00000000  00000000  0006756b  2**0
                  CONTENTS, READONLY, DEBUGGING, OCTETS
 26 .debug_str    00009604  00000000  00000000  0008c882  2**0
                  CONTENTS, READONLY, DEBUGGING, OCTETS
 27 .comment      00000045  00000000  00000000  00095e86  2**0
                  CONTENTS, READONLY
 28 .ARM.attributes 0000002a  00000000  00000000  00095ecb  2**0
                  CONTENTS, READONLY
 29 .debug_frame  000034d4  00000000  00000000  00095ef8  2**2
                  CONTENTS, READONLY, DEBUGGING, OCTETS
 30 .debug_line_str 00000380  00000000  00000000  000993cc  2**0
                  CONTENTS, READONLY, DEBUGGING, OCTETS

Z:/Code/Github/Ounce/Hardware/host-src/build_pico1/ounce_master.elf:     file format elf32-littlearm


Disassembly of section .boot2:

10000000 <__boot2_start__>:
10000000:	4b32b500 	.word	0x4b32b500
10000004:	60582021 	.word	0x60582021
10000008:	21026898 	.word	0x21026898
1000000c:	60984388 	.word	0x60984388
10000010:	611860d8 	.word	0x611860d8
10000014:	4b2e6158 	.word	0x4b2e6158
10000018:	60992100 	.word	0x60992100
1000001c:	61592102 	.word	0x61592102
10000020:	22f02101 	.word	0x22f02101
10000024:	492b5099 	.word	0x492b5099
10000028:	21016019 	.word	0x21016019
1000002c:	20356099 	.word	0x20356099
10000030:	f844f000 	.word	0xf844f000
10000034:	42902202 	.word	0x42902202
10000038:	2106d014 	.word	0x2106d014
1000003c:	f0006619 	.word	0xf0006619
10000040:	6e19f834 	.word	0x6e19f834
10000044:	66192101 	.word	0x66192101
10000048:	66182000 	.word	0x66182000
1000004c:	f000661a 	.word	0xf000661a
10000050:	6e19f82c 	.word	0x6e19f82c
10000054:	6e196e19 	.word	0x6e196e19
10000058:	f0002005 	.word	0xf0002005
1000005c:	2101f82f 	.word	0x2101f82f
10000060:	d1f94208 	.word	0xd1f94208
10000064:	60992100 	.word	0x60992100
10000068:	6019491b 	.word	0x6019491b
1000006c:	60592100 	.word	0x60592100
10000070:	481b491a 	.word	0x481b491a
10000074:	21016001 	.word	0x21016001
10000078:	21eb6099 	.word	0x21eb6099
1000007c:	21a06619 	.word	0x21a06619
10000080:	f0006619 	.word	0xf0006619
10000084:	2100f812 	.word	0x2100f812
10000088:	49166099 	.word	0x49166099
1000008c:	60014814 	.word	0x60014814
10000090:	60992101 	.word	0x60992101
10000094:	2800bc01 	.word	0x2800bc01
10000098:	4700d000 	.word	0x4700d000
1000009c:	49134812 	.word	0x49134812
100000a0:	c8036008 	.word	0xc8036008
100000a4:	8808f380 	.word	0x8808f380
100000a8:	b5034708 	.word	0xb5034708
100000ac:	20046a99 	.word	0x20046a99
100000b0:	d0fb4201 	.word	0xd0fb4201
100000b4:	42012001 	.word	0x42012001
100000b8:	bd03d1f8 	.word	0xbd03d1f8
100000bc:	6618b502 	.word	0x6618b502
100000c0:	f7ff6618 	.word	0xf7ff6618
100000c4:	6e18fff2 	.word	0x6e18fff2
100000c8:	bd026e18 	.word	0xbd026e18
100000cc:	40020000 	.word	0x40020000
100000d0:	18000000 	.word	0x18000000
100000d4:	00070000 	.word	0x00070000
100000d8:	005f0300 	.word	0x005f0300
100000dc:	00002221 	.word	0x00002221
100000e0:	180000f4 	.word	0x180000f4
100000e4:	a0002022 	.word	0xa0002022
100000e8:	10000100 	.word	0x10000100
100000ec:	e000ed08 	.word	0xe000ed08
	...
100000fc:	7a4eb274 	.word	0x7a4eb274

Disassembly of section .text:

10000100 <__VECTOR_TABLE>:
10000100:	20042000 	.word	0x20042000
10000104:	100001f7 	.word	0x100001f7
10000108:	100001cb 	.word	0x100001cb
1000010c:	100001cd 	.word	0x100001cd
10000110:	100001c9 	.word	0x100001c9
10000114:	100001c9 	.word	0x100001c9
10000118:	100001c9 	.word	0x100001c9
1000011c:	100001c9 	.word	0x100001c9
10000120:	100001c9 	.word	0x100001c9
10000124:	100001c9 	.word	0x100001c9
10000128:	100001c9 	.word	0x100001c9
1000012c:	100001cf 	.word	0x100001cf
10000130:	100001c9 	.word	0x100001c9
10000134:	100001c9 	.word	0x100001c9
10000138:	100001d1 	.word	0x100001d1
1000013c:	100001d3 	.word	0x100001d3
10000140:	100001c1 	.word	0x100001c1
10000144:	100001c1 	.word	0x100001c1
10000148:	100001c1 	.word	0x100001c1
1000014c:	100001c1 	.word	0x100001c1
10000150:	100001c1 	.word	0x100001c1
10000154:	100001c1 	.word	0x100001c1
10000158:	100001c1 	.word	0x100001c1
1000015c:	100001c1 	.word	0x100001c1
10000160:	100001c1 	.word	0x100001c1
10000164:	100001c1 	.word	0x100001c1
10000168:	100001c1 	.word	0x100001c1
1000016c:	100001c1 	.word	0x100001c1
10000170:	100001c1 	.word	0x100001c1
10000174:	100001c1 	.word	0x100001c1
10000178:	100001c1 	.word	0x100001c1
1000017c:	100001c1 	.word	0x100001c1
10000180:	100001c1 	.word	0x100001c1
10000184:	100001c1 	.word	0x100001c1
10000188:	100001c1 	.word	0x100001c1
1000018c:	100001c1 	.word	0x100001c1
10000190:	100001c1 	.word	0x100001c1
10000194:	100001c1 	.word	0x100001c1
10000198:	100001c1 	.word	0x100001c1
1000019c:	100001c1 	.word	0x100001c1
100001a0:	100001c1 	.word	0x100001c1
100001a4:	100001c1 	.word	0x100001c1
100001a8:	100001c1 	.word	0x100001c1
100001ac:	100001c1 	.word	0x100001c1
100001b0:	100001c1 	.word	0x100001c1
100001b4:	100001c1 	.word	0x100001c1
100001b8:	100001c1 	.word	0x100001c1
100001bc:	100001c1 	.word	0x100001c1

100001c0 <__unhandled_user_irq>:
100001c0:	f3ef 8005 	mrs	r0, IPSR
100001c4:	3810      	subs	r0, #16

100001c6 <unhandled_user_irq_num_in_r0>:
100001c6:	be00      	bkpt	0x0000

100001c8 <isr_invalid>:
100001c8:	be00      	bkpt	0x0000

100001ca <isr_nmi>:
100001ca:	be00      	bkpt	0x0000

100001cc <isr_hardfault>:
100001cc:	be00      	bkpt	0x0000

100001ce <isr_svcall>:
100001ce:	be00      	bkpt	0x0000

100001d0 <isr_pendsv>:
100001d0:	be00      	bkpt	0x0000

100001d2 <isr_systick>:
100001d2:	be00      	bkpt	0x0000

100001d4 <__default_isrs_end>:
100001d4:	7188ebf2 	.word	0x7188ebf2
100001d8:	10008174 	.word	0x10008174
100001dc:	10008194 	.word	0x10008194
100001e0:	10000238 	.word	0x10000238
100001e4:	e71aa390 	.word	0xe71aa390

100001e8 <_entry_point>:
100001e8:	2000      	movs	r0, #0

100001ea <_enter_vtable_in_r0>:
100001ea:	491e      	ldr	r1, [pc, #120]	@ (10000264 <data_cpy_table+0x2c>)
100001ec:	6008      	str	r0, [r1, #0]
100001ee:	c806      	ldmia	r0!, {r1, r2}
100001f0:	f381 8808 	msr	MSP, r1
100001f4:	4710      	bx	r2

100001f6 <_reset_handler>:
100001f6:	481c      	ldr	r0, [pc, #112]	@ (10000268 <data_cpy_table+0x30>)
100001f8:	6800      	ldr	r0, [r0, #0]
100001fa:	2800      	cmp	r0, #0
100001fc:	d001      	beq.n	10000202 <hold_non_core0_in_bootrom+0x4>

100001fe <hold_non_core0_in_bootrom>:
100001fe:	2000      	movs	r0, #0
10000200:	e7f3      	b.n	100001ea <_enter_vtable_in_r0>
10000202:	a40d      	add	r4, pc, #52	@ (adr r4, 10000238 <data_cpy_table>)
10000204:	cc0e      	ldmia	r4!, {r1, r2, r3}
10000206:	2900      	cmp	r1, #0
10000208:	d002      	beq.n	10000210 <hold_non_core0_in_bootrom+0x12>
1000020a:	f000 f812 	bl	10000232 <data_cpy>
1000020e:	e7f9      	b.n	10000204 <hold_non_core0_in_bootrom+0x6>
10000210:	4916      	ldr	r1, [pc, #88]	@ (1000026c <data_cpy_table+0x34>)
10000212:	4a17      	ldr	r2, [pc, #92]	@ (10000270 <data_cpy_table+0x38>)
10000214:	2000      	movs	r0, #0
10000216:	e000      	b.n	1000021a <bss_fill_test>

10000218 <bss_fill_loop>:
10000218:	c101      	stmia	r1!, {r0}

1000021a <bss_fill_test>:
1000021a:	4291      	cmp	r1, r2
1000021c:	d1fc      	bne.n	10000218 <bss_fill_loop>

1000021e <platform_entry>:
1000021e:	4915      	ldr	r1, [pc, #84]	@ (10000274 <data_cpy_table+0x3c>)
10000220:	4788      	blx	r1
10000222:	4915      	ldr	r1, [pc, #84]	@ (10000278 <data_cpy_table+0x40>)
10000224:	4788      	blx	r1
10000226:	4915      	ldr	r1, [pc, #84]	@ (1000027c <data_cpy_table+0x44>)
10000228:	4788      	blx	r1
1000022a:	be00      	bkpt	0x0000
1000022c:	e7fd      	b.n	1000022a <platform_entry+0xc>

1000022e <data_cpy_loop>:
1000022e:	c901      	ldmia	r1!, {r0}
10000230:	c201      	stmia	r2!, {r0}

10000232 <data_cpy>:
10000232:	429a      	cmp	r2, r3
10000234:	d3fb      	bcc.n	1000022e <data_cpy_loop>

10000236 <data_cpy_done>:
10000236:	4770      	bx	lr

10000238 <data_cpy_table>:
10000238:	10008194 	.word	0x10008194
1000023c:	200000c0 	.word	0x200000c0
10000240:	20001610 	.word	0x20001610
10000244:	100096e4 	.word	0x100096e4
10000248:	20040000 	.word	0x20040000
1000024c:	20040000 	.word	0x20040000
10000250:	100096e4 	.word	0x100096e4
10000254:	20041000 	.word	0x20041000
10000258:	20041000 	.word	0x20041000
1000025c:	00000000 	.word	0x00000000
10000260:	4770      	bx	lr
10000262:	0000      	.short	0x0000
10000264:	e000ed08 	.word	0xe000ed08
10000268:	d0000000 	.word	0xd0000000
1000026c:	20001610 	.word	0x20001610
10000270:	200023a0 	.word	0x200023a0
10000274:	10004641 	.word	0x10004641
10000278:	10000281 	.word	0x10000281
1000027c:	10004639 	.word	0x10004639

10000280 <main>:
10000280:	b5f0      	push	{r4, r5, r6, r7, lr}
10000282:	46de      	mov	lr, fp
10000284:	4657      	mov	r7, sl
10000286:	464e      	mov	r6, r9
10000288:	4645      	mov	r5, r8
1000028a:	b5e0      	push	{r5, r6, r7, lr}
1000028c:	b0a5      	sub	sp, #148	@ 0x94
1000028e:	f004 fb45 	bl	1000491c <stdio_init_all>
10000292:	20fa      	movs	r0, #250	@ 0xfa
10000294:	0040      	lsls	r0, r0, #1
10000296:	f001 faf3 	bl	10001880 <sleep_ms>
1000029a:	48a7      	ldr	r0, [pc, #668]	@ (10000538 <main+0x2b8>)
1000029c:	f004 fbda 	bl	10004a54 <__wrap_puts>
100002a0:	4ba6      	ldr	r3, [pc, #664]	@ (1000053c <main+0x2bc>)
100002a2:	2600      	movs	r6, #0
100002a4:	930b      	str	r3, [sp, #44]	@ 0x2c
100002a6:	681b      	ldr	r3, [r3, #0]
100002a8:	4da5      	ldr	r5, [pc, #660]	@ (10000540 <main+0x2c0>)
100002aa:	6898      	ldr	r0, [r3, #8]
100002ac:	f006 ff7e 	bl	100071ac <fflush>
100002b0:	f000 fa34 	bl	1000071c <_Z15spi_master_initv>
100002b4:	ab10      	add	r3, sp, #64	@ 0x40
100002b6:	0018      	movs	r0, r3
100002b8:	2210      	movs	r2, #16
100002ba:	2100      	movs	r1, #0
100002bc:	469b      	mov	fp, r3
100002be:	f002 fdb7 	bl	10002e30 <__wrap_memset>
100002c2:	235a      	movs	r3, #90	@ 0x5a
100002c4:	469a      	mov	sl, r3
100002c6:	2300      	movs	r3, #0
100002c8:	4699      	mov	r9, r3
100002ca:	af1c      	add	r7, sp, #112	@ 0x70
100002cc:	ac14      	add	r4, sp, #80	@ 0x50
100002ce:	4653      	mov	r3, sl
100002d0:	7023      	strb	r3, [r4, #0]
100002d2:	464b      	mov	r3, r9
100002d4:	7066      	strb	r6, [r4, #1]
100002d6:	0038      	movs	r0, r7
100002d8:	2208      	movs	r2, #8
100002da:	2100      	movs	r1, #0
100002dc:	3601      	adds	r6, #1
100002de:	8063      	strh	r3, [r4, #2]
100002e0:	6065      	str	r5, [r4, #4]
100002e2:	3708      	adds	r7, #8
100002e4:	f002 fda4 	bl	10002e30 <__wrap_memset>
100002e8:	3408      	adds	r4, #8
100002ea:	2e04      	cmp	r6, #4
100002ec:	d1ef      	bne.n	100002ce <main+0x4e>
100002ee:	f001 fb81 	bl	100019f4 <time_us_64>
100002f2:	2300      	movs	r3, #0
100002f4:	aa0c      	add	r2, sp, #48	@ 0x30
100002f6:	4694      	mov	ip, r2
100002f8:	001e      	movs	r6, r3
100002fa:	9305      	str	r3, [sp, #20]
100002fc:	9306      	str	r3, [sp, #24]
100002fe:	9307      	str	r3, [sp, #28]
10000300:	9309      	str	r3, [sp, #36]	@ 0x24
10000302:	9308      	str	r3, [sp, #32]
10000304:	930a      	str	r3, [sp, #40]	@ 0x28
10000306:	330f      	adds	r3, #15
10000308:	4463      	add	r3, ip
1000030a:	4699      	mov	r9, r3
1000030c:	ab14      	add	r3, sp, #80	@ 0x50
1000030e:	1ddd      	adds	r5, r3, #7
10000310:	4b8c      	ldr	r3, [pc, #560]	@ (10000544 <main+0x2c4>)
10000312:	9002      	str	r0, [sp, #8]
10000314:	930c      	str	r3, [sp, #48]	@ 0x30
10000316:	4b8c      	ldr	r3, [pc, #560]	@ (10000548 <main+0x2c8>)
10000318:	9103      	str	r1, [sp, #12]
1000031a:	930d      	str	r3, [sp, #52]	@ 0x34
1000031c:	002b      	movs	r3, r5
1000031e:	ac0e      	add	r4, sp, #56	@ 0x38
10000320:	0035      	movs	r5, r6
10000322:	4698      	mov	r8, r3
10000324:	f001 fb66 	bl	100019f4 <time_us_64>
10000328:	2900      	cmp	r1, #0
1000032a:	d100      	bne.n	1000032e <main+0xae>
1000032c:	e1bb      	b.n	100006a6 <main+0x426>
1000032e:	22fa      	movs	r2, #250	@ 0xfa
10000330:	2300      	movs	r3, #0
10000332:	0092      	lsls	r2, r2, #2
10000334:	f001 ff34 	bl	100021a0 <__wrap___aeabi_uldivmod>
10000338:	4682      	mov	sl, r0
1000033a:	2d00      	cmp	r5, #0
1000033c:	d009      	beq.n	10000352 <main+0xd2>
1000033e:	4653      	mov	r3, sl
10000340:	9a0a      	ldr	r2, [sp, #40]	@ 0x28
10000342:	2100      	movs	r1, #0
10000344:	1a9b      	subs	r3, r3, r2
10000346:	2000      	movs	r0, #0
10000348:	2214      	movs	r2, #20
1000034a:	429a      	cmp	r2, r3
1000034c:	4141      	adcs	r1, r0
1000034e:	424b      	negs	r3, r1
10000350:	401d      	ands	r5, r3
10000352:	2000      	movs	r0, #0
10000354:	f004 fae6 	bl	10004924 <stdio_getchar_timeout_us>
10000358:	1c83      	adds	r3, r0, #2
1000035a:	d100      	bne.n	1000035e <main+0xde>
1000035c:	e0b7      	b.n	100004ce <main+0x24e>
1000035e:	4657      	mov	r7, sl
10000360:	002b      	movs	r3, r5
10000362:	b2c0      	uxtb	r0, r0
10000364:	2d00      	cmp	r5, #0
10000366:	d007      	beq.n	10000378 <main+0xf8>
10000368:	e018      	b.n	1000039c <main+0x11c>
1000036a:	2000      	movs	r0, #0
1000036c:	f004 fada 	bl	10004924 <stdio_getchar_timeout_us>
10000370:	1c83      	adds	r3, r0, #2
10000372:	d100      	bne.n	10000376 <main+0xf6>
10000374:	e093      	b.n	1000049e <main+0x21e>
10000376:	b2c0      	uxtb	r0, r0
10000378:	285a      	cmp	r0, #90	@ 0x5a
1000037a:	d1f6      	bne.n	1000036a <main+0xea>
1000037c:	7020      	strb	r0, [r4, #0]
1000037e:	2000      	movs	r0, #0
10000380:	f004 fad0 	bl	10004924 <stdio_getchar_timeout_us>
10000384:	1c83      	adds	r3, r0, #2
10000386:	d100      	bne.n	1000038a <main+0x10a>
10000388:	e1c0      	b.n	1000070c <main+0x48c>
1000038a:	7060      	strb	r0, [r4, #1]
1000038c:	2000      	movs	r0, #0
1000038e:	f004 fac9 	bl	10004924 <stdio_getchar_timeout_us>
10000392:	1c83      	adds	r3, r0, #2
10000394:	d100      	bne.n	10000398 <main+0x118>
10000396:	e1bc      	b.n	10000712 <main+0x492>
10000398:	2302      	movs	r3, #2
1000039a:	b2c0      	uxtb	r0, r0
1000039c:	1c5d      	adds	r5, r3, #1
1000039e:	54e0      	strb	r0, [r4, r3]
100003a0:	2b07      	cmp	r3, #7
100003a2:	d000      	beq.n	100003a6 <main+0x126>
100003a4:	e07e      	b.n	100004a4 <main+0x224>
100003a6:	7860      	ldrb	r0, [r4, #1]
100003a8:	2803      	cmp	r0, #3
100003aa:	d8de      	bhi.n	1000036a <main+0xea>
100003ac:	0022      	movs	r2, r4
100003ae:	2300      	movs	r3, #0
100003b0:	2107      	movs	r1, #7
100003b2:	e027      	b.n	10000404 <main+0x184>
100003b4:	005b      	lsls	r3, r3, #1
100003b6:	b2de      	uxtb	r6, r3
100003b8:	b25b      	sxtb	r3, r3
100003ba:	2b00      	cmp	r3, #0
100003bc:	db2d      	blt.n	1000041a <main+0x19a>
100003be:	0076      	lsls	r6, r6, #1
100003c0:	b2f5      	uxtb	r5, r6
100003c2:	b276      	sxtb	r6, r6
100003c4:	2e00      	cmp	r6, #0
100003c6:	db2e      	blt.n	10000426 <main+0x1a6>
100003c8:	006d      	lsls	r5, r5, #1
100003ca:	b2eb      	uxtb	r3, r5
100003cc:	b26d      	sxtb	r5, r5
100003ce:	2d00      	cmp	r5, #0
100003d0:	db2f      	blt.n	10000432 <main+0x1b2>
100003d2:	005b      	lsls	r3, r3, #1
100003d4:	b2dd      	uxtb	r5, r3
100003d6:	b25b      	sxtb	r3, r3
100003d8:	2b00      	cmp	r3, #0
100003da:	db30      	blt.n	1000043e <main+0x1be>
100003dc:	006d      	lsls	r5, r5, #1
100003de:	b2eb      	uxtb	r3, r5
100003e0:	b26d      	sxtb	r5, r5
100003e2:	2d00      	cmp	r5, #0
100003e4:	db31      	blt.n	1000044a <main+0x1ca>
100003e6:	005b      	lsls	r3, r3, #1
100003e8:	b2dd      	uxtb	r5, r3
100003ea:	b25b      	sxtb	r3, r3
100003ec:	2b00      	cmp	r3, #0
100003ee:	db32      	blt.n	10000456 <main+0x1d6>
100003f0:	006d      	lsls	r5, r5, #1
100003f2:	b2eb      	uxtb	r3, r5
100003f4:	b26d      	sxtb	r5, r5
100003f6:	2d00      	cmp	r5, #0
100003f8:	db33      	blt.n	10000462 <main+0x1e2>
100003fa:	005b      	lsls	r3, r3, #1
100003fc:	3201      	adds	r2, #1
100003fe:	b2db      	uxtb	r3, r3
10000400:	4591      	cmp	r9, r2
10000402:	d034      	beq.n	1000046e <main+0x1ee>
10000404:	7815      	ldrb	r5, [r2, #0]
10000406:	406b      	eors	r3, r5
10000408:	b25e      	sxtb	r6, r3
1000040a:	2e00      	cmp	r6, #0
1000040c:	dad2      	bge.n	100003b4 <main+0x134>
1000040e:	0076      	lsls	r6, r6, #1
10000410:	404e      	eors	r6, r1
10000412:	b273      	sxtb	r3, r6
10000414:	b2f6      	uxtb	r6, r6
10000416:	2b00      	cmp	r3, #0
10000418:	dad1      	bge.n	100003be <main+0x13e>
1000041a:	005b      	lsls	r3, r3, #1
1000041c:	404b      	eors	r3, r1
1000041e:	b25e      	sxtb	r6, r3
10000420:	b2dd      	uxtb	r5, r3
10000422:	2e00      	cmp	r6, #0
10000424:	dad0      	bge.n	100003c8 <main+0x148>
10000426:	0076      	lsls	r6, r6, #1
10000428:	404e      	eors	r6, r1
1000042a:	b275      	sxtb	r5, r6
1000042c:	b2f3      	uxtb	r3, r6
1000042e:	2d00      	cmp	r5, #0
10000430:	dacf      	bge.n	100003d2 <main+0x152>
10000432:	006d      	lsls	r5, r5, #1
10000434:	404d      	eors	r5, r1
10000436:	b26b      	sxtb	r3, r5
10000438:	b2ed      	uxtb	r5, r5
1000043a:	2b00      	cmp	r3, #0
1000043c:	dace      	bge.n	100003dc <main+0x15c>
1000043e:	005b      	lsls	r3, r3, #1
10000440:	404b      	eors	r3, r1
10000442:	b25d      	sxtb	r5, r3
10000444:	b2db      	uxtb	r3, r3
10000446:	2d00      	cmp	r5, #0
10000448:	dacd      	bge.n	100003e6 <main+0x166>
1000044a:	006d      	lsls	r5, r5, #1
1000044c:	404d      	eors	r5, r1
1000044e:	b26b      	sxtb	r3, r5
10000450:	b2ed      	uxtb	r5, r5
10000452:	2b00      	cmp	r3, #0
10000454:	dacc      	bge.n	100003f0 <main+0x170>
10000456:	005b      	lsls	r3, r3, #1
10000458:	404b      	eors	r3, r1
1000045a:	b25d      	sxtb	r5, r3
1000045c:	b2db      	uxtb	r3, r3
1000045e:	2d00      	cmp	r5, #0
10000460:	dacb      	bge.n	100003fa <main+0x17a>
10000462:	006d      	lsls	r5, r5, #1
10000464:	404d      	eors	r5, r1
10000466:	3201      	adds	r2, #1
10000468:	b2eb      	uxtb	r3, r5
1000046a:	4591      	cmp	r9, r2
1000046c:	d1ca      	bne.n	10000404 <main+0x184>
1000046e:	79e2      	ldrb	r2, [r4, #7]
10000470:	429a      	cmp	r2, r3
10000472:	d000      	beq.n	10000476 <main+0x1f6>
10000474:	e779      	b.n	1000036a <main+0xea>
10000476:	aa14      	add	r2, sp, #80	@ 0x50
10000478:	4694      	mov	ip, r2
1000047a:	00c3      	lsls	r3, r0, #3
1000047c:	8862      	ldrh	r2, [r4, #2]
1000047e:	4463      	add	r3, ip
10000480:	805a      	strh	r2, [r3, #2]
10000482:	88a2      	ldrh	r2, [r4, #4]
10000484:	7058      	strb	r0, [r3, #1]
10000486:	809a      	strh	r2, [r3, #4]
10000488:	79a2      	ldrb	r2, [r4, #6]
1000048a:	0080      	lsls	r0, r0, #2
1000048c:	719a      	strb	r2, [r3, #6]
1000048e:	465b      	mov	r3, fp
10000490:	501f      	str	r7, [r3, r0]
10000492:	2000      	movs	r0, #0
10000494:	f004 fa46 	bl	10004924 <stdio_getchar_timeout_us>
10000498:	1c83      	adds	r3, r0, #2
1000049a:	d000      	beq.n	1000049e <main+0x21e>
1000049c:	e76b      	b.n	10000376 <main+0xf6>
1000049e:	46ba      	mov	sl, r7
100004a0:	2500      	movs	r5, #0
100004a2:	e006      	b.n	100004b2 <main+0x232>
100004a4:	2000      	movs	r0, #0
100004a6:	f004 fa3d 	bl	10004924 <stdio_getchar_timeout_us>
100004aa:	1c83      	adds	r3, r0, #2
100004ac:	d000      	beq.n	100004b0 <main+0x230>
100004ae:	e757      	b.n	10000360 <main+0xe0>
100004b0:	46ba      	mov	sl, r7
100004b2:	465b      	mov	r3, fp
100004b4:	681b      	ldr	r3, [r3, #0]
100004b6:	001e      	movs	r6, r3
100004b8:	465b      	mov	r3, fp
100004ba:	685b      	ldr	r3, [r3, #4]
100004bc:	9305      	str	r3, [sp, #20]
100004be:	465b      	mov	r3, fp
100004c0:	689b      	ldr	r3, [r3, #8]
100004c2:	9306      	str	r3, [sp, #24]
100004c4:	465b      	mov	r3, fp
100004c6:	68db      	ldr	r3, [r3, #12]
100004c8:	9307      	str	r3, [sp, #28]
100004ca:	4653      	mov	r3, sl
100004cc:	930a      	str	r3, [sp, #40]	@ 0x28
100004ce:	2e00      	cmp	r6, #0
100004d0:	d003      	beq.n	100004da <main+0x25a>
100004d2:	4653      	mov	r3, sl
100004d4:	1b9b      	subs	r3, r3, r6
100004d6:	2bc8      	cmp	r3, #200	@ 0xc8
100004d8:	d903      	bls.n	100004e2 <main+0x262>
100004da:	235a      	movs	r3, #90	@ 0x5a
100004dc:	9314      	str	r3, [sp, #80]	@ 0x50
100004de:	4b18      	ldr	r3, [pc, #96]	@ (10000540 <main+0x2c0>)
100004e0:	9315      	str	r3, [sp, #84]	@ 0x54
100004e2:	9b05      	ldr	r3, [sp, #20]
100004e4:	2b00      	cmp	r3, #0
100004e6:	d004      	beq.n	100004f2 <main+0x272>
100004e8:	001a      	movs	r2, r3
100004ea:	4653      	mov	r3, sl
100004ec:	1a9b      	subs	r3, r3, r2
100004ee:	2bc8      	cmp	r3, #200	@ 0xc8
100004f0:	d904      	bls.n	100004fc <main+0x27c>
100004f2:	23ad      	movs	r3, #173	@ 0xad
100004f4:	005b      	lsls	r3, r3, #1
100004f6:	9316      	str	r3, [sp, #88]	@ 0x58
100004f8:	4b11      	ldr	r3, [pc, #68]	@ (10000540 <main+0x2c0>)
100004fa:	9317      	str	r3, [sp, #92]	@ 0x5c
100004fc:	9b06      	ldr	r3, [sp, #24]
100004fe:	2b00      	cmp	r3, #0
10000500:	d004      	beq.n	1000050c <main+0x28c>
10000502:	001a      	movs	r2, r3
10000504:	4653      	mov	r3, sl
10000506:	1a9b      	subs	r3, r3, r2
10000508:	2bc8      	cmp	r3, #200	@ 0xc8
1000050a:	d903      	bls.n	10000514 <main+0x294>
1000050c:	4b0f      	ldr	r3, [pc, #60]	@ (1000054c <main+0x2cc>)
1000050e:	9318      	str	r3, [sp, #96]	@ 0x60
10000510:	4b0b      	ldr	r3, [pc, #44]	@ (10000540 <main+0x2c0>)
10000512:	9319      	str	r3, [sp, #100]	@ 0x64
10000514:	9b07      	ldr	r3, [sp, #28]
10000516:	2b00      	cmp	r3, #0
10000518:	d004      	beq.n	10000524 <main+0x2a4>
1000051a:	001a      	movs	r2, r3
1000051c:	4653      	mov	r3, sl
1000051e:	1a9b      	subs	r3, r3, r2
10000520:	2bc8      	cmp	r3, #200	@ 0xc8
10000522:	d903      	bls.n	1000052c <main+0x2ac>
10000524:	4b0a      	ldr	r3, [pc, #40]	@ (10000550 <main+0x2d0>)
10000526:	931a      	str	r3, [sp, #104]	@ 0x68
10000528:	4b05      	ldr	r3, [pc, #20]	@ (10000540 <main+0x2c0>)
1000052a:	931b      	str	r3, [sp, #108]	@ 0x6c
1000052c:	2300      	movs	r3, #0
1000052e:	2107      	movs	r1, #7
10000530:	4640      	mov	r0, r8
10000532:	aa14      	add	r2, sp, #80	@ 0x50
10000534:	e036      	b.n	100005a4 <main+0x324>
10000536:	46c0      	nop			@ (mov r8, r8)
10000538:	10007a98 	.word	0x10007a98
1000053c:	200014c4 	.word	0x200014c4
10000540:	00808080 	.word	0x00808080
10000544:	10007ac4 	.word	0x10007ac4
10000548:	10007b00 	.word	0x10007b00
1000054c:	0000025a 	.word	0x0000025a
10000550:	0000035a 	.word	0x0000035a
10000554:	005b      	lsls	r3, r3, #1
10000556:	b2df      	uxtb	r7, r3
10000558:	b25b      	sxtb	r3, r3
1000055a:	2b00      	cmp	r3, #0
1000055c:	db2d      	blt.n	100005ba <main+0x33a>
1000055e:	007f      	lsls	r7, r7, #1
10000560:	b2fb      	uxtb	r3, r7
10000562:	b27f      	sxtb	r7, r7
10000564:	2f00      	cmp	r7, #0
10000566:	db2e      	blt.n	100005c6 <main+0x346>
10000568:	005f      	lsls	r7, r3, #1
1000056a:	b2fb      	uxtb	r3, r7
1000056c:	b27f      	sxtb	r7, r7
1000056e:	2f00      	cmp	r7, #0
10000570:	db2f      	blt.n	100005d2 <main+0x352>
10000572:	005b      	lsls	r3, r3, #1
10000574:	b2df      	uxtb	r7, r3
10000576:	b25b      	sxtb	r3, r3
10000578:	2b00      	cmp	r3, #0
1000057a:	db30      	blt.n	100005de <main+0x35e>
1000057c:	007f      	lsls	r7, r7, #1
1000057e:	b2fb      	uxtb	r3, r7
10000580:	b27f      	sxtb	r7, r7
10000582:	2f00      	cmp	r7, #0
10000584:	db31      	blt.n	100005ea <main+0x36a>
10000586:	005b      	lsls	r3, r3, #1
10000588:	b2df      	uxtb	r7, r3
1000058a:	b25b      	sxtb	r3, r3
1000058c:	2b00      	cmp	r3, #0
1000058e:	db32      	blt.n	100005f6 <main+0x376>
10000590:	007f      	lsls	r7, r7, #1
10000592:	b2fb      	uxtb	r3, r7
10000594:	b27f      	sxtb	r7, r7
10000596:	2f00      	cmp	r7, #0
10000598:	db33      	blt.n	10000602 <main+0x382>
1000059a:	005b      	lsls	r3, r3, #1
1000059c:	3201      	adds	r2, #1
1000059e:	b2db      	uxtb	r3, r3
100005a0:	4290      	cmp	r0, r2
100005a2:	d034      	beq.n	1000060e <main+0x38e>
100005a4:	7817      	ldrb	r7, [r2, #0]
100005a6:	407b      	eors	r3, r7
100005a8:	b25f      	sxtb	r7, r3
100005aa:	2f00      	cmp	r7, #0
100005ac:	dad2      	bge.n	10000554 <main+0x2d4>
100005ae:	007f      	lsls	r7, r7, #1
100005b0:	404f      	eors	r7, r1
100005b2:	b27b      	sxtb	r3, r7
100005b4:	b2ff      	uxtb	r7, r7
100005b6:	2b00      	cmp	r3, #0
100005b8:	dad1      	bge.n	1000055e <main+0x2de>
100005ba:	005b      	lsls	r3, r3, #1
100005bc:	404b      	eors	r3, r1
100005be:	b25f      	sxtb	r7, r3
100005c0:	b2db      	uxtb	r3, r3
100005c2:	2f00      	cmp	r7, #0
100005c4:	dad0      	bge.n	10000568 <main+0x2e8>
100005c6:	007b      	lsls	r3, r7, #1
100005c8:	404b      	eors	r3, r1
100005ca:	b25f      	sxtb	r7, r3
100005cc:	b2db      	uxtb	r3, r3
100005ce:	2f00      	cmp	r7, #0
100005d0:	dacf      	bge.n	10000572 <main+0x2f2>
100005d2:	007f      	lsls	r7, r7, #1
100005d4:	404f      	eors	r7, r1
100005d6:	b27b      	sxtb	r3, r7
100005d8:	b2ff      	uxtb	r7, r7
100005da:	2b00      	cmp	r3, #0
100005dc:	dace      	bge.n	1000057c <main+0x2fc>
100005de:	005b      	lsls	r3, r3, #1
100005e0:	404b      	eors	r3, r1
100005e2:	b25f      	sxtb	r7, r3
100005e4:	b2db      	uxtb	r3, r3
100005e6:	2f00      	cmp	r7, #0
100005e8:	dacd      	bge.n	10000586 <main+0x306>
100005ea:	007f      	lsls	r7, r7, #1
100005ec:	404f      	eors	r7, r1
100005ee:	b27b      	sxtb	r3, r7
100005f0:	b2ff      	uxtb	r7, r7
100005f2:	2b00      	cmp	r3, #0
100005f4:	dacc      	bge.n	10000590 <main+0x310>
100005f6:	005b      	lsls	r3, r3, #1
100005f8:	404b      	eors	r3, r1
100005fa:	b25f      	sxtb	r7, r3
100005fc:	b2db      	uxtb	r3, r3
100005fe:	2f00      	cmp	r7, #0
10000600:	dacb      	bge.n	1000059a <main+0x31a>
10000602:	007b      	lsls	r3, r7, #1
10000604:	404b      	eors	r3, r1
10000606:	3201      	adds	r2, #1
10000608:	b2db      	uxtb	r3, r3
1000060a:	4290      	cmp	r0, r2
1000060c:	d1ca      	bne.n	100005a4 <main+0x324>
1000060e:	2127      	movs	r1, #39	@ 0x27
10000610:	aa0c      	add	r2, sp, #48	@ 0x30
10000612:	1852      	adds	r2, r2, r1
10000614:	4680      	mov	r8, r0
10000616:	7013      	strb	r3, [r2, #0]
10000618:	2000      	movs	r0, #0
1000061a:	aa1c      	add	r2, sp, #112	@ 0x70
1000061c:	a914      	add	r1, sp, #80	@ 0x50
1000061e:	f000 f8cf 	bl	100007c0 <_Z28spi_master_transceive_packethRK19ControllerSpiPacketR22ControllerSpiAckPacket>
10000622:	2800      	cmp	r0, #0
10000624:	d045      	beq.n	100006b2 <main+0x432>
10000626:	9b08      	ldr	r3, [sp, #32]
10000628:	211e      	movs	r1, #30
1000062a:	3301      	adds	r3, #1
1000062c:	0018      	movs	r0, r3
1000062e:	9308      	str	r3, [sp, #32]
10000630:	f001 fd78 	bl	10002124 <__wrap___aeabi_uidiv>
10000634:	9109      	str	r1, [sp, #36]	@ 0x24
10000636:	2900      	cmp	r1, #0
10000638:	d165      	bne.n	10000706 <main+0x486>
1000063a:	2044      	movs	r0, #68	@ 0x44
1000063c:	2224      	movs	r2, #36	@ 0x24
1000063e:	a90c      	add	r1, sp, #48	@ 0x30
10000640:	1809      	adds	r1, r1, r0
10000642:	8809      	ldrh	r1, [r1, #0]
10000644:	ab0c      	add	r3, sp, #48	@ 0x30
10000646:	189b      	adds	r3, r3, r2
10000648:	aa0c      	add	r2, sp, #48	@ 0x30
1000064a:	781b      	ldrb	r3, [r3, #0]
1000064c:	8c52      	ldrh	r2, [r2, #34]	@ 0x22
1000064e:	381f      	subs	r0, #31
10000650:	9101      	str	r1, [sp, #4]
10000652:	a90c      	add	r1, sp, #48	@ 0x30
10000654:	1809      	adds	r1, r1, r0
10000656:	7809      	ldrb	r1, [r1, #0]
10000658:	980c      	ldr	r0, [sp, #48]	@ 0x30
1000065a:	9100      	str	r1, [sp, #0]
1000065c:	2100      	movs	r1, #0
1000065e:	f004 fa81 	bl	10004b64 <__wrap_printf>
10000662:	9b0b      	ldr	r3, [sp, #44]	@ 0x2c
10000664:	681b      	ldr	r3, [r3, #0]
10000666:	6898      	ldr	r0, [r3, #8]
10000668:	f006 fda0 	bl	100071ac <fflush>
1000066c:	9a02      	ldr	r2, [sp, #8]
1000066e:	9b03      	ldr	r3, [sp, #12]
10000670:	20fa      	movs	r0, #250	@ 0xfa
10000672:	2100      	movs	r1, #0
10000674:	0080      	lsls	r0, r0, #2
10000676:	1812      	adds	r2, r2, r0
10000678:	414b      	adcs	r3, r1
1000067a:	0011      	movs	r1, r2
1000067c:	001a      	movs	r2, r3
1000067e:	2380      	movs	r3, #128	@ 0x80
10000680:	9102      	str	r1, [sp, #8]
10000682:	9203      	str	r2, [sp, #12]
10000684:	061b      	lsls	r3, r3, #24
10000686:	4293      	cmp	r3, r2
10000688:	d804      	bhi.n	10000694 <main+0x414>
1000068a:	2201      	movs	r2, #1
1000068c:	4b22      	ldr	r3, [pc, #136]	@ (10000718 <main+0x498>)
1000068e:	4252      	negs	r2, r2
10000690:	9202      	str	r2, [sp, #8]
10000692:	9303      	str	r3, [sp, #12]
10000694:	9802      	ldr	r0, [sp, #8]
10000696:	9903      	ldr	r1, [sp, #12]
10000698:	f001 f872 	bl	10001780 <sleep_until>
1000069c:	f001 f9aa 	bl	100019f4 <time_us_64>
100006a0:	2900      	cmp	r1, #0
100006a2:	d000      	beq.n	100006a6 <main+0x426>
100006a4:	e643      	b.n	1000032e <main+0xae>
100006a6:	21fa      	movs	r1, #250	@ 0xfa
100006a8:	0089      	lsls	r1, r1, #2
100006aa:	f001 fd3b 	bl	10002124 <__wrap___aeabi_uidiv>
100006ae:	4682      	mov	sl, r0
100006b0:	e643      	b.n	1000033a <main+0xba>
100006b2:	9b09      	ldr	r3, [sp, #36]	@ 0x24
100006b4:	3301      	adds	r3, #1
100006b6:	9309      	str	r3, [sp, #36]	@ 0x24
100006b8:	2b0a      	cmp	r3, #10
100006ba:	d01f      	beq.n	100006fc <main+0x47c>
100006bc:	9b08      	ldr	r3, [sp, #32]
100006be:	211e      	movs	r1, #30
100006c0:	3301      	adds	r3, #1
100006c2:	0018      	movs	r0, r3
100006c4:	9308      	str	r3, [sp, #32]
100006c6:	f001 fd2d 	bl	10002124 <__wrap___aeabi_uidiv>
100006ca:	2900      	cmp	r1, #0
100006cc:	d1ce      	bne.n	1000066c <main+0x3ec>
100006ce:	2241      	movs	r2, #65	@ 0x41
100006d0:	2140      	movs	r1, #64	@ 0x40
100006d2:	2047      	movs	r0, #71	@ 0x47
100006d4:	ab0c      	add	r3, sp, #48	@ 0x30
100006d6:	189b      	adds	r3, r3, r2
100006d8:	aa0c      	add	r2, sp, #48	@ 0x30
100006da:	1852      	adds	r2, r2, r1
100006dc:	a90c      	add	r1, sp, #48	@ 0x30
100006de:	1809      	adds	r1, r1, r0
100006e0:	7809      	ldrb	r1, [r1, #0]
100006e2:	781b      	ldrb	r3, [r3, #0]
100006e4:	7812      	ldrb	r2, [r2, #0]
100006e6:	3803      	subs	r0, #3
100006e8:	9101      	str	r1, [sp, #4]
100006ea:	a90c      	add	r1, sp, #48	@ 0x30
100006ec:	1809      	adds	r1, r1, r0
100006ee:	8809      	ldrh	r1, [r1, #0]
100006f0:	980d      	ldr	r0, [sp, #52]	@ 0x34
100006f2:	9100      	str	r1, [sp, #0]
100006f4:	2100      	movs	r1, #0
100006f6:	f004 fa35 	bl	10004b64 <__wrap_printf>
100006fa:	e7b2      	b.n	10000662 <main+0x3e2>
100006fc:	f000 f80e 	bl	1000071c <_Z15spi_master_initv>
10000700:	2300      	movs	r3, #0
10000702:	9309      	str	r3, [sp, #36]	@ 0x24
10000704:	e7da      	b.n	100006bc <main+0x43c>
10000706:	2300      	movs	r3, #0
10000708:	9309      	str	r3, [sp, #36]	@ 0x24
1000070a:	e7af      	b.n	1000066c <main+0x3ec>
1000070c:	46ba      	mov	sl, r7
1000070e:	2501      	movs	r5, #1
10000710:	e6cf      	b.n	100004b2 <main+0x232>
10000712:	46ba      	mov	sl, r7
10000714:	2502      	movs	r5, #2
10000716:	e6cc      	b.n	100004b2 <main+0x232>
10000718:	7fffffff 	.word	0x7fffffff

1000071c <_Z15spi_master_initv>:
1000071c:	b5f0      	push	{r4, r5, r6, r7, lr}
1000071e:	46c6      	mov	lr, r8
10000720:	b500      	push	{lr}
10000722:	4c21      	ldr	r4, [pc, #132]	@ (100007a8 <_Z15spi_master_initv+0x8c>)
10000724:	b086      	sub	sp, #24
10000726:	0020      	movs	r0, r4
10000728:	4920      	ldr	r1, [pc, #128]	@ (100007ac <_Z15spi_master_initv+0x90>)
1000072a:	f006 fbb7 	bl	10006e9c <spi_init>
1000072e:	2202      	movs	r2, #2
10000730:	491f      	ldr	r1, [pc, #124]	@ (100007b0 <_Z15spi_master_initv+0x94>)
10000732:	6863      	ldr	r3, [r4, #4]
10000734:	600a      	str	r2, [r1, #0]
10000736:	6821      	ldr	r1, [r4, #0]
10000738:	4013      	ands	r3, r2
1000073a:	3285      	adds	r2, #133	@ 0x85
1000073c:	4051      	eors	r1, r2
1000073e:	3248      	adds	r2, #72	@ 0x48
10000740:	400a      	ands	r2, r1
10000742:	491c      	ldr	r1, [pc, #112]	@ (100007b4 <_Z15spi_master_initv+0x98>)
10000744:	2010      	movs	r0, #16
10000746:	600a      	str	r2, [r1, #0]
10000748:	4a1b      	ldr	r2, [pc, #108]	@ (100007b8 <_Z15spi_master_initv+0x9c>)
1000074a:	2101      	movs	r1, #1
1000074c:	6013      	str	r3, [r2, #0]
1000074e:	f000 f9d7 	bl	10000b00 <gpio_set_function>
10000752:	2101      	movs	r1, #1
10000754:	2012      	movs	r0, #18
10000756:	f000 f9d3 	bl	10000b00 <gpio_set_function>
1000075a:	2101      	movs	r1, #1
1000075c:	2013      	movs	r0, #19
1000075e:	f000 f9cf 	bl	10000b00 <gpio_set_function>
10000762:	ac01      	add	r4, sp, #4
10000764:	2101      	movs	r1, #1
10000766:	2010      	movs	r0, #16
10000768:	2200      	movs	r2, #0
1000076a:	f000 f9e3 	bl	10000b34 <gpio_set_pulls>
1000076e:	0022      	movs	r2, r4
10000770:	4b12      	ldr	r3, [pc, #72]	@ (100007bc <_Z15spi_master_initv+0xa0>)
10000772:	26d0      	movs	r6, #208	@ 0xd0
10000774:	cb23      	ldmia	r3!, {r0, r1, r5}
10000776:	c223      	stmia	r2!, {r0, r1, r5}
10000778:	cb03      	ldmia	r3!, {r0, r1}
1000077a:	c203      	stmia	r2!, {r0, r1}
1000077c:	2701      	movs	r7, #1
1000077e:	4690      	mov	r8, r2
10000780:	0636      	lsls	r6, r6, #24
10000782:	cc20      	ldmia	r4!, {r5}
10000784:	0028      	movs	r0, r5
10000786:	f000 f9e9 	bl	10000b5c <gpio_init>
1000078a:	003b      	movs	r3, r7
1000078c:	40ab      	lsls	r3, r5
1000078e:	2200      	movs	r2, #0
10000790:	6273      	str	r3, [r6, #36]	@ 0x24
10000792:	2101      	movs	r1, #1
10000794:	0028      	movs	r0, r5
10000796:	6173      	str	r3, [r6, #20]
10000798:	f000 f9cc 	bl	10000b34 <gpio_set_pulls>
1000079c:	4544      	cmp	r4, r8
1000079e:	d1f0      	bne.n	10000782 <_Z15spi_master_initv+0x66>
100007a0:	b006      	add	sp, #24
100007a2:	bc80      	pop	{r7}
100007a4:	46b8      	mov	r8, r7
100007a6:	bdf0      	pop	{r4, r5, r6, r7, pc}
100007a8:	4003c000 	.word	0x4003c000
100007ac:	000f4240 	.word	0x000f4240
100007b0:	4003f004 	.word	0x4003f004
100007b4:	4003d000 	.word	0x4003d000
100007b8:	4003e004 	.word	0x4003e004
100007bc:	10007cd0 	.word	0x10007cd0

100007c0 <_Z28spi_master_transceive_packethRK19ControllerSpiPacketR22ControllerSpiAckPacket>:
100007c0:	b5f0      	push	{r4, r5, r6, r7, lr}
100007c2:	4657      	mov	r7, sl
100007c4:	464e      	mov	r6, r9
100007c6:	46de      	mov	lr, fp
100007c8:	4645      	mov	r5, r8
100007ca:	b5e0      	push	{r5, r6, r7, lr}
100007cc:	000c      	movs	r4, r1
100007ce:	0006      	movs	r6, r0
100007d0:	0017      	movs	r7, r2
100007d2:	b087      	sub	sp, #28
100007d4:	2803      	cmp	r0, #3
100007d6:	d900      	bls.n	100007da <_Z28spi_master_transceive_packethRK19ControllerSpiPacketR22ControllerSpiAckPacket+0x1a>
100007d8:	e113      	b.n	10000a02 <_Z28spi_master_transceive_packethRK19ControllerSpiPacketR22ControllerSpiAckPacket+0x242>
100007da:	2800      	cmp	r0, #0
100007dc:	d100      	bne.n	100007e0 <_Z28spi_master_transceive_packethRK19ControllerSpiPacketR22ControllerSpiAckPacket+0x20>
100007de:	e086      	b.n	100008ee <_Z28spi_master_transceive_packethRK19ControllerSpiPacketR22ControllerSpiAckPacket+0x12e>
100007e0:	2501      	movs	r5, #1
100007e2:	4bc4      	ldr	r3, [pc, #784]	@ (10000af4 <_Z28spi_master_transceive_packethRK19ControllerSpiPacketR22ControllerSpiAckPacket+0x334>)
100007e4:	0082      	lsls	r2, r0, #2
100007e6:	58d3      	ldr	r3, [r2, r3]
100007e8:	200a      	movs	r0, #10
100007ea:	409d      	lsls	r5, r3
100007ec:	23d0      	movs	r3, #208	@ 0xd0
100007ee:	061b      	lsls	r3, r3, #24
100007f0:	4698      	mov	r8, r3
100007f2:	2100      	movs	r1, #0
100007f4:	619d      	str	r5, [r3, #24]
100007f6:	f001 f82f 	bl	10001858 <sleep_us>
100007fa:	2308      	movs	r3, #8
100007fc:	003a      	movs	r2, r7
100007fe:	0021      	movs	r1, r4
10000800:	48bd      	ldr	r0, [pc, #756]	@ (10000af8 <_Z28spi_master_transceive_packethRK19ControllerSpiPacketR22ControllerSpiAckPacket+0x338>)
10000802:	f007 f8f9 	bl	100079f8 <__spi_write_read_blocking_veneer>
10000806:	200a      	movs	r0, #10
10000808:	2100      	movs	r1, #0
1000080a:	f001 f825 	bl	10001858 <sleep_us>
1000080e:	4643      	mov	r3, r8
10000810:	200a      	movs	r0, #10
10000812:	2100      	movs	r1, #0
10000814:	615d      	str	r5, [r3, #20]
10000816:	f001 f81f 	bl	10001858 <sleep_us>
1000081a:	783c      	ldrb	r4, [r7, #0]
1000081c:	2ca5      	cmp	r4, #165	@ 0xa5
1000081e:	d100      	bne.n	10000822 <_Z28spi_master_transceive_packethRK19ControllerSpiPacketR22ControllerSpiAckPacket+0x62>
10000820:	e089      	b.n	10000936 <_Z28spi_master_transceive_packethRK19ControllerSpiPacketR22ControllerSpiAckPacket+0x176>
10000822:	2208      	movs	r2, #8
10000824:	0039      	movs	r1, r7
10000826:	a804      	add	r0, sp, #16
10000828:	f002 fb08 	bl	10002e3c <__wrap___aeabi_memcpy>
1000082c:	a804      	add	r0, sp, #16
1000082e:	7885      	ldrb	r5, [r0, #2]
10000830:	78c0      	ldrb	r0, [r0, #3]
10000832:	ab04      	add	r3, sp, #16
10000834:	4682      	mov	sl, r0
10000836:	a804      	add	r0, sp, #16
10000838:	7900      	ldrb	r0, [r0, #4]
1000083a:	785b      	ldrb	r3, [r3, #1]
1000083c:	4681      	mov	r9, r0
1000083e:	a804      	add	r0, sp, #16
10000840:	7940      	ldrb	r0, [r0, #5]
10000842:	09da      	lsrs	r2, r3, #7
10000844:	4680      	mov	r8, r0
10000846:	0061      	lsls	r1, r4, #1
10000848:	a804      	add	r0, sp, #16
1000084a:	7980      	ldrb	r0, [r0, #6]
1000084c:	430a      	orrs	r2, r1
1000084e:	b2d1      	uxtb	r1, r2
10000850:	4684      	mov	ip, r0
10000852:	9102      	str	r1, [sp, #8]
10000854:	a804      	add	r0, sp, #16
10000856:	09e9      	lsrs	r1, r5, #7
10000858:	005b      	lsls	r3, r3, #1
1000085a:	430b      	orrs	r3, r1
1000085c:	79c1      	ldrb	r1, [r0, #7]
1000085e:	b2db      	uxtb	r3, r3
10000860:	0048      	lsls	r0, r1, #1
10000862:	9301      	str	r3, [sp, #4]
10000864:	b2c3      	uxtb	r3, r0
10000866:	9303      	str	r3, [sp, #12]
10000868:	4ba4      	ldr	r3, [pc, #656]	@ (10000afc <_Z28spi_master_transceive_packethRK19ControllerSpiPacketR22ControllerSpiAckPacket+0x33c>)
1000086a:	006d      	lsls	r5, r5, #1
1000086c:	401a      	ands	r2, r3
1000086e:	469b      	mov	fp, r3
10000870:	4653      	mov	r3, sl
10000872:	09db      	lsrs	r3, r3, #7
10000874:	431d      	orrs	r5, r3
10000876:	9b01      	ldr	r3, [sp, #4]
10000878:	b2ed      	uxtb	r5, r5
1000087a:	021b      	lsls	r3, r3, #8
1000087c:	042d      	lsls	r5, r5, #16
1000087e:	4313      	orrs	r3, r2
10000880:	432b      	orrs	r3, r5
10000882:	464a      	mov	r2, r9
10000884:	4655      	mov	r5, sl
10000886:	09d2      	lsrs	r2, r2, #7
10000888:	006d      	lsls	r5, r5, #1
1000088a:	432a      	orrs	r2, r5
1000088c:	021b      	lsls	r3, r3, #8
1000088e:	0612      	lsls	r2, r2, #24
10000890:	0a1b      	lsrs	r3, r3, #8
10000892:	4313      	orrs	r3, r2
10000894:	4642      	mov	r2, r8
10000896:	09d5      	lsrs	r5, r2, #7
10000898:	464a      	mov	r2, r9
1000089a:	0052      	lsls	r2, r2, #1
1000089c:	469a      	mov	sl, r3
1000089e:	4315      	orrs	r5, r2
100008a0:	4643      	mov	r3, r8
100008a2:	4662      	mov	r2, ip
100008a4:	005b      	lsls	r3, r3, #1
100008a6:	09d2      	lsrs	r2, r2, #7
100008a8:	431a      	orrs	r2, r3
100008aa:	465b      	mov	r3, fp
100008ac:	401d      	ands	r5, r3
100008ae:	4663      	mov	r3, ip
100008b0:	b2d2      	uxtb	r2, r2
100008b2:	0212      	lsls	r2, r2, #8
100008b4:	4315      	orrs	r5, r2
100008b6:	09ca      	lsrs	r2, r1, #7
100008b8:	0059      	lsls	r1, r3, #1
100008ba:	4653      	mov	r3, sl
100008bc:	430a      	orrs	r2, r1
100008be:	b2d2      	uxtb	r2, r2
100008c0:	0412      	lsls	r2, r2, #16
100008c2:	4315      	orrs	r5, r2
100008c4:	0602      	lsls	r2, r0, #24
100008c6:	0228      	lsls	r0, r5, #8
100008c8:	0a00      	lsrs	r0, r0, #8
100008ca:	9902      	ldr	r1, [sp, #8]
100008cc:	4310      	orrs	r0, r2
100008ce:	9304      	str	r3, [sp, #16]
100008d0:	9005      	str	r0, [sp, #20]
100008d2:	29a5      	cmp	r1, #165	@ 0xa5
100008d4:	d100      	bne.n	100008d8 <_Z28spi_master_transceive_packethRK19ControllerSpiPacketR22ControllerSpiAckPacket+0x118>
100008d6:	e096      	b.n	10000a06 <_Z28spi_master_transceive_packethRK19ControllerSpiPacketR22ControllerSpiAckPacket+0x246>
100008d8:	3c5a      	subs	r4, #90	@ 0x5a
100008da:	4263      	negs	r3, r4
100008dc:	415c      	adcs	r4, r3
100008de:	b2e0      	uxtb	r0, r4
100008e0:	b007      	add	sp, #28
100008e2:	bcf0      	pop	{r4, r5, r6, r7}
100008e4:	46bb      	mov	fp, r7
100008e6:	46b2      	mov	sl, r6
100008e8:	46a9      	mov	r9, r5
100008ea:	46a0      	mov	r8, r4
100008ec:	bdf0      	pop	{r4, r5, r6, r7, pc}
100008ee:	25d0      	movs	r5, #208	@ 0xd0
100008f0:	2380      	movs	r3, #128	@ 0x80
100008f2:	062d      	lsls	r5, r5, #24
100008f4:	029b      	lsls	r3, r3, #10
100008f6:	61ab      	str	r3, [r5, #24]
100008f8:	4699      	mov	r9, r3
100008fa:	2380      	movs	r3, #128	@ 0x80
100008fc:	035b      	lsls	r3, r3, #13
100008fe:	200a      	movs	r0, #10
10000900:	2100      	movs	r1, #0
10000902:	61ab      	str	r3, [r5, #24]
10000904:	4698      	mov	r8, r3
10000906:	f000 ffa7 	bl	10001858 <sleep_us>
1000090a:	2308      	movs	r3, #8
1000090c:	003a      	movs	r2, r7
1000090e:	0021      	movs	r1, r4
10000910:	4879      	ldr	r0, [pc, #484]	@ (10000af8 <_Z28spi_master_transceive_packethRK19ControllerSpiPacketR22ControllerSpiAckPacket+0x338>)
10000912:	f007 f871 	bl	100079f8 <__spi_write_read_blocking_veneer>
10000916:	200a      	movs	r0, #10
10000918:	2100      	movs	r1, #0
1000091a:	f000 ff9d 	bl	10001858 <sleep_us>
1000091e:	464b      	mov	r3, r9
10000920:	616b      	str	r3, [r5, #20]
10000922:	4643      	mov	r3, r8
10000924:	200a      	movs	r0, #10
10000926:	2100      	movs	r1, #0
10000928:	616b      	str	r3, [r5, #20]
1000092a:	f000 ff95 	bl	10001858 <sleep_us>
1000092e:	783c      	ldrb	r4, [r7, #0]
10000930:	2ca5      	cmp	r4, #165	@ 0xa5
10000932:	d000      	beq.n	10000936 <_Z28spi_master_transceive_packethRK19ControllerSpiPacketR22ControllerSpiAckPacket+0x176>
10000934:	e775      	b.n	10000822 <_Z28spi_master_transceive_packethRK19ControllerSpiPacketR22ControllerSpiAckPacket+0x62>
10000936:	787b      	ldrb	r3, [r7, #1]
10000938:	42b3      	cmp	r3, r6
1000093a:	d000      	beq.n	1000093e <_Z28spi_master_transceive_packethRK19ControllerSpiPacketR22ControllerSpiAckPacket+0x17e>
1000093c:	e771      	b.n	10000822 <_Z28spi_master_transceive_packethRK19ControllerSpiPacketR22ControllerSpiAckPacket+0x62>
1000093e:	0039      	movs	r1, r7
10000940:	2300      	movs	r3, #0
10000942:	2007      	movs	r0, #7
10000944:	46a4      	mov	ip, r4
10000946:	1dfd      	adds	r5, r7, #7
10000948:	e028      	b.n	1000099c <_Z28spi_master_transceive_packethRK19ControllerSpiPacketR22ControllerSpiAckPacket+0x1dc>
1000094a:	005b      	lsls	r3, r3, #1
1000094c:	b2dc      	uxtb	r4, r3
1000094e:	b25b      	sxtb	r3, r3
10000950:	2b00      	cmp	r3, #0
10000952:	db2e      	blt.n	100009b2 <_Z28spi_master_transceive_packethRK19ControllerSpiPacketR22ControllerSpiAckPacket+0x1f2>
10000954:	0064      	lsls	r4, r4, #1
10000956:	b2e2      	uxtb	r2, r4
10000958:	b264      	sxtb	r4, r4
1000095a:	2c00      	cmp	r4, #0
1000095c:	db2f      	blt.n	100009be <_Z28spi_master_transceive_packethRK19ControllerSpiPacketR22ControllerSpiAckPacket+0x1fe>
1000095e:	0052      	lsls	r2, r2, #1
10000960:	b2d3      	uxtb	r3, r2
10000962:	b252      	sxtb	r2, r2
10000964:	2a00      	cmp	r2, #0
10000966:	db30      	blt.n	100009ca <_Z28spi_master_transceive_packethRK19ControllerSpiPacketR22ControllerSpiAckPacket+0x20a>
10000968:	005b      	lsls	r3, r3, #1
1000096a:	b2da      	uxtb	r2, r3
1000096c:	b25b      	sxtb	r3, r3
1000096e:	2b00      	cmp	r3, #0
10000970:	db31      	blt.n	100009d6 <_Z28spi_master_transceive_packethRK19ControllerSpiPacketR22ControllerSpiAckPacket+0x216>
10000972:	0052      	lsls	r2, r2, #1
10000974:	b2d3      	uxtb	r3, r2
10000976:	b252      	sxtb	r2, r2
10000978:	2a00      	cmp	r2, #0
1000097a:	db32      	blt.n	100009e2 <_Z28spi_master_transceive_packethRK19ControllerSpiPacketR22ControllerSpiAckPacket+0x222>
1000097c:	005b      	lsls	r3, r3, #1
1000097e:	b2da      	uxtb	r2, r3
10000980:	b25b      	sxtb	r3, r3
10000982:	2b00      	cmp	r3, #0
10000984:	db33      	blt.n	100009ee <_Z28spi_master_transceive_packethRK19ControllerSpiPacketR22ControllerSpiAckPacket+0x22e>
10000986:	0052      	lsls	r2, r2, #1
10000988:	b2d3      	uxtb	r3, r2
1000098a:	b252      	sxtb	r2, r2
1000098c:	2a00      	cmp	r2, #0
1000098e:	db34      	blt.n	100009fa <_Z28spi_master_transceive_packethRK19ControllerSpiPacketR22ControllerSpiAckPacket+0x23a>
10000990:	005b      	lsls	r3, r3, #1
10000992:	b2db      	uxtb	r3, r3
10000994:	3101      	adds	r1, #1
10000996:	42a9      	cmp	r1, r5
10000998:	d100      	bne.n	1000099c <_Z28spi_master_transceive_packethRK19ControllerSpiPacketR22ControllerSpiAckPacket+0x1dc>
1000099a:	e098      	b.n	10000ace <_Z28spi_master_transceive_packethRK19ControllerSpiPacketR22ControllerSpiAckPacket+0x30e>
1000099c:	780a      	ldrb	r2, [r1, #0]
1000099e:	4053      	eors	r3, r2
100009a0:	b25a      	sxtb	r2, r3
100009a2:	2a00      	cmp	r2, #0
100009a4:	dad1      	bge.n	1000094a <_Z28spi_master_transceive_packethRK19ControllerSpiPacketR22ControllerSpiAckPacket+0x18a>
100009a6:	0052      	lsls	r2, r2, #1
100009a8:	4042      	eors	r2, r0
100009aa:	b253      	sxtb	r3, r2
100009ac:	b2d4      	uxtb	r4, r2
100009ae:	2b00      	cmp	r3, #0
100009b0:	dad0      	bge.n	10000954 <_Z28spi_master_transceive_packethRK19ControllerSpiPacketR22ControllerSpiAckPacket+0x194>
100009b2:	005b      	lsls	r3, r3, #1
100009b4:	4043      	eors	r3, r0
100009b6:	b25c      	sxtb	r4, r3
100009b8:	b2da      	uxtb	r2, r3
100009ba:	2c00      	cmp	r4, #0
100009bc:	dacf      	bge.n	1000095e <_Z28spi_master_transceive_packethRK19ControllerSpiPacketR22ControllerSpiAckPacket+0x19e>
100009be:	0063      	lsls	r3, r4, #1
100009c0:	4043      	eors	r3, r0
100009c2:	b25a      	sxtb	r2, r3
100009c4:	b2db      	uxtb	r3, r3
100009c6:	2a00      	cmp	r2, #0
100009c8:	dace      	bge.n	10000968 <_Z28spi_master_transceive_packethRK19ControllerSpiPacketR22ControllerSpiAckPacket+0x1a8>
100009ca:	0052      	lsls	r2, r2, #1
100009cc:	4042      	eors	r2, r0
100009ce:	b253      	sxtb	r3, r2
100009d0:	b2d2      	uxtb	r2, r2
100009d2:	2b00      	cmp	r3, #0
100009d4:	dacd      	bge.n	10000972 <_Z28spi_master_transceive_packethRK19ControllerSpiPacketR22ControllerSpiAckPacket+0x1b2>
100009d6:	005b      	lsls	r3, r3, #1
100009d8:	4043      	eors	r3, r0
100009da:	b25a      	sxtb	r2, r3
100009dc:	b2db      	uxtb	r3, r3
100009de:	2a00      	cmp	r2, #0
100009e0:	dacc      	bge.n	1000097c <_Z28spi_master_transceive_packethRK19ControllerSpiPacketR22ControllerSpiAckPacket+0x1bc>
100009e2:	0052      	lsls	r2, r2, #1
100009e4:	4042      	eors	r2, r0
100009e6:	b253      	sxtb	r3, r2
100009e8:	b2d2      	uxtb	r2, r2
100009ea:	2b00      	cmp	r3, #0
100009ec:	dacb      	bge.n	10000986 <_Z28spi_master_transceive_packethRK19ControllerSpiPacketR22ControllerSpiAckPacket+0x1c6>
100009ee:	005b      	lsls	r3, r3, #1
100009f0:	4043      	eors	r3, r0
100009f2:	b25a      	sxtb	r2, r3
100009f4:	b2db      	uxtb	r3, r3
100009f6:	2a00      	cmp	r2, #0
100009f8:	daca      	bge.n	10000990 <_Z28spi_master_transceive_packethRK19ControllerSpiPacketR22ControllerSpiAckPacket+0x1d0>
100009fa:	0052      	lsls	r2, r2, #1
100009fc:	4042      	eors	r2, r0
100009fe:	b2d3      	uxtb	r3, r2
10000a00:	e7c8      	b.n	10000994 <_Z28spi_master_transceive_packethRK19ControllerSpiPacketR22ControllerSpiAckPacket+0x1d4>
10000a02:	2000      	movs	r0, #0
10000a04:	e76c      	b.n	100008e0 <_Z28spi_master_transceive_packethRK19ControllerSpiPacketR22ControllerSpiAckPacket+0x120>
10000a06:	9b01      	ldr	r3, [sp, #4]
10000a08:	429e      	cmp	r6, r3
10000a0a:	d000      	beq.n	10000a0e <_Z28spi_master_transceive_packethRK19ControllerSpiPacketR22ControllerSpiAckPacket+0x24e>
10000a0c:	e764      	b.n	100008d8 <_Z28spi_master_transceive_packethRK19ControllerSpiPacketR22ControllerSpiAckPacket+0x118>
10000a0e:	a904      	add	r1, sp, #16
10000a10:	2300      	movs	r3, #0
10000a12:	2007      	movs	r0, #7
10000a14:	1dcd      	adds	r5, r1, #7
10000a16:	e027      	b.n	10000a68 <_Z28spi_master_transceive_packethRK19ControllerSpiPacketR22ControllerSpiAckPacket+0x2a8>
10000a18:	005b      	lsls	r3, r3, #1
10000a1a:	b2de      	uxtb	r6, r3
10000a1c:	b25b      	sxtb	r3, r3
10000a1e:	2b00      	cmp	r3, #0
10000a20:	db2d      	blt.n	10000a7e <_Z28spi_master_transceive_packethRK19ControllerSpiPacketR22ControllerSpiAckPacket+0x2be>
10000a22:	0076      	lsls	r6, r6, #1
10000a24:	b2f2      	uxtb	r2, r6
10000a26:	b276      	sxtb	r6, r6
10000a28:	2e00      	cmp	r6, #0
10000a2a:	db2e      	blt.n	10000a8a <_Z28spi_master_transceive_packethRK19ControllerSpiPacketR22ControllerSpiAckPacket+0x2ca>
10000a2c:	0052      	lsls	r2, r2, #1
10000a2e:	b2d3      	uxtb	r3, r2
10000a30:	b252      	sxtb	r2, r2
10000a32:	2a00      	cmp	r2, #0
10000a34:	db2f      	blt.n	10000a96 <_Z28spi_master_transceive_packethRK19ControllerSpiPacketR22ControllerSpiAckPacket+0x2d6>
10000a36:	005b      	lsls	r3, r3, #1
10000a38:	b2da      	uxtb	r2, r3
10000a3a:	b25b      	sxtb	r3, r3
10000a3c:	2b00      	cmp	r3, #0
10000a3e:	db30      	blt.n	10000aa2 <_Z28spi_master_transceive_packethRK19ControllerSpiPacketR22ControllerSpiAckPacket+0x2e2>
10000a40:	0052      	lsls	r2, r2, #1
10000a42:	b2d3      	uxtb	r3, r2
10000a44:	b252      	sxtb	r2, r2
10000a46:	2a00      	cmp	r2, #0
10000a48:	db31      	blt.n	10000aae <_Z28spi_master_transceive_packethRK19ControllerSpiPacketR22ControllerSpiAckPacket+0x2ee>
10000a4a:	005b      	lsls	r3, r3, #1
10000a4c:	b2da      	uxtb	r2, r3
10000a4e:	b25b      	sxtb	r3, r3
10000a50:	2b00      	cmp	r3, #0
10000a52:	db32      	blt.n	10000aba <_Z28spi_master_transceive_packethRK19ControllerSpiPacketR22ControllerSpiAckPacket+0x2fa>
10000a54:	0052      	lsls	r2, r2, #1
10000a56:	b2d3      	uxtb	r3, r2
10000a58:	b252      	sxtb	r2, r2
10000a5a:	2a00      	cmp	r2, #0
10000a5c:	db33      	blt.n	10000ac6 <_Z28spi_master_transceive_packethRK19ControllerSpiPacketR22ControllerSpiAckPacket+0x306>
10000a5e:	005b      	lsls	r3, r3, #1
10000a60:	b2db      	uxtb	r3, r3
10000a62:	3101      	adds	r1, #1
10000a64:	42a9      	cmp	r1, r5
10000a66:	d039      	beq.n	10000adc <_Z28spi_master_transceive_packethRK19ControllerSpiPacketR22ControllerSpiAckPacket+0x31c>
10000a68:	780a      	ldrb	r2, [r1, #0]
10000a6a:	4053      	eors	r3, r2
10000a6c:	b25e      	sxtb	r6, r3
10000a6e:	2e00      	cmp	r6, #0
10000a70:	dad2      	bge.n	10000a18 <_Z28spi_master_transceive_packethRK19ControllerSpiPacketR22ControllerSpiAckPacket+0x258>
10000a72:	0076      	lsls	r6, r6, #1
10000a74:	4046      	eors	r6, r0
10000a76:	b273      	sxtb	r3, r6
10000a78:	b2f6      	uxtb	r6, r6
10000a7a:	2b00      	cmp	r3, #0
10000a7c:	dad1      	bge.n	10000a22 <_Z28spi_master_transceive_packethRK19ControllerSpiPacketR22ControllerSpiAckPacket+0x262>
10000a7e:	005b      	lsls	r3, r3, #1
10000a80:	4043      	eors	r3, r0
10000a82:	b25e      	sxtb	r6, r3
10000a84:	b2da      	uxtb	r2, r3
10000a86:	2e00      	cmp	r6, #0
10000a88:	dad0      	bge.n	10000a2c <_Z28spi_master_transceive_packethRK19ControllerSpiPacketR22ControllerSpiAckPacket+0x26c>
10000a8a:	0076      	lsls	r6, r6, #1
10000a8c:	4046      	eors	r6, r0
10000a8e:	b272      	sxtb	r2, r6
10000a90:	b2f3      	uxtb	r3, r6
10000a92:	2a00      	cmp	r2, #0
10000a94:	dacf      	bge.n	10000a36 <_Z28spi_master_transceive_packethRK19ControllerSpiPacketR22ControllerSpiAckPacket+0x276>
10000a96:	0052      	lsls	r2, r2, #1
10000a98:	4042      	eors	r2, r0
10000a9a:	b253      	sxtb	r3, r2
10000a9c:	b2d2      	uxtb	r2, r2
10000a9e:	2b00      	cmp	r3, #0
10000aa0:	dace      	bge.n	10000a40 <_Z28spi_master_transceive_packethRK19ControllerSpiPacketR22ControllerSpiAckPacket+0x280>
10000aa2:	005b      	lsls	r3, r3, #1
10000aa4:	4043      	eors	r3, r0
10000aa6:	b25a      	sxtb	r2, r3
10000aa8:	b2db      	uxtb	r3, r3
10000aaa:	2a00      	cmp	r2, #0
10000aac:	dacd      	bge.n	10000a4a <_Z28spi_master_transceive_packethRK19ControllerSpiPacketR22ControllerSpiAckPacket+0x28a>
10000aae:	0052      	lsls	r2, r2, #1
10000ab0:	4042      	eors	r2, r0
10000ab2:	b253      	sxtb	r3, r2
10000ab4:	b2d2      	uxtb	r2, r2
10000ab6:	2b00      	cmp	r3, #0
10000ab8:	dacc      	bge.n	10000a54 <_Z28spi_master_transceive_packethRK19ControllerSpiPacketR22ControllerSpiAckPacket+0x294>
10000aba:	005b      	lsls	r3, r3, #1
10000abc:	4043      	eors	r3, r0
10000abe:	b25a      	sxtb	r2, r3
10000ac0:	b2db      	uxtb	r3, r3
10000ac2:	2a00      	cmp	r2, #0
10000ac4:	dacb      	bge.n	10000a5e <_Z28spi_master_transceive_packethRK19ControllerSpiPacketR22ControllerSpiAckPacket+0x29e>
10000ac6:	0052      	lsls	r2, r2, #1
10000ac8:	4042      	eors	r2, r0
10000aca:	b2d3      	uxtb	r3, r2
10000acc:	e7c9      	b.n	10000a62 <_Z28spi_master_transceive_packethRK19ControllerSpiPacketR22ControllerSpiAckPacket+0x2a2>
10000ace:	79fa      	ldrb	r2, [r7, #7]
10000ad0:	4664      	mov	r4, ip
10000ad2:	429a      	cmp	r2, r3
10000ad4:	d000      	beq.n	10000ad8 <_Z28spi_master_transceive_packethRK19ControllerSpiPacketR22ControllerSpiAckPacket+0x318>
10000ad6:	e6a4      	b.n	10000822 <_Z28spi_master_transceive_packethRK19ControllerSpiPacketR22ControllerSpiAckPacket+0x62>
10000ad8:	2001      	movs	r0, #1
10000ada:	e701      	b.n	100008e0 <_Z28spi_master_transceive_packethRK19ControllerSpiPacketR22ControllerSpiAckPacket+0x120>
10000adc:	9a03      	ldr	r2, [sp, #12]
10000ade:	4293      	cmp	r3, r2
10000ae0:	d000      	beq.n	10000ae4 <_Z28spi_master_transceive_packethRK19ControllerSpiPacketR22ControllerSpiAckPacket+0x324>
10000ae2:	e6f9      	b.n	100008d8 <_Z28spi_master_transceive_packethRK19ControllerSpiPacketR22ControllerSpiAckPacket+0x118>
10000ae4:	2208      	movs	r2, #8
10000ae6:	0038      	movs	r0, r7
10000ae8:	a904      	add	r1, sp, #16
10000aea:	f002 f9a7 	bl	10002e3c <__wrap___aeabi_memcpy>
10000aee:	2001      	movs	r0, #1
10000af0:	e6f6      	b.n	100008e0 <_Z28spi_master_transceive_packethRK19ControllerSpiPacketR22ControllerSpiAckPacket+0x120>
10000af2:	46c0      	nop			@ (mov r8, r8)
10000af4:	10007cc0 	.word	0x10007cc0
10000af8:	4003c000 	.word	0x4003c000
10000afc:	ffff00ff 	.word	0xffff00ff

10000b00 <gpio_set_function>:
10000b00:	4a09      	ldr	r2, [pc, #36]	@ (10000b28 <gpio_set_function+0x28>)
10000b02:	0083      	lsls	r3, r0, #2
10000b04:	189a      	adds	r2, r3, r2
10000b06:	b510      	push	{r4, lr}
10000b08:	6814      	ldr	r4, [r2, #0]
10000b0a:	2240      	movs	r2, #64	@ 0x40
10000b0c:	4054      	eors	r4, r2
10000b0e:	3280      	adds	r2, #128	@ 0x80
10000b10:	4022      	ands	r2, r4
10000b12:	4c06      	ldr	r4, [pc, #24]	@ (10000b2c <gpio_set_function+0x2c>)
10000b14:	00c0      	lsls	r0, r0, #3
10000b16:	46a4      	mov	ip, r4
10000b18:	4463      	add	r3, ip
10000b1a:	601a      	str	r2, [r3, #0]
10000b1c:	4b04      	ldr	r3, [pc, #16]	@ (10000b30 <gpio_set_function+0x30>)
10000b1e:	469c      	mov	ip, r3
10000b20:	4460      	add	r0, ip
10000b22:	6041      	str	r1, [r0, #4]
10000b24:	bd10      	pop	{r4, pc}
10000b26:	46c0      	nop			@ (mov r8, r8)
10000b28:	4001c004 	.word	0x4001c004
10000b2c:	4001d004 	.word	0x4001d004
10000b30:	40014000 	.word	0x40014000

10000b34 <gpio_set_pulls>:
10000b34:	4b07      	ldr	r3, [pc, #28]	@ (10000b54 <gpio_set_pulls+0x20>)
10000b36:	0080      	lsls	r0, r0, #2
10000b38:	18c3      	adds	r3, r0, r3
10000b3a:	681b      	ldr	r3, [r3, #0]
10000b3c:	00c9      	lsls	r1, r1, #3
10000b3e:	0092      	lsls	r2, r2, #2
10000b40:	430a      	orrs	r2, r1
10000b42:	405a      	eors	r2, r3
10000b44:	230c      	movs	r3, #12
10000b46:	4013      	ands	r3, r2
10000b48:	4a03      	ldr	r2, [pc, #12]	@ (10000b58 <gpio_set_pulls+0x24>)
10000b4a:	4694      	mov	ip, r2
10000b4c:	4460      	add	r0, ip
10000b4e:	6003      	str	r3, [r0, #0]
10000b50:	4770      	bx	lr
10000b52:	46c0      	nop			@ (mov r8, r8)
10000b54:	4001c004 	.word	0x4001c004
10000b58:	4001d004 	.word	0x4001d004

10000b5c <gpio_init>:
10000b5c:	2301      	movs	r3, #1
10000b5e:	22d0      	movs	r2, #208	@ 0xd0
10000b60:	4083      	lsls	r3, r0
10000b62:	0612      	lsls	r2, r2, #24
10000b64:	6293      	str	r3, [r2, #40]	@ 0x28
10000b66:	6193      	str	r3, [r2, #24]
10000b68:	4a09      	ldr	r2, [pc, #36]	@ (10000b90 <gpio_init+0x34>)
10000b6a:	0083      	lsls	r3, r0, #2
10000b6c:	189a      	adds	r2, r3, r2
10000b6e:	6811      	ldr	r1, [r2, #0]
10000b70:	2240      	movs	r2, #64	@ 0x40
10000b72:	4051      	eors	r1, r2
10000b74:	3280      	adds	r2, #128	@ 0x80
10000b76:	400a      	ands	r2, r1
10000b78:	4906      	ldr	r1, [pc, #24]	@ (10000b94 <gpio_init+0x38>)
10000b7a:	00c0      	lsls	r0, r0, #3
10000b7c:	468c      	mov	ip, r1
10000b7e:	4463      	add	r3, ip
10000b80:	601a      	str	r2, [r3, #0]
10000b82:	4b05      	ldr	r3, [pc, #20]	@ (10000b98 <gpio_init+0x3c>)
10000b84:	469c      	mov	ip, r3
10000b86:	2305      	movs	r3, #5
10000b88:	4460      	add	r0, ip
10000b8a:	6043      	str	r3, [r0, #4]
10000b8c:	4770      	bx	lr
10000b8e:	46c0      	nop			@ (mov r8, r8)
10000b90:	4001c004 	.word	0x4001c004
10000b94:	4001d004 	.word	0x4001d004
10000b98:	40014000 	.word	0x40014000

10000b9c <rp2040_chip_version>:
10000b9c:	2380      	movs	r3, #128	@ 0x80
10000b9e:	05db      	lsls	r3, r3, #23
10000ba0:	6818      	ldr	r0, [r3, #0]
10000ba2:	0f00      	lsrs	r0, r0, #28
10000ba4:	4770      	bx	lr
10000ba6:	46c0      	nop			@ (mov r8, r8)

10000ba8 <panic>:
10000ba8:	b40f      	push	{r0, r1, r2, r3}
10000baa:	b500      	push	{lr}
10000bac:	4808      	ldr	r0, [pc, #32]	@ (10000bd0 <panic+0x28>)
10000bae:	b083      	sub	sp, #12
10000bb0:	f003 ff50 	bl	10004a54 <__wrap_puts>
10000bb4:	9b04      	ldr	r3, [sp, #16]
10000bb6:	2b00      	cmp	r3, #0
10000bb8:	d007      	beq.n	10000bca <panic+0x22>
10000bba:	a905      	add	r1, sp, #20
10000bbc:	0018      	movs	r0, r3
10000bbe:	9101      	str	r1, [sp, #4]
10000bc0:	f003 fcd8 	bl	10004574 <weak_raw_vprintf>
10000bc4:	4803      	ldr	r0, [pc, #12]	@ (10000bd4 <panic+0x2c>)
10000bc6:	f003 ff45 	bl	10004a54 <__wrap_puts>
10000bca:	2001      	movs	r0, #1
10000bcc:	f003 fcea 	bl	100045a4 <_exit>
10000bd0:	10007b50 	.word	0x10007b50
10000bd4:	10007c10 	.word	0x10007c10

10000bd8 <hw_claim_or_assert>:
10000bd8:	b570      	push	{r4, r5, r6, lr}
10000bda:	f3ef 8c10 	mrs	ip, PRIMASK
10000bde:	b672      	cpsid	i
10000be0:	4d0d      	ldr	r5, [pc, #52]	@ (10000c18 <hw_claim_or_assert+0x40>)
10000be2:	682b      	ldr	r3, [r5, #0]
10000be4:	2b00      	cmp	r3, #0
10000be6:	d0fc      	beq.n	10000be2 <hw_claim_or_assert+0xa>
10000be8:	f3bf 8f5f 	dmb	sy
10000bec:	2407      	movs	r4, #7
10000bee:	08cb      	lsrs	r3, r1, #3
10000bf0:	18c6      	adds	r6, r0, r3
10000bf2:	5cc0      	ldrb	r0, [r0, r3]
10000bf4:	2301      	movs	r3, #1
10000bf6:	400c      	ands	r4, r1
10000bf8:	40a3      	lsls	r3, r4
10000bfa:	001c      	movs	r4, r3
10000bfc:	4004      	ands	r4, r0
10000bfe:	4203      	tst	r3, r0
10000c00:	d107      	bne.n	10000c12 <hw_claim_or_assert+0x3a>
10000c02:	4318      	orrs	r0, r3
10000c04:	7030      	strb	r0, [r6, #0]
10000c06:	f3bf 8f5f 	dmb	sy
10000c0a:	602c      	str	r4, [r5, #0]
10000c0c:	f38c 8810 	msr	PRIMASK, ip
10000c10:	bd70      	pop	{r4, r5, r6, pc}
10000c12:	0010      	movs	r0, r2
10000c14:	f7ff ffc8 	bl	10000ba8 <panic>
10000c18:	d000012c 	.word	0xd000012c

10000c1c <hw_claim_unused_from_range>:
10000c1c:	b5f8      	push	{r3, r4, r5, r6, r7, lr}
10000c1e:	4647      	mov	r7, r8
10000c20:	46ce      	mov	lr, r9
10000c22:	4688      	mov	r8, r1
10000c24:	b580      	push	{r7, lr}
10000c26:	f3ef 8c10 	mrs	ip, PRIMASK
10000c2a:	b672      	cpsid	i
10000c2c:	4d21      	ldr	r5, [pc, #132]	@ (10000cb4 <hw_claim_unused_from_range+0x98>)
10000c2e:	682c      	ldr	r4, [r5, #0]
10000c30:	2c00      	cmp	r4, #0
10000c32:	d0fc      	beq.n	10000c2e <hw_claim_unused_from_range+0x12>
10000c34:	f3bf 8f5f 	dmb	sy
10000c38:	429a      	cmp	r2, r3
10000c3a:	d82c      	bhi.n	10000c96 <hw_claim_unused_from_range+0x7a>
10000c3c:	08d4      	lsrs	r4, r2, #3
10000c3e:	2707      	movs	r7, #7
10000c40:	5d05      	ldrb	r5, [r0, r4]
10000c42:	1906      	adds	r6, r0, r4
10000c44:	2401      	movs	r4, #1
10000c46:	4017      	ands	r7, r2
10000c48:	40bc      	lsls	r4, r7
10000c4a:	422c      	tst	r4, r5
10000c4c:	d01f      	beq.n	10000c8e <hw_claim_unused_from_range+0x72>
10000c4e:	2107      	movs	r1, #7
10000c50:	2701      	movs	r7, #1
10000c52:	4689      	mov	r9, r1
10000c54:	e009      	b.n	10000c6a <hw_claim_unused_from_range+0x4e>
10000c56:	08d4      	lsrs	r4, r2, #3
10000c58:	5d05      	ldrb	r5, [r0, r4]
10000c5a:	1906      	adds	r6, r0, r4
10000c5c:	464c      	mov	r4, r9
10000c5e:	0039      	movs	r1, r7
10000c60:	4014      	ands	r4, r2
10000c62:	40a1      	lsls	r1, r4
10000c64:	000c      	movs	r4, r1
10000c66:	4229      	tst	r1, r5
10000c68:	d011      	beq.n	10000c8e <hw_claim_unused_from_range+0x72>
10000c6a:	3201      	adds	r2, #1
10000c6c:	4293      	cmp	r3, r2
10000c6e:	d2f2      	bcs.n	10000c56 <hw_claim_unused_from_range+0x3a>
10000c70:	2001      	movs	r0, #1
10000c72:	4240      	negs	r0, r0
10000c74:	f3bf 8f5f 	dmb	sy
10000c78:	2200      	movs	r2, #0
10000c7a:	4b0e      	ldr	r3, [pc, #56]	@ (10000cb4 <hw_claim_unused_from_range+0x98>)
10000c7c:	601a      	str	r2, [r3, #0]
10000c7e:	f38c 8810 	msr	PRIMASK, ip
10000c82:	2800      	cmp	r0, #0
10000c84:	db0f      	blt.n	10000ca6 <hw_claim_unused_from_range+0x8a>
10000c86:	bcc0      	pop	{r6, r7}
10000c88:	46b9      	mov	r9, r7
10000c8a:	46b0      	mov	r8, r6
10000c8c:	bdf8      	pop	{r3, r4, r5, r6, r7, pc}
10000c8e:	4325      	orrs	r5, r4
10000c90:	0010      	movs	r0, r2
10000c92:	7035      	strb	r5, [r6, #0]
10000c94:	e7ee      	b.n	10000c74 <hw_claim_unused_from_range+0x58>
10000c96:	f3bf 8f5f 	dmb	sy
10000c9a:	2300      	movs	r3, #0
10000c9c:	602b      	str	r3, [r5, #0]
10000c9e:	f38c 8810 	msr	PRIMASK, ip
10000ca2:	2001      	movs	r0, #1
10000ca4:	4240      	negs	r0, r0
10000ca6:	4643      	mov	r3, r8
10000ca8:	2b00      	cmp	r3, #0
10000caa:	d0ec      	beq.n	10000c86 <hw_claim_unused_from_range+0x6a>
10000cac:	9808      	ldr	r0, [sp, #32]
10000cae:	f7ff ff7b 	bl	10000ba8 <panic>
10000cb2:	46c0      	nop			@ (mov r8, r8)
10000cb4:	d000012c 	.word	0xd000012c

10000cb8 <next_striped_spin_lock_num>:
10000cb8:	4a04      	ldr	r2, [pc, #16]	@ (10000ccc <next_striped_spin_lock_num+0x14>)
10000cba:	7810      	ldrb	r0, [r2, #0]
10000cbc:	1c43      	adds	r3, r0, #1
10000cbe:	b2db      	uxtb	r3, r3
10000cc0:	2b17      	cmp	r3, #23
10000cc2:	d900      	bls.n	10000cc6 <next_striped_spin_lock_num+0xe>
10000cc4:	2310      	movs	r3, #16
10000cc6:	7013      	strb	r3, [r2, #0]
10000cc8:	4770      	bx	lr
10000cca:	46c0      	nop			@ (mov r8, r8)
10000ccc:	20000fc8 	.word	0x20000fc8

10000cd0 <spin_lock_claim_unused>:
10000cd0:	b510      	push	{r4, lr}
10000cd2:	4b06      	ldr	r3, [pc, #24]	@ (10000cec <spin_lock_claim_unused+0x1c>)
10000cd4:	4c06      	ldr	r4, [pc, #24]	@ (10000cf0 <spin_lock_claim_unused+0x20>)
10000cd6:	b082      	sub	sp, #8
10000cd8:	0001      	movs	r1, r0
10000cda:	9300      	str	r3, [sp, #0]
10000cdc:	2218      	movs	r2, #24
10000cde:	231f      	movs	r3, #31
10000ce0:	0020      	movs	r0, r4
10000ce2:	f7ff ff9b 	bl	10000c1c <hw_claim_unused_from_range>
10000ce6:	b002      	add	sp, #8
10000ce8:	bd10      	pop	{r4, pc}
10000cea:	46c0      	nop			@ (mov r8, r8)
10000cec:	10007b60 	.word	0x10007b60
10000cf0:	20001edc 	.word	0x20001edc

10000cf4 <spin_locks_reset>:
10000cf4:	2100      	movs	r1, #0
10000cf6:	4b04      	ldr	r3, [pc, #16]	@ (10000d08 <spin_locks_reset+0x14>)
10000cf8:	4a04      	ldr	r2, [pc, #16]	@ (10000d0c <spin_locks_reset+0x18>)
10000cfa:	f3bf 8f5f 	dmb	sy
10000cfe:	c302      	stmia	r3!, {r1}
10000d00:	4293      	cmp	r3, r2
10000d02:	d1fa      	bne.n	10000cfa <spin_locks_reset+0x6>
10000d04:	4770      	bx	lr
10000d06:	46c0      	nop			@ (mov r8, r8)
10000d08:	d0000100 	.word	0xd0000100
10000d0c:	d0000180 	.word	0xd0000180

10000d10 <runtime_init_per_core_irq_priorities>:
10000d10:	4b05      	ldr	r3, [pc, #20]	@ (10000d28 <runtime_init_per_core_irq_priorities+0x18>)
10000d12:	4a06      	ldr	r2, [pc, #24]	@ (10000d2c <runtime_init_per_core_irq_priorities+0x1c>)
10000d14:	6013      	str	r3, [r2, #0]
10000d16:	4a06      	ldr	r2, [pc, #24]	@ (10000d30 <runtime_init_per_core_irq_priorities+0x20>)
10000d18:	6013      	str	r3, [r2, #0]
10000d1a:	6053      	str	r3, [r2, #4]
10000d1c:	6093      	str	r3, [r2, #8]
10000d1e:	60d3      	str	r3, [r2, #12]
10000d20:	6113      	str	r3, [r2, #16]
10000d22:	6153      	str	r3, [r2, #20]
10000d24:	6193      	str	r3, [r2, #24]
10000d26:	4770      	bx	lr
10000d28:	80808080 	.word	0x80808080
10000d2c:	e000e400 	.word	0xe000e400
10000d30:	e000e404 	.word	0xe000e404

10000d34 <irq_set_enabled>:
10000d34:	231f      	movs	r3, #31
10000d36:	4018      	ands	r0, r3
10000d38:	3b1e      	subs	r3, #30
10000d3a:	4083      	lsls	r3, r0
10000d3c:	2900      	cmp	r1, #0
10000d3e:	d005      	beq.n	10000d4c <irq_set_enabled+0x18>
10000d40:	21c0      	movs	r1, #192	@ 0xc0
10000d42:	4a04      	ldr	r2, [pc, #16]	@ (10000d54 <irq_set_enabled+0x20>)
10000d44:	0049      	lsls	r1, r1, #1
10000d46:	5053      	str	r3, [r2, r1]
10000d48:	6013      	str	r3, [r2, #0]
10000d4a:	4770      	bx	lr
10000d4c:	2280      	movs	r2, #128	@ 0x80
10000d4e:	4901      	ldr	r1, [pc, #4]	@ (10000d54 <irq_set_enabled+0x20>)
10000d50:	508b      	str	r3, [r1, r2]
10000d52:	e7fa      	b.n	10000d4a <irq_set_enabled+0x16>
10000d54:	e000e100 	.word	0xe000e100

10000d58 <irq_is_enabled>:
10000d58:	2201      	movs	r2, #1
10000d5a:	4082      	lsls	r2, r0
10000d5c:	4b03      	ldr	r3, [pc, #12]	@ (10000d6c <irq_is_enabled+0x14>)
10000d5e:	681b      	ldr	r3, [r3, #0]
10000d60:	4013      	ands	r3, r2
10000d62:	1e5a      	subs	r2, r3, #1
10000d64:	4193      	sbcs	r3, r2
10000d66:	b2d8      	uxtb	r0, r3
10000d68:	4770      	bx	lr
10000d6a:	46c0      	nop			@ (mov r8, r8)
10000d6c:	e000e100 	.word	0xe000e100

10000d70 <irq_set_pending>:
10000d70:	2301      	movs	r3, #1
10000d72:	4083      	lsls	r3, r0
10000d74:	4a01      	ldr	r2, [pc, #4]	@ (10000d7c <irq_set_pending+0xc>)
10000d76:	6013      	str	r3, [r2, #0]
10000d78:	4770      	bx	lr
10000d7a:	46c0      	nop			@ (mov r8, r8)
10000d7c:	e000e200 	.word	0xe000e200

10000d80 <irq_has_shared_handler>:
10000d80:	4b06      	ldr	r3, [pc, #24]	@ (10000d9c <irq_has_shared_handler+0x1c>)
10000d82:	3010      	adds	r0, #16
10000d84:	689b      	ldr	r3, [r3, #8]
10000d86:	0080      	lsls	r0, r0, #2
10000d88:	58c3      	ldr	r3, [r0, r3]
10000d8a:	4a05      	ldr	r2, [pc, #20]	@ (10000da0 <irq_has_shared_handler+0x20>)
10000d8c:	2000      	movs	r0, #0
10000d8e:	1a9b      	subs	r3, r3, r2
10000d90:	2247      	movs	r2, #71	@ 0x47
10000d92:	429a      	cmp	r2, r3
10000d94:	4140      	adcs	r0, r0
10000d96:	b2c0      	uxtb	r0, r0
10000d98:	4770      	bx	lr
10000d9a:	46c0      	nop			@ (mov r8, r8)
10000d9c:	e000ed00 	.word	0xe000ed00
10000da0:	20000fcc 	.word	0x20000fcc

10000da4 <irq_set_exclusive_handler>:
10000da4:	b510      	push	{r4, lr}
10000da6:	f3ef 8c10 	mrs	ip, PRIMASK
10000daa:	b672      	cpsid	i
10000dac:	4a0f      	ldr	r2, [pc, #60]	@ (10000dec <irq_set_exclusive_handler+0x48>)
10000dae:	6813      	ldr	r3, [r2, #0]
10000db0:	2b00      	cmp	r3, #0
10000db2:	d0fc      	beq.n	10000dae <irq_set_exclusive_handler+0xa>
10000db4:	f3bf 8f5f 	dmb	sy
10000db8:	4b0d      	ldr	r3, [pc, #52]	@ (10000df0 <irq_set_exclusive_handler+0x4c>)
10000dba:	3010      	adds	r0, #16
10000dbc:	689b      	ldr	r3, [r3, #8]
10000dbe:	0080      	lsls	r0, r0, #2
10000dc0:	581b      	ldr	r3, [r3, r0]
10000dc2:	4a0c      	ldr	r2, [pc, #48]	@ (10000df4 <irq_set_exclusive_handler+0x50>)
10000dc4:	4293      	cmp	r3, r2
10000dc6:	d001      	beq.n	10000dcc <irq_set_exclusive_handler+0x28>
10000dc8:	4299      	cmp	r1, r3
10000dca:	d10c      	bne.n	10000de6 <irq_set_exclusive_handler+0x42>
10000dcc:	4b08      	ldr	r3, [pc, #32]	@ (10000df0 <irq_set_exclusive_handler+0x4c>)
10000dce:	689b      	ldr	r3, [r3, #8]
10000dd0:	5019      	str	r1, [r3, r0]
10000dd2:	f3bf 8f5f 	dmb	sy
10000dd6:	f3bf 8f5f 	dmb	sy
10000dda:	2200      	movs	r2, #0
10000ddc:	4b03      	ldr	r3, [pc, #12]	@ (10000dec <irq_set_exclusive_handler+0x48>)
10000dde:	601a      	str	r2, [r3, #0]
10000de0:	f38c 8810 	msr	PRIMASK, ip
10000de4:	bd10      	pop	{r4, pc}
10000de6:	f001 f84b 	bl	10001e80 <hard_assertion_failure>
10000dea:	46c0      	nop			@ (mov r8, r8)
10000dec:	d0000124 	.word	0xd0000124
10000df0:	e000ed00 	.word	0xe000ed00
10000df4:	100001c1 	.word	0x100001c1

10000df8 <irq_add_shared_handler>:
10000df8:	b5f0      	push	{r4, r5, r6, r7, lr}
10000dfa:	4657      	mov	r7, sl
10000dfc:	464e      	mov	r6, r9
10000dfe:	46de      	mov	lr, fp
10000e00:	4645      	mov	r5, r8
10000e02:	b5e0      	push	{r5, r6, r7, lr}
10000e04:	468a      	mov	sl, r1
10000e06:	b085      	sub	sp, #20
10000e08:	0006      	movs	r6, r0
10000e0a:	f3ef 8910 	mrs	r9, PRIMASK
10000e0e:	b672      	cpsid	i
10000e10:	4963      	ldr	r1, [pc, #396]	@ (10000fa0 <irq_add_shared_handler+0x1a8>)
10000e12:	680b      	ldr	r3, [r1, #0]
10000e14:	2b00      	cmp	r3, #0
10000e16:	d0fc      	beq.n	10000e12 <irq_add_shared_handler+0x1a>
10000e18:	f3bf 8f5f 	dmb	sy
10000e1c:	2100      	movs	r1, #0
10000e1e:	4b61      	ldr	r3, [pc, #388]	@ (10000fa4 <irq_add_shared_handler+0x1ac>)
10000e20:	5659      	ldrsb	r1, [r3, r1]
10000e22:	468c      	mov	ip, r1
10000e24:	2900      	cmp	r1, #0
10000e26:	da00      	bge.n	10000e2a <irq_add_shared_handler+0x32>
10000e28:	e0b7      	b.n	10000f9a <irq_add_shared_handler+0x1a2>
10000e2a:	0049      	lsls	r1, r1, #1
10000e2c:	000d      	movs	r5, r1
10000e2e:	4c5e      	ldr	r4, [pc, #376]	@ (10000fa8 <irq_add_shared_handler+0x1b0>)
10000e30:	4465      	add	r5, ip
10000e32:	00ad      	lsls	r5, r5, #2
10000e34:	1967      	adds	r7, r4, r5
10000e36:	9102      	str	r1, [sp, #8]
10000e38:	79b9      	ldrb	r1, [r7, #6]
10000e3a:	3610      	adds	r6, #16
10000e3c:	7019      	strb	r1, [r3, #0]
10000e3e:	4b5b      	ldr	r3, [pc, #364]	@ (10000fac <irq_add_shared_handler+0x1b4>)
10000e40:	00b1      	lsls	r1, r6, #2
10000e42:	689b      	ldr	r3, [r3, #8]
10000e44:	9101      	str	r1, [sp, #4]
10000e46:	585b      	ldr	r3, [r3, r1]
10000e48:	1b19      	subs	r1, r3, r4
10000e4a:	2947      	cmp	r1, #71	@ 0x47
10000e4c:	d835      	bhi.n	10000eba <irq_add_shared_handler+0xc2>
10000e4e:	2101      	movs	r1, #1
10000e50:	0018      	movs	r0, r3
10000e52:	4388      	bics	r0, r1
10000e54:	79c6      	ldrb	r6, [r0, #7]
10000e56:	4296      	cmp	r6, r2
10000e58:	d800      	bhi.n	10000e5c <irq_add_shared_handler+0x64>
10000e5a:	e075      	b.n	10000f48 <irq_add_shared_handler+0x150>
10000e5c:	469b      	mov	fp, r3
10000e5e:	9b02      	ldr	r3, [sp, #8]
10000e60:	9e01      	ldr	r6, [sp, #4]
10000e62:	4698      	mov	r8, r3
10000e64:	9503      	str	r5, [sp, #12]
10000e66:	e007      	b.n	10000e78 <irq_add_shared_handler+0x80>
10000e68:	004d      	lsls	r5, r1, #1
10000e6a:	186d      	adds	r5, r5, r1
10000e6c:	00ad      	lsls	r5, r5, #2
10000e6e:	1965      	adds	r5, r4, r5
10000e70:	79eb      	ldrb	r3, [r5, #7]
10000e72:	4293      	cmp	r3, r2
10000e74:	d94e      	bls.n	10000f14 <irq_add_shared_handler+0x11c>
10000e76:	0028      	movs	r0, r5
10000e78:	2106      	movs	r1, #6
10000e7a:	5641      	ldrsb	r1, [r0, r1]
10000e7c:	2900      	cmp	r1, #0
10000e7e:	daf3      	bge.n	10000e68 <irq_add_shared_handler+0x70>
10000e80:	4645      	mov	r5, r8
10000e82:	465b      	mov	r3, fp
10000e84:	9601      	str	r6, [sp, #4]
10000e86:	9502      	str	r5, [sp, #8]
10000e88:	1d06      	adds	r6, r0, #4
10000e8a:	4d49      	ldr	r5, [pc, #292]	@ (10000fb0 <irq_add_shared_handler+0x1b8>)
10000e8c:	9603      	str	r6, [sp, #12]
10000e8e:	9e03      	ldr	r6, [sp, #12]
10000e90:	3f04      	subs	r7, #4
10000e92:	1bbf      	subs	r7, r7, r6
10000e94:	053f      	lsls	r7, r7, #20
10000e96:	4e47      	ldr	r6, [pc, #284]	@ (10000fb4 <irq_add_shared_handler+0x1bc>)
10000e98:	0d7f      	lsrs	r7, r7, #21
10000e9a:	4337      	orrs	r7, r6
10000e9c:	4666      	mov	r6, ip
10000e9e:	8087      	strh	r7, [r0, #4]
10000ea0:	7186      	strb	r6, [r0, #6]
10000ea2:	9802      	ldr	r0, [sp, #8]
10000ea4:	4460      	add	r0, ip
10000ea6:	0080      	lsls	r0, r0, #2
10000ea8:	1824      	adds	r4, r4, r0
10000eaa:	71e2      	strb	r2, [r4, #7]
10000eac:	4652      	mov	r2, sl
10000eae:	4842      	ldr	r0, [pc, #264]	@ (10000fb8 <irq_add_shared_handler+0x1c0>)
10000eb0:	80a5      	strh	r5, [r4, #4]
10000eb2:	6020      	str	r0, [r4, #0]
10000eb4:	71a1      	strb	r1, [r4, #6]
10000eb6:	60a2      	str	r2, [r4, #8]
10000eb8:	e018      	b.n	10000eec <irq_add_shared_handler+0xf4>
10000eba:	4940      	ldr	r1, [pc, #256]	@ (10000fbc <irq_add_shared_handler+0x1c4>)
10000ebc:	428b      	cmp	r3, r1
10000ebe:	d000      	beq.n	10000ec2 <irq_add_shared_handler+0xca>
10000ec0:	e06b      	b.n	10000f9a <irq_add_shared_handler+0x1a2>
10000ec2:	4b3f      	ldr	r3, [pc, #252]	@ (10000fc0 <irq_add_shared_handler+0x1c8>)
10000ec4:	493b      	ldr	r1, [pc, #236]	@ (10000fb4 <irq_add_shared_handler+0x1bc>)
10000ec6:	5363      	strh	r3, [r4, r5]
10000ec8:	4b3e      	ldr	r3, [pc, #248]	@ (10000fc4 <irq_add_shared_handler+0x1cc>)
10000eca:	3502      	adds	r5, #2
10000ecc:	3b04      	subs	r3, #4
10000ece:	1965      	adds	r5, r4, r5
10000ed0:	1b5b      	subs	r3, r3, r5
10000ed2:	051b      	lsls	r3, r3, #20
10000ed4:	0d5b      	lsrs	r3, r3, #21
10000ed6:	430b      	orrs	r3, r1
10000ed8:	807b      	strh	r3, [r7, #2]
10000eda:	4b3b      	ldr	r3, [pc, #236]	@ (10000fc8 <irq_add_shared_handler+0x1d0>)
10000edc:	71fa      	strb	r2, [r7, #7]
10000ede:	80bb      	strh	r3, [r7, #4]
10000ee0:	23ff      	movs	r3, #255	@ 0xff
10000ee2:	71bb      	strb	r3, [r7, #6]
10000ee4:	4653      	mov	r3, sl
10000ee6:	60bb      	str	r3, [r7, #8]
10000ee8:	2301      	movs	r3, #1
10000eea:	433b      	orrs	r3, r7
10000eec:	4a2f      	ldr	r2, [pc, #188]	@ (10000fac <irq_add_shared_handler+0x1b4>)
10000eee:	9901      	ldr	r1, [sp, #4]
10000ef0:	6892      	ldr	r2, [r2, #8]
10000ef2:	5053      	str	r3, [r2, r1]
10000ef4:	f3bf 8f5f 	dmb	sy
10000ef8:	f3bf 8f5f 	dmb	sy
10000efc:	2200      	movs	r2, #0
10000efe:	4b28      	ldr	r3, [pc, #160]	@ (10000fa0 <irq_add_shared_handler+0x1a8>)
10000f00:	601a      	str	r2, [r3, #0]
10000f02:	f389 8810 	msr	PRIMASK, r9
10000f06:	b005      	add	sp, #20
10000f08:	bcf0      	pop	{r4, r5, r6, r7}
10000f0a:	46bb      	mov	fp, r7
10000f0c:	46b2      	mov	sl, r6
10000f0e:	46a9      	mov	r9, r5
10000f10:	46a0      	mov	r8, r4
10000f12:	bdf0      	pop	{r4, r5, r6, r7, pc}
10000f14:	9601      	str	r6, [sp, #4]
10000f16:	4646      	mov	r6, r8
10000f18:	9602      	str	r6, [sp, #8]
10000f1a:	8886      	ldrh	r6, [r0, #4]
10000f1c:	465b      	mov	r3, fp
10000f1e:	0576      	lsls	r6, r6, #21
10000f20:	46b3      	mov	fp, r6
10000f22:	1d06      	adds	r6, r0, #4
10000f24:	9d03      	ldr	r5, [sp, #12]
10000f26:	9603      	str	r6, [sp, #12]
10000f28:	465e      	mov	r6, fp
10000f2a:	1536      	asrs	r6, r6, #20
10000f2c:	46b3      	mov	fp, r6
10000f2e:	1d06      	adds	r6, r0, #4
10000f30:	46b0      	mov	r8, r6
10000f32:	44c3      	add	fp, r8
10000f34:	465e      	mov	r6, fp
10000f36:	3504      	adds	r5, #4
10000f38:	1965      	adds	r5, r4, r5
10000f3a:	1b75      	subs	r5, r6, r5
10000f3c:	26e0      	movs	r6, #224	@ 0xe0
10000f3e:	052d      	lsls	r5, r5, #20
10000f40:	0d6d      	lsrs	r5, r5, #21
10000f42:	0236      	lsls	r6, r6, #8
10000f44:	4335      	orrs	r5, r6
10000f46:	e7a2      	b.n	10000e8e <irq_add_shared_handler+0x96>
10000f48:	4b20      	ldr	r3, [pc, #128]	@ (10000fcc <irq_add_shared_handler+0x1d4>)
10000f4a:	71fa      	strb	r2, [r7, #7]
10000f4c:	469c      	mov	ip, r3
10000f4e:	0003      	movs	r3, r0
10000f50:	4666      	mov	r6, ip
10000f52:	1b1b      	subs	r3, r3, r4
10000f54:	415b      	adcs	r3, r3
10000f56:	435e      	muls	r6, r3
10000f58:	0d36      	lsrs	r6, r6, #20
10000f5a:	46b4      	mov	ip, r6
10000f5c:	1cae      	adds	r6, r5, #2
10000f5e:	46b0      	mov	r8, r6
10000f60:	44a0      	add	r8, r4
10000f62:	4646      	mov	r6, r8
10000f64:	4b16      	ldr	r3, [pc, #88]	@ (10000fc0 <irq_add_shared_handler+0x1c8>)
10000f66:	5363      	strh	r3, [r4, r5]
10000f68:	4b16      	ldr	r3, [pc, #88]	@ (10000fc4 <irq_add_shared_handler+0x1cc>)
10000f6a:	3504      	adds	r5, #4
10000f6c:	3b04      	subs	r3, #4
10000f6e:	1b9b      	subs	r3, r3, r6
10000f70:	051b      	lsls	r3, r3, #20
10000f72:	4e10      	ldr	r6, [pc, #64]	@ (10000fb4 <irq_add_shared_handler+0x1bc>)
10000f74:	0d5b      	lsrs	r3, r3, #21
10000f76:	4333      	orrs	r3, r6
10000f78:	807b      	strh	r3, [r7, #2]
10000f7a:	1963      	adds	r3, r4, r5
10000f7c:	1ac3      	subs	r3, r0, r3
10000f7e:	3b04      	subs	r3, #4
10000f80:	051b      	lsls	r3, r3, #20
10000f82:	0d5b      	lsrs	r3, r3, #21
10000f84:	4333      	orrs	r3, r6
10000f86:	80bb      	strh	r3, [r7, #4]
10000f88:	4663      	mov	r3, ip
10000f8a:	71bb      	strb	r3, [r7, #6]
10000f8c:	4653      	mov	r3, sl
10000f8e:	60bb      	str	r3, [r7, #8]
10000f90:	4b09      	ldr	r3, [pc, #36]	@ (10000fb8 <irq_add_shared_handler+0x1c0>)
10000f92:	6003      	str	r3, [r0, #0]
10000f94:	003b      	movs	r3, r7
10000f96:	430b      	orrs	r3, r1
10000f98:	e7a8      	b.n	10000eec <irq_add_shared_handler+0xf4>
10000f9a:	f000 ff71 	bl	10001e80 <hard_assertion_failure>
10000f9e:	46c0      	nop			@ (mov r8, r8)
10000fa0:	d0000124 	.word	0xd0000124
10000fa4:	20002399 	.word	0x20002399
10000fa8:	20000fcc 	.word	0x20000fcc
10000fac:	e000ed00 	.word	0xe000ed00
10000fb0:	0000bd01 	.word	0x0000bd01
10000fb4:	ffffe000 	.word	0xffffe000
10000fb8:	47804801 	.word	0x47804801
10000fbc:	100001c1 	.word	0x100001c1
10000fc0:	ffffa100 	.word	0xffffa100
10000fc4:	20001014 	.word	0x20001014
10000fc8:	ffffbd01 	.word	0xffffbd01
10000fcc:	0000aaaa 	.word	0x0000aaaa

10000fd0 <irq_add_tail_to_free_list>:
10000fd0:	b570      	push	{r4, r5, r6, lr}
10000fd2:	2401      	movs	r4, #1
10000fd4:	4304      	orrs	r4, r0
10000fd6:	f3ef 8105 	mrs	r1, IPSR
10000fda:	f3ef 8c10 	mrs	ip, PRIMASK
10000fde:	b672      	cpsid	i
10000fe0:	4a27      	ldr	r2, [pc, #156]	@ (10001080 <irq_add_tail_to_free_list+0xb0>)
10000fe2:	6813      	ldr	r3, [r2, #0]
10000fe4:	2b00      	cmp	r3, #0
10000fe6:	d0fc      	beq.n	10000fe2 <irq_add_tail_to_free_list+0x12>
10000fe8:	f3bf 8f5f 	dmb	sy
10000fec:	4a25      	ldr	r2, [pc, #148]	@ (10001084 <irq_add_tail_to_free_list+0xb4>)
10000fee:	0005      	movs	r5, r0
10000ff0:	4b25      	ldr	r3, [pc, #148]	@ (10001088 <irq_add_tail_to_free_list+0xb8>)
10000ff2:	1aad      	subs	r5, r5, r2
10000ff4:	416d      	adcs	r5, r5
10000ff6:	436b      	muls	r3, r5
10000ff8:	0d1b      	lsrs	r3, r3, #20
10000ffa:	4d24      	ldr	r5, [pc, #144]	@ (1000108c <irq_add_tail_to_free_list+0xbc>)
10000ffc:	0089      	lsls	r1, r1, #2
10000ffe:	68ae      	ldr	r6, [r5, #8]
10001000:	b25b      	sxtb	r3, r3
10001002:	5876      	ldr	r6, [r6, r1]
10001004:	42a6      	cmp	r6, r4
10001006:	d024      	beq.n	10001052 <irq_add_tail_to_free_list+0x82>
10001008:	2106      	movs	r1, #6
1000100a:	5651      	ldrsb	r1, [r2, r1]
1000100c:	4299      	cmp	r1, r3
1000100e:	d024      	beq.n	1000105a <irq_add_tail_to_free_list+0x8a>
10001010:	2112      	movs	r1, #18
10001012:	5651      	ldrsb	r1, [r2, r1]
10001014:	4299      	cmp	r1, r3
10001016:	d02a      	beq.n	1000106e <irq_add_tail_to_free_list+0x9e>
10001018:	211e      	movs	r1, #30
1000101a:	5651      	ldrsb	r1, [r2, r1]
1000101c:	4299      	cmp	r1, r3
1000101e:	d028      	beq.n	10001072 <irq_add_tail_to_free_list+0xa2>
10001020:	212a      	movs	r1, #42	@ 0x2a
10001022:	5651      	ldrsb	r1, [r2, r1]
10001024:	4299      	cmp	r1, r3
10001026:	d026      	beq.n	10001076 <irq_add_tail_to_free_list+0xa6>
10001028:	2136      	movs	r1, #54	@ 0x36
1000102a:	5651      	ldrsb	r1, [r2, r1]
1000102c:	4299      	cmp	r1, r3
1000102e:	d024      	beq.n	1000107a <irq_add_tail_to_free_list+0xaa>
10001030:	2142      	movs	r1, #66	@ 0x42
10001032:	5651      	ldrsb	r1, [r2, r1]
10001034:	2405      	movs	r4, #5
10001036:	4299      	cmp	r1, r3
10001038:	d010      	beq.n	1000105c <irq_add_tail_to_free_list+0x8c>
1000103a:	4a15      	ldr	r2, [pc, #84]	@ (10001090 <irq_add_tail_to_free_list+0xc0>)
1000103c:	7811      	ldrb	r1, [r2, #0]
1000103e:	7013      	strb	r3, [r2, #0]
10001040:	7181      	strb	r1, [r0, #6]
10001042:	f3bf 8f5f 	dmb	sy
10001046:	2200      	movs	r2, #0
10001048:	4b0d      	ldr	r3, [pc, #52]	@ (10001080 <irq_add_tail_to_free_list+0xb0>)
1000104a:	601a      	str	r2, [r3, #0]
1000104c:	f38c 8810 	msr	PRIMASK, ip
10001050:	bd70      	pop	{r4, r5, r6, pc}
10001052:	68aa      	ldr	r2, [r5, #8]
10001054:	4c0f      	ldr	r4, [pc, #60]	@ (10001094 <irq_add_tail_to_free_list+0xc4>)
10001056:	5054      	str	r4, [r2, r1]
10001058:	e7ef      	b.n	1000103a <irq_add_tail_to_free_list+0x6a>
1000105a:	2400      	movs	r4, #0
1000105c:	0061      	lsls	r1, r4, #1
1000105e:	1909      	adds	r1, r1, r4
10001060:	0089      	lsls	r1, r1, #2
10001062:	1852      	adds	r2, r2, r1
10001064:	21ff      	movs	r1, #255	@ 0xff
10001066:	7191      	strb	r1, [r2, #6]
10001068:	490b      	ldr	r1, [pc, #44]	@ (10001098 <irq_add_tail_to_free_list+0xc8>)
1000106a:	8091      	strh	r1, [r2, #4]
1000106c:	e7e5      	b.n	1000103a <irq_add_tail_to_free_list+0x6a>
1000106e:	2401      	movs	r4, #1
10001070:	e7f4      	b.n	1000105c <irq_add_tail_to_free_list+0x8c>
10001072:	2402      	movs	r4, #2
10001074:	e7f2      	b.n	1000105c <irq_add_tail_to_free_list+0x8c>
10001076:	2403      	movs	r4, #3
10001078:	e7f0      	b.n	1000105c <irq_add_tail_to_free_list+0x8c>
1000107a:	2404      	movs	r4, #4
1000107c:	e7ee      	b.n	1000105c <irq_add_tail_to_free_list+0x8c>
1000107e:	46c0      	nop			@ (mov r8, r8)
10001080:	d0000124 	.word	0xd0000124
10001084:	20000fcc 	.word	0x20000fcc
10001088:	0000aaaa 	.word	0x0000aaaa
1000108c:	e000ed00 	.word	0xe000ed00
10001090:	20002399 	.word	0x20002399
10001094:	100001c1 	.word	0x100001c1
10001098:	ffffbd01 	.word	0xffffbd01

1000109c <user_irq_claim_unused>:
1000109c:	b510      	push	{r4, lr}
1000109e:	4b08      	ldr	r3, [pc, #32]	@ (100010c0 <user_irq_claim_unused+0x24>)
100010a0:	4c08      	ldr	r4, [pc, #32]	@ (100010c4 <user_irq_claim_unused+0x28>)
100010a2:	b082      	sub	sp, #8
100010a4:	0001      	movs	r1, r0
100010a6:	9300      	str	r3, [sp, #0]
100010a8:	2200      	movs	r2, #0
100010aa:	2305      	movs	r3, #5
100010ac:	0020      	movs	r0, r4
100010ae:	f7ff fdb5 	bl	10000c1c <hw_claim_unused_from_range>
100010b2:	2800      	cmp	r0, #0
100010b4:	db01      	blt.n	100010ba <user_irq_claim_unused+0x1e>
100010b6:	231f      	movs	r3, #31
100010b8:	1a18      	subs	r0, r3, r0
100010ba:	b002      	add	sp, #8
100010bc:	bd10      	pop	{r4, pc}
100010be:	46c0      	nop			@ (mov r8, r8)
100010c0:	10007b7c 	.word	0x10007b7c
100010c4:	2000239d 	.word	0x2000239d

100010c8 <lock_init>:
100010c8:	4b02      	ldr	r3, [pc, #8]	@ (100010d4 <lock_init+0xc>)
100010ca:	469c      	mov	ip, r3
100010cc:	4461      	add	r1, ip
100010ce:	0089      	lsls	r1, r1, #2
100010d0:	6001      	str	r1, [r0, #0]
100010d2:	4770      	bx	lr
100010d4:	34000040 	.word	0x34000040

100010d8 <runtime_init_mutex>:
100010d8:	b570      	push	{r4, r5, r6, lr}
100010da:	4c11      	ldr	r4, [pc, #68]	@ (10001120 <runtime_init_mutex+0x48>)
100010dc:	4d11      	ldr	r5, [pc, #68]	@ (10001124 <runtime_init_mutex+0x4c>)
100010de:	42ac      	cmp	r4, r5
100010e0:	d20f      	bcs.n	10001102 <runtime_init_mutex+0x2a>
100010e2:	26ff      	movs	r6, #255	@ 0xff
100010e4:	6823      	ldr	r3, [r4, #0]
100010e6:	2b00      	cmp	r3, #0
100010e8:	d00c      	beq.n	10001104 <runtime_init_mutex+0x2c>
100010ea:	f7ff fde5 	bl	10000cb8 <next_striped_spin_lock_num>
100010ee:	0001      	movs	r1, r0
100010f0:	0020      	movs	r0, r4
100010f2:	f7ff ffe9 	bl	100010c8 <lock_init>
100010f6:	80a6      	strh	r6, [r4, #4]
100010f8:	f3bf 8f5f 	dmb	sy
100010fc:	3408      	adds	r4, #8
100010fe:	42ac      	cmp	r4, r5
10001100:	d3f0      	bcc.n	100010e4 <runtime_init_mutex+0xc>
10001102:	bd70      	pop	{r4, r5, r6, pc}
10001104:	f7ff fdd8 	bl	10000cb8 <next_striped_spin_lock_num>
10001108:	0001      	movs	r1, r0
1000110a:	0020      	movs	r0, r4
1000110c:	f7ff ffdc 	bl	100010c8 <lock_init>
10001110:	7126      	strb	r6, [r4, #4]
10001112:	f3bf 8f5f 	dmb	sy
10001116:	3408      	adds	r4, #8
10001118:	42ac      	cmp	r4, r5
1000111a:	d3e3      	bcc.n	100010e4 <runtime_init_mutex+0xc>
1000111c:	e7f1      	b.n	10001102 <runtime_init_mutex+0x2a>
1000111e:	46c0      	nop			@ (mov r8, r8)
10001120:	20001608 	.word	0x20001608
10001124:	20001610 	.word	0x20001610

10001128 <mutex_init>:
10001128:	b510      	push	{r4, lr}
1000112a:	0004      	movs	r4, r0
1000112c:	f7ff fdc4 	bl	10000cb8 <next_striped_spin_lock_num>
10001130:	0001      	movs	r1, r0
10001132:	0020      	movs	r0, r4
10001134:	f7ff ffc8 	bl	100010c8 <lock_init>
10001138:	23ff      	movs	r3, #255	@ 0xff
1000113a:	7123      	strb	r3, [r4, #4]
1000113c:	f3bf 8f5f 	dmb	sy
10001140:	bd10      	pop	{r4, pc}
10001142:	46c0      	nop			@ (mov r8, r8)

10001144 <critical_section_init>:
10001144:	b510      	push	{r4, lr}
10001146:	0004      	movs	r4, r0
10001148:	2001      	movs	r0, #1
1000114a:	f7ff fdc1 	bl	10000cd0 <spin_lock_claim_unused>
1000114e:	4b03      	ldr	r3, [pc, #12]	@ (1000115c <critical_section_init+0x18>)
10001150:	18c3      	adds	r3, r0, r3
10001152:	009b      	lsls	r3, r3, #2
10001154:	6023      	str	r3, [r4, #0]
10001156:	f3bf 8f5f 	dmb	sy
1000115a:	bd10      	pop	{r4, pc}
1000115c:	34000040 	.word	0x34000040

10001160 <critical_section_init_with_lock_num>:
10001160:	4b03      	ldr	r3, [pc, #12]	@ (10001170 <critical_section_init_with_lock_num+0x10>)
10001162:	469c      	mov	ip, r3
10001164:	4461      	add	r1, ip
10001166:	0089      	lsls	r1, r1, #2
10001168:	6001      	str	r1, [r0, #0]
1000116a:	f3bf 8f5f 	dmb	sy
1000116e:	4770      	bx	lr
10001170:	34000040 	.word	0x34000040

10001174 <sleep_until_callback>:
10001174:	4b0a      	ldr	r3, [pc, #40]	@ (100011a0 <sleep_until_callback+0x2c>)
10001176:	6819      	ldr	r1, [r3, #0]
10001178:	f3ef 8010 	mrs	r0, PRIMASK
1000117c:	b672      	cpsid	i
1000117e:	680a      	ldr	r2, [r1, #0]
10001180:	2a00      	cmp	r2, #0
10001182:	d0fc      	beq.n	1000117e <sleep_until_callback+0xa>
10001184:	f3bf 8f5f 	dmb	sy
10001188:	681b      	ldr	r3, [r3, #0]
1000118a:	f3bf 8f5f 	dmb	sy
1000118e:	2200      	movs	r2, #0
10001190:	601a      	str	r2, [r3, #0]
10001192:	f380 8810 	msr	PRIMASK, r0
10001196:	bf40      	sev
10001198:	2000      	movs	r0, #0
1000119a:	2100      	movs	r1, #0
1000119c:	4770      	bx	lr
1000119e:	46c0      	nop			@ (mov r8, r8)
100011a0:	20002378 	.word	0x20002378

100011a4 <alarm_pool_irq_handler>:
100011a4:	b5f0      	push	{r4, r5, r6, r7, lr}
100011a6:	46de      	mov	lr, fp
100011a8:	4657      	mov	r7, sl
100011aa:	464e      	mov	r6, r9
100011ac:	4645      	mov	r5, r8
100011ae:	b5e0      	push	{r5, r6, r7, lr}
100011b0:	b083      	sub	sp, #12
100011b2:	f3ef 8205 	mrs	r2, IPSR
100011b6:	2303      	movs	r3, #3
100011b8:	4013      	ands	r3, r2
100011ba:	4ab5      	ldr	r2, [pc, #724]	@ (10001490 <alarm_pool_irq_handler+0x2ec>)
100011bc:	0099      	lsls	r1, r3, #2
100011be:	5852      	ldr	r2, [r2, r1]
100011c0:	9100      	str	r1, [sp, #0]
100011c2:	4690      	mov	r8, r2
100011c4:	2201      	movs	r2, #1
100011c6:	409a      	lsls	r2, r3
100011c8:	4693      	mov	fp, r2
100011ca:	4bb2      	ldr	r3, [pc, #712]	@ (10001494 <alarm_pool_irq_handler+0x2f0>)
100011cc:	601a      	str	r2, [r3, #0]
100011ce:	4bb2      	ldr	r3, [pc, #712]	@ (10001498 <alarm_pool_irq_handler+0x2f4>)
100011d0:	9301      	str	r3, [sp, #4]
100011d2:	465b      	mov	r3, fp
100011d4:	48b1      	ldr	r0, [pc, #708]	@ (1000149c <alarm_pool_irq_handler+0x2f8>)
100011d6:	6343      	str	r3, [r0, #52]	@ 0x34
100011d8:	4643      	mov	r3, r8
100011da:	2208      	movs	r2, #8
100011dc:	5e9b      	ldrsh	r3, [r3, r2]
100011de:	4699      	mov	r9, r3
100011e0:	2b00      	cmp	r3, #0
100011e2:	da3a      	bge.n	1000125a <alarm_pool_irq_handler+0xb6>
100011e4:	4643      	mov	r3, r8
100011e6:	889b      	ldrh	r3, [r3, #4]
100011e8:	b21b      	sxth	r3, r3
100011ea:	2b00      	cmp	r3, #0
100011ec:	db00      	blt.n	100011f0 <alarm_pool_irq_handler+0x4c>
100011ee:	e09d      	b.n	1000132c <alarm_pool_irq_handler+0x188>
100011f0:	4643      	mov	r3, r8
100011f2:	799b      	ldrb	r3, [r3, #6]
100011f4:	2b00      	cmp	r3, #0
100011f6:	d000      	beq.n	100011fa <alarm_pool_irq_handler+0x56>
100011f8:	e0e1      	b.n	100013be <alarm_pool_irq_handler+0x21a>
100011fa:	4643      	mov	r3, r8
100011fc:	2408      	movs	r4, #8
100011fe:	5f1c      	ldrsh	r4, [r3, r4]
10001200:	2c00      	cmp	r4, #0
10001202:	db20      	blt.n	10001246 <alarm_pool_irq_handler+0xa2>
10001204:	4643      	mov	r3, r8
10001206:	695a      	ldr	r2, [r3, #20]
10001208:	0063      	lsls	r3, r4, #1
1000120a:	191b      	adds	r3, r3, r4
1000120c:	00db      	lsls	r3, r3, #3
1000120e:	18d3      	adds	r3, r2, r3
10001210:	689d      	ldr	r5, [r3, #8]
10001212:	68dc      	ldr	r4, [r3, #12]
10001214:	1c6b      	adds	r3, r5, #1
10001216:	d100      	bne.n	1000121a <alarm_pool_irq_handler+0x76>
10001218:	e103      	b.n	10001422 <alarm_pool_irq_handler+0x27e>
1000121a:	48a0      	ldr	r0, [pc, #640]	@ (1000149c <alarm_pool_irq_handler+0x2f8>)
1000121c:	9900      	ldr	r1, [sp, #0]
1000121e:	4684      	mov	ip, r0
10001220:	4461      	add	r1, ip
10001222:	6a82      	ldr	r2, [r0, #40]	@ 0x28
10001224:	690b      	ldr	r3, [r1, #16]
10001226:	1aae      	subs	r6, r5, r2
10001228:	1a9b      	subs	r3, r3, r2
1000122a:	429e      	cmp	r6, r3
1000122c:	d313      	bcc.n	10001256 <alarm_pool_irq_handler+0xb2>
1000122e:	465a      	mov	r2, fp
10001230:	6a03      	ldr	r3, [r0, #32]
10001232:	421a      	tst	r2, r3
10001234:	d00f      	beq.n	10001256 <alarm_pool_irq_handler+0xb2>
10001236:	4899      	ldr	r0, [pc, #612]	@ (1000149c <alarm_pool_irq_handler+0x2f8>)
10001238:	f000 fbd4 	bl	100019e4 <timer_time_us_64>
1000123c:	428c      	cmp	r4, r1
1000123e:	dc02      	bgt.n	10001246 <alarm_pool_irq_handler+0xa2>
10001240:	d1c7      	bne.n	100011d2 <alarm_pool_irq_handler+0x2e>
10001242:	4285      	cmp	r5, r0
10001244:	d9c5      	bls.n	100011d2 <alarm_pool_irq_handler+0x2e>
10001246:	bf40      	sev
10001248:	b003      	add	sp, #12
1000124a:	bcf0      	pop	{r4, r5, r6, r7}
1000124c:	46bb      	mov	fp, r7
1000124e:	46b2      	mov	sl, r6
10001250:	46a9      	mov	r9, r5
10001252:	46a0      	mov	r8, r4
10001254:	bdf0      	pop	{r4, r5, r6, r7, pc}
10001256:	610d      	str	r5, [r1, #16]
10001258:	e7ed      	b.n	10001236 <alarm_pool_irq_handler+0x92>
1000125a:	4642      	mov	r2, r8
1000125c:	6952      	ldr	r2, [r2, #20]
1000125e:	005b      	lsls	r3, r3, #1
10001260:	4692      	mov	sl, r2
10001262:	444b      	add	r3, r9
10001264:	00db      	lsls	r3, r3, #3
10001266:	449a      	add	sl, r3
10001268:	4653      	mov	r3, sl
1000126a:	689e      	ldr	r6, [r3, #8]
1000126c:	68df      	ldr	r7, [r3, #12]
1000126e:	f000 fbb9 	bl	100019e4 <timer_time_us_64>
10001272:	428f      	cmp	r7, r1
10001274:	dcb6      	bgt.n	100011e4 <alarm_pool_irq_handler+0x40>
10001276:	d100      	bne.n	1000127a <alarm_pool_irq_handler+0xd6>
10001278:	e0f8      	b.n	1000146c <alarm_pool_irq_handler+0x2c8>
1000127a:	2f00      	cmp	r7, #0
1000127c:	da00      	bge.n	10001280 <alarm_pool_irq_handler+0xdc>
1000127e:	e0d9      	b.n	10001434 <alarm_pool_irq_handler+0x290>
10001280:	4652      	mov	r2, sl
10001282:	4653      	mov	r3, sl
10001284:	6954      	ldr	r4, [r2, #20]
10001286:	691b      	ldr	r3, [r3, #16]
10001288:	9a01      	ldr	r2, [sp, #4]
1000128a:	4293      	cmp	r3, r2
1000128c:	d100      	bne.n	10001290 <alarm_pool_irq_handler+0xec>
1000128e:	e0cc      	b.n	1000142a <alarm_pool_irq_handler+0x286>
10001290:	4641      	mov	r1, r8
10001292:	4652      	mov	r2, sl
10001294:	2008      	movs	r0, #8
10001296:	5e08      	ldrsh	r0, [r1, r0]
10001298:	8852      	ldrh	r2, [r2, #2]
1000129a:	0400      	lsls	r0, r0, #16
1000129c:	0021      	movs	r1, r4
1000129e:	4310      	orrs	r0, r2
100012a0:	4798      	blx	r3
100012a2:	0004      	movs	r4, r0
100012a4:	000d      	movs	r5, r1
100012a6:	0023      	movs	r3, r4
100012a8:	432b      	orrs	r3, r5
100012aa:	d100      	bne.n	100012ae <alarm_pool_irq_handler+0x10a>
100012ac:	e0c2      	b.n	10001434 <alarm_pool_irq_handler+0x290>
100012ae:	2d00      	cmp	r5, #0
100012b0:	db00      	blt.n	100012b4 <alarm_pool_irq_handler+0x110>
100012b2:	e0df      	b.n	10001474 <alarm_pool_irq_handler+0x2d0>
100012b4:	0030      	movs	r0, r6
100012b6:	0039      	movs	r1, r7
100012b8:	1b00      	subs	r0, r0, r4
100012ba:	41a9      	sbcs	r1, r5
100012bc:	4653      	mov	r3, sl
100012be:	6098      	str	r0, [r3, #8]
100012c0:	60d9      	str	r1, [r3, #12]
100012c2:	2200      	movs	r2, #0
100012c4:	5e9a      	ldrsh	r2, [r3, r2]
100012c6:	2a00      	cmp	r2, #0
100012c8:	da00      	bge.n	100012cc <alarm_pool_irq_handler+0x128>
100012ca:	e78b      	b.n	100011e4 <alarm_pool_irq_handler+0x40>
100012cc:	4643      	mov	r3, r8
100012ce:	695d      	ldr	r5, [r3, #20]
100012d0:	0053      	lsls	r3, r2, #1
100012d2:	189c      	adds	r4, r3, r2
100012d4:	00e4      	lsls	r4, r4, #3
100012d6:	192c      	adds	r4, r5, r4
100012d8:	68a7      	ldr	r7, [r4, #8]
100012da:	68e4      	ldr	r4, [r4, #12]
100012dc:	428c      	cmp	r4, r1
100012de:	dd00      	ble.n	100012e2 <alarm_pool_irq_handler+0x13e>
100012e0:	e780      	b.n	100011e4 <alarm_pool_irq_handler+0x40>
100012e2:	d102      	bne.n	100012ea <alarm_pool_irq_handler+0x146>
100012e4:	4287      	cmp	r7, r0
100012e6:	d900      	bls.n	100012ea <alarm_pool_irq_handler+0x146>
100012e8:	e77c      	b.n	100011e4 <alarm_pool_irq_handler+0x40>
100012ea:	4646      	mov	r6, r8
100012ec:	8132      	strh	r2, [r6, #8]
100012ee:	3608      	adds	r6, #8
100012f0:	e00d      	b.n	1000130e <alarm_pool_irq_handler+0x16a>
100012f2:	428c      	cmp	r4, r1
100012f4:	d100      	bne.n	100012f8 <alarm_pool_irq_handler+0x154>
100012f6:	e0c6      	b.n	10001486 <alarm_pool_irq_handler+0x2e2>
100012f8:	001e      	movs	r6, r3
100012fa:	2300      	movs	r3, #0
100012fc:	5ef2      	ldrsh	r2, [r6, r3]
100012fe:	2a00      	cmp	r2, #0
10001300:	db0a      	blt.n	10001318 <alarm_pool_irq_handler+0x174>
10001302:	0053      	lsls	r3, r2, #1
10001304:	189c      	adds	r4, r3, r2
10001306:	00e4      	lsls	r4, r4, #3
10001308:	192c      	adds	r4, r5, r4
1000130a:	68a7      	ldr	r7, [r4, #8]
1000130c:	68e4      	ldr	r4, [r4, #12]
1000130e:	189b      	adds	r3, r3, r2
10001310:	00db      	lsls	r3, r3, #3
10001312:	18eb      	adds	r3, r5, r3
10001314:	428c      	cmp	r4, r1
10001316:	ddec      	ble.n	100012f2 <alarm_pool_irq_handler+0x14e>
10001318:	4653      	mov	r3, sl
1000131a:	801a      	strh	r2, [r3, #0]
1000131c:	464b      	mov	r3, r9
1000131e:	8033      	strh	r3, [r6, #0]
10001320:	4643      	mov	r3, r8
10001322:	889b      	ldrh	r3, [r3, #4]
10001324:	b21b      	sxth	r3, r3
10001326:	2b00      	cmp	r3, #0
10001328:	da00      	bge.n	1000132c <alarm_pool_irq_handler+0x188>
1000132a:	e761      	b.n	100011f0 <alarm_pool_irq_handler+0x4c>
1000132c:	4643      	mov	r3, r8
1000132e:	691a      	ldr	r2, [r3, #16]
10001330:	f3ef 8110 	mrs	r1, PRIMASK
10001334:	b672      	cpsid	i
10001336:	6813      	ldr	r3, [r2, #0]
10001338:	2b00      	cmp	r3, #0
1000133a:	d0fc      	beq.n	10001336 <alarm_pool_irq_handler+0x192>
1000133c:	f3bf 8f5f 	dmb	sy
10001340:	4643      	mov	r3, r8
10001342:	889e      	ldrh	r6, [r3, #4]
10001344:	2301      	movs	r3, #1
10001346:	4642      	mov	r2, r8
10001348:	425b      	negs	r3, r3
1000134a:	8093      	strh	r3, [r2, #4]
1000134c:	b236      	sxth	r6, r6
1000134e:	6913      	ldr	r3, [r2, #16]
10001350:	f3bf 8f5f 	dmb	sy
10001354:	2200      	movs	r2, #0
10001356:	601a      	str	r2, [r3, #0]
10001358:	f381 8810 	msr	PRIMASK, r1
1000135c:	2e00      	cmp	r6, #0
1000135e:	da00      	bge.n	10001362 <alarm_pool_irq_handler+0x1be>
10001360:	e746      	b.n	100011f0 <alarm_pool_irq_handler+0x4c>
10001362:	4643      	mov	r3, r8
10001364:	695d      	ldr	r5, [r3, #20]
10001366:	3308      	adds	r3, #8
10001368:	4642      	mov	r2, r8
1000136a:	469c      	mov	ip, r3
1000136c:	0077      	lsls	r7, r6, #1
1000136e:	19bf      	adds	r7, r7, r6
10001370:	00ff      	lsls	r7, r7, #3
10001372:	19ef      	adds	r7, r5, r7
10001374:	68bb      	ldr	r3, [r7, #8]
10001376:	4660      	mov	r0, ip
10001378:	4698      	mov	r8, r3
1000137a:	2308      	movs	r3, #8
1000137c:	5ed1      	ldrsh	r1, [r2, r3]
1000137e:	4692      	mov	sl, r2
10001380:	68fc      	ldr	r4, [r7, #12]
10001382:	2900      	cmp	r1, #0
10001384:	da07      	bge.n	10001396 <alarm_pool_irq_handler+0x1f2>
10001386:	e00e      	b.n	100013a6 <alarm_pool_irq_handler+0x202>
10001388:	42a2      	cmp	r2, r4
1000138a:	d046      	beq.n	1000141a <alarm_pool_irq_handler+0x276>
1000138c:	0018      	movs	r0, r3
1000138e:	2300      	movs	r3, #0
10001390:	5ec1      	ldrsh	r1, [r0, r3]
10001392:	2900      	cmp	r1, #0
10001394:	db06      	blt.n	100013a4 <alarm_pool_irq_handler+0x200>
10001396:	004b      	lsls	r3, r1, #1
10001398:	185b      	adds	r3, r3, r1
1000139a:	00db      	lsls	r3, r3, #3
1000139c:	18eb      	adds	r3, r5, r3
1000139e:	68da      	ldr	r2, [r3, #12]
100013a0:	42a2      	cmp	r2, r4
100013a2:	ddf1      	ble.n	10001388 <alarm_pool_irq_handler+0x1e4>
100013a4:	4652      	mov	r2, sl
100013a6:	8006      	strh	r6, [r0, #0]
100013a8:	2300      	movs	r3, #0
100013aa:	5efe      	ldrsh	r6, [r7, r3]
100013ac:	8039      	strh	r1, [r7, #0]
100013ae:	2e00      	cmp	r6, #0
100013b0:	dadc      	bge.n	1000136c <alarm_pool_irq_handler+0x1c8>
100013b2:	4690      	mov	r8, r2
100013b4:	4643      	mov	r3, r8
100013b6:	799b      	ldrb	r3, [r3, #6]
100013b8:	2b00      	cmp	r3, #0
100013ba:	d100      	bne.n	100013be <alarm_pool_irq_handler+0x21a>
100013bc:	e71d      	b.n	100011fa <alarm_pool_irq_handler+0x56>
100013be:	2300      	movs	r3, #0
100013c0:	4642      	mov	r2, r8
100013c2:	7193      	strb	r3, [r2, #6]
100013c4:	4643      	mov	r3, r8
100013c6:	4646      	mov	r6, r8
100013c8:	2108      	movs	r1, #8
100013ca:	5e59      	ldrsh	r1, [r3, r1]
100013cc:	3608      	adds	r6, #8
100013ce:	1c4b      	adds	r3, r1, #1
100013d0:	d100      	bne.n	100013d4 <alarm_pool_irq_handler+0x230>
100013d2:	e738      	b.n	10001246 <alarm_pool_irq_handler+0xa2>
100013d4:	4647      	mov	r7, r8
100013d6:	4689      	mov	r9, r1
100013d8:	6955      	ldr	r5, [r2, #20]
100013da:	e002      	b.n	100013e2 <alarm_pool_irq_handler+0x23e>
100013dc:	0006      	movs	r6, r0
100013de:	1c4b      	adds	r3, r1, #1
100013e0:	d018      	beq.n	10001414 <alarm_pool_irq_handler+0x270>
100013e2:	004b      	lsls	r3, r1, #1
100013e4:	185b      	adds	r3, r3, r1
100013e6:	00db      	lsls	r3, r3, #3
100013e8:	18e8      	adds	r0, r5, r3
100013ea:	000a      	movs	r2, r1
100013ec:	468c      	mov	ip, r1
100013ee:	5ee9      	ldrsh	r1, [r5, r3]
100013f0:	8843      	ldrh	r3, [r0, #2]
100013f2:	b21b      	sxth	r3, r3
100013f4:	2b00      	cmp	r3, #0
100013f6:	daf1      	bge.n	100013dc <alarm_pool_irq_handler+0x238>
100013f8:	2301      	movs	r3, #1
100013fa:	425b      	negs	r3, r3
100013fc:	17dc      	asrs	r4, r3, #31
100013fe:	6083      	str	r3, [r0, #8]
10001400:	60c4      	str	r4, [r0, #12]
10001402:	454a      	cmp	r2, r9
10001404:	d003      	beq.n	1000140e <alarm_pool_irq_handler+0x26a>
10001406:	8031      	strh	r1, [r6, #0]
10001408:	893b      	ldrh	r3, [r7, #8]
1000140a:	8003      	strh	r3, [r0, #0]
1000140c:	813a      	strh	r2, [r7, #8]
1000140e:	46e1      	mov	r9, ip
10001410:	1c4b      	adds	r3, r1, #1
10001412:	d1e6      	bne.n	100013e2 <alarm_pool_irq_handler+0x23e>
10001414:	46b8      	mov	r8, r7
10001416:	464c      	mov	r4, r9
10001418:	e6f2      	b.n	10001200 <alarm_pool_irq_handler+0x5c>
1000141a:	689a      	ldr	r2, [r3, #8]
1000141c:	4542      	cmp	r2, r8
1000141e:	d9b5      	bls.n	1000138c <alarm_pool_irq_handler+0x1e8>
10001420:	e7c0      	b.n	100013a4 <alarm_pool_irq_handler+0x200>
10001422:	1c63      	adds	r3, r4, #1
10001424:	d000      	beq.n	10001428 <alarm_pool_irq_handler+0x284>
10001426:	e6f8      	b.n	1000121a <alarm_pool_irq_handler+0x76>
10001428:	e705      	b.n	10001236 <alarm_pool_irq_handler+0x92>
1000142a:	0020      	movs	r0, r4
1000142c:	6923      	ldr	r3, [r4, #16]
1000142e:	4798      	blx	r3
10001430:	2800      	cmp	r0, #0
10001432:	d125      	bne.n	10001480 <alarm_pool_irq_handler+0x2dc>
10001434:	4653      	mov	r3, sl
10001436:	4642      	mov	r2, r8
10001438:	881b      	ldrh	r3, [r3, #0]
1000143a:	8113      	strh	r3, [r2, #8]
1000143c:	6912      	ldr	r2, [r2, #16]
1000143e:	f3ef 8310 	mrs	r3, PRIMASK
10001442:	b672      	cpsid	i
10001444:	6811      	ldr	r1, [r2, #0]
10001446:	2900      	cmp	r1, #0
10001448:	d0fc      	beq.n	10001444 <alarm_pool_irq_handler+0x2a0>
1000144a:	f3bf 8f5f 	dmb	sy
1000144e:	4642      	mov	r2, r8
10001450:	4651      	mov	r1, sl
10001452:	8852      	ldrh	r2, [r2, #2]
10001454:	800a      	strh	r2, [r1, #0]
10001456:	4642      	mov	r2, r8
10001458:	4649      	mov	r1, r9
1000145a:	8051      	strh	r1, [r2, #2]
1000145c:	6912      	ldr	r2, [r2, #16]
1000145e:	f3bf 8f5f 	dmb	sy
10001462:	2100      	movs	r1, #0
10001464:	6011      	str	r1, [r2, #0]
10001466:	f383 8810 	msr	PRIMASK, r3
1000146a:	e6bb      	b.n	100011e4 <alarm_pool_irq_handler+0x40>
1000146c:	4286      	cmp	r6, r0
1000146e:	d800      	bhi.n	10001472 <alarm_pool_irq_handler+0x2ce>
10001470:	e703      	b.n	1000127a <alarm_pool_irq_handler+0xd6>
10001472:	e6b7      	b.n	100011e4 <alarm_pool_irq_handler+0x40>
10001474:	4809      	ldr	r0, [pc, #36]	@ (1000149c <alarm_pool_irq_handler+0x2f8>)
10001476:	f000 fab5 	bl	100019e4 <timer_time_us_64>
1000147a:	1900      	adds	r0, r0, r4
1000147c:	4169      	adcs	r1, r5
1000147e:	e71d      	b.n	100012bc <alarm_pool_irq_handler+0x118>
10001480:	6865      	ldr	r5, [r4, #4]
10001482:	6824      	ldr	r4, [r4, #0]
10001484:	e70f      	b.n	100012a6 <alarm_pool_irq_handler+0x102>
10001486:	4287      	cmp	r7, r0
10001488:	d800      	bhi.n	1000148c <alarm_pool_irq_handler+0x2e8>
1000148a:	e735      	b.n	100012f8 <alarm_pool_irq_handler+0x154>
1000148c:	e744      	b.n	10001318 <alarm_pool_irq_handler+0x174>
1000148e:	46c0      	nop			@ (mov r8, r8)
10001490:	2000235c 	.word	0x2000235c
10001494:	4005703c 	.word	0x4005703c
10001498:	100011a5 	.word	0x100011a5
1000149c:	40054000 	.word	0x40054000

100014a0 <runtime_init_default_alarm_pool>:
100014a0:	b570      	push	{r4, r5, r6, lr}
100014a2:	4c2e      	ldr	r4, [pc, #184]	@ (1000155c <runtime_init_default_alarm_pool+0xbc>)
100014a4:	6925      	ldr	r5, [r4, #16]
100014a6:	2d00      	cmp	r5, #0
100014a8:	d004      	beq.n	100014b4 <runtime_init_default_alarm_pool+0x14>
100014aa:	210a      	movs	r1, #10
100014ac:	482c      	ldr	r0, [pc, #176]	@ (10001560 <runtime_init_default_alarm_pool+0xc0>)
100014ae:	f7ff fe0b 	bl	100010c8 <lock_init>
100014b2:	bd70      	pop	{r4, r5, r6, pc}
100014b4:	4e2b      	ldr	r6, [pc, #172]	@ (10001564 <runtime_init_default_alarm_pool+0xc4>)
100014b6:	2103      	movs	r1, #3
100014b8:	0030      	movs	r0, r6
100014ba:	f000 fa89 	bl	100019d0 <timer_hardware_alarm_claim>
100014be:	60e6      	str	r6, [r4, #12]
100014c0:	f7ff fbfa 	bl	10000cb8 <next_striped_spin_lock_num>
100014c4:	4b28      	ldr	r3, [pc, #160]	@ (10001568 <runtime_init_default_alarm_pool+0xc8>)
100014c6:	2203      	movs	r2, #3
100014c8:	469c      	mov	ip, r3
100014ca:	23d0      	movs	r3, #208	@ 0xd0
100014cc:	7022      	strb	r2, [r4, #0]
100014ce:	061b      	lsls	r3, r3, #24
100014d0:	681b      	ldr	r3, [r3, #0]
100014d2:	2101      	movs	r1, #1
100014d4:	7063      	strb	r3, [r4, #1]
100014d6:	4b25      	ldr	r3, [pc, #148]	@ (1000156c <runtime_init_default_alarm_pool+0xcc>)
100014d8:	4460      	add	r0, ip
100014da:	60a3      	str	r3, [r4, #8]
100014dc:	230f      	movs	r3, #15
100014de:	0080      	lsls	r0, r0, #2
100014e0:	6120      	str	r0, [r4, #16]
100014e2:	2002      	movs	r0, #2
100014e4:	8063      	strh	r3, [r4, #2]
100014e6:	6963      	ldr	r3, [r4, #20]
100014e8:	4249      	negs	r1, r1
100014ea:	80a1      	strh	r1, [r4, #4]
100014ec:	8019      	strh	r1, [r3, #0]
100014ee:	3102      	adds	r1, #2
100014f0:	8619      	strh	r1, [r3, #48]	@ 0x30
100014f2:	3147      	adds	r1, #71	@ 0x47
100014f4:	831d      	strh	r5, [r3, #24]
100014f6:	5258      	strh	r0, [r3, r1]
100014f8:	3118      	adds	r1, #24
100014fa:	525a      	strh	r2, [r3, r1]
100014fc:	3275      	adds	r2, #117	@ 0x75
100014fe:	395c      	subs	r1, #92	@ 0x5c
10001500:	5299      	strh	r1, [r3, r2]
10001502:	3218      	adds	r2, #24
10001504:	3101      	adds	r1, #1
10001506:	5299      	strh	r1, [r3, r2]
10001508:	3218      	adds	r2, #24
1000150a:	3101      	adds	r1, #1
1000150c:	5299      	strh	r1, [r3, r2]
1000150e:	3218      	adds	r2, #24
10001510:	3101      	adds	r1, #1
10001512:	5299      	strh	r1, [r3, r2]
10001514:	3508      	adds	r5, #8
10001516:	3218      	adds	r2, #24
10001518:	529d      	strh	r5, [r3, r2]
1000151a:	3102      	adds	r1, #2
1000151c:	3218      	adds	r2, #24
1000151e:	5299      	strh	r1, [r3, r2]
10001520:	3218      	adds	r2, #24
10001522:	3101      	adds	r1, #1
10001524:	5299      	strh	r1, [r3, r2]
10001526:	3218      	adds	r2, #24
10001528:	3101      	adds	r1, #1
1000152a:	5299      	strh	r1, [r3, r2]
1000152c:	3218      	adds	r2, #24
1000152e:	3101      	adds	r1, #1
10001530:	5299      	strh	r1, [r3, r2]
10001532:	3218      	adds	r2, #24
10001534:	3101      	adds	r1, #1
10001536:	5299      	strh	r1, [r3, r2]
10001538:	3218      	adds	r2, #24
1000153a:	3101      	adds	r1, #1
1000153c:	5299      	strh	r1, [r3, r2]
1000153e:	4b0c      	ldr	r3, [pc, #48]	@ (10001570 <runtime_init_default_alarm_pool+0xd0>)
10001540:	490c      	ldr	r1, [pc, #48]	@ (10001574 <runtime_init_default_alarm_pool+0xd4>)
10001542:	60dc      	str	r4, [r3, #12]
10001544:	3001      	adds	r0, #1
10001546:	6235      	str	r5, [r6, #32]
10001548:	f7ff fc2c 	bl	10000da4 <irq_set_exclusive_handler>
1000154c:	2101      	movs	r1, #1
1000154e:	2003      	movs	r0, #3
10001550:	f7ff fbf0 	bl	10000d34 <irq_set_enabled>
10001554:	4b08      	ldr	r3, [pc, #32]	@ (10001578 <runtime_init_default_alarm_pool+0xd8>)
10001556:	601d      	str	r5, [r3, #0]
10001558:	e7a7      	b.n	100014aa <runtime_init_default_alarm_pool+0xa>
1000155a:	46c0      	nop			@ (mov r8, r8)
1000155c:	20001038 	.word	0x20001038
10001560:	20002378 	.word	0x20002378
10001564:	40054000 	.word	0x40054000
10001568:	34000040 	.word	0x34000040
1000156c:	0010ffff 	.word	0x0010ffff
10001570:	2000235c 	.word	0x2000235c
10001574:	100011a5 	.word	0x100011a5
10001578:	40056038 	.word	0x40056038

1000157c <alarm_pool_get_default>:
1000157c:	4800      	ldr	r0, [pc, #0]	@ (10001580 <alarm_pool_get_default+0x4>)
1000157e:	4770      	bx	lr
10001580:	20001038 	.word	0x20001038

10001584 <alarm_pool_add_alarm_at>:
10001584:	b5f8      	push	{r3, r4, r5, r6, r7, lr}
10001586:	001f      	movs	r7, r3
10001588:	ab08      	add	r3, sp, #32
1000158a:	781b      	ldrb	r3, [r3, #0]
1000158c:	0004      	movs	r4, r0
1000158e:	0016      	movs	r6, r2
10001590:	2b00      	cmp	r3, #0
10001592:	d108      	bne.n	100015a6 <alarm_pool_add_alarm_at+0x22>
10001594:	f000 fa2e 	bl	100019f4 <time_us_64>
10001598:	0032      	movs	r2, r6
1000159a:	003b      	movs	r3, r7
1000159c:	1a12      	subs	r2, r2, r0
1000159e:	418b      	sbcs	r3, r1
100015a0:	2b00      	cmp	r3, #0
100015a2:	da00      	bge.n	100015a6 <alarm_pool_add_alarm_at+0x22>
100015a4:	e053      	b.n	1000164e <alarm_pool_add_alarm_at+0xca>
100015a6:	6922      	ldr	r2, [r4, #16]
100015a8:	f3ef 8010 	mrs	r0, PRIMASK
100015ac:	b672      	cpsid	i
100015ae:	6813      	ldr	r3, [r2, #0]
100015b0:	2b00      	cmp	r3, #0
100015b2:	d0fc      	beq.n	100015ae <alarm_pool_add_alarm_at+0x2a>
100015b4:	f3bf 8f5f 	dmb	sy
100015b8:	2302      	movs	r3, #2
100015ba:	5ee1      	ldrsh	r1, [r4, r3]
100015bc:	6963      	ldr	r3, [r4, #20]
100015be:	004a      	lsls	r2, r1, #1
100015c0:	1852      	adds	r2, r2, r1
100015c2:	00d2      	lsls	r2, r2, #3
100015c4:	189b      	adds	r3, r3, r2
100015c6:	2900      	cmp	r1, #0
100015c8:	db37      	blt.n	1000163a <alarm_pool_add_alarm_at+0xb6>
100015ca:	881a      	ldrh	r2, [r3, #0]
100015cc:	8062      	strh	r2, [r4, #2]
100015ce:	6922      	ldr	r2, [r4, #16]
100015d0:	f3bf 8f5f 	dmb	sy
100015d4:	2500      	movs	r5, #0
100015d6:	6015      	str	r5, [r2, #0]
100015d8:	f380 8810 	msr	PRIMASK, r0
100015dc:	9a06      	ldr	r2, [sp, #24]
100015de:	609e      	str	r6, [r3, #8]
100015e0:	60df      	str	r7, [r3, #12]
100015e2:	611a      	str	r2, [r3, #16]
100015e4:	9a07      	ldr	r2, [sp, #28]
100015e6:	615a      	str	r2, [r3, #20]
100015e8:	885a      	ldrh	r2, [r3, #2]
100015ea:	3201      	adds	r2, #1
100015ec:	0452      	lsls	r2, r2, #17
100015ee:	0c52      	lsrs	r2, r2, #17
100015f0:	1c10      	adds	r0, r2, #0
100015f2:	2a00      	cmp	r2, #0
100015f4:	d01f      	beq.n	10001636 <alarm_pool_add_alarm_at+0xb2>
100015f6:	b282      	uxth	r2, r0
100015f8:	8058      	strh	r0, [r3, #2]
100015fa:	0408      	lsls	r0, r1, #16
100015fc:	4310      	orrs	r0, r2
100015fe:	6926      	ldr	r6, [r4, #16]
10001600:	f3ef 8710 	mrs	r7, PRIMASK
10001604:	b672      	cpsid	i
10001606:	6832      	ldr	r2, [r6, #0]
10001608:	2a00      	cmp	r2, #0
1000160a:	d0fc      	beq.n	10001606 <alarm_pool_add_alarm_at+0x82>
1000160c:	f3bf 8f5f 	dmb	sy
10001610:	88a2      	ldrh	r2, [r4, #4]
10001612:	801a      	strh	r2, [r3, #0]
10001614:	80a1      	strh	r1, [r4, #4]
10001616:	6923      	ldr	r3, [r4, #16]
10001618:	f3bf 8f5f 	dmb	sy
1000161c:	2200      	movs	r2, #0
1000161e:	601a      	str	r2, [r3, #0]
10001620:	f387 8810 	msr	PRIMASK, r7
10001624:	490b      	ldr	r1, [pc, #44]	@ (10001654 <alarm_pool_add_alarm_at+0xd0>)
10001626:	7823      	ldrb	r3, [r4, #0]
10001628:	468c      	mov	ip, r1
1000162a:	3201      	adds	r2, #1
1000162c:	409a      	lsls	r2, r3
1000162e:	68e3      	ldr	r3, [r4, #12]
10001630:	4463      	add	r3, ip
10001632:	601a      	str	r2, [r3, #0]
10001634:	bdf8      	pop	{r3, r4, r5, r6, r7, pc}
10001636:	2001      	movs	r0, #1
10001638:	e7dd      	b.n	100015f6 <alarm_pool_add_alarm_at+0x72>
1000163a:	6923      	ldr	r3, [r4, #16]
1000163c:	f3bf 8f5f 	dmb	sy
10001640:	2200      	movs	r2, #0
10001642:	601a      	str	r2, [r3, #0]
10001644:	f380 8810 	msr	PRIMASK, r0
10001648:	2001      	movs	r0, #1
1000164a:	4240      	negs	r0, r0
1000164c:	e7f2      	b.n	10001634 <alarm_pool_add_alarm_at+0xb0>
1000164e:	2000      	movs	r0, #0
10001650:	e7f0      	b.n	10001634 <alarm_pool_add_alarm_at+0xb0>
10001652:	46c0      	nop			@ (mov r8, r8)
10001654:	0000203c 	.word	0x0000203c

10001658 <alarm_pool_add_alarm_at_force_in_context>:
10001658:	b570      	push	{r4, r5, r6, lr}
1000165a:	0001      	movs	r1, r0
1000165c:	6904      	ldr	r4, [r0, #16]
1000165e:	f3ef 8c10 	mrs	ip, PRIMASK
10001662:	b672      	cpsid	i
10001664:	6820      	ldr	r0, [r4, #0]
10001666:	2800      	cmp	r0, #0
10001668:	d0fc      	beq.n	10001664 <alarm_pool_add_alarm_at_force_in_context+0xc>
1000166a:	f3bf 8f5f 	dmb	sy
1000166e:	2002      	movs	r0, #2
10001670:	5e0d      	ldrsh	r5, [r1, r0]
10001672:	694c      	ldr	r4, [r1, #20]
10001674:	0068      	lsls	r0, r5, #1
10001676:	1940      	adds	r0, r0, r5
10001678:	00c0      	lsls	r0, r0, #3
1000167a:	1824      	adds	r4, r4, r0
1000167c:	2d00      	cmp	r5, #0
1000167e:	db37      	blt.n	100016f0 <alarm_pool_add_alarm_at_force_in_context+0x98>
10001680:	8820      	ldrh	r0, [r4, #0]
10001682:	8048      	strh	r0, [r1, #2]
10001684:	6908      	ldr	r0, [r1, #16]
10001686:	f3bf 8f5f 	dmb	sy
1000168a:	2600      	movs	r6, #0
1000168c:	6006      	str	r6, [r0, #0]
1000168e:	f38c 8810 	msr	PRIMASK, ip
10001692:	60e3      	str	r3, [r4, #12]
10001694:	8863      	ldrh	r3, [r4, #2]
10001696:	9804      	ldr	r0, [sp, #16]
10001698:	3301      	adds	r3, #1
1000169a:	6120      	str	r0, [r4, #16]
1000169c:	045b      	lsls	r3, r3, #17
1000169e:	9805      	ldr	r0, [sp, #20]
100016a0:	0c5b      	lsrs	r3, r3, #17
100016a2:	60a2      	str	r2, [r4, #8]
100016a4:	6160      	str	r0, [r4, #20]
100016a6:	1c1a      	adds	r2, r3, #0
100016a8:	2b00      	cmp	r3, #0
100016aa:	d01f      	beq.n	100016ec <alarm_pool_add_alarm_at_force_in_context+0x94>
100016ac:	b293      	uxth	r3, r2
100016ae:	0428      	lsls	r0, r5, #16
100016b0:	8062      	strh	r2, [r4, #2]
100016b2:	4318      	orrs	r0, r3
100016b4:	690a      	ldr	r2, [r1, #16]
100016b6:	f3ef 8c10 	mrs	ip, PRIMASK
100016ba:	b672      	cpsid	i
100016bc:	6813      	ldr	r3, [r2, #0]
100016be:	2b00      	cmp	r3, #0
100016c0:	d0fc      	beq.n	100016bc <alarm_pool_add_alarm_at_force_in_context+0x64>
100016c2:	f3bf 8f5f 	dmb	sy
100016c6:	888b      	ldrh	r3, [r1, #4]
100016c8:	8023      	strh	r3, [r4, #0]
100016ca:	808d      	strh	r5, [r1, #4]
100016cc:	690b      	ldr	r3, [r1, #16]
100016ce:	f3bf 8f5f 	dmb	sy
100016d2:	2200      	movs	r2, #0
100016d4:	601a      	str	r2, [r3, #0]
100016d6:	f38c 8810 	msr	PRIMASK, ip
100016da:	780b      	ldrb	r3, [r1, #0]
100016dc:	3201      	adds	r2, #1
100016de:	409a      	lsls	r2, r3
100016e0:	68cb      	ldr	r3, [r1, #12]
100016e2:	4908      	ldr	r1, [pc, #32]	@ (10001704 <alarm_pool_add_alarm_at_force_in_context+0xac>)
100016e4:	468c      	mov	ip, r1
100016e6:	4463      	add	r3, ip
100016e8:	601a      	str	r2, [r3, #0]
100016ea:	bd70      	pop	{r4, r5, r6, pc}
100016ec:	2201      	movs	r2, #1
100016ee:	e7dd      	b.n	100016ac <alarm_pool_add_alarm_at_force_in_context+0x54>
100016f0:	690b      	ldr	r3, [r1, #16]
100016f2:	f3bf 8f5f 	dmb	sy
100016f6:	2200      	movs	r2, #0
100016f8:	601a      	str	r2, [r3, #0]
100016fa:	f38c 8810 	msr	PRIMASK, ip
100016fe:	2001      	movs	r0, #1
10001700:	4240      	negs	r0, r0
10001702:	e7f2      	b.n	100016ea <alarm_pool_add_alarm_at_force_in_context+0x92>
10001704:	0000203c 	.word	0x0000203c

10001708 <alarm_pool_cancel_alarm>:
10001708:	b510      	push	{r4, lr}
1000170a:	8943      	ldrh	r3, [r0, #10]
1000170c:	140a      	asrs	r2, r1, #16
1000170e:	4293      	cmp	r3, r2
10001710:	dd1a      	ble.n	10001748 <alarm_pool_cancel_alarm+0x40>
10001712:	0053      	lsls	r3, r2, #1
10001714:	189b      	adds	r3, r3, r2
10001716:	6942      	ldr	r2, [r0, #20]
10001718:	00db      	lsls	r3, r3, #3
1000171a:	18d3      	adds	r3, r2, r3
1000171c:	6904      	ldr	r4, [r0, #16]
1000171e:	f3ef 8c10 	mrs	ip, PRIMASK
10001722:	b672      	cpsid	i
10001724:	6822      	ldr	r2, [r4, #0]
10001726:	2a00      	cmp	r2, #0
10001728:	d0fc      	beq.n	10001724 <alarm_pool_cancel_alarm+0x1c>
1000172a:	f3bf 8f5f 	dmb	sy
1000172e:	885a      	ldrh	r2, [r3, #2]
10001730:	0409      	lsls	r1, r1, #16
10001732:	b294      	uxth	r4, r2
10001734:	0c09      	lsrs	r1, r1, #16
10001736:	428a      	cmp	r2, r1
10001738:	d008      	beq.n	1000174c <alarm_pool_cancel_alarm+0x44>
1000173a:	6903      	ldr	r3, [r0, #16]
1000173c:	f3bf 8f5f 	dmb	sy
10001740:	2200      	movs	r2, #0
10001742:	601a      	str	r2, [r3, #0]
10001744:	f38c 8810 	msr	PRIMASK, ip
10001748:	2000      	movs	r0, #0
1000174a:	bd10      	pop	{r4, pc}
1000174c:	2280      	movs	r2, #128	@ 0x80
1000174e:	0212      	lsls	r2, r2, #8
10001750:	4314      	orrs	r4, r2
10001752:	805c      	strh	r4, [r3, #2]
10001754:	2301      	movs	r3, #1
10001756:	6902      	ldr	r2, [r0, #16]
10001758:	7183      	strb	r3, [r0, #6]
1000175a:	f3bf 8f5f 	dmb	sy
1000175e:	2100      	movs	r1, #0
10001760:	6011      	str	r1, [r2, #0]
10001762:	f38c 8810 	msr	PRIMASK, ip
10001766:	4904      	ldr	r1, [pc, #16]	@ (10001778 <alarm_pool_cancel_alarm+0x70>)
10001768:	7802      	ldrb	r2, [r0, #0]
1000176a:	468c      	mov	ip, r1
1000176c:	4093      	lsls	r3, r2
1000176e:	68c2      	ldr	r2, [r0, #12]
10001770:	2001      	movs	r0, #1
10001772:	4462      	add	r2, ip
10001774:	6013      	str	r3, [r2, #0]
10001776:	e7e8      	b.n	1000174a <alarm_pool_cancel_alarm+0x42>
10001778:	0000203c 	.word	0x0000203c

1000177c <alarm_pool_core_num>:
1000177c:	7840      	ldrb	r0, [r0, #1]
1000177e:	4770      	bx	lr

10001780 <sleep_until>:
10001780:	b5f0      	push	{r4, r5, r6, r7, lr}
10001782:	0004      	movs	r4, r0
10001784:	000d      	movs	r5, r1
10001786:	2606      	movs	r6, #6
10001788:	4276      	negs	r6, r6
1000178a:	17f7      	asrs	r7, r6, #31
1000178c:	46c6      	mov	lr, r8
1000178e:	1936      	adds	r6, r6, r4
10001790:	416f      	adcs	r7, r5
10001792:	b500      	push	{lr}
10001794:	b082      	sub	sp, #8
10001796:	428f      	cmp	r7, r1
10001798:	d814      	bhi.n	100017c4 <sleep_until+0x44>
1000179a:	d011      	beq.n	100017c0 <sleep_until+0x40>
1000179c:	f000 f92a 	bl	100019f4 <time_us_64>
100017a0:	0032      	movs	r2, r6
100017a2:	003b      	movs	r3, r7
100017a4:	1a12      	subs	r2, r2, r0
100017a6:	418b      	sbcs	r3, r1
100017a8:	2b00      	cmp	r3, #0
100017aa:	dc17      	bgt.n	100017dc <sleep_until+0x5c>
100017ac:	2b00      	cmp	r3, #0
100017ae:	d047      	beq.n	10001840 <sleep_until+0xc0>
100017b0:	0020      	movs	r0, r4
100017b2:	0029      	movs	r1, r5
100017b4:	f000 f95c 	bl	10001a70 <busy_wait_until>
100017b8:	b002      	add	sp, #8
100017ba:	bc80      	pop	{r7}
100017bc:	46b8      	mov	r8, r7
100017be:	bdf0      	pop	{r4, r5, r6, r7, pc}
100017c0:	4286      	cmp	r6, r0
100017c2:	d9eb      	bls.n	1000179c <sleep_until+0x1c>
100017c4:	2200      	movs	r2, #0
100017c6:	2300      	movs	r3, #0
100017c8:	0016      	movs	r6, r2
100017ca:	001f      	movs	r7, r3
100017cc:	f000 f912 	bl	100019f4 <time_us_64>
100017d0:	0032      	movs	r2, r6
100017d2:	003b      	movs	r3, r7
100017d4:	1a12      	subs	r2, r2, r0
100017d6:	418b      	sbcs	r3, r1
100017d8:	2b00      	cmp	r3, #0
100017da:	dde7      	ble.n	100017ac <sleep_until+0x2c>
100017dc:	f000 f90a 	bl	100019f4 <time_us_64>
100017e0:	0032      	movs	r2, r6
100017e2:	003b      	movs	r3, r7
100017e4:	1a12      	subs	r2, r2, r0
100017e6:	418b      	sbcs	r3, r1
100017e8:	2b00      	cmp	r3, #0
100017ea:	db0a      	blt.n	10001802 <sleep_until+0x82>
100017ec:	2300      	movs	r3, #0
100017ee:	9301      	str	r3, [sp, #4]
100017f0:	4b15      	ldr	r3, [pc, #84]	@ (10001848 <sleep_until+0xc8>)
100017f2:	0032      	movs	r2, r6
100017f4:	9300      	str	r3, [sp, #0]
100017f6:	4815      	ldr	r0, [pc, #84]	@ (1000184c <sleep_until+0xcc>)
100017f8:	003b      	movs	r3, r7
100017fa:	f7ff ff2d 	bl	10001658 <alarm_pool_add_alarm_at_force_in_context>
100017fe:	2800      	cmp	r0, #0
10001800:	dbd6      	blt.n	100017b0 <sleep_until+0x30>
10001802:	2300      	movs	r3, #0
10001804:	469c      	mov	ip, r3
10001806:	46b0      	mov	r8, r6
10001808:	4a11      	ldr	r2, [pc, #68]	@ (10001850 <sleep_until+0xd0>)
1000180a:	4e12      	ldr	r6, [pc, #72]	@ (10001854 <sleep_until+0xd4>)
1000180c:	6a73      	ldr	r3, [r6, #36]	@ 0x24
1000180e:	429f      	cmp	r7, r3
10001810:	d804      	bhi.n	1000181c <sleep_until+0x9c>
10001812:	6ab1      	ldr	r1, [r6, #40]	@ 0x28
10001814:	4588      	cmp	r8, r1
10001816:	d9cb      	bls.n	100017b0 <sleep_until+0x30>
10001818:	429f      	cmp	r7, r3
1000181a:	d1c9      	bne.n	100017b0 <sleep_until+0x30>
1000181c:	6811      	ldr	r1, [r2, #0]
1000181e:	f3ef 8010 	mrs	r0, PRIMASK
10001822:	b672      	cpsid	i
10001824:	680b      	ldr	r3, [r1, #0]
10001826:	2b00      	cmp	r3, #0
10001828:	d0fc      	beq.n	10001824 <sleep_until+0xa4>
1000182a:	f3bf 8f5f 	dmb	sy
1000182e:	6813      	ldr	r3, [r2, #0]
10001830:	f3bf 8f5f 	dmb	sy
10001834:	4661      	mov	r1, ip
10001836:	6019      	str	r1, [r3, #0]
10001838:	f380 8810 	msr	PRIMASK, r0
1000183c:	bf20      	wfe
1000183e:	e7e5      	b.n	1000180c <sleep_until+0x8c>
10001840:	2a00      	cmp	r2, #0
10001842:	d0b5      	beq.n	100017b0 <sleep_until+0x30>
10001844:	e7ca      	b.n	100017dc <sleep_until+0x5c>
10001846:	46c0      	nop			@ (mov r8, r8)
10001848:	10001175 	.word	0x10001175
1000184c:	20001038 	.word	0x20001038
10001850:	20002378 	.word	0x20002378
10001854:	40054000 	.word	0x40054000

10001858 <sleep_us>:
10001858:	b570      	push	{r4, r5, r6, lr}
1000185a:	0004      	movs	r4, r0
1000185c:	000d      	movs	r5, r1
1000185e:	f000 f8c9 	bl	100019f4 <time_us_64>
10001862:	2380      	movs	r3, #128	@ 0x80
10001864:	1900      	adds	r0, r0, r4
10001866:	4169      	adcs	r1, r5
10001868:	061b      	lsls	r3, r3, #24
1000186a:	4299      	cmp	r1, r3
1000186c:	d302      	bcc.n	10001874 <sleep_us+0x1c>
1000186e:	2001      	movs	r0, #1
10001870:	4902      	ldr	r1, [pc, #8]	@ (1000187c <sleep_us+0x24>)
10001872:	4240      	negs	r0, r0
10001874:	f7ff ff84 	bl	10001780 <sleep_until>
10001878:	bd70      	pop	{r4, r5, r6, pc}
1000187a:	46c0      	nop			@ (mov r8, r8)
1000187c:	7fffffff 	.word	0x7fffffff

10001880 <sleep_ms>:
10001880:	b570      	push	{r4, r5, r6, lr}
10001882:	0006      	movs	r6, r0
10001884:	f000 f8b6 	bl	100019f4 <time_us_64>
10001888:	22fa      	movs	r2, #250	@ 0xfa
1000188a:	0004      	movs	r4, r0
1000188c:	000d      	movs	r5, r1
1000188e:	2300      	movs	r3, #0
10001890:	0030      	movs	r0, r6
10001892:	2100      	movs	r1, #0
10001894:	0092      	lsls	r2, r2, #2
10001896:	f001 fa61 	bl	10002d5c <__wrap___aeabi_lmul>
1000189a:	2380      	movs	r3, #128	@ 0x80
1000189c:	1900      	adds	r0, r0, r4
1000189e:	4169      	adcs	r1, r5
100018a0:	061b      	lsls	r3, r3, #24
100018a2:	4299      	cmp	r1, r3
100018a4:	d302      	bcc.n	100018ac <sleep_ms+0x2c>
100018a6:	2001      	movs	r0, #1
100018a8:	4902      	ldr	r1, [pc, #8]	@ (100018b4 <sleep_ms+0x34>)
100018aa:	4240      	negs	r0, r0
100018ac:	f7ff ff68 	bl	10001780 <sleep_until>
100018b0:	bd70      	pop	{r4, r5, r6, pc}
100018b2:	46c0      	nop			@ (mov r8, r8)
100018b4:	7fffffff 	.word	0x7fffffff

100018b8 <best_effort_wfe_or_timeout>:
100018b8:	b5f0      	push	{r4, r5, r6, r7, lr}
100018ba:	46d6      	mov	lr, sl
100018bc:	464f      	mov	r7, r9
100018be:	4646      	mov	r6, r8
100018c0:	b5c0      	push	{r6, r7, lr}
100018c2:	0004      	movs	r4, r0
100018c4:	000d      	movs	r5, r1
100018c6:	b082      	sub	sp, #8
100018c8:	f3ef 8305 	mrs	r3, IPSR
100018cc:	000f      	movs	r7, r1
100018ce:	2b00      	cmp	r3, #0
100018d0:	d131      	bne.n	10001936 <best_effort_wfe_or_timeout+0x7e>
100018d2:	4b3b      	ldr	r3, [pc, #236]	@ (100019c0 <best_effort_wfe_or_timeout+0x108>)
100018d4:	4698      	mov	r8, r3
100018d6:	681b      	ldr	r3, [r3, #0]
100018d8:	4283      	cmp	r3, r0
100018da:	d027      	beq.n	1000192c <best_effort_wfe_or_timeout+0x74>
100018dc:	4b39      	ldr	r3, [pc, #228]	@ (100019c4 <best_effort_wfe_or_timeout+0x10c>)
100018de:	4699      	mov	r9, r3
100018e0:	68db      	ldr	r3, [r3, #12]
100018e2:	469a      	mov	sl, r3
100018e4:	464b      	mov	r3, r9
100018e6:	4650      	mov	r0, sl
100018e8:	781e      	ldrb	r6, [r3, #0]
100018ea:	f000 f87b 	bl	100019e4 <timer_time_us_64>
100018ee:	000b      	movs	r3, r1
100018f0:	4651      	mov	r1, sl
100018f2:	0002      	movs	r2, r0
100018f4:	3604      	adds	r6, #4
100018f6:	00b6      	lsls	r6, r6, #2
100018f8:	5871      	ldr	r1, [r6, r1]
100018fa:	0020      	movs	r0, r4
100018fc:	1a89      	subs	r1, r1, r2
100018fe:	468c      	mov	ip, r1
10001900:	0029      	movs	r1, r5
10001902:	2600      	movs	r6, #0
10001904:	1a80      	subs	r0, r0, r2
10001906:	4199      	sbcs	r1, r3
10001908:	428e      	cmp	r6, r1
1000190a:	dc24      	bgt.n	10001956 <best_effort_wfe_or_timeout+0x9e>
1000190c:	d021      	beq.n	10001952 <best_effort_wfe_or_timeout+0x9a>
1000190e:	bf20      	wfe
10001910:	4a2d      	ldr	r2, [pc, #180]	@ (100019c8 <best_effort_wfe_or_timeout+0x110>)
10001912:	6a53      	ldr	r3, [r2, #36]	@ 0x24
10001914:	42bb      	cmp	r3, r7
10001916:	d32a      	bcc.n	1000196e <best_effort_wfe_or_timeout+0xb6>
10001918:	6a92      	ldr	r2, [r2, #40]	@ 0x28
1000191a:	2001      	movs	r0, #1
1000191c:	42a2      	cmp	r2, r4
1000191e:	d313      	bcc.n	10001948 <best_effort_wfe_or_timeout+0x90>
10001920:	b002      	add	sp, #8
10001922:	bce0      	pop	{r5, r6, r7}
10001924:	46ba      	mov	sl, r7
10001926:	46b1      	mov	r9, r6
10001928:	46a8      	mov	r8, r5
1000192a:	bdf0      	pop	{r4, r5, r6, r7, pc}
1000192c:	4643      	mov	r3, r8
1000192e:	685b      	ldr	r3, [r3, #4]
10001930:	428b      	cmp	r3, r1
10001932:	d1d3      	bne.n	100018dc <best_effort_wfe_or_timeout+0x24>
10001934:	e7eb      	b.n	1000190e <best_effort_wfe_or_timeout+0x56>
10001936:	4924      	ldr	r1, [pc, #144]	@ (100019c8 <best_effort_wfe_or_timeout+0x110>)
10001938:	2000      	movs	r0, #0
1000193a:	6a4b      	ldr	r3, [r1, #36]	@ 0x24
1000193c:	42ab      	cmp	r3, r5
1000193e:	d3ef      	bcc.n	10001920 <best_effort_wfe_or_timeout+0x68>
10001940:	6a8a      	ldr	r2, [r1, #40]	@ 0x28
10001942:	3001      	adds	r0, #1
10001944:	42a2      	cmp	r2, r4
10001946:	d2eb      	bcs.n	10001920 <best_effort_wfe_or_timeout+0x68>
10001948:	1b5b      	subs	r3, r3, r5
1000194a:	1e5a      	subs	r2, r3, #1
1000194c:	4193      	sbcs	r3, r2
1000194e:	b2d8      	uxtb	r0, r3
10001950:	e7e6      	b.n	10001920 <best_effort_wfe_or_timeout+0x68>
10001952:	4584      	cmp	ip, r0
10001954:	d9db      	bls.n	1000190e <best_effort_wfe_or_timeout+0x56>
10001956:	f000 f84d 	bl	100019f4 <time_us_64>
1000195a:	0022      	movs	r2, r4
1000195c:	002b      	movs	r3, r5
1000195e:	1a12      	subs	r2, r2, r0
10001960:	418b      	sbcs	r3, r1
10001962:	2b00      	cmp	r3, #0
10001964:	da05      	bge.n	10001972 <best_effort_wfe_or_timeout+0xba>
10001966:	4a18      	ldr	r2, [pc, #96]	@ (100019c8 <best_effort_wfe_or_timeout+0x110>)
10001968:	6a53      	ldr	r3, [r2, #36]	@ 0x24
1000196a:	42bb      	cmp	r3, r7
1000196c:	d2d4      	bcs.n	10001918 <best_effort_wfe_or_timeout+0x60>
1000196e:	2000      	movs	r0, #0
10001970:	e7d6      	b.n	10001920 <best_effort_wfe_or_timeout+0x68>
10001972:	2300      	movs	r3, #0
10001974:	9301      	str	r3, [sp, #4]
10001976:	4b15      	ldr	r3, [pc, #84]	@ (100019cc <best_effort_wfe_or_timeout+0x114>)
10001978:	0022      	movs	r2, r4
1000197a:	9300      	str	r3, [sp, #0]
1000197c:	4648      	mov	r0, r9
1000197e:	002b      	movs	r3, r5
10001980:	f7ff fe6a 	bl	10001658 <alarm_pool_add_alarm_at_force_in_context>
10001984:	1e01      	subs	r1, r0, #0
10001986:	ddee      	ble.n	10001966 <best_effort_wfe_or_timeout+0xae>
10001988:	4643      	mov	r3, r8
1000198a:	601c      	str	r4, [r3, #0]
1000198c:	605d      	str	r5, [r3, #4]
1000198e:	4b0e      	ldr	r3, [pc, #56]	@ (100019c8 <best_effort_wfe_or_timeout+0x110>)
10001990:	6a5a      	ldr	r2, [r3, #36]	@ 0x24
10001992:	42ba      	cmp	r2, r7
10001994:	d311      	bcc.n	100019ba <best_effort_wfe_or_timeout+0x102>
10001996:	6a9b      	ldr	r3, [r3, #40]	@ 0x28
10001998:	42a3      	cmp	r3, r4
1000199a:	d30c      	bcc.n	100019b6 <best_effort_wfe_or_timeout+0xfe>
1000199c:	4648      	mov	r0, r9
1000199e:	f7ff feb3 	bl	10001708 <alarm_pool_cancel_alarm>
100019a2:	4a09      	ldr	r2, [pc, #36]	@ (100019c8 <best_effort_wfe_or_timeout+0x110>)
100019a4:	2000      	movs	r0, #0
100019a6:	6a53      	ldr	r3, [r2, #36]	@ 0x24
100019a8:	42bb      	cmp	r3, r7
100019aa:	d3b9      	bcc.n	10001920 <best_effort_wfe_or_timeout+0x68>
100019ac:	6a92      	ldr	r2, [r2, #40]	@ 0x28
100019ae:	3001      	adds	r0, #1
100019b0:	42a2      	cmp	r2, r4
100019b2:	d2b5      	bcs.n	10001920 <best_effort_wfe_or_timeout+0x68>
100019b4:	e7c8      	b.n	10001948 <best_effort_wfe_or_timeout+0x90>
100019b6:	42ba      	cmp	r2, r7
100019b8:	d1f0      	bne.n	1000199c <best_effort_wfe_or_timeout+0xe4>
100019ba:	bf20      	wfe
100019bc:	e7ee      	b.n	1000199c <best_effort_wfe_or_timeout+0xe4>
100019be:	46c0      	nop			@ (mov r8, r8)
100019c0:	20001030 	.word	0x20001030
100019c4:	20001038 	.word	0x20001038
100019c8:	40054000 	.word	0x40054000
100019cc:	10001175 	.word	0x10001175

100019d0 <timer_hardware_alarm_claim>:
100019d0:	b510      	push	{r4, lr}
100019d2:	4a02      	ldr	r2, [pc, #8]	@ (100019dc <timer_hardware_alarm_claim+0xc>)
100019d4:	4802      	ldr	r0, [pc, #8]	@ (100019e0 <timer_hardware_alarm_claim+0x10>)
100019d6:	f7ff f8ff 	bl	10000bd8 <hw_claim_or_assert>
100019da:	bd10      	pop	{r4, pc}
100019dc:	10007b98 	.word	0x10007b98
100019e0:	20001ee0 	.word	0x20001ee0

100019e4 <timer_time_us_64>:
100019e4:	0003      	movs	r3, r0
100019e6:	6a41      	ldr	r1, [r0, #36]	@ 0x24
100019e8:	000a      	movs	r2, r1
100019ea:	6a98      	ldr	r0, [r3, #40]	@ 0x28
100019ec:	6a59      	ldr	r1, [r3, #36]	@ 0x24
100019ee:	428a      	cmp	r2, r1
100019f0:	d1fa      	bne.n	100019e8 <timer_time_us_64+0x4>
100019f2:	4770      	bx	lr

100019f4 <time_us_64>:
100019f4:	4b03      	ldr	r3, [pc, #12]	@ (10001a04 <time_us_64+0x10>)
100019f6:	6a59      	ldr	r1, [r3, #36]	@ 0x24
100019f8:	000a      	movs	r2, r1
100019fa:	6a98      	ldr	r0, [r3, #40]	@ 0x28
100019fc:	6a59      	ldr	r1, [r3, #36]	@ 0x24
100019fe:	4291      	cmp	r1, r2
10001a00:	d1fa      	bne.n	100019f8 <time_us_64+0x4>
10001a02:	4770      	bx	lr
10001a04:	40054000 	.word	0x40054000

10001a08 <busy_wait_us>:
10001a08:	b570      	push	{r4, r5, r6, lr}
10001a0a:	0004      	movs	r4, r0
10001a0c:	000d      	movs	r5, r1
10001a0e:	4a17      	ldr	r2, [pc, #92]	@ (10001a6c <busy_wait_us+0x64>)
10001a10:	6a53      	ldr	r3, [r2, #36]	@ 0x24
10001a12:	0019      	movs	r1, r3
10001a14:	6a96      	ldr	r6, [r2, #40]	@ 0x28
10001a16:	6a53      	ldr	r3, [r2, #36]	@ 0x24
10001a18:	428b      	cmp	r3, r1
10001a1a:	d1fa      	bne.n	10001a12 <busy_wait_us+0xa>
10001a1c:	0030      	movs	r0, r6
10001a1e:	0019      	movs	r1, r3
10001a20:	1824      	adds	r4, r4, r0
10001a22:	414d      	adcs	r5, r1
10001a24:	42ab      	cmp	r3, r5
10001a26:	d816      	bhi.n	10001a56 <busy_wait_us+0x4e>
10001a28:	d013      	beq.n	10001a52 <busy_wait_us+0x4a>
10001a2a:	4a10      	ldr	r2, [pc, #64]	@ (10001a6c <busy_wait_us+0x64>)
10001a2c:	002b      	movs	r3, r5
10001a2e:	6a52      	ldr	r2, [r2, #36]	@ 0x24
10001a30:	4295      	cmp	r5, r2
10001a32:	d903      	bls.n	10001a3c <busy_wait_us+0x34>
10001a34:	490d      	ldr	r1, [pc, #52]	@ (10001a6c <busy_wait_us+0x64>)
10001a36:	6a4a      	ldr	r2, [r1, #36]	@ 0x24
10001a38:	429a      	cmp	r2, r3
10001a3a:	d3fc      	bcc.n	10001a36 <busy_wait_us+0x2e>
10001a3c:	429a      	cmp	r2, r3
10001a3e:	d107      	bne.n	10001a50 <busy_wait_us+0x48>
10001a40:	4a0a      	ldr	r2, [pc, #40]	@ (10001a6c <busy_wait_us+0x64>)
10001a42:	e002      	b.n	10001a4a <busy_wait_us+0x42>
10001a44:	6a51      	ldr	r1, [r2, #36]	@ 0x24
10001a46:	4299      	cmp	r1, r3
10001a48:	d102      	bne.n	10001a50 <busy_wait_us+0x48>
10001a4a:	6a91      	ldr	r1, [r2, #40]	@ 0x28
10001a4c:	42a1      	cmp	r1, r4
10001a4e:	d3f9      	bcc.n	10001a44 <busy_wait_us+0x3c>
10001a50:	bd70      	pop	{r4, r5, r6, pc}
10001a52:	42a6      	cmp	r6, r4
10001a54:	d9e9      	bls.n	10001a2a <busy_wait_us+0x22>
10001a56:	4b05      	ldr	r3, [pc, #20]	@ (10001a6c <busy_wait_us+0x64>)
10001a58:	6a5b      	ldr	r3, [r3, #36]	@ 0x24
10001a5a:	001c      	movs	r4, r3
10001a5c:	1c5a      	adds	r2, r3, #1
10001a5e:	d0ef      	beq.n	10001a40 <busy_wait_us+0x38>
10001a60:	2301      	movs	r3, #1
10001a62:	2401      	movs	r4, #1
10001a64:	4264      	negs	r4, r4
10001a66:	17e5      	asrs	r5, r4, #31
10001a68:	425b      	negs	r3, r3
10001a6a:	e7e3      	b.n	10001a34 <busy_wait_us+0x2c>
10001a6c:	40054000 	.word	0x40054000

10001a70 <busy_wait_until>:
10001a70:	4a06      	ldr	r2, [pc, #24]	@ (10001a8c <busy_wait_until+0x1c>)
10001a72:	6a53      	ldr	r3, [r2, #36]	@ 0x24
10001a74:	4299      	cmp	r1, r3
10001a76:	d8fc      	bhi.n	10001a72 <busy_wait_until+0x2>
10001a78:	d107      	bne.n	10001a8a <busy_wait_until+0x1a>
10001a7a:	4b04      	ldr	r3, [pc, #16]	@ (10001a8c <busy_wait_until+0x1c>)
10001a7c:	e002      	b.n	10001a84 <busy_wait_until+0x14>
10001a7e:	6a5a      	ldr	r2, [r3, #36]	@ 0x24
10001a80:	4291      	cmp	r1, r2
10001a82:	d102      	bne.n	10001a8a <busy_wait_until+0x1a>
10001a84:	6a9a      	ldr	r2, [r3, #40]	@ 0x28
10001a86:	4282      	cmp	r2, r0
10001a88:	d3f9      	bcc.n	10001a7e <busy_wait_until+0xe>
10001a8a:	4770      	bx	lr
10001a8c:	40054000 	.word	0x40054000

10001a90 <clock_configure_int_divider>:
10001a90:	b5f8      	push	{r3, r4, r5, r6, r7, lr}
10001a92:	46de      	mov	lr, fp
10001a94:	464e      	mov	r6, r9
10001a96:	4657      	mov	r7, sl
10001a98:	4645      	mov	r5, r8
10001a9a:	b5e0      	push	{r5, r6, r7, lr}
10001a9c:	468b      	mov	fp, r1
10001a9e:	0005      	movs	r5, r0
10001aa0:	990a      	ldr	r1, [sp, #40]	@ 0x28
10001aa2:	0018      	movs	r0, r3
10001aa4:	0016      	movs	r6, r2
10001aa6:	f000 fb3d 	bl	10002124 <__wrap___aeabi_uidiv>
10001aaa:	9b0a      	ldr	r3, [sp, #40]	@ 0x28
10001aac:	006c      	lsls	r4, r5, #1
10001aae:	021f      	lsls	r7, r3, #8
10001ab0:	4b32      	ldr	r3, [pc, #200]	@ (10001b7c <clock_configure_int_divider+0xec>)
10001ab2:	1964      	adds	r4, r4, r5
10001ab4:	469c      	mov	ip, r3
10001ab6:	00a4      	lsls	r4, r4, #2
10001ab8:	4464      	add	r4, ip
10001aba:	6863      	ldr	r3, [r4, #4]
10001abc:	4681      	mov	r9, r0
10001abe:	429f      	cmp	r7, r3
10001ac0:	d900      	bls.n	10001ac4 <clock_configure_int_divider+0x34>
10001ac2:	6067      	str	r7, [r4, #4]
10001ac4:	1f2b      	subs	r3, r5, #4
10001ac6:	b2db      	uxtb	r3, r3
10001ac8:	4698      	mov	r8, r3
10001aca:	2b01      	cmp	r3, #1
10001acc:	d930      	bls.n	10001b30 <clock_configure_int_divider+0xa0>
10001ace:	23c0      	movs	r3, #192	@ 0xc0
10001ad0:	2280      	movs	r2, #128	@ 0x80
10001ad2:	019b      	lsls	r3, r3, #6
10001ad4:	18e3      	adds	r3, r4, r3
10001ad6:	0112      	lsls	r2, r2, #4
10001ad8:	601a      	str	r2, [r3, #0]
10001ada:	4b29      	ldr	r3, [pc, #164]	@ (10001b80 <clock_configure_int_divider+0xf0>)
10001adc:	00ad      	lsls	r5, r5, #2
10001ade:	5959      	ldr	r1, [r3, r5]
10001ae0:	469a      	mov	sl, r3
10001ae2:	2900      	cmp	r1, #0
10001ae4:	d11b      	bne.n	10001b1e <clock_configure_int_divider+0x8e>
10001ae6:	0173      	lsls	r3, r6, #5
10001ae8:	26e0      	movs	r6, #224	@ 0xe0
10001aea:	6822      	ldr	r2, [r4, #0]
10001aec:	4053      	eors	r3, r2
10001aee:	401e      	ands	r6, r3
10001af0:	2380      	movs	r3, #128	@ 0x80
10001af2:	4642      	mov	r2, r8
10001af4:	015b      	lsls	r3, r3, #5
10001af6:	18e3      	adds	r3, r4, r3
10001af8:	601e      	str	r6, [r3, #0]
10001afa:	2a01      	cmp	r2, #1
10001afc:	d930      	bls.n	10001b60 <clock_configure_int_divider+0xd0>
10001afe:	2380      	movs	r3, #128	@ 0x80
10001b00:	2280      	movs	r2, #128	@ 0x80
10001b02:	019b      	lsls	r3, r3, #6
10001b04:	18e3      	adds	r3, r4, r3
10001b06:	0112      	lsls	r2, r2, #4
10001b08:	601a      	str	r2, [r3, #0]
10001b0a:	4653      	mov	r3, sl
10001b0c:	464a      	mov	r2, r9
10001b0e:	6067      	str	r7, [r4, #4]
10001b10:	515a      	str	r2, [r3, r5]
10001b12:	bcf0      	pop	{r4, r5, r6, r7}
10001b14:	46bb      	mov	fp, r7
10001b16:	46b2      	mov	sl, r6
10001b18:	46a9      	mov	r9, r5
10001b1a:	46a0      	mov	r8, r4
10001b1c:	bdf8      	pop	{r3, r4, r5, r6, r7, pc}
10001b1e:	6958      	ldr	r0, [r3, #20]
10001b20:	f000 fb00 	bl	10002124 <__wrap___aeabi_uidiv>
10001b24:	3001      	adds	r0, #1
10001b26:	0043      	lsls	r3, r0, #1
10001b28:	181b      	adds	r3, r3, r0
10001b2a:	3b03      	subs	r3, #3
10001b2c:	d2fd      	bcs.n	10001b2a <clock_configure_int_divider+0x9a>
10001b2e:	e7da      	b.n	10001ae6 <clock_configure_int_divider+0x56>
10001b30:	465b      	mov	r3, fp
10001b32:	2b01      	cmp	r3, #1
10001b34:	d1cb      	bne.n	10001ace <clock_configure_int_divider+0x3e>
10001b36:	23c0      	movs	r3, #192	@ 0xc0
10001b38:	2203      	movs	r2, #3
10001b3a:	019b      	lsls	r3, r3, #6
10001b3c:	18e3      	adds	r3, r4, r3
10001b3e:	601a      	str	r2, [r3, #0]
10001b40:	3a02      	subs	r2, #2
10001b42:	68a3      	ldr	r3, [r4, #8]
10001b44:	421a      	tst	r2, r3
10001b46:	d0fc      	beq.n	10001b42 <clock_configure_int_divider+0xb2>
10001b48:	0173      	lsls	r3, r6, #5
10001b4a:	26e0      	movs	r6, #224	@ 0xe0
10001b4c:	6822      	ldr	r2, [r4, #0]
10001b4e:	00ad      	lsls	r5, r5, #2
10001b50:	4053      	eors	r3, r2
10001b52:	401e      	ands	r6, r3
10001b54:	2380      	movs	r3, #128	@ 0x80
10001b56:	4a0a      	ldr	r2, [pc, #40]	@ (10001b80 <clock_configure_int_divider+0xf0>)
10001b58:	015b      	lsls	r3, r3, #5
10001b5a:	4692      	mov	sl, r2
10001b5c:	18e3      	adds	r3, r4, r3
10001b5e:	601e      	str	r6, [r3, #0]
10001b60:	465a      	mov	r2, fp
10001b62:	6821      	ldr	r1, [r4, #0]
10001b64:	4051      	eors	r1, r2
10001b66:	2203      	movs	r2, #3
10001b68:	400a      	ands	r2, r1
10001b6a:	601a      	str	r2, [r3, #0]
10001b6c:	2201      	movs	r2, #1
10001b6e:	465b      	mov	r3, fp
10001b70:	409a      	lsls	r2, r3
10001b72:	68a3      	ldr	r3, [r4, #8]
10001b74:	421a      	tst	r2, r3
10001b76:	d0fc      	beq.n	10001b72 <clock_configure_int_divider+0xe2>
10001b78:	e7c1      	b.n	10001afe <clock_configure_int_divider+0x6e>
10001b7a:	46c0      	nop			@ (mov r8, r8)
10001b7c:	40008000 	.word	0x40008000
10001b80:	20001ee4 	.word	0x20001ee4

10001b84 <clock_configure_undivided>:
10001b84:	b5f0      	push	{r4, r5, r6, r7, lr}
10001b86:	4646      	mov	r6, r8
10001b88:	464f      	mov	r7, r9
10001b8a:	46d6      	mov	lr, sl
10001b8c:	b5c0      	push	{r6, r7, lr}
10001b8e:	001f      	movs	r7, r3
10001b90:	4b34      	ldr	r3, [pc, #208]	@ (10001c64 <clock_configure_undivided+0xe0>)
10001b92:	0044      	lsls	r4, r0, #1
10001b94:	469c      	mov	ip, r3
10001b96:	1824      	adds	r4, r4, r0
10001b98:	00a4      	lsls	r4, r4, #2
10001b9a:	4464      	add	r4, ip
10001b9c:	6863      	ldr	r3, [r4, #4]
10001b9e:	4688      	mov	r8, r1
10001ba0:	0016      	movs	r6, r2
10001ba2:	2bff      	cmp	r3, #255	@ 0xff
10001ba4:	d802      	bhi.n	10001bac <clock_configure_undivided+0x28>
10001ba6:	2380      	movs	r3, #128	@ 0x80
10001ba8:	005b      	lsls	r3, r3, #1
10001baa:	6063      	str	r3, [r4, #4]
10001bac:	1f03      	subs	r3, r0, #4
10001bae:	b2db      	uxtb	r3, r3
10001bb0:	469a      	mov	sl, r3
10001bb2:	2b01      	cmp	r3, #1
10001bb4:	d930      	bls.n	10001c18 <clock_configure_undivided+0x94>
10001bb6:	23c0      	movs	r3, #192	@ 0xc0
10001bb8:	2280      	movs	r2, #128	@ 0x80
10001bba:	019b      	lsls	r3, r3, #6
10001bbc:	18e3      	adds	r3, r4, r3
10001bbe:	0112      	lsls	r2, r2, #4
10001bc0:	601a      	str	r2, [r3, #0]
10001bc2:	4b29      	ldr	r3, [pc, #164]	@ (10001c68 <clock_configure_undivided+0xe4>)
10001bc4:	0085      	lsls	r5, r0, #2
10001bc6:	5959      	ldr	r1, [r3, r5]
10001bc8:	4699      	mov	r9, r3
10001bca:	2900      	cmp	r1, #0
10001bcc:	d11b      	bne.n	10001c06 <clock_configure_undivided+0x82>
10001bce:	0173      	lsls	r3, r6, #5
10001bd0:	26e0      	movs	r6, #224	@ 0xe0
10001bd2:	6822      	ldr	r2, [r4, #0]
10001bd4:	4053      	eors	r3, r2
10001bd6:	401e      	ands	r6, r3
10001bd8:	2380      	movs	r3, #128	@ 0x80
10001bda:	4652      	mov	r2, sl
10001bdc:	015b      	lsls	r3, r3, #5
10001bde:	18e3      	adds	r3, r4, r3
10001be0:	601e      	str	r6, [r3, #0]
10001be2:	2a01      	cmp	r2, #1
10001be4:	d930      	bls.n	10001c48 <clock_configure_undivided+0xc4>
10001be6:	2380      	movs	r3, #128	@ 0x80
10001be8:	2280      	movs	r2, #128	@ 0x80
10001bea:	019b      	lsls	r3, r3, #6
10001bec:	18e3      	adds	r3, r4, r3
10001bee:	0112      	lsls	r2, r2, #4
10001bf0:	601a      	str	r2, [r3, #0]
10001bf2:	2380      	movs	r3, #128	@ 0x80
10001bf4:	005b      	lsls	r3, r3, #1
10001bf6:	6063      	str	r3, [r4, #4]
10001bf8:	464b      	mov	r3, r9
10001bfa:	515f      	str	r7, [r3, r5]
10001bfc:	bce0      	pop	{r5, r6, r7}
10001bfe:	46ba      	mov	sl, r7
10001c00:	46b1      	mov	r9, r6
10001c02:	46a8      	mov	r8, r5
10001c04:	bdf0      	pop	{r4, r5, r6, r7, pc}
10001c06:	6958      	ldr	r0, [r3, #20]
10001c08:	f000 fa8c 	bl	10002124 <__wrap___aeabi_uidiv>
10001c0c:	3001      	adds	r0, #1
10001c0e:	0043      	lsls	r3, r0, #1
10001c10:	181b      	adds	r3, r3, r0
10001c12:	3b03      	subs	r3, #3
10001c14:	d2fd      	bcs.n	10001c12 <clock_configure_undivided+0x8e>
10001c16:	e7da      	b.n	10001bce <clock_configure_undivided+0x4a>
10001c18:	4643      	mov	r3, r8
10001c1a:	2b01      	cmp	r3, #1
10001c1c:	d1cb      	bne.n	10001bb6 <clock_configure_undivided+0x32>
10001c1e:	23c0      	movs	r3, #192	@ 0xc0
10001c20:	2203      	movs	r2, #3
10001c22:	019b      	lsls	r3, r3, #6
10001c24:	18e3      	adds	r3, r4, r3
10001c26:	601a      	str	r2, [r3, #0]
10001c28:	3a02      	subs	r2, #2
10001c2a:	68a3      	ldr	r3, [r4, #8]
10001c2c:	421a      	tst	r2, r3
10001c2e:	d0fc      	beq.n	10001c2a <clock_configure_undivided+0xa6>
10001c30:	0173      	lsls	r3, r6, #5
10001c32:	26e0      	movs	r6, #224	@ 0xe0
10001c34:	6822      	ldr	r2, [r4, #0]
10001c36:	0085      	lsls	r5, r0, #2
10001c38:	4053      	eors	r3, r2
10001c3a:	401e      	ands	r6, r3
10001c3c:	2380      	movs	r3, #128	@ 0x80
10001c3e:	4a0a      	ldr	r2, [pc, #40]	@ (10001c68 <clock_configure_undivided+0xe4>)
10001c40:	015b      	lsls	r3, r3, #5
10001c42:	4691      	mov	r9, r2
10001c44:	18e3      	adds	r3, r4, r3
10001c46:	601e      	str	r6, [r3, #0]
10001c48:	4642      	mov	r2, r8
10001c4a:	6821      	ldr	r1, [r4, #0]
10001c4c:	4051      	eors	r1, r2
10001c4e:	2203      	movs	r2, #3
10001c50:	400a      	ands	r2, r1
10001c52:	601a      	str	r2, [r3, #0]
10001c54:	2301      	movs	r3, #1
10001c56:	4642      	mov	r2, r8
10001c58:	4093      	lsls	r3, r2
10001c5a:	68a2      	ldr	r2, [r4, #8]
10001c5c:	4213      	tst	r3, r2
10001c5e:	d0fc      	beq.n	10001c5a <clock_configure_undivided+0xd6>
10001c60:	e7c1      	b.n	10001be6 <clock_configure_undivided+0x62>
10001c62:	46c0      	nop			@ (mov r8, r8)
10001c64:	40008000 	.word	0x40008000
10001c68:	20001ee4 	.word	0x20001ee4

10001c6c <clock_get_hz>:
10001c6c:	4b01      	ldr	r3, [pc, #4]	@ (10001c74 <clock_get_hz+0x8>)
10001c6e:	0080      	lsls	r0, r0, #2
10001c70:	58c0      	ldr	r0, [r0, r3]
10001c72:	4770      	bx	lr
10001c74:	20001ee4 	.word	0x20001ee4

10001c78 <pll_init>:
10001c78:	b5f8      	push	{r3, r4, r5, r6, r7, lr}
10001c7a:	0004      	movs	r4, r0
10001c7c:	4821      	ldr	r0, [pc, #132]	@ (10001d04 <pll_init+0x8c>)
10001c7e:	001e      	movs	r6, r3
10001c80:	0017      	movs	r7, r2
10001c82:	000d      	movs	r5, r1
10001c84:	f000 fa4e 	bl	10002124 <__wrap___aeabi_uidiv>
10001c88:	0001      	movs	r1, r0
10001c8a:	0038      	movs	r0, r7
10001c8c:	f000 fa4a 	bl	10002124 <__wrap___aeabi_uidiv>
10001c90:	9b06      	ldr	r3, [sp, #24]
10001c92:	0436      	lsls	r6, r6, #16
10001c94:	031b      	lsls	r3, r3, #12
10001c96:	431e      	orrs	r6, r3
10001c98:	6823      	ldr	r3, [r4, #0]
10001c9a:	2b00      	cmp	r3, #0
10001c9c:	db20      	blt.n	10001ce0 <pll_init+0x68>
10001c9e:	4b1a      	ldr	r3, [pc, #104]	@ (10001d08 <pll_init+0x90>)
10001ca0:	491a      	ldr	r1, [pc, #104]	@ (10001d0c <pll_init+0x94>)
10001ca2:	18e3      	adds	r3, r4, r3
10001ca4:	1e5a      	subs	r2, r3, #1
10001ca6:	4193      	sbcs	r3, r2
10001ca8:	2280      	movs	r2, #128	@ 0x80
10001caa:	0192      	lsls	r2, r2, #6
10001cac:	4694      	mov	ip, r2
10001cae:	425b      	negs	r3, r3
10001cb0:	0b1b      	lsrs	r3, r3, #12
10001cb2:	4a17      	ldr	r2, [pc, #92]	@ (10001d10 <pll_init+0x98>)
10001cb4:	031b      	lsls	r3, r3, #12
10001cb6:	4463      	add	r3, ip
10001cb8:	6013      	str	r3, [r2, #0]
10001cba:	4a16      	ldr	r2, [pc, #88]	@ (10001d14 <pll_init+0x9c>)
10001cbc:	6013      	str	r3, [r2, #0]
10001cbe:	001f      	movs	r7, r3
10001cc0:	680a      	ldr	r2, [r1, #0]
10001cc2:	4397      	bics	r7, r2
10001cc4:	d1fb      	bne.n	10001cbe <pll_init+0x46>
10001cc6:	4b14      	ldr	r3, [pc, #80]	@ (10001d18 <pll_init+0xa0>)
10001cc8:	6025      	str	r5, [r4, #0]
10001cca:	18e2      	adds	r2, r4, r3
10001ccc:	2321      	movs	r3, #33	@ 0x21
10001cce:	60a0      	str	r0, [r4, #8]
10001cd0:	6013      	str	r3, [r2, #0]
10001cd2:	6823      	ldr	r3, [r4, #0]
10001cd4:	2b00      	cmp	r3, #0
10001cd6:	dafc      	bge.n	10001cd2 <pll_init+0x5a>
10001cd8:	2308      	movs	r3, #8
10001cda:	60e6      	str	r6, [r4, #12]
10001cdc:	6013      	str	r3, [r2, #0]
10001cde:	bdf8      	pop	{r3, r4, r5, r6, r7, pc}
10001ce0:	233f      	movs	r3, #63	@ 0x3f
10001ce2:	6822      	ldr	r2, [r4, #0]
10001ce4:	4013      	ands	r3, r2
10001ce6:	42ab      	cmp	r3, r5
10001ce8:	d1d9      	bne.n	10001c9e <pll_init+0x26>
10001cea:	68a3      	ldr	r3, [r4, #8]
10001cec:	051b      	lsls	r3, r3, #20
10001cee:	0d1b      	lsrs	r3, r3, #20
10001cf0:	4283      	cmp	r3, r0
10001cf2:	d1d4      	bne.n	10001c9e <pll_init+0x26>
10001cf4:	22ee      	movs	r2, #238	@ 0xee
10001cf6:	68e3      	ldr	r3, [r4, #12]
10001cf8:	02d2      	lsls	r2, r2, #11
10001cfa:	4013      	ands	r3, r2
10001cfc:	42b3      	cmp	r3, r6
10001cfe:	d1ce      	bne.n	10001c9e <pll_init+0x26>
10001d00:	e7ed      	b.n	10001cde <pll_init+0x66>
10001d02:	46c0      	nop			@ (mov r8, r8)
10001d04:	00b71b00 	.word	0x00b71b00
10001d08:	bffd4000 	.word	0xbffd4000
10001d0c:	4000c008 	.word	0x4000c008
10001d10:	4000e000 	.word	0x4000e000
10001d14:	4000f000 	.word	0x4000f000
10001d18:	00003004 	.word	0x00003004

10001d1c <watchdog_reboot>:
10001d1c:	b510      	push	{r4, lr}
10001d1e:	2480      	movs	r4, #128	@ 0x80
10001d20:	4b1c      	ldr	r3, [pc, #112]	@ (10001d94 <watchdog_reboot+0x78>)
10001d22:	05e4      	lsls	r4, r4, #23
10001d24:	601c      	str	r4, [r3, #0]
10001d26:	2800      	cmp	r0, #0
10001d28:	d01a      	beq.n	10001d60 <watchdog_reboot+0x44>
10001d2a:	2301      	movs	r3, #1
10001d2c:	4c1a      	ldr	r4, [pc, #104]	@ (10001d98 <watchdog_reboot+0x7c>)
10001d2e:	4318      	orrs	r0, r3
10001d30:	4b1a      	ldr	r3, [pc, #104]	@ (10001d9c <watchdog_reboot+0x80>)
10001d32:	61dc      	str	r4, [r3, #28]
10001d34:	4c1a      	ldr	r4, [pc, #104]	@ (10001da0 <watchdog_reboot+0x84>)
10001d36:	4044      	eors	r4, r0
10001d38:	621c      	str	r4, [r3, #32]
10001d3a:	6259      	str	r1, [r3, #36]	@ 0x24
10001d3c:	6298      	str	r0, [r3, #40]	@ 0x28
10001d3e:	2180      	movs	r1, #128	@ 0x80
10001d40:	4b14      	ldr	r3, [pc, #80]	@ (10001d94 <watchdog_reboot+0x78>)
10001d42:	05c9      	lsls	r1, r1, #23
10001d44:	6019      	str	r1, [r3, #0]
10001d46:	4817      	ldr	r0, [pc, #92]	@ (10001da4 <watchdog_reboot+0x88>)
10001d48:	4917      	ldr	r1, [pc, #92]	@ (10001da8 <watchdog_reboot+0x8c>)
10001d4a:	6008      	str	r0, [r1, #0]
10001d4c:	21e0      	movs	r1, #224	@ 0xe0
10001d4e:	04c9      	lsls	r1, r1, #19
10001d50:	6019      	str	r1, [r3, #0]
10001d52:	2a00      	cmp	r2, #0
10001d54:	d107      	bne.n	10001d66 <watchdog_reboot+0x4a>
10001d56:	2280      	movs	r2, #128	@ 0x80
10001d58:	4b14      	ldr	r3, [pc, #80]	@ (10001dac <watchdog_reboot+0x90>)
10001d5a:	0612      	lsls	r2, r2, #24
10001d5c:	601a      	str	r2, [r3, #0]
10001d5e:	bd10      	pop	{r4, pc}
10001d60:	4b0e      	ldr	r3, [pc, #56]	@ (10001d9c <watchdog_reboot+0x80>)
10001d62:	61d8      	str	r0, [r3, #28]
10001d64:	e7eb      	b.n	10001d3e <watchdog_reboot+0x22>
10001d66:	0153      	lsls	r3, r2, #5
10001d68:	1a9b      	subs	r3, r3, r2
10001d6a:	009b      	lsls	r3, r3, #2
10001d6c:	189a      	adds	r2, r3, r2
10001d6e:	2380      	movs	r3, #128	@ 0x80
10001d70:	0112      	lsls	r2, r2, #4
10001d72:	045b      	lsls	r3, r3, #17
10001d74:	429a      	cmp	r2, r3
10001d76:	d209      	bcs.n	10001d8c <watchdog_reboot+0x70>
10001d78:	0013      	movs	r3, r2
10001d7a:	490d      	ldr	r1, [pc, #52]	@ (10001db0 <watchdog_reboot+0x94>)
10001d7c:	600b      	str	r3, [r1, #0]
10001d7e:	4b07      	ldr	r3, [pc, #28]	@ (10001d9c <watchdog_reboot+0x80>)
10001d80:	605a      	str	r2, [r3, #4]
10001d82:	2280      	movs	r2, #128	@ 0x80
10001d84:	4b09      	ldr	r3, [pc, #36]	@ (10001dac <watchdog_reboot+0x90>)
10001d86:	05d2      	lsls	r2, r2, #23
10001d88:	601a      	str	r2, [r3, #0]
10001d8a:	e7e8      	b.n	10001d5e <watchdog_reboot+0x42>
10001d8c:	4b09      	ldr	r3, [pc, #36]	@ (10001db4 <watchdog_reboot+0x98>)
10001d8e:	001a      	movs	r2, r3
10001d90:	e7f3      	b.n	10001d7a <watchdog_reboot+0x5e>
10001d92:	46c0      	nop			@ (mov r8, r8)
10001d94:	4005b000 	.word	0x4005b000
10001d98:	b007c0d3 	.word	0xb007c0d3
10001d9c:	40058000 	.word	0x40058000
10001da0:	4ff83f2d 	.word	0x4ff83f2d
10001da4:	0001fffc 	.word	0x0001fffc
10001da8:	40012008 	.word	0x40012008
10001dac:	4005a000 	.word	0x4005a000
10001db0:	2000234c 	.word	0x2000234c
10001db4:	00ffffff 	.word	0x00ffffff

10001db8 <tick_start>:
10001db8:	2380      	movs	r3, #128	@ 0x80
10001dba:	4a02      	ldr	r2, [pc, #8]	@ (10001dc4 <tick_start+0xc>)
10001dbc:	009b      	lsls	r3, r3, #2
10001dbe:	430b      	orrs	r3, r1
10001dc0:	62d3      	str	r3, [r2, #44]	@ 0x2c
10001dc2:	4770      	bx	lr
10001dc4:	40058000 	.word	0x40058000

10001dc8 <rom_func_lookup>:
10001dc8:	2314      	movs	r3, #20
10001dca:	b510      	push	{r4, lr}
10001dcc:	0001      	movs	r1, r0
10001dce:	8818      	ldrh	r0, [r3, #0]
10001dd0:	3304      	adds	r3, #4
10001dd2:	881b      	ldrh	r3, [r3, #0]
10001dd4:	4798      	blx	r3
10001dd6:	bd10      	pop	{r4, pc}

10001dd8 <rom_data_lookup>:
10001dd8:	2316      	movs	r3, #22
10001dda:	b510      	push	{r4, lr}
10001ddc:	0001      	movs	r1, r0
10001dde:	8818      	ldrh	r0, [r3, #0]
10001de0:	3302      	adds	r3, #2
10001de2:	881b      	ldrh	r3, [r3, #0]
10001de4:	4798      	blx	r3
10001de6:	bd10      	pop	{r4, pc}

10001de8 <rom_funcs_lookup>:
10001de8:	b5f8      	push	{r3, r4, r5, r6, r7, lr}
10001dea:	4647      	mov	r7, r8
10001dec:	46ce      	mov	lr, r9
10001dee:	b580      	push	{r7, lr}
10001df0:	1e0f      	subs	r7, r1, #0
10001df2:	d019      	beq.n	10001e28 <rom_funcs_lookup+0x40>
10001df4:	2314      	movs	r3, #20
10001df6:	4699      	mov	r9, r3
10001df8:	3304      	adds	r3, #4
10001dfa:	0004      	movs	r4, r0
10001dfc:	2500      	movs	r5, #0
10001dfe:	2601      	movs	r6, #1
10001e00:	4698      	mov	r8, r3
10001e02:	464b      	mov	r3, r9
10001e04:	8818      	ldrh	r0, [r3, #0]
10001e06:	4643      	mov	r3, r8
10001e08:	6821      	ldr	r1, [r4, #0]
10001e0a:	881b      	ldrh	r3, [r3, #0]
10001e0c:	4798      	blx	r3
10001e0e:	c401      	stmia	r4!, {r0}
10001e10:	1e43      	subs	r3, r0, #1
10001e12:	4198      	sbcs	r0, r3
10001e14:	3501      	adds	r5, #1
10001e16:	4240      	negs	r0, r0
10001e18:	4006      	ands	r6, r0
10001e1a:	42af      	cmp	r7, r5
10001e1c:	d1f1      	bne.n	10001e02 <rom_funcs_lookup+0x1a>
10001e1e:	0030      	movs	r0, r6
10001e20:	bcc0      	pop	{r6, r7}
10001e22:	46b9      	mov	r9, r7
10001e24:	46b0      	mov	r8, r6
10001e26:	bdf8      	pop	{r3, r4, r5, r6, r7, pc}
10001e28:	2601      	movs	r6, #1
10001e2a:	e7f8      	b.n	10001e1e <rom_funcs_lookup+0x36>

10001e2c <rom_reset_usb_boot_extra>:
10001e2c:	2314      	movs	r3, #20
10001e2e:	b570      	push	{r4, r5, r6, lr}
10001e30:	0004      	movs	r4, r0
10001e32:	8818      	ldrh	r0, [r3, #0]
10001e34:	3304      	adds	r3, #4
10001e36:	881b      	ldrh	r3, [r3, #0]
10001e38:	000d      	movs	r5, r1
10001e3a:	4905      	ldr	r1, [pc, #20]	@ (10001e50 <rom_reset_usb_boot_extra+0x24>)
10001e3c:	4798      	blx	r3
10001e3e:	0003      	movs	r3, r0
10001e40:	2000      	movs	r0, #0
10001e42:	2c00      	cmp	r4, #0
10001e44:	db01      	blt.n	10001e4a <rom_reset_usb_boot_extra+0x1e>
10001e46:	3001      	adds	r0, #1
10001e48:	40a0      	lsls	r0, r4
10001e4a:	0029      	movs	r1, r5
10001e4c:	4798      	blx	r3
10001e4e:	46c0      	nop			@ (mov r8, r8)
10001e50:	00004255 	.word	0x00004255

10001e54 <xosc_init>:
10001e54:	23aa      	movs	r3, #170	@ 0xaa
10001e56:	4a06      	ldr	r2, [pc, #24]	@ (10001e70 <xosc_init+0x1c>)
10001e58:	011b      	lsls	r3, r3, #4
10001e5a:	6013      	str	r3, [r2, #0]
10001e5c:	238d      	movs	r3, #141	@ 0x8d
10001e5e:	005b      	lsls	r3, r3, #1
10001e60:	60d3      	str	r3, [r2, #12]
10001e62:	4904      	ldr	r1, [pc, #16]	@ (10001e74 <xosc_init+0x20>)
10001e64:	4b04      	ldr	r3, [pc, #16]	@ (10001e78 <xosc_init+0x24>)
10001e66:	6019      	str	r1, [r3, #0]
10001e68:	6853      	ldr	r3, [r2, #4]
10001e6a:	2b00      	cmp	r3, #0
10001e6c:	dafc      	bge.n	10001e68 <xosc_init+0x14>
10001e6e:	4770      	bx	lr
10001e70:	40024000 	.word	0x40024000
10001e74:	00fab000 	.word	0x00fab000
10001e78:	40026000 	.word	0x40026000

10001e7c <first_per_core_initializer>:
10001e7c:	4770      	bx	lr
10001e7e:	46c0      	nop			@ (mov r8, r8)

10001e80 <hard_assertion_failure>:
10001e80:	b510      	push	{r4, lr}
10001e82:	4801      	ldr	r0, [pc, #4]	@ (10001e88 <hard_assertion_failure+0x8>)
10001e84:	f7fe fe90 	bl	10000ba8 <panic>
10001e88:	10007bbc 	.word	0x10007bbc

10001e8c <runtime_run_initializers>:
10001e8c:	b570      	push	{r4, r5, r6, lr}
10001e8e:	4d07      	ldr	r5, [pc, #28]	@ (10001eac <runtime_run_initializers+0x20>)
10001e90:	4e07      	ldr	r6, [pc, #28]	@ (10001eb0 <runtime_run_initializers+0x24>)
10001e92:	42b5      	cmp	r5, r6
10001e94:	d209      	bcs.n	10001eaa <runtime_run_initializers+0x1e>
10001e96:	2400      	movs	r4, #0
10001e98:	3e01      	subs	r6, #1
10001e9a:	1b76      	subs	r6, r6, r5
10001e9c:	08b6      	lsrs	r6, r6, #2
10001e9e:	cd08      	ldmia	r5!, {r3}
10001ea0:	4798      	blx	r3
10001ea2:	0023      	movs	r3, r4
10001ea4:	3401      	adds	r4, #1
10001ea6:	42b3      	cmp	r3, r6
10001ea8:	d1f9      	bne.n	10001e9e <runtime_run_initializers+0x12>
10001eaa:	bd70      	pop	{r4, r5, r6, pc}
10001eac:	10007a58 	.word	0x10007a58
10001eb0:	10007a94 	.word	0x10007a94

10001eb4 <runtime_init_early_resets>:
10001eb4:	4b05      	ldr	r3, [pc, #20]	@ (10001ecc <runtime_init_early_resets+0x18>)
10001eb6:	4a06      	ldr	r2, [pc, #24]	@ (10001ed0 <runtime_init_early_resets+0x1c>)
10001eb8:	4906      	ldr	r1, [pc, #24]	@ (10001ed4 <runtime_init_early_resets+0x20>)
10001eba:	601a      	str	r2, [r3, #0]
10001ebc:	4a06      	ldr	r2, [pc, #24]	@ (10001ed8 <runtime_init_early_resets+0x24>)
10001ebe:	4b07      	ldr	r3, [pc, #28]	@ (10001edc <runtime_init_early_resets+0x28>)
10001ec0:	601a      	str	r2, [r3, #0]
10001ec2:	0010      	movs	r0, r2
10001ec4:	680b      	ldr	r3, [r1, #0]
10001ec6:	4398      	bics	r0, r3
10001ec8:	d1fb      	bne.n	10001ec2 <runtime_init_early_resets+0xe>
10001eca:	4770      	bx	lr
10001ecc:	4000e000 	.word	0x4000e000
10001ed0:	fefbcdbf 	.word	0xfefbcdbf
10001ed4:	4000c008 	.word	0x4000c008
10001ed8:	003c7ffe 	.word	0x003c7ffe
10001edc:	4000f000 	.word	0x4000f000

10001ee0 <runtime_init_usb_power_down>:
10001ee0:	4b04      	ldr	r3, [pc, #16]	@ (10001ef4 <runtime_init_usb_power_down+0x14>)
10001ee2:	6cdb      	ldr	r3, [r3, #76]	@ 0x4c
10001ee4:	2b00      	cmp	r3, #0
10001ee6:	d103      	bne.n	10001ef0 <runtime_init_usb_power_down+0x10>
10001ee8:	2280      	movs	r2, #128	@ 0x80
10001eea:	4b03      	ldr	r3, [pc, #12]	@ (10001ef8 <runtime_init_usb_power_down+0x18>)
10001eec:	02d2      	lsls	r2, r2, #11
10001eee:	601a      	str	r2, [r3, #0]
10001ef0:	4770      	bx	lr
10001ef2:	46c0      	nop			@ (mov r8, r8)
10001ef4:	50110000 	.word	0x50110000
10001ef8:	5011204c 	.word	0x5011204c

10001efc <runtime_init_post_clock_resets>:
10001efc:	4a04      	ldr	r2, [pc, #16]	@ (10001f10 <runtime_init_post_clock_resets+0x14>)
10001efe:	4b05      	ldr	r3, [pc, #20]	@ (10001f14 <runtime_init_post_clock_resets+0x18>)
10001f00:	601a      	str	r2, [r3, #0]
10001f02:	4a05      	ldr	r2, [pc, #20]	@ (10001f18 <runtime_init_post_clock_resets+0x1c>)
10001f04:	6813      	ldr	r3, [r2, #0]
10001f06:	01db      	lsls	r3, r3, #7
10001f08:	3380      	adds	r3, #128	@ 0x80
10001f0a:	d1fb      	bne.n	10001f04 <runtime_init_post_clock_resets+0x8>
10001f0c:	4770      	bx	lr
10001f0e:	46c0      	nop			@ (mov r8, r8)
10001f10:	01ffffff 	.word	0x01ffffff
10001f14:	4000f000 	.word	0x4000f000
10001f18:	4000c008 	.word	0x4000c008

10001f1c <runtime_init_rp2040_gpio_ie_disable>:
10001f1c:	2240      	movs	r2, #64	@ 0x40
10001f1e:	4b03      	ldr	r3, [pc, #12]	@ (10001f2c <runtime_init_rp2040_gpio_ie_disable+0x10>)
10001f20:	679a      	str	r2, [r3, #120]	@ 0x78
10001f22:	675a      	str	r2, [r3, #116]	@ 0x74
10001f24:	671a      	str	r2, [r3, #112]	@ 0x70
10001f26:	66da      	str	r2, [r3, #108]	@ 0x6c
10001f28:	4770      	bx	lr
10001f2a:	46c0      	nop			@ (mov r8, r8)
10001f2c:	4001f000 	.word	0x4001f000

10001f30 <runtime_init_spin_locks_reset>:
10001f30:	b510      	push	{r4, lr}
10001f32:	f7fe fedf 	bl	10000cf4 <spin_locks_reset>
10001f36:	bd10      	pop	{r4, pc}

10001f38 <runtime_init_install_ram_vector_table>:
10001f38:	b5f8      	push	{r3, r4, r5, r6, r7, lr}
10001f3a:	4927      	ldr	r1, [pc, #156]	@ (10001fd8 <runtime_init_install_ram_vector_table+0xa0>)
10001f3c:	4c27      	ldr	r4, [pc, #156]	@ (10001fdc <runtime_init_install_ram_vector_table+0xa4>)
10001f3e:	4d28      	ldr	r5, [pc, #160]	@ (10001fe0 <runtime_init_install_ram_vector_table+0xa8>)
10001f40:	1a64      	subs	r4, r4, r1
10001f42:	08a4      	lsrs	r4, r4, #2
10001f44:	0022      	movs	r2, r4
10001f46:	2c30      	cmp	r4, #48	@ 0x30
10001f48:	d900      	bls.n	10001f4c <runtime_init_install_ram_vector_table+0x14>
10001f4a:	2230      	movs	r2, #48	@ 0x30
10001f4c:	0028      	movs	r0, r5
10001f4e:	0092      	lsls	r2, r2, #2
10001f50:	f000 ff74 	bl	10002e3c <__wrap___aeabi_memcpy>
10001f54:	2c2f      	cmp	r4, #47	@ 0x2f
10001f56:	d83b      	bhi.n	10001fd0 <runtime_init_install_ram_vector_table+0x98>
10001f58:	2030      	movs	r0, #48	@ 0x30
10001f5a:	212f      	movs	r1, #47	@ 0x2f
10001f5c:	00a7      	lsls	r7, r4, #2
10001f5e:	19eb      	adds	r3, r5, r7
10001f60:	075b      	lsls	r3, r3, #29
10001f62:	4a20      	ldr	r2, [pc, #128]	@ (10001fe4 <runtime_init_install_ram_vector_table+0xac>)
10001f64:	1b00      	subs	r0, r0, r4
10001f66:	0fdb      	lsrs	r3, r3, #31
10001f68:	1b09      	subs	r1, r1, r4
10001f6a:	2905      	cmp	r1, #5
10001f6c:	d916      	bls.n	10001f9c <runtime_init_install_ram_vector_table+0x64>
10001f6e:	0026      	movs	r6, r4
10001f70:	2b00      	cmp	r3, #0
10001f72:	d001      	beq.n	10001f78 <runtime_init_install_ram_vector_table+0x40>
10001f74:	51ea      	str	r2, [r5, r7]
10001f76:	1c66      	adds	r6, r4, #1
10001f78:	1ac0      	subs	r0, r0, r3
10001f7a:	18e3      	adds	r3, r4, r3
10001f7c:	009b      	lsls	r3, r3, #2
10001f7e:	0841      	lsrs	r1, r0, #1
10001f80:	18eb      	adds	r3, r5, r3
10001f82:	00c9      	lsls	r1, r1, #3
10001f84:	18c9      	adds	r1, r1, r3
10001f86:	601a      	str	r2, [r3, #0]
10001f88:	605a      	str	r2, [r3, #4]
10001f8a:	3308      	adds	r3, #8
10001f8c:	428b      	cmp	r3, r1
10001f8e:	d1fa      	bne.n	10001f86 <runtime_init_install_ram_vector_table+0x4e>
10001f90:	2301      	movs	r3, #1
10001f92:	4203      	tst	r3, r0
10001f94:	d01c      	beq.n	10001fd0 <runtime_init_install_ram_vector_table+0x98>
10001f96:	4398      	bics	r0, r3
10001f98:	1984      	adds	r4, r0, r6
10001f9a:	00a7      	lsls	r7, r4, #2
10001f9c:	51ea      	str	r2, [r5, r7]
10001f9e:	1c63      	adds	r3, r4, #1
10001fa0:	2c2f      	cmp	r4, #47	@ 0x2f
10001fa2:	d015      	beq.n	10001fd0 <runtime_init_install_ram_vector_table+0x98>
10001fa4:	009b      	lsls	r3, r3, #2
10001fa6:	50ea      	str	r2, [r5, r3]
10001fa8:	1ca3      	adds	r3, r4, #2
10001faa:	2c2e      	cmp	r4, #46	@ 0x2e
10001fac:	d010      	beq.n	10001fd0 <runtime_init_install_ram_vector_table+0x98>
10001fae:	009b      	lsls	r3, r3, #2
10001fb0:	50ea      	str	r2, [r5, r3]
10001fb2:	1ce3      	adds	r3, r4, #3
10001fb4:	2c2d      	cmp	r4, #45	@ 0x2d
10001fb6:	d00b      	beq.n	10001fd0 <runtime_init_install_ram_vector_table+0x98>
10001fb8:	009b      	lsls	r3, r3, #2
10001fba:	50ea      	str	r2, [r5, r3]
10001fbc:	1d23      	adds	r3, r4, #4
10001fbe:	2c2c      	cmp	r4, #44	@ 0x2c
10001fc0:	d006      	beq.n	10001fd0 <runtime_init_install_ram_vector_table+0x98>
10001fc2:	009b      	lsls	r3, r3, #2
10001fc4:	50ea      	str	r2, [r5, r3]
10001fc6:	1d63      	adds	r3, r4, #5
10001fc8:	2c2b      	cmp	r4, #43	@ 0x2b
10001fca:	d001      	beq.n	10001fd0 <runtime_init_install_ram_vector_table+0x98>
10001fcc:	009b      	lsls	r3, r3, #2
10001fce:	50ea      	str	r2, [r5, r3]
10001fd0:	4b05      	ldr	r3, [pc, #20]	@ (10001fe8 <runtime_init_install_ram_vector_table+0xb0>)
10001fd2:	609d      	str	r5, [r3, #8]
10001fd4:	bdf8      	pop	{r3, r4, r5, r6, r7, pc}
10001fd6:	46c0      	nop			@ (mov r8, r8)
10001fd8:	10000100 	.word	0x10000100
10001fdc:	100001c0 	.word	0x100001c0
10001fe0:	20000000 	.word	0x20000000
10001fe4:	100001c1 	.word	0x100001c1
10001fe8:	e000ed00 	.word	0xe000ed00

10001fec <runtime_init_clocks>:
10001fec:	2300      	movs	r3, #0
10001fee:	b510      	push	{r4, lr}
10001ff0:	4c29      	ldr	r4, [pc, #164]	@ (10002098 <runtime_init_clocks+0xac>)
10001ff2:	b082      	sub	sp, #8
10001ff4:	67a3      	str	r3, [r4, #120]	@ 0x78
10001ff6:	f7ff ff2d 	bl	10001e54 <xosc_init>
10001ffa:	2201      	movs	r2, #1
10001ffc:	4b27      	ldr	r3, [pc, #156]	@ (1000209c <runtime_init_clocks+0xb0>)
10001ffe:	601a      	str	r2, [r3, #0]
10002000:	6c63      	ldr	r3, [r4, #68]	@ 0x44
10002002:	2b01      	cmp	r3, #1
10002004:	d1fc      	bne.n	10002000 <runtime_init_clocks+0x14>
10002006:	2203      	movs	r2, #3
10002008:	4b25      	ldr	r3, [pc, #148]	@ (100020a0 <runtime_init_clocks+0xb4>)
1000200a:	601a      	str	r2, [r3, #0]
1000200c:	4a22      	ldr	r2, [pc, #136]	@ (10002098 <runtime_init_clocks+0xac>)
1000200e:	6b93      	ldr	r3, [r2, #56]	@ 0x38
10002010:	2b01      	cmp	r3, #1
10002012:	d1fc      	bne.n	1000200e <runtime_init_clocks+0x22>
10002014:	3301      	adds	r3, #1
10002016:	9300      	str	r3, [sp, #0]
10002018:	2101      	movs	r1, #1
1000201a:	4a22      	ldr	r2, [pc, #136]	@ (100020a4 <runtime_init_clocks+0xb8>)
1000201c:	4822      	ldr	r0, [pc, #136]	@ (100020a8 <runtime_init_clocks+0xbc>)
1000201e:	3304      	adds	r3, #4
10002020:	f7ff fe2a 	bl	10001c78 <pll_init>
10002024:	2305      	movs	r3, #5
10002026:	2101      	movs	r1, #1
10002028:	9300      	str	r3, [sp, #0]
1000202a:	4a20      	ldr	r2, [pc, #128]	@ (100020ac <runtime_init_clocks+0xc0>)
1000202c:	4820      	ldr	r0, [pc, #128]	@ (100020b0 <runtime_init_clocks+0xc4>)
1000202e:	f7ff fe23 	bl	10001c78 <pll_init>
10002032:	2200      	movs	r2, #0
10002034:	2102      	movs	r1, #2
10002036:	2004      	movs	r0, #4
10002038:	4b1e      	ldr	r3, [pc, #120]	@ (100020b4 <runtime_init_clocks+0xc8>)
1000203a:	f7ff fda3 	bl	10001b84 <clock_configure_undivided>
1000203e:	2200      	movs	r2, #0
10002040:	2101      	movs	r1, #1
10002042:	2005      	movs	r0, #5
10002044:	4b1c      	ldr	r3, [pc, #112]	@ (100020b8 <runtime_init_clocks+0xcc>)
10002046:	f7ff fd9d 	bl	10001b84 <clock_configure_undivided>
1000204a:	2200      	movs	r2, #0
1000204c:	2100      	movs	r1, #0
1000204e:	2007      	movs	r0, #7
10002050:	4b1a      	ldr	r3, [pc, #104]	@ (100020bc <runtime_init_clocks+0xd0>)
10002052:	f7ff fd97 	bl	10001b84 <clock_configure_undivided>
10002056:	2200      	movs	r2, #0
10002058:	2100      	movs	r1, #0
1000205a:	2008      	movs	r0, #8
1000205c:	4b17      	ldr	r3, [pc, #92]	@ (100020bc <runtime_init_clocks+0xd0>)
1000205e:	f7ff fd91 	bl	10001b84 <clock_configure_undivided>
10002062:	2380      	movs	r3, #128	@ 0x80
10002064:	00db      	lsls	r3, r3, #3
10002066:	9300      	str	r3, [sp, #0]
10002068:	2200      	movs	r2, #0
1000206a:	2100      	movs	r1, #0
1000206c:	2009      	movs	r0, #9
1000206e:	4b13      	ldr	r3, [pc, #76]	@ (100020bc <runtime_init_clocks+0xd0>)
10002070:	f7ff fd0e 	bl	10001a90 <clock_configure_int_divider>
10002074:	2200      	movs	r2, #0
10002076:	4b10      	ldr	r3, [pc, #64]	@ (100020b8 <runtime_init_clocks+0xcc>)
10002078:	2100      	movs	r1, #0
1000207a:	2006      	movs	r0, #6
1000207c:	f7ff fd82 	bl	10001b84 <clock_configure_undivided>
10002080:	2004      	movs	r0, #4
10002082:	f7ff fdf3 	bl	10001c6c <clock_get_hz>
10002086:	490e      	ldr	r1, [pc, #56]	@ (100020c0 <runtime_init_clocks+0xd4>)
10002088:	f000 f84c 	bl	10002124 <__wrap___aeabi_uidiv>
1000208c:	0001      	movs	r1, r0
1000208e:	2000      	movs	r0, #0
10002090:	f7ff fe92 	bl	10001db8 <tick_start>
10002094:	b002      	add	sp, #8
10002096:	bd10      	pop	{r4, pc}
10002098:	40008000 	.word	0x40008000
1000209c:	4000b03c 	.word	0x4000b03c
100020a0:	4000b030 	.word	0x4000b030
100020a4:	59682f00 	.word	0x59682f00
100020a8:	40028000 	.word	0x40028000
100020ac:	47868c00 	.word	0x47868c00
100020b0:	4002c000 	.word	0x4002c000
100020b4:	00b71b00 	.word	0x00b71b00
100020b8:	07735940 	.word	0x07735940
100020bc:	02dc6c00 	.word	0x02dc6c00
100020c0:	000f4240 	.word	0x000f4240

100020c4 <__aeabi_bits_init>:
100020c4:	4801      	ldr	r0, [pc, #4]	@ (100020cc <__aeabi_bits_init+0x8>)
100020c6:	2104      	movs	r1, #4
100020c8:	4b01      	ldr	r3, [pc, #4]	@ (100020d0 <__aeabi_bits_init+0xc>)
100020ca:	4718      	bx	r3
100020cc:	20001050 	.word	0x20001050
100020d0:	10001de9 	.word	0x10001de9

100020d4 <__wrap___aeabi_idiv>:
100020d4:	4a12      	ldr	r2, [pc, #72]	@ (10002120 <divmod_s32s32_savestate+0x18>)
100020d6:	6f93      	ldr	r3, [r2, #120]	@ 0x78
100020d8:	089b      	lsrs	r3, r3, #2
100020da:	d215      	bcs.n	10002108 <divmod_s32s32_savestate>

100020dc <divmod_s32s32_core>:
100020dc:	6690      	str	r0, [r2, #104]	@ 0x68
100020de:	66d1      	str	r1, [r2, #108]	@ 0x6c
100020e0:	2900      	cmp	r1, #0
100020e2:	d005      	beq.n	100020f0 <divmod_s32s32_core+0x14>
100020e4:	e7ff      	b.n	100020e6 <divmod_s32s32_core+0xa>
100020e6:	e7ff      	b.n	100020e8 <divmod_s32s32_core+0xc>
100020e8:	e7ff      	b.n	100020ea <divmod_s32s32_core+0xe>
100020ea:	6f51      	ldr	r1, [r2, #116]	@ 0x74
100020ec:	6f10      	ldr	r0, [r2, #112]	@ 0x70
100020ee:	4770      	bx	lr
100020f0:	b504      	push	{r2, lr}
100020f2:	2180      	movs	r1, #128	@ 0x80
100020f4:	0609      	lsls	r1, r1, #24
100020f6:	17c2      	asrs	r2, r0, #31
100020f8:	4051      	eors	r1, r2
100020fa:	2800      	cmp	r0, #0
100020fc:	d000      	beq.n	10002100 <divmod_s32s32_core+0x24>
100020fe:	43c8      	mvns	r0, r1
10002100:	f005 fc6a 	bl	100079d8 <____aeabi_idiv0_veneer>
10002104:	2100      	movs	r1, #0
10002106:	bd04      	pop	{r2, pc}

10002108 <divmod_s32s32_savestate>:
10002108:	b5f0      	push	{r4, r5, r6, r7, lr}
1000210a:	6e14      	ldr	r4, [r2, #96]	@ 0x60
1000210c:	6e55      	ldr	r5, [r2, #100]	@ 0x64
1000210e:	6f57      	ldr	r7, [r2, #116]	@ 0x74
10002110:	6f16      	ldr	r6, [r2, #112]	@ 0x70
10002112:	f7ff ffe3 	bl	100020dc <divmod_s32s32_core>
10002116:	6614      	str	r4, [r2, #96]	@ 0x60
10002118:	6655      	str	r5, [r2, #100]	@ 0x64
1000211a:	6757      	str	r7, [r2, #116]	@ 0x74
1000211c:	6716      	str	r6, [r2, #112]	@ 0x70
1000211e:	bdf0      	pop	{r4, r5, r6, r7, pc}
10002120:	d0000000 	.word	0xd0000000

10002124 <__wrap___aeabi_uidiv>:
10002124:	4a11      	ldr	r2, [pc, #68]	@ (1000216c <divmod_u32u32_savestate+0x18>)
10002126:	6f93      	ldr	r3, [r2, #120]	@ 0x78
10002128:	089b      	lsrs	r3, r3, #2
1000212a:	d213      	bcs.n	10002154 <divmod_u32u32_savestate>

1000212c <divmod_u32u32_core>:
1000212c:	6610      	str	r0, [r2, #96]	@ 0x60
1000212e:	6651      	str	r1, [r2, #100]	@ 0x64
10002130:	2900      	cmp	r1, #0
10002132:	d005      	beq.n	10002140 <divmod_u32u32_core+0x14>
10002134:	e7ff      	b.n	10002136 <divmod_u32u32_core+0xa>
10002136:	e7ff      	b.n	10002138 <divmod_u32u32_core+0xc>
10002138:	e7ff      	b.n	1000213a <divmod_u32u32_core+0xe>
1000213a:	6f51      	ldr	r1, [r2, #116]	@ 0x74
1000213c:	6f10      	ldr	r0, [r2, #112]	@ 0x70
1000213e:	4770      	bx	lr
10002140:	b504      	push	{r2, lr}
10002142:	2800      	cmp	r0, #0
10002144:	d001      	beq.n	1000214a <divmod_u32u32_core+0x1e>
10002146:	2000      	movs	r0, #0
10002148:	43c0      	mvns	r0, r0
1000214a:	f005 fc45 	bl	100079d8 <____aeabi_idiv0_veneer>
1000214e:	2100      	movs	r1, #0
10002150:	bd04      	pop	{r2, pc}
10002152:	46c0      	nop			@ (mov r8, r8)

10002154 <divmod_u32u32_savestate>:
10002154:	b5f0      	push	{r4, r5, r6, r7, lr}
10002156:	6e14      	ldr	r4, [r2, #96]	@ 0x60
10002158:	6e55      	ldr	r5, [r2, #100]	@ 0x64
1000215a:	6f57      	ldr	r7, [r2, #116]	@ 0x74
1000215c:	6f16      	ldr	r6, [r2, #112]	@ 0x70
1000215e:	f7ff ffe5 	bl	1000212c <divmod_u32u32_core>
10002162:	6614      	str	r4, [r2, #96]	@ 0x60
10002164:	6655      	str	r5, [r2, #100]	@ 0x64
10002166:	6757      	str	r7, [r2, #116]	@ 0x74
10002168:	6716      	str	r6, [r2, #112]	@ 0x70
1000216a:	bdf0      	pop	{r4, r5, r6, r7, pc}
1000216c:	d0000000 	.word	0xd0000000

10002170 <__wrap___aeabi_ldivmod>:
10002170:	4694      	mov	ip, r2
10002172:	4a4a      	ldr	r2, [pc, #296]	@ (1000229c <udiv0+0x1a>)
10002174:	6f92      	ldr	r2, [r2, #120]	@ 0x78
10002176:	0892      	lsrs	r2, r2, #2
10002178:	4662      	mov	r2, ip
1000217a:	d201      	bcs.n	10002180 <divmod_s64s64_savestate>
1000217c:	e028      	b.n	100021d0 <divmod_s64s64_unsafe>
1000217e:	46c0      	nop			@ (mov r8, r8)

10002180 <divmod_s64s64_savestate>:
10002180:	b5f0      	push	{r4, r5, r6, r7, lr}
10002182:	4e46      	ldr	r6, [pc, #280]	@ (1000229c <udiv0+0x1a>)
10002184:	6e34      	ldr	r4, [r6, #96]	@ 0x60
10002186:	6e75      	ldr	r5, [r6, #100]	@ 0x64
10002188:	6f77      	ldr	r7, [r6, #116]	@ 0x74
1000218a:	6f36      	ldr	r6, [r6, #112]	@ 0x70
1000218c:	f000 f820 	bl	100021d0 <divmod_s64s64_unsafe>
10002190:	4694      	mov	ip, r2
10002192:	4a42      	ldr	r2, [pc, #264]	@ (1000229c <udiv0+0x1a>)
10002194:	6614      	str	r4, [r2, #96]	@ 0x60
10002196:	6655      	str	r5, [r2, #100]	@ 0x64
10002198:	6757      	str	r7, [r2, #116]	@ 0x74
1000219a:	6716      	str	r6, [r2, #112]	@ 0x70
1000219c:	4662      	mov	r2, ip
1000219e:	bdf0      	pop	{r4, r5, r6, r7, pc}

100021a0 <__wrap___aeabi_uldivmod>:
100021a0:	4694      	mov	ip, r2
100021a2:	4a3e      	ldr	r2, [pc, #248]	@ (1000229c <udiv0+0x1a>)
100021a4:	6f92      	ldr	r2, [r2, #120]	@ 0x78
100021a6:	0892      	lsrs	r2, r2, #2
100021a8:	4662      	mov	r2, ip
100021aa:	d201      	bcs.n	100021b0 <divmod_u64u64_savestate>
100021ac:	e054      	b.n	10002258 <divmod_u64u64_unsafe>
100021ae:	46c0      	nop			@ (mov r8, r8)

100021b0 <divmod_u64u64_savestate>:
100021b0:	b5f0      	push	{r4, r5, r6, r7, lr}
100021b2:	4e3a      	ldr	r6, [pc, #232]	@ (1000229c <udiv0+0x1a>)
100021b4:	6e34      	ldr	r4, [r6, #96]	@ 0x60
100021b6:	6e75      	ldr	r5, [r6, #100]	@ 0x64
100021b8:	6f77      	ldr	r7, [r6, #116]	@ 0x74
100021ba:	6f36      	ldr	r6, [r6, #112]	@ 0x70
100021bc:	f000 f84c 	bl	10002258 <divmod_u64u64_unsafe>
100021c0:	4694      	mov	ip, r2
100021c2:	4a36      	ldr	r2, [pc, #216]	@ (1000229c <udiv0+0x1a>)
100021c4:	6614      	str	r4, [r2, #96]	@ 0x60
100021c6:	6655      	str	r5, [r2, #100]	@ 0x64
100021c8:	6757      	str	r7, [r2, #116]	@ 0x74
100021ca:	6716      	str	r6, [r2, #112]	@ 0x70
100021cc:	4662      	mov	r2, ip
100021ce:	bdf0      	pop	{r4, r5, r6, r7, pc}

100021d0 <divmod_s64s64_unsafe>:
100021d0:	2b00      	cmp	r3, #0
100021d2:	db24      	blt.n	1000221e <l46_1+0x26>
100021d4:	d011      	beq.n	100021fa <l46_1+0x2>
100021d6:	2900      	cmp	r1, #0
100021d8:	da3e      	bge.n	10002258 <divmod_u64u64_unsafe>
100021da:	b500      	push	{lr}
100021dc:	43c9      	mvns	r1, r1
100021de:	4240      	negs	r0, r0
100021e0:	d100      	bne.n	100021e4 <l44_1>
100021e2:	3101      	adds	r1, #1

100021e4 <l44_1>:
100021e4:	f000 f838 	bl	10002258 <divmod_u64u64_unsafe>
100021e8:	43c9      	mvns	r1, r1
100021ea:	4240      	negs	r0, r0
100021ec:	d100      	bne.n	100021f0 <l45_1>
100021ee:	3101      	adds	r1, #1

100021f0 <l45_1>:
100021f0:	43db      	mvns	r3, r3
100021f2:	4252      	negs	r2, r2
100021f4:	d100      	bne.n	100021f8 <l46_1>
100021f6:	3301      	adds	r3, #1

100021f8 <l46_1>:
100021f8:	bd00      	pop	{pc}
100021fa:	2a00      	cmp	r2, #0
100021fc:	d1eb      	bne.n	100021d6 <divmod_s64s64_unsafe+0x6>
100021fe:	2800      	cmp	r0, #0
10002200:	d101      	bne.n	10002206 <l46_1+0xe>
10002202:	2900      	cmp	r1, #0
10002204:	d005      	beq.n	10002212 <l46_1+0x1a>
10002206:	2000      	movs	r0, #0
10002208:	0fc9      	lsrs	r1, r1, #31
1000220a:	07c9      	lsls	r1, r1, #31
1000220c:	d101      	bne.n	10002212 <l46_1+0x1a>
1000220e:	43c0      	mvns	r0, r0
10002210:	0841      	lsrs	r1, r0, #1
10002212:	b500      	push	{lr}
10002214:	f005 fbe8 	bl	100079e8 <____aeabi_ldiv0_veneer>
10002218:	2200      	movs	r2, #0
1000221a:	2300      	movs	r3, #0
1000221c:	bd00      	pop	{pc}
1000221e:	b500      	push	{lr}
10002220:	2900      	cmp	r1, #0
10002222:	db0a      	blt.n	1000223a <l48_1+0x2>
10002224:	43db      	mvns	r3, r3
10002226:	4252      	negs	r2, r2
10002228:	d100      	bne.n	1000222c <l47_1>
1000222a:	3301      	adds	r3, #1

1000222c <l47_1>:
1000222c:	f000 f814 	bl	10002258 <divmod_u64u64_unsafe>
10002230:	43c9      	mvns	r1, r1
10002232:	4240      	negs	r0, r0
10002234:	d100      	bne.n	10002238 <l48_1>
10002236:	3101      	adds	r1, #1

10002238 <l48_1>:
10002238:	bd00      	pop	{pc}
1000223a:	43c9      	mvns	r1, r1
1000223c:	4240      	negs	r0, r0
1000223e:	d100      	bne.n	10002242 <l49_1>
10002240:	3101      	adds	r1, #1

10002242 <l49_1>:
10002242:	43db      	mvns	r3, r3
10002244:	4252      	negs	r2, r2
10002246:	d100      	bne.n	1000224a <l50_1>
10002248:	3301      	adds	r3, #1

1000224a <l50_1>:
1000224a:	f000 f805 	bl	10002258 <divmod_u64u64_unsafe>
1000224e:	43db      	mvns	r3, r3
10002250:	4252      	negs	r2, r2
10002252:	d100      	bne.n	10002256 <l51_1>
10002254:	3301      	adds	r3, #1

10002256 <l51_1>:
10002256:	bd00      	pop	{pc}

10002258 <divmod_u64u64_unsafe>:
10002258:	2900      	cmp	r1, #0
1000225a:	d123      	bne.n	100022a4 <y64>
1000225c:	2b00      	cmp	r3, #0
1000225e:	d118      	bne.n	10002292 <udiv0+0x10>
10002260:	2a00      	cmp	r2, #0
10002262:	d00c      	beq.n	1000227e <divmod_u64u64_unsafe+0x26>
10002264:	46bc      	mov	ip, r7
10002266:	4f0d      	ldr	r7, [pc, #52]	@ (1000229c <udiv0+0x1a>)
10002268:	6638      	str	r0, [r7, #96]	@ 0x60
1000226a:	667a      	str	r2, [r7, #100]	@ 0x64
1000226c:	2100      	movs	r1, #0
1000226e:	2300      	movs	r3, #0
10002270:	e7ff      	b.n	10002272 <divmod_u64u64_unsafe+0x1a>
10002272:	e7ff      	b.n	10002274 <divmod_u64u64_unsafe+0x1c>
10002274:	e7ff      	b.n	10002276 <divmod_u64u64_unsafe+0x1e>
10002276:	6f7a      	ldr	r2, [r7, #116]	@ 0x74
10002278:	6f38      	ldr	r0, [r7, #112]	@ 0x70
1000227a:	4667      	mov	r7, ip
1000227c:	4770      	bx	lr
1000227e:	2800      	cmp	r0, #0
10002280:	d001      	beq.n	10002286 <udiv0+0x4>

10002282 <udiv0>:
10002282:	4807      	ldr	r0, [pc, #28]	@ (100022a0 <udiv0+0x1e>)
10002284:	0001      	movs	r1, r0
10002286:	b500      	push	{lr}
10002288:	f005 fbae 	bl	100079e8 <____aeabi_ldiv0_veneer>
1000228c:	2200      	movs	r2, #0
1000228e:	2300      	movs	r3, #0
10002290:	bd00      	pop	{pc}
10002292:	0002      	movs	r2, r0
10002294:	000b      	movs	r3, r1
10002296:	2000      	movs	r0, #0
10002298:	2100      	movs	r1, #0
1000229a:	4770      	bx	lr
1000229c:	d0000000 	.word	0xd0000000
100022a0:	ffffffff 	.word	0xffffffff

100022a4 <y64>:
100022a4:	2b00      	cmp	r3, #0
100022a6:	d000      	beq.n	100022aa <y64+0x6>
100022a8:	e0bf      	b.n	1000242a <y64_x48>
100022aa:	0c13      	lsrs	r3, r2, #16
100022ac:	d128      	bne.n	10002300 <y64_x32>
100022ae:	2a00      	cmp	r2, #0
100022b0:	d0e7      	beq.n	10002282 <udiv0>
100022b2:	b480      	push	{r7}
100022b4:	4f11      	ldr	r7, [pc, #68]	@ (100022fc <y64+0x58>)
100022b6:	6639      	str	r1, [r7, #96]	@ 0x60
100022b8:	667a      	str	r2, [r7, #100]	@ 0x64
100022ba:	e7ff      	b.n	100022bc <y64+0x18>
100022bc:	e7ff      	b.n	100022be <y64+0x1a>
100022be:	b430      	push	{r4, r5}
100022c0:	0c04      	lsrs	r4, r0, #16
100022c2:	6f7b      	ldr	r3, [r7, #116]	@ 0x74
100022c4:	6f39      	ldr	r1, [r7, #112]	@ 0x70
100022c6:	041b      	lsls	r3, r3, #16
100022c8:	4323      	orrs	r3, r4
100022ca:	663b      	str	r3, [r7, #96]	@ 0x60
100022cc:	667a      	str	r2, [r7, #100]	@ 0x64
100022ce:	e7ff      	b.n	100022d0 <y64+0x2c>
100022d0:	e7ff      	b.n	100022d2 <y64+0x2e>
100022d2:	e7ff      	b.n	100022d4 <y64+0x30>
100022d4:	46c0      	nop			@ (mov r8, r8)
100022d6:	b284      	uxth	r4, r0
100022d8:	6f7b      	ldr	r3, [r7, #116]	@ 0x74
100022da:	6f3d      	ldr	r5, [r7, #112]	@ 0x70
100022dc:	041b      	lsls	r3, r3, #16
100022de:	4323      	orrs	r3, r4
100022e0:	663b      	str	r3, [r7, #96]	@ 0x60
100022e2:	667a      	str	r2, [r7, #100]	@ 0x64
100022e4:	e7ff      	b.n	100022e6 <y64+0x42>
100022e6:	e7ff      	b.n	100022e8 <y64+0x44>
100022e8:	46c0      	nop			@ (mov r8, r8)
100022ea:	2300      	movs	r3, #0
100022ec:	042c      	lsls	r4, r5, #16
100022ee:	0c2d      	lsrs	r5, r5, #16
100022f0:	6f7a      	ldr	r2, [r7, #116]	@ 0x74
100022f2:	6f38      	ldr	r0, [r7, #112]	@ 0x70
100022f4:	1900      	adds	r0, r0, r4
100022f6:	4169      	adcs	r1, r5
100022f8:	bcb0      	pop	{r4, r5, r7}
100022fa:	4770      	bx	lr
100022fc:	d0000000 	.word	0xd0000000

10002300 <y64_x32>:
10002300:	b5f0      	push	{r4, r5, r6, r7, lr}
10002302:	4694      	mov	ip, r2
10002304:	2500      	movs	r5, #0
10002306:	0e14      	lsrs	r4, r2, #24
10002308:	d101      	bne.n	1000230e <y64_x32+0xe>
1000230a:	0212      	lsls	r2, r2, #8
1000230c:	3508      	adds	r5, #8
1000230e:	0f14      	lsrs	r4, r2, #28
10002310:	d101      	bne.n	10002316 <y64_x32+0x16>
10002312:	0112      	lsls	r2, r2, #4
10002314:	3504      	adds	r5, #4
10002316:	0f94      	lsrs	r4, r2, #30
10002318:	d101      	bne.n	1000231e <y64_x32+0x1e>
1000231a:	0092      	lsls	r2, r2, #2
1000231c:	3502      	adds	r5, #2
1000231e:	0fd4      	lsrs	r4, r2, #31
10002320:	d101      	bne.n	10002326 <y64_x32+0x26>
10002322:	0052      	lsls	r2, r2, #1
10002324:	3501      	adds	r5, #1
10002326:	0bd4      	lsrs	r4, r2, #15
10002328:	3401      	adds	r4, #1
1000232a:	4f25      	ldr	r7, [pc, #148]	@ (100023c0 <y64_x32+0xc0>)
1000232c:	667c      	str	r4, [r7, #100]	@ 0x64
1000232e:	4c25      	ldr	r4, [pc, #148]	@ (100023c4 <y64_x32+0xc4>)
10002330:	663c      	str	r4, [r7, #96]	@ 0x60
10002332:	0c0e      	lsrs	r6, r1, #16
10002334:	b293      	uxth	r3, r2
10002336:	e7ff      	b.n	10002338 <y64_x32+0x38>
10002338:	e7ff      	b.n	1000233a <y64_x32+0x3a>
1000233a:	e7ff      	b.n	1000233c <y64_x32+0x3c>
1000233c:	6f3c      	ldr	r4, [r7, #112]	@ 0x70
1000233e:	4366      	muls	r6, r4
10002340:	0c36      	lsrs	r6, r6, #16
10002342:	0377      	lsls	r7, r6, #13
10002344:	46be      	mov	lr, r7
10002346:	4373      	muls	r3, r6
10002348:	0bdf      	lsrs	r7, r3, #15
1000234a:	045b      	lsls	r3, r3, #17
1000234c:	1ac0      	subs	r0, r0, r3
1000234e:	41b9      	sbcs	r1, r7
10002350:	0c13      	lsrs	r3, r2, #16
10002352:	4373      	muls	r3, r6
10002354:	18db      	adds	r3, r3, r3
10002356:	1ac9      	subs	r1, r1, r3
10002358:	08ce      	lsrs	r6, r1, #3
1000235a:	4366      	muls	r6, r4
1000235c:	0c36      	lsrs	r6, r6, #16
1000235e:	44b6      	add	lr, r6
10002360:	b293      	uxth	r3, r2
10002362:	4373      	muls	r3, r6
10002364:	0f1f      	lsrs	r7, r3, #28
10002366:	011b      	lsls	r3, r3, #4
10002368:	1ac0      	subs	r0, r0, r3
1000236a:	41b9      	sbcs	r1, r7
1000236c:	0c13      	lsrs	r3, r2, #16
1000236e:	4373      	muls	r3, r6
10002370:	0b1f      	lsrs	r7, r3, #12
10002372:	051b      	lsls	r3, r3, #20
10002374:	1ac0      	subs	r0, r0, r3
10002376:	41b9      	sbcs	r1, r7
10002378:	0d86      	lsrs	r6, r0, #22
1000237a:	028f      	lsls	r7, r1, #10
1000237c:	433e      	orrs	r6, r7
1000237e:	4366      	muls	r6, r4
10002380:	0c36      	lsrs	r6, r6, #16
10002382:	2d09      	cmp	r5, #9
10002384:	db24      	blt.n	100023d0 <last0>
10002386:	0a52      	lsrs	r2, r2, #9
10002388:	4372      	muls	r2, r6
1000238a:	1a80      	subs	r0, r0, r2
1000238c:	0377      	lsls	r7, r6, #13
1000238e:	0a46      	lsrs	r6, r0, #9
10002390:	4366      	muls	r6, r4
10002392:	0c36      	lsrs	r6, r6, #16
10002394:	2316      	movs	r3, #22
10002396:	1b5b      	subs	r3, r3, r5
10002398:	40de      	lsrs	r6, r3
1000239a:	40df      	lsrs	r7, r3
1000239c:	19bf      	adds	r7, r7, r6
1000239e:	4664      	mov	r4, ip
100023a0:	4366      	muls	r6, r4
100023a2:	1b82      	subs	r2, r0, r6
100023a4:	4670      	mov	r0, lr
100023a6:	3504      	adds	r5, #4
100023a8:	3306      	adds	r3, #6
100023aa:	0001      	movs	r1, r0
100023ac:	40d9      	lsrs	r1, r3
100023ae:	40a8      	lsls	r0, r5
100023b0:	19c0      	adds	r0, r0, r7
100023b2:	d300      	bcc.n	100023b6 <y64_x32+0xb6>
100023b4:	3101      	adds	r1, #1
100023b6:	42a2      	cmp	r2, r4
100023b8:	d206      	bcs.n	100023c8 <y64_x32+0xc8>
100023ba:	2300      	movs	r3, #0
100023bc:	bdf0      	pop	{r4, r5, r6, r7, pc}
100023be:	0000      	.short	0x0000
100023c0:	d0000000 	.word	0xd0000000
100023c4:	ffffffff 	.word	0xffffffff
100023c8:	1b12      	subs	r2, r2, r4
100023ca:	3001      	adds	r0, #1
100023cc:	d3f3      	bcc.n	100023b6 <y64_x32+0xb6>
100023ce:	e7f1      	b.n	100023b4 <y64_x32+0xb4>

100023d0 <last0>:
100023d0:	2709      	movs	r7, #9
100023d2:	1b7f      	subs	r7, r7, r5
100023d4:	40fe      	lsrs	r6, r7
100023d6:	4664      	mov	r4, ip
100023d8:	b2a2      	uxth	r2, r4
100023da:	4372      	muls	r2, r6
100023dc:	1a80      	subs	r0, r0, r2
100023de:	d200      	bcs.n	100023e2 <last0+0x12>
100023e0:	3901      	subs	r1, #1
100023e2:	0c22      	lsrs	r2, r4, #16
100023e4:	4372      	muls	r2, r6
100023e6:	0c13      	lsrs	r3, r2, #16
100023e8:	0412      	lsls	r2, r2, #16
100023ea:	1a82      	subs	r2, r0, r2
100023ec:	4199      	sbcs	r1, r3
100023ee:	000b      	movs	r3, r1
100023f0:	4670      	mov	r0, lr
100023f2:	3504      	adds	r5, #4
100023f4:	3713      	adds	r7, #19
100023f6:	0001      	movs	r1, r0
100023f8:	40f9      	lsrs	r1, r7
100023fa:	40a8      	lsls	r0, r5
100023fc:	1980      	adds	r0, r0, r6
100023fe:	d300      	bcc.n	10002402 <last0+0x32>
10002400:	3101      	adds	r1, #1
10002402:	2b00      	cmp	r3, #0
10002404:	d102      	bne.n	1000240c <last0+0x3c>
10002406:	42a2      	cmp	r2, r4
10002408:	d20a      	bcs.n	10002420 <last0+0x50>
1000240a:	bdf0      	pop	{r4, r5, r6, r7, pc}
1000240c:	3001      	adds	r0, #1
1000240e:	d300      	bcc.n	10002412 <last0+0x42>
10002410:	3101      	adds	r1, #1
10002412:	1b12      	subs	r2, r2, r4
10002414:	d2fa      	bcs.n	1000240c <last0+0x3c>
10002416:	3b01      	subs	r3, #1
10002418:	d1f8      	bne.n	1000240c <last0+0x3c>
1000241a:	42a2      	cmp	r2, r4
1000241c:	d200      	bcs.n	10002420 <last0+0x50>
1000241e:	bdf0      	pop	{r4, r5, r6, r7, pc}
10002420:	3001      	adds	r0, #1
10002422:	d300      	bcc.n	10002426 <last0+0x56>
10002424:	3101      	adds	r1, #1
10002426:	1b12      	subs	r2, r2, r4
10002428:	e7f7      	b.n	1000241a <last0+0x4a>

1000242a <y64_x48>:
1000242a:	b5f0      	push	{r4, r5, r6, r7, lr}
1000242c:	0c1c      	lsrs	r4, r3, #16
1000242e:	d000      	beq.n	10002432 <y64_x48+0x8>
10002430:	e080      	b.n	10002534 <y64_x64>
10002432:	b40c      	push	{r2, r3}
10002434:	2500      	movs	r5, #0
10002436:	0a1c      	lsrs	r4, r3, #8
10002438:	d104      	bne.n	10002444 <y64_x48+0x1a>
1000243a:	021b      	lsls	r3, r3, #8
1000243c:	0e16      	lsrs	r6, r2, #24
1000243e:	4333      	orrs	r3, r6
10002440:	0212      	lsls	r2, r2, #8
10002442:	3508      	adds	r5, #8
10002444:	0b1c      	lsrs	r4, r3, #12
10002446:	d104      	bne.n	10002452 <y64_x48+0x28>
10002448:	011b      	lsls	r3, r3, #4
1000244a:	0f16      	lsrs	r6, r2, #28
1000244c:	4333      	orrs	r3, r6
1000244e:	0112      	lsls	r2, r2, #4
10002450:	3504      	adds	r5, #4
10002452:	0b9c      	lsrs	r4, r3, #14
10002454:	d104      	bne.n	10002460 <y64_x48+0x36>
10002456:	009b      	lsls	r3, r3, #2
10002458:	0f96      	lsrs	r6, r2, #30
1000245a:	4333      	orrs	r3, r6
1000245c:	0092      	lsls	r2, r2, #2
1000245e:	3502      	adds	r5, #2
10002460:	0bdc      	lsrs	r4, r3, #15
10002462:	d102      	bne.n	1000246a <y64_x48+0x40>
10002464:	1892      	adds	r2, r2, r2
10002466:	415b      	adcs	r3, r3
10002468:	3501      	adds	r5, #1
1000246a:	001c      	movs	r4, r3
1000246c:	1897      	adds	r7, r2, r2
1000246e:	4164      	adcs	r4, r4
10002470:	3401      	adds	r4, #1
10002472:	4f46      	ldr	r7, [pc, #280]	@ (1000258c <y64_x64+0x58>)
10002474:	667c      	str	r4, [r7, #100]	@ 0x64
10002476:	4c46      	ldr	r4, [pc, #280]	@ (10002590 <y64_x64+0x5c>)
10002478:	663c      	str	r4, [r7, #96]	@ 0x60
1000247a:	0c0e      	lsrs	r6, r1, #16
1000247c:	e7ff      	b.n	1000247e <y64_x48+0x54>
1000247e:	e7ff      	b.n	10002480 <y64_x48+0x56>
10002480:	e7ff      	b.n	10002482 <y64_x48+0x58>
10002482:	46c0      	nop			@ (mov r8, r8)
10002484:	6f3c      	ldr	r4, [r7, #112]	@ 0x70
10002486:	4366      	muls	r6, r4
10002488:	0c36      	lsrs	r6, r6, #16
1000248a:	0377      	lsls	r7, r6, #13
1000248c:	46be      	mov	lr, r7
1000248e:	b297      	uxth	r7, r2
10002490:	4377      	muls	r7, r6
10002492:	1bc0      	subs	r0, r0, r7
10002494:	d200      	bcs.n	10002498 <y64_x48+0x6e>
10002496:	3901      	subs	r1, #1
10002498:	1bc0      	subs	r0, r0, r7
1000249a:	d200      	bcs.n	1000249e <y64_x48+0x74>
1000249c:	3901      	subs	r1, #1
1000249e:	b29f      	uxth	r7, r3
100024a0:	4377      	muls	r7, r6
100024a2:	1bc9      	subs	r1, r1, r7
100024a4:	1bc9      	subs	r1, r1, r7
100024a6:	0c17      	lsrs	r7, r2, #16
100024a8:	4377      	muls	r7, r6
100024aa:	047e      	lsls	r6, r7, #17
100024ac:	0bff      	lsrs	r7, r7, #15
100024ae:	1b80      	subs	r0, r0, r6
100024b0:	41b9      	sbcs	r1, r7
100024b2:	08ce      	lsrs	r6, r1, #3
100024b4:	4366      	muls	r6, r4
100024b6:	0c36      	lsrs	r6, r6, #16
100024b8:	2d0c      	cmp	r5, #12
100024ba:	db33      	blt.n	10002524 <last1>
100024bc:	44b6      	add	lr, r6
100024be:	0b12      	lsrs	r2, r2, #12
100024c0:	051f      	lsls	r7, r3, #20
100024c2:	433a      	orrs	r2, r7
100024c4:	0b1b      	lsrs	r3, r3, #12
100024c6:	b297      	uxth	r7, r2
100024c8:	4377      	muls	r7, r6
100024ca:	1bc0      	subs	r0, r0, r7
100024cc:	d200      	bcs.n	100024d0 <y64_x48+0xa6>
100024ce:	3901      	subs	r1, #1
100024d0:	b29f      	uxth	r7, r3
100024d2:	4377      	muls	r7, r6
100024d4:	1bc9      	subs	r1, r1, r7
100024d6:	0c17      	lsrs	r7, r2, #16
100024d8:	4377      	muls	r7, r6
100024da:	043e      	lsls	r6, r7, #16
100024dc:	0c3f      	lsrs	r7, r7, #16
100024de:	1b80      	subs	r0, r0, r6
100024e0:	41b9      	sbcs	r1, r7
100024e2:	0d86      	lsrs	r6, r0, #22
100024e4:	028f      	lsls	r7, r1, #10
100024e6:	433e      	orrs	r6, r7
100024e8:	4366      	muls	r6, r4
100024ea:	2729      	movs	r7, #41	@ 0x29
100024ec:	1b7f      	subs	r7, r7, r5
100024ee:	40fe      	lsrs	r6, r7
100024f0:	3d0c      	subs	r5, #12
100024f2:	4677      	mov	r7, lr
100024f4:	40af      	lsls	r7, r5
100024f6:	19bf      	adds	r7, r7, r6
100024f8:	bc30      	pop	{r4, r5}
100024fa:	b2a2      	uxth	r2, r4
100024fc:	b2ab      	uxth	r3, r5
100024fe:	4372      	muls	r2, r6
10002500:	4373      	muls	r3, r6
10002502:	1a80      	subs	r0, r0, r2
10002504:	4199      	sbcs	r1, r3
10002506:	0c22      	lsrs	r2, r4, #16
10002508:	4372      	muls	r2, r6
1000250a:	0c13      	lsrs	r3, r2, #16
1000250c:	0412      	lsls	r2, r2, #16
1000250e:	1a80      	subs	r0, r0, r2
10002510:	4199      	sbcs	r1, r3
10002512:	0002      	movs	r2, r0
10002514:	000b      	movs	r3, r1
10002516:	3701      	adds	r7, #1
10002518:	1b00      	subs	r0, r0, r4
1000251a:	41a9      	sbcs	r1, r5
1000251c:	d2f9      	bcs.n	10002512 <y64_x48+0xe8>
1000251e:	1e78      	subs	r0, r7, #1
10002520:	2100      	movs	r1, #0
10002522:	bdf0      	pop	{r4, r5, r6, r7, pc}

10002524 <last1>:
10002524:	270c      	movs	r7, #12
10002526:	1b7f      	subs	r7, r7, r5
10002528:	40fe      	lsrs	r6, r7
1000252a:	4677      	mov	r7, lr
1000252c:	0b7f      	lsrs	r7, r7, #13
1000252e:	40af      	lsls	r7, r5
10002530:	19ff      	adds	r7, r7, r7
10002532:	e7e0      	b.n	100024f6 <y64_x48+0xcc>

10002534 <y64_x64>:
10002534:	2400      	movs	r4, #0
10002536:	1c5d      	adds	r5, r3, #1
10002538:	d007      	beq.n	1000254a <y64_x64+0x16>
1000253a:	4f14      	ldr	r7, [pc, #80]	@ (1000258c <y64_x64+0x58>)
1000253c:	667d      	str	r5, [r7, #100]	@ 0x64
1000253e:	6639      	str	r1, [r7, #96]	@ 0x60
10002540:	e7ff      	b.n	10002542 <y64_x64+0xe>
10002542:	e7ff      	b.n	10002544 <y64_x64+0x10>
10002544:	e7ff      	b.n	10002546 <y64_x64+0x12>
10002546:	e7ff      	b.n	10002548 <y64_x64+0x14>
10002548:	6f3c      	ldr	r4, [r7, #112]	@ 0x70
1000254a:	b295      	uxth	r5, r2
1000254c:	b29e      	uxth	r6, r3
1000254e:	4365      	muls	r5, r4
10002550:	4366      	muls	r6, r4
10002552:	1b40      	subs	r0, r0, r5
10002554:	41b1      	sbcs	r1, r6
10002556:	0c15      	lsrs	r5, r2, #16
10002558:	0c1e      	lsrs	r6, r3, #16
1000255a:	4365      	muls	r5, r4
1000255c:	4366      	muls	r6, r4
1000255e:	0436      	lsls	r6, r6, #16
10002560:	0c2f      	lsrs	r7, r5, #16
10002562:	433e      	orrs	r6, r7
10002564:	042d      	lsls	r5, r5, #16
10002566:	1b40      	subs	r0, r0, r5
10002568:	41b1      	sbcs	r1, r6
1000256a:	4299      	cmp	r1, r3
1000256c:	d204      	bcs.n	10002578 <y64_x64+0x44>
1000256e:	0002      	movs	r2, r0
10002570:	000b      	movs	r3, r1
10002572:	0020      	movs	r0, r4
10002574:	2100      	movs	r1, #0
10002576:	bdf0      	pop	{r4, r5, r6, r7, pc}
10002578:	d101      	bne.n	1000257e <y64_x64+0x4a>
1000257a:	4290      	cmp	r0, r2
1000257c:	d3f7      	bcc.n	1000256e <y64_x64+0x3a>
1000257e:	1a80      	subs	r0, r0, r2
10002580:	4199      	sbcs	r1, r3
10002582:	3401      	adds	r4, #1
10002584:	4299      	cmp	r1, r3
10002586:	d3f2      	bcc.n	1000256e <y64_x64+0x3a>
10002588:	e7f6      	b.n	10002578 <y64_x64+0x44>
1000258a:	0000      	.short	0x0000
1000258c:	d0000000 	.word	0xd0000000
10002590:	ffffffff 	.word	0xffffffff

10002594 <__wrap___aeabi_drsub>:
10002594:	4048      	eors	r0, r1
10002596:	4041      	eors	r1, r0
10002598:	4048      	eors	r0, r1

1000259a <__wrap___aeabi_dsub>:
1000259a:	b418      	push	{r3, r4}
1000259c:	4b1b      	ldr	r3, [pc, #108]	@ (1000260c <__wrap___aeabi_dmul+0x12>)
1000259e:	685b      	ldr	r3, [r3, #4]
100025a0:	46fc      	mov	ip, pc
100025a2:	9301      	str	r3, [sp, #4]
100025a4:	bd08      	pop	{r3, pc}
100025a6:	df04      	.short	0xdf04
100025a8:	1000282f 	.word	0x1000282f

100025ac <__wrap___aeabi_dadd>:
100025ac:	b418      	push	{r3, r4}
100025ae:	4b17      	ldr	r3, [pc, #92]	@ (1000260c <__wrap___aeabi_dmul+0x12>)
100025b0:	681b      	ldr	r3, [r3, #0]
100025b2:	46fc      	mov	ip, pc
100025b4:	9301      	str	r3, [sp, #4]
100025b6:	bd08      	pop	{r3, pc}
100025b8:	2839df00 	.word	0x2839df00
100025bc:	1000      	.short	0x1000

100025be <__wrap___aeabi_ddiv>:
100025be:	4694      	mov	ip, r2
100025c0:	4a13      	ldr	r2, [pc, #76]	@ (10002610 <__wrap___aeabi_dmul+0x16>)
100025c2:	6f92      	ldr	r2, [r2, #120]	@ 0x78
100025c4:	0892      	lsrs	r2, r2, #2
100025c6:	d209      	bcs.n	100025dc <ddiv_save_state>
100025c8:	4662      	mov	r2, ip

100025ca <ddiv_shim_call>:
100025ca:	b418      	push	{r3, r4}
100025cc:	4b0f      	ldr	r3, [pc, #60]	@ (1000260c <__wrap___aeabi_dmul+0x12>)
100025ce:	68db      	ldr	r3, [r3, #12]
100025d0:	46fc      	mov	ip, pc
100025d2:	9301      	str	r3, [sp, #4]
100025d4:	bd08      	pop	{r3, pc}
100025d6:	df0c      	.short	0xdf0c
100025d8:	10002af1 	.word	0x10002af1

100025dc <ddiv_save_state>:
100025dc:	4a0c      	ldr	r2, [pc, #48]	@ (10002610 <__wrap___aeabi_dmul+0x16>)
100025de:	b5f0      	push	{r4, r5, r6, r7, lr}
100025e0:	6e14      	ldr	r4, [r2, #96]	@ 0x60
100025e2:	6e55      	ldr	r5, [r2, #100]	@ 0x64
100025e4:	6f57      	ldr	r7, [r2, #116]	@ 0x74
100025e6:	6f16      	ldr	r6, [r2, #112]	@ 0x70
100025e8:	4662      	mov	r2, ip
100025ea:	f7ff ffee 	bl	100025ca <ddiv_shim_call>
100025ee:	4a08      	ldr	r2, [pc, #32]	@ (10002610 <__wrap___aeabi_dmul+0x16>)
100025f0:	6614      	str	r4, [r2, #96]	@ 0x60
100025f2:	6655      	str	r5, [r2, #100]	@ 0x64
100025f4:	6757      	str	r7, [r2, #116]	@ 0x74
100025f6:	6716      	str	r6, [r2, #112]	@ 0x70
100025f8:	bdf0      	pop	{r4, r5, r6, r7, pc}

100025fa <__wrap___aeabi_dmul>:
100025fa:	b418      	push	{r3, r4}
100025fc:	4b03      	ldr	r3, [pc, #12]	@ (1000260c <__wrap___aeabi_dmul+0x12>)
100025fe:	689b      	ldr	r3, [r3, #8]
10002600:	46fc      	mov	ip, pc
10002602:	9301      	str	r3, [sp, #4]
10002604:	bd08      	pop	{r3, pc}
10002606:	df08      	.short	0xdf08
10002608:	10002995 	.word	0x10002995
1000260c:	20001798 	.word	0x20001798
10002610:	d0000000 	.word	0xd0000000

10002614 <__wrap___aeabi_cdrcmple>:
10002614:	b5ff      	push	{r0, r1, r2, r3, r4, r5, r6, r7, lr}
10002616:	4050      	eors	r0, r2
10002618:	4042      	eors	r2, r0
1000261a:	4050      	eors	r0, r2
1000261c:	4059      	eors	r1, r3
1000261e:	404b      	eors	r3, r1
10002620:	4059      	eors	r1, r3
10002622:	e000      	b.n	10002626 <__aeabi_dfcmple_guts>

10002624 <__wrap___aeabi_cdcmpeq>:
10002624:	b5ff      	push	{r0, r1, r2, r3, r4, r5, r6, r7, lr}

10002626 <__aeabi_dfcmple_guts>:
10002626:	4f15      	ldr	r7, [pc, #84]	@ (1000267c <__aeabi_dfcmple_guts+0x56>)
10002628:	004c      	lsls	r4, r1, #1
1000262a:	0d64      	lsrs	r4, r4, #21
1000262c:	d003      	beq.n	10002636 <__aeabi_dfcmple_guts+0x10>
1000262e:	42bc      	cmp	r4, r7
10002630:	d104      	bne.n	1000263c <__aeabi_dfcmple_guts+0x16>
10002632:	030c      	lsls	r4, r1, #12
10002634:	d814      	bhi.n	10002660 <__aeabi_dfcmple_guts+0x3a>
10002636:	2000      	movs	r0, #0
10002638:	0d09      	lsrs	r1, r1, #20
1000263a:	0509      	lsls	r1, r1, #20
1000263c:	005c      	lsls	r4, r3, #1
1000263e:	0d64      	lsrs	r4, r4, #21
10002640:	d003      	beq.n	1000264a <__aeabi_dfcmple_guts+0x24>
10002642:	42bc      	cmp	r4, r7
10002644:	d104      	bne.n	10002650 <__aeabi_dfcmple_guts+0x2a>
10002646:	031c      	lsls	r4, r3, #12
10002648:	d80a      	bhi.n	10002660 <__aeabi_dfcmple_guts+0x3a>
1000264a:	2200      	movs	r2, #0
1000264c:	0d1b      	lsrs	r3, r3, #20
1000264e:	051b      	lsls	r3, r3, #20
10002650:	2601      	movs	r6, #1
10002652:	404b      	eors	r3, r1
10002654:	d409      	bmi.n	1000266a <__aeabi_dfcmple_guts+0x44>
10002656:	404b      	eors	r3, r1
10002658:	d503      	bpl.n	10002662 <__aeabi_dfcmple_guts+0x3c>
1000265a:	428b      	cmp	r3, r1
1000265c:	d100      	bne.n	10002660 <__aeabi_dfcmple_guts+0x3a>
1000265e:	4282      	cmp	r2, r0
10002660:	bdff      	pop	{r0, r1, r2, r3, r4, r5, r6, r7, pc}
10002662:	4299      	cmp	r1, r3
10002664:	d1fc      	bne.n	10002660 <__aeabi_dfcmple_guts+0x3a>
10002666:	4290      	cmp	r0, r2
10002668:	bdff      	pop	{r0, r1, r2, r3, r4, r5, r6, r7, pc}
1000266a:	430b      	orrs	r3, r1
1000266c:	18db      	adds	r3, r3, r3
1000266e:	4303      	orrs	r3, r0
10002670:	4313      	orrs	r3, r2
10002672:	d0f5      	beq.n	10002660 <__aeabi_dfcmple_guts+0x3a>
10002674:	43c9      	mvns	r1, r1
10002676:	1849      	adds	r1, r1, r1
10002678:	bdff      	pop	{r0, r1, r2, r3, r4, r5, r6, r7, pc}
1000267a:	0000      	.short	0x0000
1000267c:	000007ff 	.word	0x000007ff

10002680 <__wrap___aeabi_dcmplt>:
10002680:	b500      	push	{lr}
10002682:	f7ff ffcf 	bl	10002624 <__wrap___aeabi_cdcmpeq>
10002686:	4180      	sbcs	r0, r0
10002688:	bd00      	pop	{pc}
1000268a:	46c0      	nop			@ (mov r8, r8)

1000268c <__wrap___aeabi_dcmpge>:
1000268c:	b500      	push	{lr}
1000268e:	f7ff ffc1 	bl	10002614 <__wrap___aeabi_cdrcmple>
10002692:	d901      	bls.n	10002698 <__wrap___aeabi_dcmpge+0xc>
10002694:	2000      	movs	r0, #0
10002696:	bd00      	pop	{pc}
10002698:	2001      	movs	r0, #1
1000269a:	bd00      	pop	{pc}

1000269c <__wrap___aeabi_dcmpgt>:
1000269c:	b500      	push	{lr}
1000269e:	f7ff ffb9 	bl	10002614 <__wrap___aeabi_cdrcmple>
100026a2:	4180      	sbcs	r0, r0
100026a4:	bd00      	pop	{pc}

100026a6 <__wrap___aeabi_dcmpun>:
100026a6:	2001      	movs	r0, #1
100026a8:	0540      	lsls	r0, r0, #21
100026aa:	004a      	lsls	r2, r1, #1
100026ac:	1812      	adds	r2, r2, r0
100026ae:	d804      	bhi.n	100026ba <__wrap___aeabi_dcmpun+0x14>
100026b0:	005a      	lsls	r2, r3, #1
100026b2:	1812      	adds	r2, r2, r0
100026b4:	d801      	bhi.n	100026ba <__wrap___aeabi_dcmpun+0x14>
100026b6:	2000      	movs	r0, #0
100026b8:	4770      	bx	lr
100026ba:	2001      	movs	r0, #1
100026bc:	4770      	bx	lr
	...

100026c0 <__wrap___aeabi_ui2d>:
100026c0:	2100      	movs	r1, #0
100026c2:	2800      	cmp	r0, #0
100026c4:	d105      	bne.n	100026d2 <__wrap___aeabi_i2d+0xa>
100026c6:	4770      	bx	lr

100026c8 <__wrap___aeabi_i2d>:
100026c8:	17c1      	asrs	r1, r0, #31
100026ca:	4048      	eors	r0, r1
100026cc:	1a40      	subs	r0, r0, r1
100026ce:	d0fa      	beq.n	100026c6 <__wrap___aeabi_ui2d+0x6>
100026d0:	07c9      	lsls	r1, r1, #31
100026d2:	b513      	push	{r0, r1, r4, lr}
100026d4:	4b06      	ldr	r3, [pc, #24]	@ (100026f0 <__wrap___aeabi_i2d+0x28>)
100026d6:	681b      	ldr	r3, [r3, #0]
100026d8:	4798      	blx	r3
100026da:	bc0c      	pop	{r2, r3}
100026dc:	1c44      	adds	r4, r0, #1
100026de:	40a2      	lsls	r2, r4
100026e0:	0510      	lsls	r0, r2, #20
100026e2:	0b12      	lsrs	r2, r2, #12
100026e4:	4903      	ldr	r1, [pc, #12]	@ (100026f4 <__wrap___aeabi_i2d+0x2c>)
100026e6:	1b09      	subs	r1, r1, r4
100026e8:	0509      	lsls	r1, r1, #20
100026ea:	4319      	orrs	r1, r3
100026ec:	4311      	orrs	r1, r2
100026ee:	bd10      	pop	{r4, pc}
100026f0:	20002374 	.word	0x20002374
100026f4:	0000041f 	.word	0x0000041f

100026f8 <__wrap___aeabi_d2iz>:
100026f8:	b510      	push	{r4, lr}
100026fa:	004c      	lsls	r4, r1, #1
100026fc:	0d62      	lsrs	r2, r4, #21
100026fe:	2380      	movs	r3, #128	@ 0x80
10002700:	18d2      	adds	r2, r2, r3
10002702:	00db      	lsls	r3, r3, #3
10002704:	1ad2      	subs	r2, r2, r3
10002706:	055b      	lsls	r3, r3, #21
10002708:	2a7e      	cmp	r2, #126	@ 0x7e
1000270a:	dd10      	ble.n	1000272e <__wrap___aeabi_d2iz+0x36>
1000270c:	3a9e      	subs	r2, #158	@ 0x9e
1000270e:	da13      	bge.n	10002738 <__wrap___aeabi_d2iz+0x40>
10002710:	17cc      	asrs	r4, r1, #31
10002712:	0309      	lsls	r1, r1, #12
10002714:	0849      	lsrs	r1, r1, #1
10002716:	4319      	orrs	r1, r3
10002718:	4252      	negs	r2, r2
1000271a:	40d1      	lsrs	r1, r2
1000271c:	0064      	lsls	r4, r4, #1
1000271e:	3401      	adds	r4, #1
10002720:	3215      	adds	r2, #21
10002722:	2a20      	cmp	r2, #32
10002724:	da05      	bge.n	10002732 <__wrap___aeabi_d2iz+0x3a>
10002726:	40d0      	lsrs	r0, r2
10002728:	4308      	orrs	r0, r1
1000272a:	4360      	muls	r0, r4
1000272c:	bd10      	pop	{r4, pc}
1000272e:	2000      	movs	r0, #0
10002730:	bd10      	pop	{r4, pc}
10002732:	4608      	mov	r0, r1
10002734:	4360      	muls	r0, r4
10002736:	bd10      	pop	{r4, pc}
10002738:	0fc8      	lsrs	r0, r1, #31
1000273a:	18c0      	adds	r0, r0, r3
1000273c:	3801      	subs	r0, #1
1000273e:	bd10      	pop	{r4, pc}

10002740 <__wrap___aeabi_d2uiz>:
10002740:	b418      	push	{r3, r4}
10002742:	4b04      	ldr	r3, [pc, #16]	@ (10002754 <__wrap___aeabi_d2uiz+0x14>)
10002744:	6a5b      	ldr	r3, [r3, #36]	@ 0x24
10002746:	46fc      	mov	ip, pc
10002748:	9301      	str	r3, [sp, #4]
1000274a:	bd08      	pop	{r3, pc}
1000274c:	2ca1df24 	.word	0x2ca1df24
10002750:	00001000 	.word	0x00001000
10002754:	20001798 	.word	0x20001798

10002758 <__aeabi_double_init>:
10002758:	2313      	movs	r3, #19
1000275a:	b570      	push	{r4, r5, r6, lr}
1000275c:	781d      	ldrb	r5, [r3, #0]
1000275e:	2d01      	cmp	r5, #1
10002760:	d019      	beq.n	10002796 <__aeabi_double_init+0x3e>
10002762:	dd14      	ble.n	1000278e <__aeabi_double_init+0x36>
10002764:	481f      	ldr	r0, [pc, #124]	@ (100027e4 <__aeabi_double_init+0x8c>)
10002766:	f7ff fb37 	bl	10001dd8 <rom_data_lookup>
1000276a:	0006      	movs	r6, r0
1000276c:	481e      	ldr	r0, [pc, #120]	@ (100027e8 <__aeabi_double_init+0x90>)
1000276e:	f7ff fb33 	bl	10001dd8 <rom_data_lookup>
10002772:	4c1e      	ldr	r4, [pc, #120]	@ (100027ec <__aeabi_double_init+0x94>)
10002774:	2280      	movs	r2, #128	@ 0x80
10002776:	0031      	movs	r1, r6
10002778:	0020      	movs	r0, r4
1000277a:	f000 fb5f 	bl	10002e3c <__wrap___aeabi_memcpy>
1000277e:	2d02      	cmp	r5, #2
10002780:	d02d      	beq.n	100027de <__aeabi_double_init+0x86>
10002782:	481b      	ldr	r0, [pc, #108]	@ (100027f0 <__aeabi_double_init+0x98>)
10002784:	f7ff fb20 	bl	10001dc8 <rom_func_lookup>
10002788:	4b1a      	ldr	r3, [pc, #104]	@ (100027f4 <__aeabi_double_init+0x9c>)
1000278a:	6018      	str	r0, [r3, #0]
1000278c:	bd70      	pop	{r4, r5, r6, pc}
1000278e:	4b1a      	ldr	r3, [pc, #104]	@ (100027f8 <__aeabi_double_init+0xa0>)
10002790:	4c16      	ldr	r4, [pc, #88]	@ (100027ec <__aeabi_double_init+0x94>)
10002792:	64a3      	str	r3, [r4, #72]	@ 0x48
10002794:	e7f5      	b.n	10002782 <__aeabi_double_init+0x2a>
10002796:	4b18      	ldr	r3, [pc, #96]	@ (100027f8 <__aeabi_double_init+0xa0>)
10002798:	4c14      	ldr	r4, [pc, #80]	@ (100027ec <__aeabi_double_init+0x94>)
1000279a:	6023      	str	r3, [r4, #0]
1000279c:	6063      	str	r3, [r4, #4]
1000279e:	60a3      	str	r3, [r4, #8]
100027a0:	60e3      	str	r3, [r4, #12]
100027a2:	6123      	str	r3, [r4, #16]
100027a4:	6163      	str	r3, [r4, #20]
100027a6:	61a3      	str	r3, [r4, #24]
100027a8:	61e3      	str	r3, [r4, #28]
100027aa:	6223      	str	r3, [r4, #32]
100027ac:	6263      	str	r3, [r4, #36]	@ 0x24
100027ae:	62a3      	str	r3, [r4, #40]	@ 0x28
100027b0:	62e3      	str	r3, [r4, #44]	@ 0x2c
100027b2:	6323      	str	r3, [r4, #48]	@ 0x30
100027b4:	6363      	str	r3, [r4, #52]	@ 0x34
100027b6:	63a3      	str	r3, [r4, #56]	@ 0x38
100027b8:	63e3      	str	r3, [r4, #60]	@ 0x3c
100027ba:	6423      	str	r3, [r4, #64]	@ 0x40
100027bc:	6463      	str	r3, [r4, #68]	@ 0x44
100027be:	64a3      	str	r3, [r4, #72]	@ 0x48
100027c0:	64e3      	str	r3, [r4, #76]	@ 0x4c
100027c2:	6523      	str	r3, [r4, #80]	@ 0x50
100027c4:	6563      	str	r3, [r4, #84]	@ 0x54
100027c6:	65a3      	str	r3, [r4, #88]	@ 0x58
100027c8:	65e3      	str	r3, [r4, #92]	@ 0x5c
100027ca:	6623      	str	r3, [r4, #96]	@ 0x60
100027cc:	6663      	str	r3, [r4, #100]	@ 0x64
100027ce:	66a3      	str	r3, [r4, #104]	@ 0x68
100027d0:	66e3      	str	r3, [r4, #108]	@ 0x6c
100027d2:	6723      	str	r3, [r4, #112]	@ 0x70
100027d4:	6763      	str	r3, [r4, #116]	@ 0x74
100027d6:	67a3      	str	r3, [r4, #120]	@ 0x78
100027d8:	67e3      	str	r3, [r4, #124]	@ 0x7c
100027da:	64a3      	str	r3, [r4, #72]	@ 0x48
100027dc:	e7d1      	b.n	10002782 <__aeabi_double_init+0x2a>
100027de:	4b06      	ldr	r3, [pc, #24]	@ (100027f8 <__aeabi_double_init+0xa0>)
100027e0:	64a3      	str	r3, [r4, #72]	@ 0x48
100027e2:	e7ce      	b.n	10002782 <__aeabi_double_init+0x2a>
100027e4:	00004453 	.word	0x00004453
100027e8:	00004653 	.word	0x00004653
100027ec:	20001798 	.word	0x20001798
100027f0:	0000334c 	.word	0x0000334c
100027f4:	20002374 	.word	0x20002374
100027f8:	100027fd 	.word	0x100027fd

100027fc <double_table_shim_on_use_helper>:
100027fc:	b507      	push	{r0, r1, r2, lr}
100027fe:	4660      	mov	r0, ip
10002800:	8801      	ldrh	r1, [r0, #0]
10002802:	0a0a      	lsrs	r2, r1, #8
10002804:	3002      	adds	r0, #2
10002806:	2adf      	cmp	r2, #223	@ 0xdf
10002808:	d1fa      	bne.n	10002800 <double_table_shim_on_use_helper+0x4>
1000280a:	b2c9      	uxtb	r1, r1
1000280c:	0882      	lsrs	r2, r0, #2
1000280e:	d304      	bcc.n	1000281a <double_table_shim_on_use_helper+0x1e>
10002810:	8802      	ldrh	r2, [r0, #0]
10002812:	8840      	ldrh	r0, [r0, #2]
10002814:	0400      	lsls	r0, r0, #16
10002816:	4310      	orrs	r0, r2
10002818:	e000      	b.n	1000281c <double_table_shim_on_use_helper+0x20>
1000281a:	6800      	ldr	r0, [r0, #0]
1000281c:	4a01      	ldr	r2, [pc, #4]	@ (10002824 <double_table_shim_on_use_helper+0x28>)
1000281e:	5050      	str	r0, [r2, r1]
10002820:	9003      	str	r0, [sp, #12]
10002822:	bd07      	pop	{r0, r1, r2, pc}
10002824:	20001798 	.word	0x20001798

10002828 <drsub_shim>:
10002828:	b40f      	push	{r0, r1, r2, r3}
1000282a:	bc03      	pop	{r0, r1}
1000282c:	bc0c      	pop	{r2, r3}

1000282e <dsub_shim>:
1000282e:	b5f0      	push	{r4, r5, r6, r7, lr}
10002830:	2401      	movs	r4, #1
10002832:	07e4      	lsls	r4, r4, #31
10002834:	4063      	eors	r3, r4
10002836:	e000      	b.n	1000283a <da_entry>

10002838 <dadd_shim>:
10002838:	b5f0      	push	{r4, r5, r6, r7, lr}

1000283a <da_entry>:
1000283a:	0d0c      	lsrs	r4, r1, #20
1000283c:	0fcf      	lsrs	r7, r1, #31
1000283e:	1e66      	subs	r6, r4, #1
10002840:	0536      	lsls	r6, r6, #20
10002842:	1b89      	subs	r1, r1, r6
10002844:	0564      	lsls	r4, r4, #21
10002846:	d303      	bcc.n	10002850 <l8_1>
10002848:	43c9      	mvns	r1, r1
1000284a:	4240      	negs	r0, r0
1000284c:	d300      	bcc.n	10002850 <l8_1>
1000284e:	3101      	adds	r1, #1

10002850 <l8_1>:
10002850:	0d64      	lsrs	r4, r4, #21
10002852:	d003      	beq.n	1000285c <l8_2>
10002854:	1c66      	adds	r6, r4, #1
10002856:	0af6      	lsrs	r6, r6, #11
10002858:	d007      	beq.n	1000286a <l8_3>
1000285a:	1be4      	subs	r4, r4, r7

1000285c <l8_2>:
1000285c:	2000      	movs	r0, #0
1000285e:	007f      	lsls	r7, r7, #1
10002860:	1c79      	adds	r1, r7, #1
10002862:	0789      	lsls	r1, r1, #30
10002864:	1289      	asrs	r1, r1, #10
10002866:	3c80      	subs	r4, #128	@ 0x80
10002868:	0324      	lsls	r4, r4, #12

1000286a <l8_3>:
1000286a:	0d1d      	lsrs	r5, r3, #20
1000286c:	0fdf      	lsrs	r7, r3, #31
1000286e:	1e6e      	subs	r6, r5, #1
10002870:	0536      	lsls	r6, r6, #20
10002872:	1b9b      	subs	r3, r3, r6
10002874:	056d      	lsls	r5, r5, #21
10002876:	d303      	bcc.n	10002880 <l9_1>
10002878:	43db      	mvns	r3, r3
1000287a:	4252      	negs	r2, r2
1000287c:	d300      	bcc.n	10002880 <l9_1>
1000287e:	3301      	adds	r3, #1

10002880 <l9_1>:
10002880:	0d6d      	lsrs	r5, r5, #21
10002882:	d003      	beq.n	1000288c <l9_2>
10002884:	1c6e      	adds	r6, r5, #1
10002886:	0af6      	lsrs	r6, r6, #11
10002888:	d007      	beq.n	1000289a <l9_3>
1000288a:	1bed      	subs	r5, r5, r7

1000288c <l9_2>:
1000288c:	2200      	movs	r2, #0
1000288e:	007f      	lsls	r7, r7, #1
10002890:	1c7b      	adds	r3, r7, #1
10002892:	079b      	lsls	r3, r3, #30
10002894:	129b      	asrs	r3, r3, #10
10002896:	3d80      	subs	r5, #128	@ 0x80
10002898:	032d      	lsls	r5, r5, #12

1000289a <l9_3>:
1000289a:	1b2f      	subs	r7, r5, r4
1000289c:	1b66      	subs	r6, r4, r5
1000289e:	d458      	bmi.n	10002952 <da_ygtx>
100028a0:	46a4      	mov	ip, r4
100028a2:	2e20      	cmp	r6, #32
100028a4:	da46      	bge.n	10002934 <da_xrgty>
100028a6:	3720      	adds	r7, #32
100028a8:	0014      	movs	r4, r2
100028aa:	40bc      	lsls	r4, r7

100028ac <da_xgty0>:
100028ac:	001d      	movs	r5, r3
100028ae:	40bd      	lsls	r5, r7
100028b0:	40f2      	lsrs	r2, r6
100028b2:	4133      	asrs	r3, r6
100028b4:	432a      	orrs	r2, r5

100028b6 <da_add>:
100028b6:	1880      	adds	r0, r0, r2
100028b8:	4159      	adcs	r1, r3

100028ba <da_pack>:
100028ba:	0fcb      	lsrs	r3, r1, #31
100028bc:	d005      	beq.n	100028ca <da_pack+0x10>
100028be:	43c9      	mvns	r1, r1
100028c0:	43c0      	mvns	r0, r0
100028c2:	2200      	movs	r2, #0
100028c4:	4264      	negs	r4, r4
100028c6:	4150      	adcs	r0, r2
100028c8:	4151      	adcs	r1, r2
100028ca:	4662      	mov	r2, ip
100028cc:	0d4d      	lsrs	r5, r1, #21
100028ce:	d128      	bne.n	10002922 <da_0>
100028d0:	0d0d      	lsrs	r5, r1, #20
100028d2:	d107      	bne.n	100028e4 <da_1>
100028d4:	2800      	cmp	r0, #0
100028d6:	d01f      	beq.n	10002918 <da_5>

100028d8 <da_2>:
100028d8:	1924      	adds	r4, r4, r4
100028da:	4140      	adcs	r0, r0
100028dc:	4149      	adcs	r1, r1
100028de:	3a01      	subs	r2, #1
100028e0:	0d0d      	lsrs	r5, r1, #20
100028e2:	d0f9      	beq.n	100028d8 <da_2>

100028e4 <da_1>:
100028e4:	0064      	lsls	r4, r4, #1
100028e6:	d306      	bcc.n	100028f6 <da_3>

100028e8 <da_4>:
100028e8:	3001      	adds	r0, #1
100028ea:	d300      	bcc.n	100028ee <da_4+0x6>
100028ec:	3101      	adds	r1, #1
100028ee:	2c00      	cmp	r4, #0
100028f0:	d101      	bne.n	100028f6 <da_3>
100028f2:	0840      	lsrs	r0, r0, #1
100028f4:	0040      	lsls	r0, r0, #1

100028f6 <da_3>:
100028f6:	3a01      	subs	r2, #1
100028f8:	d40b      	bmi.n	10002912 <da_6>
100028fa:	1c94      	adds	r4, r2, #2
100028fc:	0ae4      	lsrs	r4, r4, #11
100028fe:	d104      	bne.n	1000290a <da_7>
10002900:	0512      	lsls	r2, r2, #20
10002902:	4411      	add	r1, r2
10002904:	07db      	lsls	r3, r3, #31
10002906:	4419      	add	r1, r3
10002908:	bdf0      	pop	{r4, r5, r6, r7, pc}

1000290a <da_7>:
1000290a:	07d9      	lsls	r1, r3, #31
1000290c:	4b20      	ldr	r3, [pc, #128]	@ (10002990 <da_xmgty+0x4>)
1000290e:	4319      	orrs	r1, r3
10002910:	e000      	b.n	10002914 <da_6+0x2>

10002912 <da_6>:
10002912:	07d9      	lsls	r1, r3, #31
10002914:	2000      	movs	r0, #0
10002916:	bdf0      	pop	{r4, r5, r6, r7, pc}

10002918 <da_5>:
10002918:	2900      	cmp	r1, #0
1000291a:	d1dd      	bne.n	100028d8 <da_2>
1000291c:	2c00      	cmp	r4, #0
1000291e:	d1db      	bne.n	100028d8 <da_2>
10002920:	bdf0      	pop	{r4, r5, r6, r7, pc}

10002922 <da_0>:
10002922:	3201      	adds	r2, #1
10002924:	07c6      	lsls	r6, r0, #31
10002926:	0840      	lsrs	r0, r0, #1
10002928:	07cd      	lsls	r5, r1, #31
1000292a:	4328      	orrs	r0, r5
1000292c:	0849      	lsrs	r1, r1, #1
1000292e:	2e00      	cmp	r6, #0
10002930:	d0e1      	beq.n	100028f6 <da_3>
10002932:	e7d9      	b.n	100028e8 <da_4>

10002934 <da_xrgty>:
10002934:	2e3c      	cmp	r6, #60	@ 0x3c
10002936:	da29      	bge.n	1000298c <da_xmgty>
10002938:	3e20      	subs	r6, #32
1000293a:	3740      	adds	r7, #64	@ 0x40
1000293c:	0014      	movs	r4, r2
1000293e:	40bc      	lsls	r4, r7
10002940:	d000      	beq.n	10002944 <da_xrgty+0x10>
10002942:	2401      	movs	r4, #1
10002944:	40f2      	lsrs	r2, r6
10002946:	4314      	orrs	r4, r2
10002948:	001a      	movs	r2, r3
1000294a:	40bb      	lsls	r3, r7
1000294c:	431c      	orrs	r4, r3
1000294e:	17d3      	asrs	r3, r2, #31
10002950:	e7ac      	b.n	100028ac <da_xgty0>

10002952 <da_ygtx>:
10002952:	46ac      	mov	ip, r5
10002954:	2f20      	cmp	r7, #32
10002956:	da08      	bge.n	1000296a <da_yrgtx>
10002958:	3620      	adds	r6, #32
1000295a:	0004      	movs	r4, r0
1000295c:	40b4      	lsls	r4, r6

1000295e <da_ygtx0>:
1000295e:	000d      	movs	r5, r1
10002960:	40b5      	lsls	r5, r6
10002962:	40f8      	lsrs	r0, r7
10002964:	4139      	asrs	r1, r7
10002966:	4328      	orrs	r0, r5
10002968:	e7a5      	b.n	100028b6 <da_add>

1000296a <da_yrgtx>:
1000296a:	2f3c      	cmp	r7, #60	@ 0x3c
1000296c:	da0c      	bge.n	10002988 <da_ymgtx>
1000296e:	3f20      	subs	r7, #32
10002970:	3640      	adds	r6, #64	@ 0x40
10002972:	0004      	movs	r4, r0
10002974:	40b4      	lsls	r4, r6
10002976:	d000      	beq.n	1000297a <da_yrgtx+0x10>
10002978:	2401      	movs	r4, #1
1000297a:	40f8      	lsrs	r0, r7
1000297c:	4304      	orrs	r4, r0
1000297e:	0008      	movs	r0, r1
10002980:	40b1      	lsls	r1, r6
10002982:	430c      	orrs	r4, r1
10002984:	17c1      	asrs	r1, r0, #31
10002986:	e7ea      	b.n	1000295e <da_ygtx0>

10002988 <da_ymgtx>:
10002988:	0010      	movs	r0, r2
1000298a:	0019      	movs	r1, r3

1000298c <da_xmgty>:
1000298c:	2400      	movs	r4, #0
1000298e:	e794      	b.n	100028ba <da_pack>
10002990:	7ff00000 	.word	0x7ff00000

10002994 <dmul_shim>:
10002994:	b5f0      	push	{r4, r5, r6, r7, lr}
10002996:	0d0c      	lsrs	r4, r1, #20
10002998:	1e66      	subs	r6, r4, #1
1000299a:	0536      	lsls	r6, r6, #20
1000299c:	1b89      	subs	r1, r1, r6
1000299e:	0ae6      	lsrs	r6, r4, #11
100029a0:	0564      	lsls	r4, r4, #21
100029a2:	0d64      	lsrs	r4, r4, #21
100029a4:	d002      	beq.n	100029ac <l12_1>
100029a6:	1c65      	adds	r5, r4, #1
100029a8:	0aed      	lsrs	r5, r5, #11
100029aa:	d004      	beq.n	100029b6 <l12_2>

100029ac <l12_1>:
100029ac:	2000      	movs	r0, #0
100029ae:	2101      	movs	r1, #1
100029b0:	0509      	lsls	r1, r1, #20
100029b2:	3c80      	subs	r4, #128	@ 0x80
100029b4:	0324      	lsls	r4, r4, #12

100029b6 <l12_2>:
100029b6:	46a4      	mov	ip, r4
100029b8:	0d1c      	lsrs	r4, r3, #20
100029ba:	1e67      	subs	r7, r4, #1
100029bc:	053f      	lsls	r7, r7, #20
100029be:	1bdb      	subs	r3, r3, r7
100029c0:	0ae7      	lsrs	r7, r4, #11
100029c2:	0564      	lsls	r4, r4, #21
100029c4:	0d64      	lsrs	r4, r4, #21
100029c6:	d002      	beq.n	100029ce <l13_1>
100029c8:	1c65      	adds	r5, r4, #1
100029ca:	0aed      	lsrs	r5, r5, #11
100029cc:	d004      	beq.n	100029d8 <l13_2>

100029ce <l13_1>:
100029ce:	2200      	movs	r2, #0
100029d0:	2301      	movs	r3, #1
100029d2:	051b      	lsls	r3, r3, #20
100029d4:	3c80      	subs	r4, #128	@ 0x80
100029d6:	0324      	lsls	r4, r4, #12

100029d8 <l13_2>:
100029d8:	4077      	eors	r7, r6
100029da:	4464      	add	r4, ip
100029dc:	b497      	push	{r0, r1, r2, r4, r7}
100029de:	b284      	uxth	r4, r0
100029e0:	b296      	uxth	r6, r2
100029e2:	4374      	muls	r4, r6
100029e4:	0c07      	lsrs	r7, r0, #16
100029e6:	437e      	muls	r6, r7
100029e8:	0c15      	lsrs	r5, r2, #16
100029ea:	436f      	muls	r7, r5
100029ec:	b280      	uxth	r0, r0
100029ee:	4368      	muls	r0, r5
100029f0:	1836      	adds	r6, r6, r0
100029f2:	d302      	bcc.n	100029fa <l14_1>
100029f4:	2001      	movs	r0, #1
100029f6:	0400      	lsls	r0, r0, #16
100029f8:	183f      	adds	r7, r7, r0

100029fa <l14_1>:
100029fa:	0430      	lsls	r0, r6, #16
100029fc:	0c35      	lsrs	r5, r6, #16
100029fe:	1900      	adds	r0, r0, r4
10002a00:	417d      	adcs	r5, r7
10002a02:	4684      	mov	ip, r0
10002a04:	b288      	uxth	r0, r1
10002a06:	b29a      	uxth	r2, r3
10002a08:	4350      	muls	r0, r2
10002a0a:	0c0c      	lsrs	r4, r1, #16
10002a0c:	4362      	muls	r2, r4
10002a0e:	0c1f      	lsrs	r7, r3, #16
10002a10:	437c      	muls	r4, r7
10002a12:	b28e      	uxth	r6, r1
10002a14:	437e      	muls	r6, r7
10002a16:	1992      	adds	r2, r2, r6
10002a18:	d302      	bcc.n	10002a20 <l15_1>
10002a1a:	2601      	movs	r6, #1
10002a1c:	0436      	lsls	r6, r6, #16
10002a1e:	19a4      	adds	r4, r4, r6

10002a20 <l15_1>:
10002a20:	0416      	lsls	r6, r2, #16
10002a22:	0c17      	lsrs	r7, r2, #16
10002a24:	1836      	adds	r6, r6, r0
10002a26:	4167      	adcs	r7, r4
10002a28:	bc01      	pop	{r0}
10002a2a:	b281      	uxth	r1, r0
10002a2c:	b29a      	uxth	r2, r3
10002a2e:	4351      	muls	r1, r2
10002a30:	0c04      	lsrs	r4, r0, #16
10002a32:	4362      	muls	r2, r4
10002a34:	0c1b      	lsrs	r3, r3, #16
10002a36:	435c      	muls	r4, r3
10002a38:	b280      	uxth	r0, r0
10002a3a:	4358      	muls	r0, r3
10002a3c:	1812      	adds	r2, r2, r0
10002a3e:	d302      	bcc.n	10002a46 <l16_1>
10002a40:	2001      	movs	r0, #1
10002a42:	0400      	lsls	r0, r0, #16
10002a44:	1824      	adds	r4, r4, r0

10002a46 <l16_1>:
10002a46:	0410      	lsls	r0, r2, #16
10002a48:	0c13      	lsrs	r3, r2, #16
10002a4a:	1840      	adds	r0, r0, r1
10002a4c:	4163      	adcs	r3, r4
10002a4e:	182d      	adds	r5, r5, r0
10002a50:	415e      	adcs	r6, r3
10002a52:	2000      	movs	r0, #0
10002a54:	4147      	adcs	r7, r0
10002a56:	bc06      	pop	{r1, r2}
10002a58:	b288      	uxth	r0, r1
10002a5a:	b293      	uxth	r3, r2
10002a5c:	4358      	muls	r0, r3
10002a5e:	0c0c      	lsrs	r4, r1, #16
10002a60:	4363      	muls	r3, r4
10002a62:	0c12      	lsrs	r2, r2, #16
10002a64:	4354      	muls	r4, r2
10002a66:	b289      	uxth	r1, r1
10002a68:	4351      	muls	r1, r2
10002a6a:	185b      	adds	r3, r3, r1
10002a6c:	d302      	bcc.n	10002a74 <l17_1>
10002a6e:	2101      	movs	r1, #1
10002a70:	0409      	lsls	r1, r1, #16
10002a72:	1864      	adds	r4, r4, r1

10002a74 <l17_1>:
10002a74:	0419      	lsls	r1, r3, #16
10002a76:	0c1a      	lsrs	r2, r3, #16
10002a78:	1809      	adds	r1, r1, r0
10002a7a:	4162      	adcs	r2, r4
10002a7c:	186d      	adds	r5, r5, r1
10002a7e:	4156      	adcs	r6, r2
10002a80:	2000      	movs	r0, #0
10002a82:	4147      	adcs	r7, r0
10002a84:	bc18      	pop	{r3, r4}
10002a86:	02f9      	lsls	r1, r7, #11
10002a88:	0d72      	lsrs	r2, r6, #21
10002a8a:	4311      	orrs	r1, r2
10002a8c:	02f0      	lsls	r0, r6, #11
10002a8e:	0d6a      	lsrs	r2, r5, #21
10002a90:	4310      	orrs	r0, r2
10002a92:	02ed      	lsls	r5, r5, #11
10002a94:	0d0a      	lsrs	r2, r1, #20
10002a96:	d103      	bne.n	10002aa0 <l17_1+0x2c>
10002a98:	196d      	adds	r5, r5, r5
10002a9a:	4140      	adcs	r0, r0
10002a9c:	4149      	adcs	r1, r1
10002a9e:	3b01      	subs	r3, #1
10002aa0:	4e12      	ldr	r6, [pc, #72]	@ (10002aec <dm_1+0xa>)
10002aa2:	1b9b      	subs	r3, r3, r6
10002aa4:	0076      	lsls	r6, r6, #1
10002aa6:	42b3      	cmp	r3, r6
10002aa8:	d20e      	bcs.n	10002ac8 <dm_0>
10002aaa:	006d      	lsls	r5, r5, #1
10002aac:	d307      	bcc.n	10002abe <l17_1+0x4a>
10002aae:	3001      	adds	r0, #1
10002ab0:	2600      	movs	r6, #0
10002ab2:	4171      	adcs	r1, r6
10002ab4:	4666      	mov	r6, ip
10002ab6:	4335      	orrs	r5, r6
10002ab8:	d101      	bne.n	10002abe <l17_1+0x4a>
10002aba:	0840      	lsrs	r0, r0, #1
10002abc:	0040      	lsls	r0, r0, #1
10002abe:	051b      	lsls	r3, r3, #20
10002ac0:	18c9      	adds	r1, r1, r3

10002ac2 <dm_2>:
10002ac2:	07e4      	lsls	r4, r4, #31
10002ac4:	4421      	add	r1, r4
10002ac6:	bdf0      	pop	{r4, r5, r6, r7, pc}

10002ac8 <dm_0>:
10002ac8:	da0b      	bge.n	10002ae2 <dm_1>
10002aca:	3301      	adds	r3, #1
10002acc:	d106      	bne.n	10002adc <dm_0+0x14>
10002ace:	3001      	adds	r0, #1
10002ad0:	d104      	bne.n	10002adc <dm_0+0x14>
10002ad2:	3101      	adds	r1, #1
10002ad4:	0d4f      	lsrs	r7, r1, #21
10002ad6:	d001      	beq.n	10002adc <dm_0+0x14>
10002ad8:	0849      	lsrs	r1, r1, #1
10002ada:	e7f2      	b.n	10002ac2 <dm_2>
10002adc:	07e1      	lsls	r1, r4, #31
10002ade:	2000      	movs	r0, #0
10002ae0:	bdf0      	pop	{r4, r5, r6, r7, pc}

10002ae2 <dm_1>:
10002ae2:	3601      	adds	r6, #1
10002ae4:	0531      	lsls	r1, r6, #20
10002ae6:	2000      	movs	r0, #0
10002ae8:	e7eb      	b.n	10002ac2 <dm_2>
10002aea:	0000      	.short	0x0000
10002aec:	000003ff 	.word	0x000003ff

10002af0 <ddiv_shim>:
10002af0:	b5f0      	push	{r4, r5, r6, r7, lr}

10002af2 <ddiv0>:
10002af2:	0d1c      	lsrs	r4, r3, #20
10002af4:	1e67      	subs	r7, r4, #1
10002af6:	053f      	lsls	r7, r7, #20
10002af8:	1bdb      	subs	r3, r3, r7
10002afa:	0ae7      	lsrs	r7, r4, #11
10002afc:	0564      	lsls	r4, r4, #21
10002afe:	0d64      	lsrs	r4, r4, #21
10002b00:	d002      	beq.n	10002b08 <l20_1>
10002b02:	1c66      	adds	r6, r4, #1
10002b04:	0af6      	lsrs	r6, r6, #11
10002b06:	d004      	beq.n	10002b12 <l20_2>

10002b08 <l20_1>:
10002b08:	2200      	movs	r2, #0
10002b0a:	2301      	movs	r3, #1
10002b0c:	051b      	lsls	r3, r3, #20
10002b0e:	3c80      	subs	r4, #128	@ 0x80
10002b10:	0324      	lsls	r4, r4, #12

10002b12 <l20_2>:
10002b12:	25d0      	movs	r5, #208	@ 0xd0
10002b14:	062d      	lsls	r5, r5, #24
10002b16:	2600      	movs	r6, #0
10002b18:	43f6      	mvns	r6, r6
10002b1a:	662e      	str	r6, [r5, #96]	@ 0x60
10002b1c:	091e      	lsrs	r6, r3, #4
10002b1e:	666e      	str	r6, [r5, #100]	@ 0x64
10002b20:	0fce      	lsrs	r6, r1, #31
10002b22:	19f6      	adds	r6, r6, r7
10002b24:	46b4      	mov	ip, r6
10002b26:	0049      	lsls	r1, r1, #1
10002b28:	0d4f      	lsrs	r7, r1, #21
10002b2a:	d002      	beq.n	10002b32 <l20_2+0x20>
10002b2c:	1c7e      	adds	r6, r7, #1
10002b2e:	0af6      	lsrs	r6, r6, #11
10002b30:	d003      	beq.n	10002b3a <l20_2+0x28>
10002b32:	2000      	movs	r0, #0
10002b34:	2100      	movs	r1, #0
10002b36:	3f40      	subs	r7, #64	@ 0x40
10002b38:	033f      	lsls	r7, r7, #12
10002b3a:	1b3e      	subs	r6, r7, r4
10002b3c:	00b6      	lsls	r6, r6, #2
10002b3e:	44b4      	add	ip, r6
10002b40:	3f01      	subs	r7, #1
10002b42:	057f      	lsls	r7, r7, #21
10002b44:	1bc9      	subs	r1, r1, r7
10002b46:	0849      	lsrs	r1, r1, #1
10002b48:	6f2e      	ldr	r6, [r5, #112]	@ 0x70
10002b4a:	3601      	adds	r6, #1
10002b4c:	0876      	lsrs	r6, r6, #1
10002b4e:	029c      	lsls	r4, r3, #10
10002b50:	0d95      	lsrs	r5, r2, #22
10002b52:	4325      	orrs	r5, r4
10002b54:	4375      	muls	r5, r6
10002b56:	13ed      	asrs	r5, r5, #15
10002b58:	4375      	muls	r5, r6
10002b5a:	13ad      	asrs	r5, r5, #14
10002b5c:	3501      	adds	r5, #1
10002b5e:	106d      	asrs	r5, r5, #1
10002b60:	03f6      	lsls	r6, r6, #15
10002b62:	1b76      	subs	r6, r6, r5
10002b64:	b40c      	push	{r2, r3}
10002b66:	02cc      	lsls	r4, r1, #11
10002b68:	0d45      	lsrs	r5, r0, #21
10002b6a:	432c      	orrs	r4, r5
10002b6c:	b2a2      	uxth	r2, r4
10002b6e:	b2b3      	uxth	r3, r6
10002b70:	435a      	muls	r2, r3
10002b72:	0c27      	lsrs	r7, r4, #16
10002b74:	437b      	muls	r3, r7
10002b76:	0c35      	lsrs	r5, r6, #16
10002b78:	436f      	muls	r7, r5
10002b7a:	b2a4      	uxth	r4, r4
10002b7c:	436c      	muls	r4, r5
10002b7e:	191b      	adds	r3, r3, r4
10002b80:	d302      	bcc.n	10002b88 <l21_1>
10002b82:	2401      	movs	r4, #1
10002b84:	0424      	lsls	r4, r4, #16
10002b86:	193f      	adds	r7, r7, r4

10002b88 <l21_1>:
10002b88:	041c      	lsls	r4, r3, #16
10002b8a:	0c1d      	lsrs	r5, r3, #16
10002b8c:	18a4      	adds	r4, r4, r2
10002b8e:	417d      	adcs	r5, r7
10002b90:	1924      	adds	r4, r4, r4
10002b92:	416d      	adcs	r5, r5
10002b94:	9a00      	ldr	r2, [sp, #0]
10002b96:	b291      	uxth	r1, r2
10002b98:	b2ac      	uxth	r4, r5
10002b9a:	4361      	muls	r1, r4
10002b9c:	0c17      	lsrs	r7, r2, #16
10002b9e:	437c      	muls	r4, r7
10002ba0:	0c2b      	lsrs	r3, r5, #16
10002ba2:	435f      	muls	r7, r3
10002ba4:	b292      	uxth	r2, r2
10002ba6:	435a      	muls	r2, r3
10002ba8:	18a4      	adds	r4, r4, r2
10002baa:	d302      	bcc.n	10002bb2 <l22_1>
10002bac:	2201      	movs	r2, #1
10002bae:	0412      	lsls	r2, r2, #16
10002bb0:	18bf      	adds	r7, r7, r2

10002bb2 <l22_1>:
10002bb2:	0422      	lsls	r2, r4, #16
10002bb4:	0c23      	lsrs	r3, r4, #16
10002bb6:	1852      	adds	r2, r2, r1
10002bb8:	417b      	adcs	r3, r7
10002bba:	9c01      	ldr	r4, [sp, #4]
10002bbc:	436c      	muls	r4, r5
10002bbe:	191b      	adds	r3, r3, r4
10002bc0:	0e52      	lsrs	r2, r2, #25
10002bc2:	01d9      	lsls	r1, r3, #7
10002bc4:	430a      	orrs	r2, r1
10002bc6:	0144      	lsls	r4, r0, #5
10002bc8:	1aa0      	subs	r0, r4, r2
10002bca:	b281      	uxth	r1, r0
10002bcc:	b2b2      	uxth	r2, r6
10002bce:	4351      	muls	r1, r2
10002bd0:	1403      	asrs	r3, r0, #16
10002bd2:	435a      	muls	r2, r3
10002bd4:	0c36      	lsrs	r6, r6, #16
10002bd6:	4373      	muls	r3, r6
10002bd8:	b287      	uxth	r7, r0
10002bda:	4377      	muls	r7, r6
10002bdc:	17d6      	asrs	r6, r2, #31
10002bde:	19d2      	adds	r2, r2, r7
10002be0:	2700      	movs	r7, #0
10002be2:	417e      	adcs	r6, r7
10002be4:	0436      	lsls	r6, r6, #16
10002be6:	199b      	adds	r3, r3, r6
10002be8:	0417      	lsls	r7, r2, #16
10002bea:	0c16      	lsrs	r6, r2, #16
10002bec:	187f      	adds	r7, r7, r1
10002bee:	415e      	adcs	r6, r3
10002bf0:	1673      	asrs	r3, r6, #25
10002bf2:	18ed      	adds	r5, r5, r3
10002bf4:	01f3      	lsls	r3, r6, #7
10002bf6:	2600      	movs	r6, #0
10002bf8:	3380      	adds	r3, #128	@ 0x80
10002bfa:	4175      	adcs	r5, r6
10002bfc:	0fa9      	lsrs	r1, r5, #30
10002bfe:	d106      	bne.n	10002c0e <dd_0>
10002c00:	0064      	lsls	r4, r4, #1
10002c02:	0a69      	lsrs	r1, r5, #9
10002c04:	05e8      	lsls	r0, r5, #23
10002c06:	0a5b      	lsrs	r3, r3, #9
10002c08:	4318      	orrs	r0, r3
10002c0a:	d209      	bcs.n	10002c20 <dd_1>
10002c0c:	e02f      	b.n	10002c6e <dd_2>

10002c0e <dd_0>:
10002c0e:	2204      	movs	r2, #4
10002c10:	4494      	add	ip, r2
10002c12:	3380      	adds	r3, #128	@ 0x80
10002c14:	4175      	adcs	r5, r6
10002c16:	0aa9      	lsrs	r1, r5, #10
10002c18:	05a8      	lsls	r0, r5, #22
10002c1a:	0a9b      	lsrs	r3, r3, #10
10002c1c:	4318      	orrs	r0, r3
10002c1e:	d326      	bcc.n	10002c6e <dd_2>

10002c20 <dd_1>:
10002c20:	4140      	adcs	r0, r0
10002c22:	4149      	adcs	r1, r1
10002c24:	0424      	lsls	r4, r4, #16
10002c26:	9a00      	ldr	r2, [sp, #0]
10002c28:	9b01      	ldr	r3, [sp, #4]
10002c2a:	000d      	movs	r5, r1
10002c2c:	4355      	muls	r5, r2
10002c2e:	1b64      	subs	r4, r4, r5
10002c30:	4343      	muls	r3, r0
10002c32:	1ae4      	subs	r4, r4, r3
10002c34:	b295      	uxth	r5, r2
10002c36:	b286      	uxth	r6, r0
10002c38:	4375      	muls	r5, r6
10002c3a:	0c17      	lsrs	r7, r2, #16
10002c3c:	437e      	muls	r6, r7
10002c3e:	0c03      	lsrs	r3, r0, #16
10002c40:	435f      	muls	r7, r3
10002c42:	b292      	uxth	r2, r2
10002c44:	435a      	muls	r2, r3
10002c46:	18b6      	adds	r6, r6, r2
10002c48:	d302      	bcc.n	10002c50 <l24_1>
10002c4a:	2201      	movs	r2, #1
10002c4c:	0412      	lsls	r2, r2, #16
10002c4e:	18bf      	adds	r7, r7, r2

10002c50 <l24_1>:
10002c50:	0432      	lsls	r2, r6, #16
10002c52:	0c33      	lsrs	r3, r6, #16
10002c54:	1952      	adds	r2, r2, r5
10002c56:	417b      	adcs	r3, r7
10002c58:	4252      	negs	r2, r2
10002c5a:	419c      	sbcs	r4, r3
10002c5c:	2c00      	cmp	r4, #0
10002c5e:	d402      	bmi.n	10002c66 <l24_1+0x16>
10002c60:	2200      	movs	r2, #0
10002c62:	3001      	adds	r0, #1
10002c64:	4151      	adcs	r1, r2
10002c66:	0840      	lsrs	r0, r0, #1
10002c68:	07ca      	lsls	r2, r1, #31
10002c6a:	4310      	orrs	r0, r2
10002c6c:	0849      	lsrs	r1, r1, #1

10002c6e <dd_2>:
10002c6e:	b002      	add	sp, #8
10002c70:	4662      	mov	r2, ip
10002c72:	07d7      	lsls	r7, r2, #31
10002c74:	1092      	asrs	r2, r2, #2
10002c76:	4b08      	ldr	r3, [pc, #32]	@ (10002c98 <dd_4+0x6>)
10002c78:	18d2      	adds	r2, r2, r3
10002c7a:	4b08      	ldr	r3, [pc, #32]	@ (10002c9c <dd_4+0xa>)
10002c7c:	429a      	cmp	r2, r3
10002c7e:	d203      	bcs.n	10002c88 <dd_3>
10002c80:	0512      	lsls	r2, r2, #20
10002c82:	1889      	adds	r1, r1, r2

10002c84 <dd_5>:
10002c84:	19c9      	adds	r1, r1, r7
10002c86:	bdf0      	pop	{r4, r5, r6, r7, pc}

10002c88 <dd_3>:
10002c88:	2000      	movs	r0, #0
10002c8a:	2a00      	cmp	r2, #0
10002c8c:	dc01      	bgt.n	10002c92 <dd_4>
10002c8e:	0039      	movs	r1, r7
10002c90:	bdf0      	pop	{r4, r5, r6, r7, pc}

10002c92 <dd_4>:
10002c92:	3301      	adds	r3, #1
10002c94:	0519      	lsls	r1, r3, #20
10002c96:	e7f5      	b.n	10002c84 <dd_5>
10002c98:	000003fd 	.word	0x000003fd
10002c9c:	000007fe 	.word	0x000007fe

10002ca0 <double2uint_shim>:
10002ca0:	2200      	movs	r2, #0

10002ca2 <double2ufix_shim>:
10002ca2:	b500      	push	{lr}
10002ca4:	3220      	adds	r2, #32
10002ca6:	f000 f804 	bl	10002cb2 <double2ufix64_shim>
10002caa:	0008      	movs	r0, r1
10002cac:	bd00      	pop	{pc}
	...

10002cb0 <double2uint64_shim>:
10002cb0:	2200      	movs	r2, #0

10002cb2 <double2ufix64_shim>:
10002cb2:	150b      	asrs	r3, r1, #20
10002cb4:	d40a      	bmi.n	10002ccc <ret_dzero>

10002cb6 <d2fix>:
10002cb6:	b510      	push	{r4, lr}
10002cb8:	4694      	mov	ip, r2
10002cba:	f000 f831 	bl	10002d20 <dunpacks>
10002cbe:	1414      	asrs	r4, r2, #16
10002cc0:	3401      	adds	r4, #1
10002cc2:	da00      	bge.n	10002cc6 <d2fix+0x10>
10002cc4:	2100      	movs	r1, #0
10002cc6:	17cb      	asrs	r3, r1, #31
10002cc8:	4c14      	ldr	r4, [pc, #80]	@ (10002d1c <d2fix_a+0x4a>)
10002cca:	4720      	bx	r4

10002ccc <ret_dzero>:
10002ccc:	2000      	movs	r0, #0
10002cce:	2100      	movs	r1, #0
10002cd0:	4770      	bx	lr

10002cd2 <d2fix_a>:
10002cd2:	4462      	add	r2, ip
10002cd4:	3a34      	subs	r2, #52	@ 0x34
10002cd6:	d40c      	bmi.n	10002cf2 <d2fix_a+0x20>
10002cd8:	2a0c      	cmp	r2, #12
10002cda:	da07      	bge.n	10002cec <d2fix_a+0x1a>
10002cdc:	0004      	movs	r4, r0
10002cde:	4091      	lsls	r1, r2
10002ce0:	4090      	lsls	r0, r2
10002ce2:	4252      	negs	r2, r2
10002ce4:	3220      	adds	r2, #32
10002ce6:	40d4      	lsrs	r4, r2
10002ce8:	4321      	orrs	r1, r4
10002cea:	bd10      	pop	{r4, pc}
10002cec:	43d8      	mvns	r0, r3
10002cee:	43d9      	mvns	r1, r3
10002cf0:	bd10      	pop	{r4, pc}
10002cf2:	3220      	adds	r2, #32
10002cf4:	d407      	bmi.n	10002d06 <d2fix_a+0x34>
10002cf6:	460c      	mov	r4, r1
10002cf8:	4094      	lsls	r4, r2
10002cfa:	4252      	negs	r2, r2
10002cfc:	3220      	adds	r2, #32
10002cfe:	4111      	asrs	r1, r2
10002d00:	40d0      	lsrs	r0, r2
10002d02:	4320      	orrs	r0, r4
10002d04:	bd10      	pop	{r4, pc}
10002d06:	0008      	movs	r0, r1
10002d08:	17c9      	asrs	r1, r1, #31
10002d0a:	3220      	adds	r2, #32
10002d0c:	d403      	bmi.n	10002d16 <d2fix_a+0x44>
10002d0e:	4252      	negs	r2, r2
10002d10:	3220      	adds	r2, #32
10002d12:	4110      	asrs	r0, r2
10002d14:	bd10      	pop	{r4, pc}
10002d16:	0018      	movs	r0, r3
10002d18:	0019      	movs	r1, r3
10002d1a:	bd10      	pop	{r4, pc}
10002d1c:	10002cd3 	.word	0x10002cd3

10002d20 <dunpacks>:
10002d20:	0d0a      	lsrs	r2, r1, #20
10002d22:	0fcc      	lsrs	r4, r1, #31
10002d24:	1e53      	subs	r3, r2, #1
10002d26:	051b      	lsls	r3, r3, #20
10002d28:	1ac9      	subs	r1, r1, r3
10002d2a:	0552      	lsls	r2, r2, #21
10002d2c:	d303      	bcc.n	10002d36 <l60_1>
10002d2e:	43c9      	mvns	r1, r1
10002d30:	4240      	negs	r0, r0
10002d32:	d300      	bcc.n	10002d36 <l60_1>
10002d34:	3101      	adds	r1, #1

10002d36 <l60_1>:
10002d36:	0d52      	lsrs	r2, r2, #21
10002d38:	d003      	beq.n	10002d42 <l60_2>
10002d3a:	1c53      	adds	r3, r2, #1
10002d3c:	0adb      	lsrs	r3, r3, #11
10002d3e:	d007      	beq.n	10002d50 <l60_3>
10002d40:	1b12      	subs	r2, r2, r4

10002d42 <l60_2>:
10002d42:	2000      	movs	r0, #0
10002d44:	0064      	lsls	r4, r4, #1
10002d46:	1c61      	adds	r1, r4, #1
10002d48:	0789      	lsls	r1, r1, #30
10002d4a:	1289      	asrs	r1, r1, #10
10002d4c:	3a80      	subs	r2, #128	@ 0x80
10002d4e:	0312      	lsls	r2, r2, #12

10002d50 <l60_3>:
10002d50:	4b01      	ldr	r3, [pc, #4]	@ (10002d58 <l60_3+0x8>)
10002d52:	1ad2      	subs	r2, r2, r3
10002d54:	4770      	bx	lr
10002d56:	0000      	.short	0x0000
10002d58:	000003ff 	.word	0x000003ff

10002d5c <__wrap___aeabi_lmul>:
10002d5c:	4351      	muls	r1, r2
10002d5e:	4343      	muls	r3, r0
10002d60:	18c9      	adds	r1, r1, r3
10002d62:	468c      	mov	ip, r1
10002d64:	0c11      	lsrs	r1, r2, #16
10002d66:	b283      	uxth	r3, r0
10002d68:	434b      	muls	r3, r1
10002d6a:	b410      	push	{r4}
10002d6c:	0c04      	lsrs	r4, r0, #16
10002d6e:	4361      	muls	r1, r4
10002d70:	b292      	uxth	r2, r2
10002d72:	b280      	uxth	r0, r0
10002d74:	4350      	muls	r0, r2
10002d76:	4362      	muls	r2, r4
10002d78:	041c      	lsls	r4, r3, #16
10002d7a:	0c1b      	lsrs	r3, r3, #16
10002d7c:	1900      	adds	r0, r0, r4
10002d7e:	bc10      	pop	{r4}
10002d80:	4159      	adcs	r1, r3
10002d82:	0413      	lsls	r3, r2, #16
10002d84:	0c12      	lsrs	r2, r2, #16
10002d86:	18c0      	adds	r0, r0, r3
10002d88:	4151      	adcs	r1, r2
10002d8a:	4461      	add	r1, ip
10002d8c:	4770      	bx	lr
	...

10002d90 <__aeabi_float_init>:
10002d90:	2313      	movs	r3, #19
10002d92:	b510      	push	{r4, lr}
10002d94:	4812      	ldr	r0, [pc, #72]	@ (10002de0 <__aeabi_float_init+0x50>)
10002d96:	781c      	ldrb	r4, [r3, #0]
10002d98:	f7ff f81e 	bl	10001dd8 <rom_data_lookup>
10002d9c:	0001      	movs	r1, r0
10002d9e:	2c01      	cmp	r4, #1
10002da0:	d00a      	beq.n	10002db8 <__aeabi_float_init+0x28>
10002da2:	dd03      	ble.n	10002dac <__aeabi_float_init+0x1c>
10002da4:	2280      	movs	r2, #128	@ 0x80
10002da6:	480f      	ldr	r0, [pc, #60]	@ (10002de4 <__aeabi_float_init+0x54>)
10002da8:	f000 f848 	bl	10002e3c <__wrap___aeabi_memcpy>
10002dac:	480e      	ldr	r0, [pc, #56]	@ (10002de8 <__aeabi_float_init+0x58>)
10002dae:	f7ff f80b 	bl	10001dc8 <rom_func_lookup>
10002db2:	4b0e      	ldr	r3, [pc, #56]	@ (10002dec <__aeabi_float_init+0x5c>)
10002db4:	6018      	str	r0, [r3, #0]
10002db6:	bd10      	pop	{r4, pc}
10002db8:	4c0a      	ldr	r4, [pc, #40]	@ (10002de4 <__aeabi_float_init+0x54>)
10002dba:	2254      	movs	r2, #84	@ 0x54
10002dbc:	0020      	movs	r0, r4
10002dbe:	f000 f83d 	bl	10002e3c <__wrap___aeabi_memcpy>
10002dc2:	4b0b      	ldr	r3, [pc, #44]	@ (10002df0 <__aeabi_float_init+0x60>)
10002dc4:	6563      	str	r3, [r4, #84]	@ 0x54
10002dc6:	65a3      	str	r3, [r4, #88]	@ 0x58
10002dc8:	65e3      	str	r3, [r4, #92]	@ 0x5c
10002dca:	6623      	str	r3, [r4, #96]	@ 0x60
10002dcc:	6663      	str	r3, [r4, #100]	@ 0x64
10002dce:	66a3      	str	r3, [r4, #104]	@ 0x68
10002dd0:	66e3      	str	r3, [r4, #108]	@ 0x6c
10002dd2:	6723      	str	r3, [r4, #112]	@ 0x70
10002dd4:	6763      	str	r3, [r4, #116]	@ 0x74
10002dd6:	67a3      	str	r3, [r4, #120]	@ 0x78
10002dd8:	67e3      	str	r3, [r4, #124]	@ 0x7c
10002dda:	6223      	str	r3, [r4, #32]
10002ddc:	61e3      	str	r3, [r4, #28]
10002dde:	e7e5      	b.n	10002dac <__aeabi_float_init+0x1c>
10002de0:	00004653 	.word	0x00004653
10002de4:	20001898 	.word	0x20001898
10002de8:	0000334c 	.word	0x0000334c
10002dec:	20002374 	.word	0x20002374
10002df0:	10002df5 	.word	0x10002df5

10002df4 <float_table_shim_on_use_helper>:
10002df4:	b507      	push	{r0, r1, r2, lr}
10002df6:	4660      	mov	r0, ip
10002df8:	8801      	ldrh	r1, [r0, #0]
10002dfa:	0a0a      	lsrs	r2, r1, #8
10002dfc:	3002      	adds	r0, #2
10002dfe:	2adf      	cmp	r2, #223	@ 0xdf
10002e00:	d1fa      	bne.n	10002df8 <float_table_shim_on_use_helper+0x4>
10002e02:	b2c9      	uxtb	r1, r1
10002e04:	0882      	lsrs	r2, r0, #2
10002e06:	d304      	bcc.n	10002e12 <float_table_shim_on_use_helper+0x1e>
10002e08:	8802      	ldrh	r2, [r0, #0]
10002e0a:	8840      	ldrh	r0, [r0, #2]
10002e0c:	0400      	lsls	r0, r0, #16
10002e0e:	4310      	orrs	r0, r2
10002e10:	e000      	b.n	10002e14 <float_table_shim_on_use_helper+0x20>
10002e12:	6800      	ldr	r0, [r0, #0]
10002e14:	4a01      	ldr	r2, [pc, #4]	@ (10002e1c <float_table_shim_on_use_helper+0x28>)
10002e16:	5050      	str	r0, [r2, r1]
10002e18:	9003      	str	r0, [sp, #12]
10002e1a:	bd07      	pop	{r0, r1, r2, pc}
10002e1c:	20001898 	.word	0x20001898

10002e20 <__aeabi_mem_init>:
10002e20:	4801      	ldr	r0, [pc, #4]	@ (10002e28 <__aeabi_mem_init+0x8>)
10002e22:	2104      	movs	r1, #4
10002e24:	4b01      	ldr	r3, [pc, #4]	@ (10002e2c <__aeabi_mem_init+0xc>)
10002e26:	4718      	bx	r3
10002e28:	20001060 	.word	0x20001060
10002e2c:	10001de9 	.word	0x10001de9

10002e30 <__wrap_memset>:
10002e30:	4b01      	ldr	r3, [pc, #4]	@ (10002e38 <__wrap_memset+0x8>)
10002e32:	681b      	ldr	r3, [r3, #0]
10002e34:	4718      	bx	r3
10002e36:	0000      	.short	0x0000
10002e38:	20001060 	.word	0x20001060

10002e3c <__wrap___aeabi_memcpy>:
10002e3c:	4b01      	ldr	r3, [pc, #4]	@ (10002e44 <__wrap___aeabi_memcpy+0x8>)
10002e3e:	685b      	ldr	r3, [r3, #4]
10002e40:	4718      	bx	r3
10002e42:	0000      	.short	0x0000
10002e44:	20001060 	.word	0x20001060

10002e48 <_out_null>:
10002e48:	4770      	bx	lr
10002e4a:	46c0      	nop			@ (mov r8, r8)

10002e4c <_out_rev>:
10002e4c:	b5f8      	push	{r3, r4, r5, r6, r7, lr}
10002e4e:	4657      	mov	r7, sl
10002e50:	46de      	mov	lr, fp
10002e52:	464e      	mov	r6, r9
10002e54:	4645      	mov	r5, r8
10002e56:	b5e0      	push	{r5, r6, r7, lr}
10002e58:	4699      	mov	r9, r3
10002e5a:	9b0a      	ldr	r3, [sp, #40]	@ 0x28
10002e5c:	0007      	movs	r7, r0
10002e5e:	469a      	mov	sl, r3
10002e60:	9b0d      	ldr	r3, [sp, #52]	@ 0x34
10002e62:	4688      	mov	r8, r1
10002e64:	4693      	mov	fp, r2
10002e66:	9c0b      	ldr	r4, [sp, #44]	@ 0x2c
10002e68:	079b      	lsls	r3, r3, #30
10002e6a:	d13b      	bne.n	10002ee4 <_out_rev+0x98>
10002e6c:	9b0c      	ldr	r3, [sp, #48]	@ 0x30
10002e6e:	429c      	cmp	r4, r3
10002e70:	d23d      	bcs.n	10002eee <_out_rev+0xa2>
10002e72:	1b1e      	subs	r6, r3, r4
10002e74:	940b      	str	r4, [sp, #44]	@ 0x2c
10002e76:	0015      	movs	r5, r2
10002e78:	000c      	movs	r4, r1
10002e7a:	445e      	add	r6, fp
10002e7c:	002a      	movs	r2, r5
10002e7e:	464b      	mov	r3, r9
10002e80:	3501      	adds	r5, #1
10002e82:	0021      	movs	r1, r4
10002e84:	2020      	movs	r0, #32
10002e86:	47b8      	blx	r7
10002e88:	42b5      	cmp	r5, r6
10002e8a:	d1f7      	bne.n	10002e7c <_out_rev+0x30>
10002e8c:	46a0      	mov	r8, r4
10002e8e:	9c0b      	ldr	r4, [sp, #44]	@ 0x2c
10002e90:	2c00      	cmp	r4, #0
10002e92:	d020      	beq.n	10002ed6 <_out_rev+0x8a>
10002e94:	4645      	mov	r5, r8
10002e96:	1936      	adds	r6, r6, r4
10002e98:	4653      	mov	r3, sl
10002e9a:	1b32      	subs	r2, r6, r4
10002e9c:	3c01      	subs	r4, #1
10002e9e:	5d18      	ldrb	r0, [r3, r4]
10002ea0:	0029      	movs	r1, r5
10002ea2:	464b      	mov	r3, r9
10002ea4:	47b8      	blx	r7
10002ea6:	2c00      	cmp	r4, #0
10002ea8:	d1f6      	bne.n	10002e98 <_out_rev+0x4c>
10002eaa:	002b      	movs	r3, r5
10002eac:	0035      	movs	r5, r6
10002eae:	4698      	mov	r8, r3
10002eb0:	9b0d      	ldr	r3, [sp, #52]	@ 0x34
10002eb2:	079b      	lsls	r3, r3, #30
10002eb4:	d50f      	bpl.n	10002ed6 <_out_rev+0x8a>
10002eb6:	465b      	mov	r3, fp
10002eb8:	1aec      	subs	r4, r5, r3
10002eba:	9b0c      	ldr	r3, [sp, #48]	@ 0x30
10002ebc:	42a3      	cmp	r3, r4
10002ebe:	d90a      	bls.n	10002ed6 <_out_rev+0x8a>
10002ec0:	4646      	mov	r6, r8
10002ec2:	4698      	mov	r8, r3
10002ec4:	002a      	movs	r2, r5
10002ec6:	464b      	mov	r3, r9
10002ec8:	0031      	movs	r1, r6
10002eca:	2020      	movs	r0, #32
10002ecc:	3401      	adds	r4, #1
10002ece:	47b8      	blx	r7
10002ed0:	3501      	adds	r5, #1
10002ed2:	4544      	cmp	r4, r8
10002ed4:	d3f6      	bcc.n	10002ec4 <_out_rev+0x78>
10002ed6:	0028      	movs	r0, r5
10002ed8:	bcf0      	pop	{r4, r5, r6, r7}
10002eda:	46bb      	mov	fp, r7
10002edc:	46b2      	mov	sl, r6
10002ede:	46a9      	mov	r9, r5
10002ee0:	46a0      	mov	r8, r4
10002ee2:	bdf8      	pop	{r3, r4, r5, r6, r7, pc}
10002ee4:	0016      	movs	r6, r2
10002ee6:	0015      	movs	r5, r2
10002ee8:	2c00      	cmp	r4, #0
10002eea:	d1d3      	bne.n	10002e94 <_out_rev+0x48>
10002eec:	e7e0      	b.n	10002eb0 <_out_rev+0x64>
10002eee:	0016      	movs	r6, r2
10002ef0:	2c00      	cmp	r4, #0
10002ef2:	d1cf      	bne.n	10002e94 <_out_rev+0x48>
10002ef4:	0015      	movs	r5, r2
10002ef6:	e7ee      	b.n	10002ed6 <_out_rev+0x8a>

10002ef8 <_ntoa_format>:
10002ef8:	b5f0      	push	{r4, r5, r6, r7, lr}
10002efa:	464f      	mov	r7, r9
10002efc:	4646      	mov	r6, r8
10002efe:	46d6      	mov	lr, sl
10002f00:	b5c0      	push	{r6, r7, lr}
10002f02:	b084      	sub	sp, #16
10002f04:	4698      	mov	r8, r3
10002f06:	ab0e      	add	r3, sp, #56	@ 0x38
10002f08:	781b      	ldrb	r3, [r3, #0]
10002f0a:	4694      	mov	ip, r2
10002f0c:	4699      	mov	r9, r3
10002f0e:	9b12      	ldr	r3, [sp, #72]	@ 0x48
10002f10:	9c0d      	ldr	r4, [sp, #52]	@ 0x34
10002f12:	9f10      	ldr	r7, [sp, #64]	@ 0x40
10002f14:	9e11      	ldr	r6, [sp, #68]	@ 0x44
10002f16:	079a      	lsls	r2, r3, #30
10002f18:	d425      	bmi.n	10002f66 <_ntoa_format+0x6e>
10002f1a:	2e00      	cmp	r6, #0
10002f1c:	d165      	bne.n	10002fea <_ntoa_format+0xf2>
10002f1e:	42bc      	cmp	r4, r7
10002f20:	d221      	bcs.n	10002f66 <_ntoa_format+0x6e>
10002f22:	2201      	movs	r2, #1
10002f24:	401a      	ands	r2, r3
10002f26:	4692      	mov	sl, r2
10002f28:	2c20      	cmp	r4, #32
10002f2a:	d100      	bne.n	10002f2e <_ntoa_format+0x36>
10002f2c:	e0e9      	b.n	10003102 <_ntoa_format+0x20a>
10002f2e:	9a0c      	ldr	r2, [sp, #48]	@ 0x30
10002f30:	1e55      	subs	r5, r2, #1
10002f32:	2230      	movs	r2, #48	@ 0x30
10002f34:	e002      	b.n	10002f3c <_ntoa_format+0x44>
10002f36:	2c20      	cmp	r4, #32
10002f38:	d100      	bne.n	10002f3c <_ntoa_format+0x44>
10002f3a:	e07b      	b.n	10003034 <_ntoa_format+0x13c>
10002f3c:	3401      	adds	r4, #1
10002f3e:	552a      	strb	r2, [r5, r4]
10002f40:	42a7      	cmp	r7, r4
10002f42:	d8f8      	bhi.n	10002f36 <_ntoa_format+0x3e>
10002f44:	4652      	mov	r2, sl
10002f46:	2a00      	cmp	r2, #0
10002f48:	d00d      	beq.n	10002f66 <_ntoa_format+0x6e>
10002f4a:	42b4      	cmp	r4, r6
10002f4c:	d20b      	bcs.n	10002f66 <_ntoa_format+0x6e>
10002f4e:	9a0c      	ldr	r2, [sp, #48]	@ 0x30
10002f50:	1e55      	subs	r5, r2, #1
10002f52:	2230      	movs	r2, #48	@ 0x30
10002f54:	2c20      	cmp	r4, #32
10002f56:	d102      	bne.n	10002f5e <_ntoa_format+0x66>
10002f58:	e071      	b.n	1000303e <_ntoa_format+0x146>
10002f5a:	2c20      	cmp	r4, #32
10002f5c:	d02d      	beq.n	10002fba <_ntoa_format+0xc2>
10002f5e:	3401      	adds	r4, #1
10002f60:	552a      	strb	r2, [r5, r4]
10002f62:	42b4      	cmp	r4, r6
10002f64:	d1f9      	bne.n	10002f5a <_ntoa_format+0x62>
10002f66:	06da      	lsls	r2, r3, #27
10002f68:	d53c      	bpl.n	10002fe4 <_ntoa_format+0xec>
10002f6a:	055a      	lsls	r2, r3, #21
10002f6c:	d42e      	bmi.n	10002fcc <_ntoa_format+0xd4>
10002f6e:	2c00      	cmp	r4, #0
10002f70:	d128      	bne.n	10002fc4 <_ntoa_format+0xcc>
10002f72:	9a0f      	ldr	r2, [sp, #60]	@ 0x3c
10002f74:	2a10      	cmp	r2, #16
10002f76:	d100      	bne.n	10002f7a <_ntoa_format+0x82>
10002f78:	e0b6      	b.n	100030e8 <_ntoa_format+0x1f0>
10002f7a:	2a02      	cmp	r2, #2
10002f7c:	d100      	bne.n	10002f80 <_ntoa_format+0x88>
10002f7e:	e0bc      	b.n	100030fa <_ntoa_format+0x202>
10002f80:	2230      	movs	r2, #48	@ 0x30
10002f82:	9c0c      	ldr	r4, [sp, #48]	@ 0x30
10002f84:	7022      	strb	r2, [r4, #0]
10002f86:	2401      	movs	r4, #1
10002f88:	464a      	mov	r2, r9
10002f8a:	2a00      	cmp	r2, #0
10002f8c:	d165      	bne.n	1000305a <_ntoa_format+0x162>
10002f8e:	075a      	lsls	r2, r3, #29
10002f90:	d400      	bmi.n	10002f94 <_ntoa_format+0x9c>
10002f92:	e099      	b.n	100030c8 <_ntoa_format+0x1d0>
10002f94:	222b      	movs	r2, #43	@ 0x2b
10002f96:	9d0c      	ldr	r5, [sp, #48]	@ 0x30
10002f98:	552a      	strb	r2, [r5, r4]
10002f9a:	3401      	adds	r4, #1
10002f9c:	9303      	str	r3, [sp, #12]
10002f9e:	9b0c      	ldr	r3, [sp, #48]	@ 0x30
10002fa0:	4662      	mov	r2, ip
10002fa2:	9300      	str	r3, [sp, #0]
10002fa4:	9602      	str	r6, [sp, #8]
10002fa6:	4643      	mov	r3, r8
10002fa8:	9401      	str	r4, [sp, #4]
10002faa:	f7ff ff4f 	bl	10002e4c <_out_rev>
10002fae:	b004      	add	sp, #16
10002fb0:	bce0      	pop	{r5, r6, r7}
10002fb2:	46ba      	mov	sl, r7
10002fb4:	46b1      	mov	r9, r6
10002fb6:	46a8      	mov	r8, r5
10002fb8:	bdf0      	pop	{r4, r5, r6, r7, pc}
10002fba:	2420      	movs	r4, #32
10002fbc:	06da      	lsls	r2, r3, #27
10002fbe:	d5ed      	bpl.n	10002f9c <_ntoa_format+0xa4>
10002fc0:	055a      	lsls	r2, r3, #21
10002fc2:	d403      	bmi.n	10002fcc <_ntoa_format+0xd4>
10002fc4:	42a7      	cmp	r7, r4
10002fc6:	d066      	beq.n	10003096 <_ntoa_format+0x19e>
10002fc8:	42b4      	cmp	r4, r6
10002fca:	d064      	beq.n	10003096 <_ntoa_format+0x19e>
10002fcc:	9a0f      	ldr	r2, [sp, #60]	@ 0x3c
10002fce:	2a10      	cmp	r2, #16
10002fd0:	d071      	beq.n	100030b6 <_ntoa_format+0x1be>
10002fd2:	2a02      	cmp	r2, #2
10002fd4:	d057      	beq.n	10003086 <_ntoa_format+0x18e>
10002fd6:	2c20      	cmp	r4, #32
10002fd8:	d0e0      	beq.n	10002f9c <_ntoa_format+0xa4>
10002fda:	0022      	movs	r2, r4
10002fdc:	3401      	adds	r4, #1
10002fde:	2530      	movs	r5, #48	@ 0x30
10002fe0:	9f0c      	ldr	r7, [sp, #48]	@ 0x30
10002fe2:	54bd      	strb	r5, [r7, r2]
10002fe4:	2c20      	cmp	r4, #32
10002fe6:	d0d9      	beq.n	10002f9c <_ntoa_format+0xa4>
10002fe8:	e7ce      	b.n	10002f88 <_ntoa_format+0x90>
10002fea:	2201      	movs	r2, #1
10002fec:	0015      	movs	r5, r2
10002fee:	401d      	ands	r5, r3
10002ff0:	46aa      	mov	sl, r5
10002ff2:	421a      	tst	r2, r3
10002ff4:	d036      	beq.n	10003064 <_ntoa_format+0x16c>
10002ff6:	464a      	mov	r2, r9
10002ff8:	2a00      	cmp	r2, #0
10002ffa:	d14a      	bne.n	10003092 <_ntoa_format+0x19a>
10002ffc:	320c      	adds	r2, #12
10002ffe:	421a      	tst	r2, r3
10003000:	d147      	bne.n	10003092 <_ntoa_format+0x19a>
10003002:	42bc      	cmp	r4, r7
10003004:	d2a1      	bcs.n	10002f4a <_ntoa_format+0x52>
10003006:	2c20      	cmp	r4, #32
10003008:	d191      	bne.n	10002f2e <_ntoa_format+0x36>
1000300a:	2e20      	cmp	r6, #32
1000300c:	d817      	bhi.n	1000303e <_ntoa_format+0x146>
1000300e:	2420      	movs	r4, #32
10003010:	06da      	lsls	r2, r3, #27
10003012:	d5c3      	bpl.n	10002f9c <_ntoa_format+0xa4>
10003014:	055a      	lsls	r2, r3, #21
10003016:	d41b      	bmi.n	10003050 <_ntoa_format+0x158>
10003018:	2f20      	cmp	r7, #32
1000301a:	d001      	beq.n	10003020 <_ntoa_format+0x128>
1000301c:	2e20      	cmp	r6, #32
1000301e:	d1d5      	bne.n	10002fcc <_ntoa_format+0xd4>
10003020:	221f      	movs	r2, #31
10003022:	9d0f      	ldr	r5, [sp, #60]	@ 0x3c
10003024:	2d10      	cmp	r5, #16
10003026:	d06f      	beq.n	10003108 <_ntoa_format+0x210>
10003028:	2d02      	cmp	r5, #2
1000302a:	d1d8      	bne.n	10002fde <_ntoa_format+0xe6>
1000302c:	2562      	movs	r5, #98	@ 0x62
1000302e:	9f0c      	ldr	r7, [sp, #48]	@ 0x30
10003030:	54bd      	strb	r5, [r7, r2]
10003032:	e7d0      	b.n	10002fd6 <_ntoa_format+0xde>
10003034:	4652      	mov	r2, sl
10003036:	2a00      	cmp	r2, #0
10003038:	d079      	beq.n	1000312e <_ntoa_format+0x236>
1000303a:	2e20      	cmp	r6, #32
1000303c:	d9bd      	bls.n	10002fba <_ntoa_format+0xc2>
1000303e:	2420      	movs	r4, #32
10003040:	06da      	lsls	r2, r3, #27
10003042:	d5ab      	bpl.n	10002f9c <_ntoa_format+0xa4>
10003044:	055a      	lsls	r2, r3, #21
10003046:	d403      	bmi.n	10003050 <_ntoa_format+0x158>
10003048:	2f20      	cmp	r7, #32
1000304a:	d0e9      	beq.n	10003020 <_ntoa_format+0x128>
1000304c:	2e20      	cmp	r6, #32
1000304e:	d0e7      	beq.n	10003020 <_ntoa_format+0x128>
10003050:	9a0f      	ldr	r2, [sp, #60]	@ 0x3c
10003052:	2a10      	cmp	r2, #16
10003054:	d1a2      	bne.n	10002f9c <_ntoa_format+0xa4>
10003056:	2420      	movs	r4, #32
10003058:	e7a0      	b.n	10002f9c <_ntoa_format+0xa4>
1000305a:	222d      	movs	r2, #45	@ 0x2d
1000305c:	9d0c      	ldr	r5, [sp, #48]	@ 0x30
1000305e:	552a      	strb	r2, [r5, r4]
10003060:	3401      	adds	r4, #1
10003062:	e79b      	b.n	10002f9c <_ntoa_format+0xa4>
10003064:	42bc      	cmp	r4, r7
10003066:	d300      	bcc.n	1000306a <_ntoa_format+0x172>
10003068:	e77d      	b.n	10002f66 <_ntoa_format+0x6e>
1000306a:	2c20      	cmp	r4, #32
1000306c:	d000      	beq.n	10003070 <_ntoa_format+0x178>
1000306e:	e75e      	b.n	10002f2e <_ntoa_format+0x36>
10003070:	06da      	lsls	r2, r3, #27
10003072:	d5f0      	bpl.n	10003056 <_ntoa_format+0x15e>
10003074:	055a      	lsls	r2, r3, #21
10003076:	d4ee      	bmi.n	10003056 <_ntoa_format+0x15e>
10003078:	2f20      	cmp	r7, #32
1000307a:	d062      	beq.n	10003142 <_ntoa_format+0x24a>
1000307c:	2e20      	cmp	r6, #32
1000307e:	d1ea      	bne.n	10003056 <_ntoa_format+0x15e>
10003080:	0034      	movs	r4, r6
10003082:	221f      	movs	r2, #31
10003084:	e7cd      	b.n	10003022 <_ntoa_format+0x12a>
10003086:	2c20      	cmp	r4, #32
10003088:	d100      	bne.n	1000308c <_ntoa_format+0x194>
1000308a:	e787      	b.n	10002f9c <_ntoa_format+0xa4>
1000308c:	0022      	movs	r2, r4
1000308e:	3401      	adds	r4, #1
10003090:	e7cc      	b.n	1000302c <_ntoa_format+0x134>
10003092:	3e01      	subs	r6, #1
10003094:	e7b5      	b.n	10003002 <_ntoa_format+0x10a>
10003096:	1e62      	subs	r2, r4, #1
10003098:	2c01      	cmp	r4, #1
1000309a:	d1c2      	bne.n	10003022 <_ntoa_format+0x12a>
1000309c:	9a0f      	ldr	r2, [sp, #60]	@ 0x3c
1000309e:	2a10      	cmp	r2, #16
100030a0:	d000      	beq.n	100030a4 <_ntoa_format+0x1ac>
100030a2:	e76a      	b.n	10002f7a <_ntoa_format+0x82>
100030a4:	069a      	lsls	r2, r3, #26
100030a6:	d53b      	bpl.n	10003120 <_ntoa_format+0x228>
100030a8:	2258      	movs	r2, #88	@ 0x58
100030aa:	9c0c      	ldr	r4, [sp, #48]	@ 0x30
100030ac:	7022      	strb	r2, [r4, #0]
100030ae:	3a28      	subs	r2, #40	@ 0x28
100030b0:	7062      	strb	r2, [r4, #1]
100030b2:	2402      	movs	r4, #2
100030b4:	e768      	b.n	10002f88 <_ntoa_format+0x90>
100030b6:	069a      	lsls	r2, r3, #26
100030b8:	d40e      	bmi.n	100030d8 <_ntoa_format+0x1e0>
100030ba:	2c20      	cmp	r4, #32
100030bc:	d0cb      	beq.n	10003056 <_ntoa_format+0x15e>
100030be:	2278      	movs	r2, #120	@ 0x78
100030c0:	9d0c      	ldr	r5, [sp, #48]	@ 0x30
100030c2:	552a      	strb	r2, [r5, r4]
100030c4:	3401      	adds	r4, #1
100030c6:	e786      	b.n	10002fd6 <_ntoa_format+0xde>
100030c8:	071a      	lsls	r2, r3, #28
100030ca:	d400      	bmi.n	100030ce <_ntoa_format+0x1d6>
100030cc:	e766      	b.n	10002f9c <_ntoa_format+0xa4>
100030ce:	2220      	movs	r2, #32
100030d0:	9d0c      	ldr	r5, [sp, #48]	@ 0x30
100030d2:	552a      	strb	r2, [r5, r4]
100030d4:	3401      	adds	r4, #1
100030d6:	e761      	b.n	10002f9c <_ntoa_format+0xa4>
100030d8:	2c20      	cmp	r4, #32
100030da:	d0bc      	beq.n	10003056 <_ntoa_format+0x15e>
100030dc:	2558      	movs	r5, #88	@ 0x58
100030de:	9a0c      	ldr	r2, [sp, #48]	@ 0x30
100030e0:	1912      	adds	r2, r2, r4
100030e2:	7015      	strb	r5, [r2, #0]
100030e4:	3401      	adds	r4, #1
100030e6:	e776      	b.n	10002fd6 <_ntoa_format+0xde>
100030e8:	069a      	lsls	r2, r3, #26
100030ea:	d508      	bpl.n	100030fe <_ntoa_format+0x206>
100030ec:	2258      	movs	r2, #88	@ 0x58
100030ee:	9c0c      	ldr	r4, [sp, #48]	@ 0x30
100030f0:	7022      	strb	r2, [r4, #0]
100030f2:	2230      	movs	r2, #48	@ 0x30
100030f4:	7062      	strb	r2, [r4, #1]
100030f6:	2402      	movs	r4, #2
100030f8:	e746      	b.n	10002f88 <_ntoa_format+0x90>
100030fa:	3260      	adds	r2, #96	@ 0x60
100030fc:	e7f7      	b.n	100030ee <_ntoa_format+0x1f6>
100030fe:	2278      	movs	r2, #120	@ 0x78
10003100:	e7f5      	b.n	100030ee <_ntoa_format+0x1f6>
10003102:	2a00      	cmp	r2, #0
10003104:	d183      	bne.n	1000300e <_ntoa_format+0x116>
10003106:	e7b3      	b.n	10003070 <_ntoa_format+0x178>
10003108:	1ea2      	subs	r2, r4, #2
1000310a:	3c01      	subs	r4, #1
1000310c:	069d      	lsls	r5, r3, #26
1000310e:	d403      	bmi.n	10003118 <_ntoa_format+0x220>
10003110:	2578      	movs	r5, #120	@ 0x78
10003112:	9f0c      	ldr	r7, [sp, #48]	@ 0x30
10003114:	54bd      	strb	r5, [r7, r2]
10003116:	e760      	b.n	10002fda <_ntoa_format+0xe2>
10003118:	2558      	movs	r5, #88	@ 0x58
1000311a:	9f0c      	ldr	r7, [sp, #48]	@ 0x30
1000311c:	54bd      	strb	r5, [r7, r2]
1000311e:	e75c      	b.n	10002fda <_ntoa_format+0xe2>
10003120:	2278      	movs	r2, #120	@ 0x78
10003122:	9c0c      	ldr	r4, [sp, #48]	@ 0x30
10003124:	7022      	strb	r2, [r4, #0]
10003126:	3a48      	subs	r2, #72	@ 0x48
10003128:	7062      	strb	r2, [r4, #1]
1000312a:	2402      	movs	r4, #2
1000312c:	e72c      	b.n	10002f88 <_ntoa_format+0x90>
1000312e:	06da      	lsls	r2, r3, #27
10003130:	d400      	bmi.n	10003134 <_ntoa_format+0x23c>
10003132:	e733      	b.n	10002f9c <_ntoa_format+0xa4>
10003134:	055a      	lsls	r2, r3, #21
10003136:	d48b      	bmi.n	10003050 <_ntoa_format+0x158>
10003138:	2f20      	cmp	r7, #32
1000313a:	d000      	beq.n	1000313e <_ntoa_format+0x246>
1000313c:	e744      	b.n	10002fc8 <_ntoa_format+0xd0>
1000313e:	221f      	movs	r2, #31
10003140:	e76f      	b.n	10003022 <_ntoa_format+0x12a>
10003142:	003c      	movs	r4, r7
10003144:	221f      	movs	r2, #31
10003146:	e76c      	b.n	10003022 <_ntoa_format+0x12a>

10003148 <_out_char>:
10003148:	b510      	push	{r4, lr}
1000314a:	2800      	cmp	r0, #0
1000314c:	d100      	bne.n	10003150 <_out_char+0x8>
1000314e:	bd10      	pop	{r4, pc}
10003150:	f001 fc34 	bl	100049bc <__wrap_putchar>
10003154:	e7fb      	b.n	1000314e <_out_char+0x6>
10003156:	46c0      	nop			@ (mov r8, r8)

10003158 <_out_fct>:
10003158:	000b      	movs	r3, r1
1000315a:	b510      	push	{r4, lr}
1000315c:	2800      	cmp	r0, #0
1000315e:	d002      	beq.n	10003166 <_out_fct+0xe>
10003160:	6849      	ldr	r1, [r1, #4]
10003162:	681b      	ldr	r3, [r3, #0]
10003164:	4798      	blx	r3
10003166:	bd10      	pop	{r4, pc}

10003168 <_etoa>:
10003168:	b5f0      	push	{r4, r5, r6, r7, lr}
1000316a:	4657      	mov	r7, sl
1000316c:	464e      	mov	r6, r9
1000316e:	4645      	mov	r5, r8
10003170:	46de      	mov	lr, fp
10003172:	b5e0      	push	{r5, r6, r7, lr}
10003174:	b099      	sub	sp, #100	@ 0x64
10003176:	4682      	mov	sl, r0
10003178:	4689      	mov	r9, r1
1000317a:	4690      	mov	r8, r2
1000317c:	9308      	str	r3, [sp, #32]
1000317e:	9a22      	ldr	r2, [sp, #136]	@ 0x88
10003180:	9b23      	ldr	r3, [sp, #140]	@ 0x8c
10003182:	0010      	movs	r0, r2
10003184:	0019      	movs	r1, r3
10003186:	f7ff fa8e 	bl	100026a6 <__wrap___aeabi_dcmpun>
1000318a:	2800      	cmp	r0, #0
1000318c:	d000      	beq.n	10003190 <_etoa+0x28>
1000318e:	e0cd      	b.n	1000332c <_etoa+0x1c4>
10003190:	9822      	ldr	r0, [sp, #136]	@ 0x88
10003192:	9923      	ldr	r1, [sp, #140]	@ 0x8c
10003194:	2201      	movs	r2, #1
10003196:	4bd9      	ldr	r3, [pc, #868]	@ (100034fc <_etoa+0x394>)
10003198:	4252      	negs	r2, r2
1000319a:	f7ff fa7f 	bl	1000269c <__wrap___aeabi_dcmpgt>
1000319e:	2800      	cmp	r0, #0
100031a0:	d000      	beq.n	100031a4 <_etoa+0x3c>
100031a2:	e0c3      	b.n	1000332c <_etoa+0x1c4>
100031a4:	9822      	ldr	r0, [sp, #136]	@ 0x88
100031a6:	9923      	ldr	r1, [sp, #140]	@ 0x8c
100031a8:	2201      	movs	r2, #1
100031aa:	4bd5      	ldr	r3, [pc, #852]	@ (10003500 <_etoa+0x398>)
100031ac:	4252      	negs	r2, r2
100031ae:	f7ff fa67 	bl	10002680 <__wrap___aeabi_dcmplt>
100031b2:	2800      	cmp	r0, #0
100031b4:	d000      	beq.n	100031b8 <_etoa+0x50>
100031b6:	e0b9      	b.n	1000332c <_etoa+0x1c4>
100031b8:	9822      	ldr	r0, [sp, #136]	@ 0x88
100031ba:	9923      	ldr	r1, [sp, #140]	@ 0x8c
100031bc:	2200      	movs	r2, #0
100031be:	2300      	movs	r3, #0
100031c0:	f7ff fa5e 	bl	10002680 <__wrap___aeabi_dcmplt>
100031c4:	2800      	cmp	r0, #0
100031c6:	d000      	beq.n	100031ca <_etoa+0x62>
100031c8:	e1f1      	b.n	100035ae <_etoa+0x446>
100031ca:	9e22      	ldr	r6, [sp, #136]	@ 0x88
100031cc:	9f23      	ldr	r7, [sp, #140]	@ 0x8c
100031ce:	2380      	movs	r3, #128	@ 0x80
100031d0:	9a26      	ldr	r2, [sp, #152]	@ 0x98
100031d2:	00db      	lsls	r3, r3, #3
100031d4:	401a      	ands	r2, r3
100031d6:	920d      	str	r2, [sp, #52]	@ 0x34
100031d8:	9a26      	ldr	r2, [sp, #152]	@ 0x98
100031da:	421a      	tst	r2, r3
100031dc:	d101      	bne.n	100031e2 <_etoa+0x7a>
100031de:	2306      	movs	r3, #6
100031e0:	9324      	str	r3, [sp, #144]	@ 0x90
100031e2:	2380      	movs	r3, #128	@ 0x80
100031e4:	9a26      	ldr	r2, [sp, #152]	@ 0x98
100031e6:	011b      	lsls	r3, r3, #4
100031e8:	401a      	ands	r2, r3
100031ea:	003b      	movs	r3, r7
100031ec:	4693      	mov	fp, r2
100031ee:	9609      	str	r6, [sp, #36]	@ 0x24
100031f0:	4333      	orrs	r3, r6
100031f2:	d000      	beq.n	100031f6 <_etoa+0x8e>
100031f4:	e0b3      	b.n	1000335e <_etoa+0x1f6>
100031f6:	2a00      	cmp	r2, #0
100031f8:	d000      	beq.n	100031fc <_etoa+0x94>
100031fa:	e1c2      	b.n	10003582 <_etoa+0x41a>
100031fc:	2300      	movs	r3, #0
100031fe:	2400      	movs	r4, #0
10003200:	930a      	str	r3, [sp, #40]	@ 0x28
10003202:	940b      	str	r4, [sp, #44]	@ 0x2c
10003204:	2300      	movs	r3, #0
10003206:	2504      	movs	r5, #4
10003208:	9309      	str	r3, [sp, #36]	@ 0x24
1000320a:	9b25      	ldr	r3, [sp, #148]	@ 0x94
1000320c:	2400      	movs	r4, #0
1000320e:	42ab      	cmp	r3, r5
10003210:	d900      	bls.n	10003214 <_etoa+0xac>
10003212:	1b5c      	subs	r4, r3, r5
10003214:	2302      	movs	r3, #2
10003216:	9a26      	ldr	r2, [sp, #152]	@ 0x98
10003218:	401a      	ands	r2, r3
1000321a:	920c      	str	r2, [sp, #48]	@ 0x30
1000321c:	9a26      	ldr	r2, [sp, #152]	@ 0x98
1000321e:	4213      	tst	r3, r2
10003220:	d003      	beq.n	1000322a <_etoa+0xc2>
10003222:	426b      	negs	r3, r5
10003224:	416b      	adcs	r3, r5
10003226:	425b      	negs	r3, r3
10003228:	401c      	ands	r4, r3
1000322a:	9b09      	ldr	r3, [sp, #36]	@ 0x24
1000322c:	2b00      	cmp	r3, #0
1000322e:	d007      	beq.n	10003240 <_etoa+0xd8>
10003230:	9a0a      	ldr	r2, [sp, #40]	@ 0x28
10003232:	9b0b      	ldr	r3, [sp, #44]	@ 0x2c
10003234:	0030      	movs	r0, r6
10003236:	0039      	movs	r1, r7
10003238:	f7ff f9c1 	bl	100025be <__wrap___aeabi_ddiv>
1000323c:	0006      	movs	r6, r0
1000323e:	000f      	movs	r7, r1
10003240:	9822      	ldr	r0, [sp, #136]	@ 0x88
10003242:	9923      	ldr	r1, [sp, #140]	@ 0x8c
10003244:	2200      	movs	r2, #0
10003246:	2300      	movs	r3, #0
10003248:	f7ff fa1a 	bl	10002680 <__wrap___aeabi_dcmplt>
1000324c:	2800      	cmp	r0, #0
1000324e:	d003      	beq.n	10003258 <_etoa+0xf0>
10003250:	2180      	movs	r1, #128	@ 0x80
10003252:	0609      	lsls	r1, r1, #24
10003254:	187b      	adds	r3, r7, r1
10003256:	001f      	movs	r7, r3
10003258:	9a26      	ldr	r2, [sp, #152]	@ 0x98
1000325a:	4baa      	ldr	r3, [pc, #680]	@ (10003504 <_etoa+0x39c>)
1000325c:	9600      	str	r6, [sp, #0]
1000325e:	9701      	str	r7, [sp, #4]
10003260:	4013      	ands	r3, r2
10003262:	9e08      	ldr	r6, [sp, #32]
10003264:	9304      	str	r3, [sp, #16]
10003266:	9b24      	ldr	r3, [sp, #144]	@ 0x90
10003268:	9403      	str	r4, [sp, #12]
1000326a:	9302      	str	r3, [sp, #8]
1000326c:	4642      	mov	r2, r8
1000326e:	0033      	movs	r3, r6
10003270:	4649      	mov	r1, r9
10003272:	4650      	mov	r0, sl
10003274:	f000 f9aa 	bl	100035cc <_ftoa>
10003278:	0004      	movs	r4, r0
1000327a:	2d00      	cmp	r5, #0
1000327c:	d067      	beq.n	1000334e <_etoa+0x1e6>
1000327e:	2020      	movs	r0, #32
10003280:	9a26      	ldr	r2, [sp, #152]	@ 0x98
10003282:	4649      	mov	r1, r9
10003284:	4002      	ands	r2, r0
10003286:	0013      	movs	r3, r2
10003288:	425a      	negs	r2, r3
1000328a:	4153      	adcs	r3, r2
1000328c:	425b      	negs	r3, r3
1000328e:	1c62      	adds	r2, r4, #1
10003290:	4018      	ands	r0, r3
10003292:	920a      	str	r2, [sp, #40]	@ 0x28
10003294:	0033      	movs	r3, r6
10003296:	0022      	movs	r2, r4
10003298:	3045      	adds	r0, #69	@ 0x45
1000329a:	47d0      	blx	sl
1000329c:	9a09      	ldr	r2, [sp, #36]	@ 0x24
1000329e:	1e6f      	subs	r7, r5, #1
100032a0:	17d3      	asrs	r3, r2, #31
100032a2:	18d4      	adds	r4, r2, r3
100032a4:	405c      	eors	r4, r3
100032a6:	0fd3      	lsrs	r3, r2, #31
100032a8:	469b      	mov	fp, r3
100032aa:	2500      	movs	r5, #0
100032ac:	e001      	b.n	100032b2 <_etoa+0x14a>
100032ae:	2d20      	cmp	r5, #32
100032b0:	d013      	beq.n	100032da <_etoa+0x172>
100032b2:	aa08      	add	r2, sp, #32
100032b4:	4694      	mov	ip, r2
100032b6:	231f      	movs	r3, #31
100032b8:	0020      	movs	r0, r4
100032ba:	4463      	add	r3, ip
100032bc:	210a      	movs	r1, #10
100032be:	3501      	adds	r5, #1
100032c0:	195e      	adds	r6, r3, r5
100032c2:	f7fe ff2f 	bl	10002124 <__wrap___aeabi_uidiv>
100032c6:	3130      	adds	r1, #48	@ 0x30
100032c8:	7031      	strb	r1, [r6, #0]
100032ca:	0020      	movs	r0, r4
100032cc:	210a      	movs	r1, #10
100032ce:	f7fe ff29 	bl	10002124 <__wrap___aeabi_uidiv>
100032d2:	0026      	movs	r6, r4
100032d4:	0004      	movs	r4, r0
100032d6:	2e09      	cmp	r6, #9
100032d8:	d8e9      	bhi.n	100032ae <_etoa+0x146>
100032da:	2305      	movs	r3, #5
100032dc:	9306      	str	r3, [sp, #24]
100032de:	2300      	movs	r3, #0
100032e0:	9304      	str	r3, [sp, #16]
100032e2:	330a      	adds	r3, #10
100032e4:	9303      	str	r3, [sp, #12]
100032e6:	465b      	mov	r3, fp
100032e8:	9e08      	ldr	r6, [sp, #32]
100032ea:	9302      	str	r3, [sp, #8]
100032ec:	ab10      	add	r3, sp, #64	@ 0x40
100032ee:	9a0a      	ldr	r2, [sp, #40]	@ 0x28
100032f0:	9300      	str	r3, [sp, #0]
100032f2:	4649      	mov	r1, r9
100032f4:	0033      	movs	r3, r6
100032f6:	4650      	mov	r0, sl
100032f8:	9705      	str	r7, [sp, #20]
100032fa:	9501      	str	r5, [sp, #4]
100032fc:	f7ff fdfc 	bl	10002ef8 <_ntoa_format>
10003300:	9a0c      	ldr	r2, [sp, #48]	@ 0x30
10003302:	0004      	movs	r4, r0
10003304:	2a00      	cmp	r2, #0
10003306:	d022      	beq.n	1000334e <_etoa+0x1e6>
10003308:	4642      	mov	r2, r8
1000330a:	1a85      	subs	r5, r0, r2
1000330c:	9a25      	ldr	r2, [sp, #148]	@ 0x94
1000330e:	42aa      	cmp	r2, r5
10003310:	d91d      	bls.n	1000334e <_etoa+0x1e6>
10003312:	46b0      	mov	r8, r6
10003314:	4657      	mov	r7, sl
10003316:	0016      	movs	r6, r2
10003318:	0022      	movs	r2, r4
1000331a:	4643      	mov	r3, r8
1000331c:	4649      	mov	r1, r9
1000331e:	2020      	movs	r0, #32
10003320:	3501      	adds	r5, #1
10003322:	47b8      	blx	r7
10003324:	3401      	adds	r4, #1
10003326:	42ae      	cmp	r6, r5
10003328:	d8f6      	bhi.n	10003318 <_etoa+0x1b0>
1000332a:	e010      	b.n	1000334e <_etoa+0x1e6>
1000332c:	9b26      	ldr	r3, [sp, #152]	@ 0x98
1000332e:	4642      	mov	r2, r8
10003330:	9304      	str	r3, [sp, #16]
10003332:	9b25      	ldr	r3, [sp, #148]	@ 0x94
10003334:	4649      	mov	r1, r9
10003336:	9303      	str	r3, [sp, #12]
10003338:	9b24      	ldr	r3, [sp, #144]	@ 0x90
1000333a:	4650      	mov	r0, sl
1000333c:	9302      	str	r3, [sp, #8]
1000333e:	9b22      	ldr	r3, [sp, #136]	@ 0x88
10003340:	9c23      	ldr	r4, [sp, #140]	@ 0x8c
10003342:	9300      	str	r3, [sp, #0]
10003344:	9401      	str	r4, [sp, #4]
10003346:	9b08      	ldr	r3, [sp, #32]
10003348:	f000 f940 	bl	100035cc <_ftoa>
1000334c:	0004      	movs	r4, r0
1000334e:	0020      	movs	r0, r4
10003350:	b019      	add	sp, #100	@ 0x64
10003352:	bcf0      	pop	{r4, r5, r6, r7}
10003354:	46bb      	mov	fp, r7
10003356:	46b2      	mov	sl, r6
10003358:	46a9      	mov	r9, r5
1000335a:	46a0      	mov	r8, r4
1000335c:	bdf0      	pop	{r4, r5, r6, r7, pc}
1000335e:	4b6a      	ldr	r3, [pc, #424]	@ (10003508 <_etoa+0x3a0>)
10003360:	0078      	lsls	r0, r7, #1
10003362:	469c      	mov	ip, r3
10003364:	0d40      	lsrs	r0, r0, #21
10003366:	4460      	add	r0, ip
10003368:	f7ff f9ae 	bl	100026c8 <__wrap___aeabi_i2d>
1000336c:	4a67      	ldr	r2, [pc, #412]	@ (1000350c <_etoa+0x3a4>)
1000336e:	4b68      	ldr	r3, [pc, #416]	@ (10003510 <_etoa+0x3a8>)
10003370:	f7ff f943 	bl	100025fa <__wrap___aeabi_dmul>
10003374:	4a67      	ldr	r2, [pc, #412]	@ (10003514 <_etoa+0x3ac>)
10003376:	4b68      	ldr	r3, [pc, #416]	@ (10003518 <_etoa+0x3b0>)
10003378:	f7ff f918 	bl	100025ac <__wrap___aeabi_dadd>
1000337c:	4a67      	ldr	r2, [pc, #412]	@ (1000351c <_etoa+0x3b4>)
1000337e:	033b      	lsls	r3, r7, #12
10003380:	0b1b      	lsrs	r3, r3, #12
10003382:	431a      	orrs	r2, r3
10003384:	0004      	movs	r4, r0
10003386:	000d      	movs	r5, r1
10003388:	9809      	ldr	r0, [sp, #36]	@ 0x24
1000338a:	0011      	movs	r1, r2
1000338c:	4b64      	ldr	r3, [pc, #400]	@ (10003520 <_etoa+0x3b8>)
1000338e:	2200      	movs	r2, #0
10003390:	f7ff f903 	bl	1000259a <__wrap___aeabi_dsub>
10003394:	4a63      	ldr	r2, [pc, #396]	@ (10003524 <_etoa+0x3bc>)
10003396:	4b64      	ldr	r3, [pc, #400]	@ (10003528 <_etoa+0x3c0>)
10003398:	f7ff f92f 	bl	100025fa <__wrap___aeabi_dmul>
1000339c:	0002      	movs	r2, r0
1000339e:	000b      	movs	r3, r1
100033a0:	0020      	movs	r0, r4
100033a2:	0029      	movs	r1, r5
100033a4:	f7ff f902 	bl	100025ac <__wrap___aeabi_dadd>
100033a8:	f7ff f9a6 	bl	100026f8 <__wrap___aeabi_d2iz>
100033ac:	9009      	str	r0, [sp, #36]	@ 0x24
100033ae:	f7ff f98b 	bl	100026c8 <__wrap___aeabi_i2d>
100033b2:	4a5e      	ldr	r2, [pc, #376]	@ (1000352c <_etoa+0x3c4>)
100033b4:	4b5e      	ldr	r3, [pc, #376]	@ (10003530 <_etoa+0x3c8>)
100033b6:	0004      	movs	r4, r0
100033b8:	000d      	movs	r5, r1
100033ba:	f7ff f91e 	bl	100025fa <__wrap___aeabi_dmul>
100033be:	2200      	movs	r2, #0
100033c0:	4b5c      	ldr	r3, [pc, #368]	@ (10003534 <_etoa+0x3cc>)
100033c2:	f7ff f8f3 	bl	100025ac <__wrap___aeabi_dadd>
100033c6:	f7ff f997 	bl	100026f8 <__wrap___aeabi_d2iz>
100033ca:	4a5b      	ldr	r2, [pc, #364]	@ (10003538 <_etoa+0x3d0>)
100033cc:	4b5b      	ldr	r3, [pc, #364]	@ (1000353c <_etoa+0x3d4>)
100033ce:	0029      	movs	r1, r5
100033d0:	900c      	str	r0, [sp, #48]	@ 0x30
100033d2:	0020      	movs	r0, r4
100033d4:	f7ff f911 	bl	100025fa <__wrap___aeabi_dmul>
100033d8:	0004      	movs	r4, r0
100033da:	980c      	ldr	r0, [sp, #48]	@ 0x30
100033dc:	000d      	movs	r5, r1
100033de:	f7ff f973 	bl	100026c8 <__wrap___aeabi_i2d>
100033e2:	4a57      	ldr	r2, [pc, #348]	@ (10003540 <_etoa+0x3d8>)
100033e4:	4b57      	ldr	r3, [pc, #348]	@ (10003544 <_etoa+0x3dc>)
100033e6:	f7ff f908 	bl	100025fa <__wrap___aeabi_dmul>
100033ea:	0002      	movs	r2, r0
100033ec:	000b      	movs	r3, r1
100033ee:	0020      	movs	r0, r4
100033f0:	0029      	movs	r1, r5
100033f2:	f7ff f8d2 	bl	1000259a <__wrap___aeabi_dsub>
100033f6:	0004      	movs	r4, r0
100033f8:	000d      	movs	r5, r1
100033fa:	0002      	movs	r2, r0
100033fc:	000b      	movs	r3, r1
100033fe:	940a      	str	r4, [sp, #40]	@ 0x28
10003400:	950b      	str	r5, [sp, #44]	@ 0x2c
10003402:	f7ff f8fa 	bl	100025fa <__wrap___aeabi_dmul>
10003406:	0004      	movs	r4, r0
10003408:	000d      	movs	r5, r1
1000340a:	980a      	ldr	r0, [sp, #40]	@ 0x28
1000340c:	990b      	ldr	r1, [sp, #44]	@ 0x2c
1000340e:	0002      	movs	r2, r0
10003410:	000b      	movs	r3, r1
10003412:	f7ff f8cb 	bl	100025ac <__wrap___aeabi_dadd>
10003416:	2200      	movs	r2, #0
10003418:	900e      	str	r0, [sp, #56]	@ 0x38
1000341a:	910f      	str	r1, [sp, #60]	@ 0x3c
1000341c:	4b4a      	ldr	r3, [pc, #296]	@ (10003548 <_etoa+0x3e0>)
1000341e:	0020      	movs	r0, r4
10003420:	0029      	movs	r1, r5
10003422:	f7ff f8cc 	bl	100025be <__wrap___aeabi_ddiv>
10003426:	2200      	movs	r2, #0
10003428:	4b48      	ldr	r3, [pc, #288]	@ (1000354c <_etoa+0x3e4>)
1000342a:	f7ff f8bf 	bl	100025ac <__wrap___aeabi_dadd>
1000342e:	0002      	movs	r2, r0
10003430:	000b      	movs	r3, r1
10003432:	0020      	movs	r0, r4
10003434:	0029      	movs	r1, r5
10003436:	f7ff f8c2 	bl	100025be <__wrap___aeabi_ddiv>
1000343a:	2200      	movs	r2, #0
1000343c:	4b44      	ldr	r3, [pc, #272]	@ (10003550 <_etoa+0x3e8>)
1000343e:	f7ff f8b5 	bl	100025ac <__wrap___aeabi_dadd>
10003442:	0002      	movs	r2, r0
10003444:	000b      	movs	r3, r1
10003446:	0020      	movs	r0, r4
10003448:	0029      	movs	r1, r5
1000344a:	f7ff f8b8 	bl	100025be <__wrap___aeabi_ddiv>
1000344e:	9a0a      	ldr	r2, [sp, #40]	@ 0x28
10003450:	9b0b      	ldr	r3, [sp, #44]	@ 0x2c
10003452:	000d      	movs	r5, r1
10003454:	2180      	movs	r1, #128	@ 0x80
10003456:	0004      	movs	r4, r0
10003458:	05c9      	lsls	r1, r1, #23
1000345a:	2000      	movs	r0, #0
1000345c:	f7ff f89d 	bl	1000259a <__wrap___aeabi_dsub>
10003460:	0002      	movs	r2, r0
10003462:	000b      	movs	r3, r1
10003464:	0020      	movs	r0, r4
10003466:	0029      	movs	r1, r5
10003468:	f7ff f8a0 	bl	100025ac <__wrap___aeabi_dadd>
1000346c:	0002      	movs	r2, r0
1000346e:	000b      	movs	r3, r1
10003470:	980e      	ldr	r0, [sp, #56]	@ 0x38
10003472:	990f      	ldr	r1, [sp, #60]	@ 0x3c
10003474:	f7ff f8a3 	bl	100025be <__wrap___aeabi_ddiv>
10003478:	2200      	movs	r2, #0
1000347a:	4b28      	ldr	r3, [pc, #160]	@ (1000351c <_etoa+0x3b4>)
1000347c:	f7ff f896 	bl	100025ac <__wrap___aeabi_dadd>
10003480:	4b34      	ldr	r3, [pc, #208]	@ (10003554 <_etoa+0x3ec>)
10003482:	9c0c      	ldr	r4, [sp, #48]	@ 0x30
10003484:	469c      	mov	ip, r3
10003486:	4464      	add	r4, ip
10003488:	0523      	lsls	r3, r4, #20
1000348a:	2200      	movs	r2, #0
1000348c:	f7ff f8b5 	bl	100025fa <__wrap___aeabi_dmul>
10003490:	0004      	movs	r4, r0
10003492:	000d      	movs	r5, r1
10003494:	0002      	movs	r2, r0
10003496:	000b      	movs	r3, r1
10003498:	0030      	movs	r0, r6
1000349a:	0039      	movs	r1, r7
1000349c:	940a      	str	r4, [sp, #40]	@ 0x28
1000349e:	950b      	str	r5, [sp, #44]	@ 0x2c
100034a0:	f7ff f8ee 	bl	10002680 <__wrap___aeabi_dcmplt>
100034a4:	2800      	cmp	r0, #0
100034a6:	d15d      	bne.n	10003564 <_etoa+0x3fc>
100034a8:	0023      	movs	r3, r4
100034aa:	002a      	movs	r2, r5
100034ac:	25c6      	movs	r5, #198	@ 0xc6
100034ae:	9909      	ldr	r1, [sp, #36]	@ 0x24
100034b0:	3163      	adds	r1, #99	@ 0x63
100034b2:	428d      	cmp	r5, r1
100034b4:	41ad      	sbcs	r5, r5
100034b6:	4659      	mov	r1, fp
100034b8:	426d      	negs	r5, r5
100034ba:	3504      	adds	r5, #4
100034bc:	2900      	cmp	r1, #0
100034be:	d100      	bne.n	100034c2 <_etoa+0x35a>
100034c0:	e6a3      	b.n	1000320a <_etoa+0xa2>
100034c2:	4313      	orrs	r3, r2
100034c4:	d063      	beq.n	1000358e <_etoa+0x426>
100034c6:	0030      	movs	r0, r6
100034c8:	0039      	movs	r1, r7
100034ca:	4a23      	ldr	r2, [pc, #140]	@ (10003558 <_etoa+0x3f0>)
100034cc:	4b23      	ldr	r3, [pc, #140]	@ (1000355c <_etoa+0x3f4>)
100034ce:	f7ff f8dd 	bl	1000268c <__wrap___aeabi_dcmpge>
100034d2:	2800      	cmp	r0, #0
100034d4:	d007      	beq.n	100034e6 <_etoa+0x37e>
100034d6:	2200      	movs	r2, #0
100034d8:	0030      	movs	r0, r6
100034da:	0039      	movs	r1, r7
100034dc:	4b20      	ldr	r3, [pc, #128]	@ (10003560 <_etoa+0x3f8>)
100034de:	f7ff f8cf 	bl	10002680 <__wrap___aeabi_dcmplt>
100034e2:	2800      	cmp	r0, #0
100034e4:	d153      	bne.n	1000358e <_etoa+0x426>
100034e6:	9b24      	ldr	r3, [sp, #144]	@ 0x90
100034e8:	2b00      	cmp	r3, #0
100034ea:	d100      	bne.n	100034ee <_etoa+0x386>
100034ec:	e68d      	b.n	1000320a <_etoa+0xa2>
100034ee:	9b0d      	ldr	r3, [sp, #52]	@ 0x34
100034f0:	1e5a      	subs	r2, r3, #1
100034f2:	4193      	sbcs	r3, r2
100034f4:	9a24      	ldr	r2, [sp, #144]	@ 0x90
100034f6:	1ad3      	subs	r3, r2, r3
100034f8:	9324      	str	r3, [sp, #144]	@ 0x90
100034fa:	e686      	b.n	1000320a <_etoa+0xa2>
100034fc:	7fefffff 	.word	0x7fefffff
10003500:	ffefffff 	.word	0xffefffff
10003504:	fffff7ff 	.word	0xfffff7ff
10003508:	fffffc01 	.word	0xfffffc01
1000350c:	509f79fb 	.word	0x509f79fb
10003510:	3fd34413 	.word	0x3fd34413
10003514:	8b60c8b3 	.word	0x8b60c8b3
10003518:	3fc68a28 	.word	0x3fc68a28
1000351c:	3ff00000 	.word	0x3ff00000
10003520:	3ff80000 	.word	0x3ff80000
10003524:	636f4361 	.word	0x636f4361
10003528:	3fd287a7 	.word	0x3fd287a7
1000352c:	0979a371 	.word	0x0979a371
10003530:	400a934f 	.word	0x400a934f
10003534:	3fe00000 	.word	0x3fe00000
10003538:	bbb55516 	.word	0xbbb55516
1000353c:	40026bb1 	.word	0x40026bb1
10003540:	fefa39ef 	.word	0xfefa39ef
10003544:	3fe62e42 	.word	0x3fe62e42
10003548:	402c0000 	.word	0x402c0000
1000354c:	40240000 	.word	0x40240000
10003550:	40180000 	.word	0x40180000
10003554:	000003ff 	.word	0x000003ff
10003558:	eb1c432d 	.word	0xeb1c432d
1000355c:	3f1a36e2 	.word	0x3f1a36e2
10003560:	412e8480 	.word	0x412e8480
10003564:	9b09      	ldr	r3, [sp, #36]	@ 0x24
10003566:	2200      	movs	r2, #0
10003568:	3b01      	subs	r3, #1
1000356a:	9309      	str	r3, [sp, #36]	@ 0x24
1000356c:	0020      	movs	r0, r4
1000356e:	4b16      	ldr	r3, [pc, #88]	@ (100035c8 <_etoa+0x460>)
10003570:	0029      	movs	r1, r5
10003572:	f7ff f824 	bl	100025be <__wrap___aeabi_ddiv>
10003576:	000a      	movs	r2, r1
10003578:	0001      	movs	r1, r0
1000357a:	0003      	movs	r3, r0
1000357c:	910a      	str	r1, [sp, #40]	@ 0x28
1000357e:	920b      	str	r2, [sp, #44]	@ 0x2c
10003580:	e794      	b.n	100034ac <_etoa+0x344>
10003582:	2300      	movs	r3, #0
10003584:	2400      	movs	r4, #0
10003586:	930a      	str	r3, [sp, #40]	@ 0x28
10003588:	940b      	str	r4, [sp, #44]	@ 0x2c
1000358a:	2300      	movs	r3, #0
1000358c:	9309      	str	r3, [sp, #36]	@ 0x24
1000358e:	9a24      	ldr	r2, [sp, #144]	@ 0x90
10003590:	9b09      	ldr	r3, [sp, #36]	@ 0x24
10003592:	429a      	cmp	r2, r3
10003594:	dd14      	ble.n	100035c0 <_etoa+0x458>
10003596:	1ad3      	subs	r3, r2, r3
10003598:	3b01      	subs	r3, #1
1000359a:	9324      	str	r3, [sp, #144]	@ 0x90
1000359c:	2380      	movs	r3, #128	@ 0x80
1000359e:	9a26      	ldr	r2, [sp, #152]	@ 0x98
100035a0:	00db      	lsls	r3, r3, #3
100035a2:	431a      	orrs	r2, r3
100035a4:	2300      	movs	r3, #0
100035a6:	2500      	movs	r5, #0
100035a8:	9226      	str	r2, [sp, #152]	@ 0x98
100035aa:	9309      	str	r3, [sp, #36]	@ 0x24
100035ac:	e62d      	b.n	1000320a <_etoa+0xa2>
100035ae:	2280      	movs	r2, #128	@ 0x80
100035b0:	0612      	lsls	r2, r2, #24
100035b2:	4694      	mov	ip, r2
100035b4:	9b22      	ldr	r3, [sp, #136]	@ 0x88
100035b6:	001e      	movs	r6, r3
100035b8:	9b23      	ldr	r3, [sp, #140]	@ 0x8c
100035ba:	4463      	add	r3, ip
100035bc:	001f      	movs	r7, r3
100035be:	e606      	b.n	100031ce <_etoa+0x66>
100035c0:	2300      	movs	r3, #0
100035c2:	9324      	str	r3, [sp, #144]	@ 0x90
100035c4:	e7ea      	b.n	1000359c <_etoa+0x434>
100035c6:	46c0      	nop			@ (mov r8, r8)
100035c8:	40240000 	.word	0x40240000

100035cc <_ftoa>:
100035cc:	b5f0      	push	{r4, r5, r6, r7, lr}
100035ce:	4645      	mov	r5, r8
100035d0:	46de      	mov	lr, fp
100035d2:	464e      	mov	r6, r9
100035d4:	4657      	mov	r7, sl
100035d6:	b5e0      	push	{r5, r6, r7, lr}
100035d8:	b095      	sub	sp, #84	@ 0x54
100035da:	468b      	mov	fp, r1
100035dc:	4690      	mov	r8, r2
100035de:	4699      	mov	r9, r3
100035e0:	9a1e      	ldr	r2, [sp, #120]	@ 0x78
100035e2:	9b1f      	ldr	r3, [sp, #124]	@ 0x7c
100035e4:	900a      	str	r0, [sp, #40]	@ 0x28
100035e6:	0019      	movs	r1, r3
100035e8:	0010      	movs	r0, r2
100035ea:	9d20      	ldr	r5, [sp, #128]	@ 0x80
100035ec:	f7ff f85b 	bl	100026a6 <__wrap___aeabi_dcmpun>
100035f0:	2800      	cmp	r0, #0
100035f2:	d000      	beq.n	100035f6 <_ftoa+0x2a>
100035f4:	e1b0      	b.n	10003958 <_ftoa+0x38c>
100035f6:	981e      	ldr	r0, [sp, #120]	@ 0x78
100035f8:	991f      	ldr	r1, [sp, #124]	@ 0x7c
100035fa:	2201      	movs	r2, #1
100035fc:	4bc7      	ldr	r3, [pc, #796]	@ (1000391c <_ftoa+0x350>)
100035fe:	4252      	negs	r2, r2
10003600:	f7ff f83e 	bl	10002680 <__wrap___aeabi_dcmplt>
10003604:	2800      	cmp	r0, #0
10003606:	d000      	beq.n	1000360a <_ftoa+0x3e>
10003608:	e137      	b.n	1000387a <_ftoa+0x2ae>
1000360a:	981e      	ldr	r0, [sp, #120]	@ 0x78
1000360c:	991f      	ldr	r1, [sp, #124]	@ 0x7c
1000360e:	2201      	movs	r2, #1
10003610:	4bc3      	ldr	r3, [pc, #780]	@ (10003920 <_ftoa+0x354>)
10003612:	4252      	negs	r2, r2
10003614:	f7ff f842 	bl	1000269c <__wrap___aeabi_dcmpgt>
10003618:	2800      	cmp	r0, #0
1000361a:	d000      	beq.n	1000361e <_ftoa+0x52>
1000361c:	e0a7      	b.n	1000376e <_ftoa+0x1a2>
1000361e:	981e      	ldr	r0, [sp, #120]	@ 0x78
10003620:	991f      	ldr	r1, [sp, #124]	@ 0x7c
10003622:	2200      	movs	r2, #0
10003624:	4bbf      	ldr	r3, [pc, #764]	@ (10003924 <_ftoa+0x358>)
10003626:	f7ff f839 	bl	1000269c <__wrap___aeabi_dcmpgt>
1000362a:	2800      	cmp	r0, #0
1000362c:	d000      	beq.n	10003630 <_ftoa+0x64>
1000362e:	e088      	b.n	10003742 <_ftoa+0x176>
10003630:	981e      	ldr	r0, [sp, #120]	@ 0x78
10003632:	991f      	ldr	r1, [sp, #124]	@ 0x7c
10003634:	2200      	movs	r2, #0
10003636:	4bbc      	ldr	r3, [pc, #752]	@ (10003928 <_ftoa+0x35c>)
10003638:	f7ff f822 	bl	10002680 <__wrap___aeabi_dcmplt>
1000363c:	2800      	cmp	r0, #0
1000363e:	d000      	beq.n	10003642 <_ftoa+0x76>
10003640:	e07f      	b.n	10003742 <_ftoa+0x176>
10003642:	981e      	ldr	r0, [sp, #120]	@ 0x78
10003644:	991f      	ldr	r1, [sp, #124]	@ 0x7c
10003646:	2200      	movs	r2, #0
10003648:	2300      	movs	r3, #0
1000364a:	f7ff f819 	bl	10002680 <__wrap___aeabi_dcmplt>
1000364e:	2800      	cmp	r0, #0
10003650:	d000      	beq.n	10003654 <_ftoa+0x88>
10003652:	e0fa      	b.n	1000384a <_ftoa+0x27e>
10003654:	2300      	movs	r3, #0
10003656:	930b      	str	r3, [sp, #44]	@ 0x2c
10003658:	2380      	movs	r3, #128	@ 0x80
1000365a:	9c22      	ldr	r4, [sp, #136]	@ 0x88
1000365c:	9a22      	ldr	r2, [sp, #136]	@ 0x88
1000365e:	00db      	lsls	r3, r3, #3
10003660:	401c      	ands	r4, r3
10003662:	421a      	tst	r2, r3
10003664:	d100      	bne.n	10003668 <_ftoa+0x9c>
10003666:	e102      	b.n	1000386e <_ftoa+0x2a2>
10003668:	2d09      	cmp	r5, #9
1000366a:	d800      	bhi.n	1000366e <_ftoa+0xa2>
1000366c:	e17c      	b.n	10003968 <_ftoa+0x39c>
1000366e:	a906      	add	r1, sp, #24
10003670:	468c      	mov	ip, r1
10003672:	002c      	movs	r4, r5
10003674:	2217      	movs	r2, #23
10003676:	2300      	movs	r3, #0
10003678:	2130      	movs	r1, #48	@ 0x30
1000367a:	3c09      	subs	r4, #9
1000367c:	4462      	add	r2, ip
1000367e:	3301      	adds	r3, #1
10003680:	54d1      	strb	r1, [r2, r3]
10003682:	1aef      	subs	r7, r5, r3
10003684:	2b20      	cmp	r3, #32
10003686:	d100      	bne.n	1000368a <_ftoa+0xbe>
10003688:	e132      	b.n	100038f0 <_ftoa+0x324>
1000368a:	42a3      	cmp	r3, r4
1000368c:	d1f7      	bne.n	1000367e <_ftoa+0xb2>
1000368e:	2200      	movs	r2, #0
10003690:	4ba4      	ldr	r3, [pc, #656]	@ (10003924 <_ftoa+0x358>)
10003692:	9206      	str	r2, [sp, #24]
10003694:	9307      	str	r3, [sp, #28]
10003696:	981e      	ldr	r0, [sp, #120]	@ 0x78
10003698:	991f      	ldr	r1, [sp, #124]	@ 0x7c
1000369a:	f7ff f82d 	bl	100026f8 <__wrap___aeabi_d2iz>
1000369e:	0005      	movs	r5, r0
100036a0:	f7ff f812 	bl	100026c8 <__wrap___aeabi_i2d>
100036a4:	0002      	movs	r2, r0
100036a6:	000b      	movs	r3, r1
100036a8:	981e      	ldr	r0, [sp, #120]	@ 0x78
100036aa:	991f      	ldr	r1, [sp, #124]	@ 0x7c
100036ac:	f7fe ff75 	bl	1000259a <__wrap___aeabi_dsub>
100036b0:	9a06      	ldr	r2, [sp, #24]
100036b2:	9b07      	ldr	r3, [sp, #28]
100036b4:	f7fe ffa1 	bl	100025fa <__wrap___aeabi_dmul>
100036b8:	9008      	str	r0, [sp, #32]
100036ba:	9109      	str	r1, [sp, #36]	@ 0x24
100036bc:	f7ff f840 	bl	10002740 <__wrap___aeabi_d2uiz>
100036c0:	0006      	movs	r6, r0
100036c2:	f7fe fffd 	bl	100026c0 <__wrap___aeabi_ui2d>
100036c6:	0002      	movs	r2, r0
100036c8:	000b      	movs	r3, r1
100036ca:	9808      	ldr	r0, [sp, #32]
100036cc:	9909      	ldr	r1, [sp, #36]	@ 0x24
100036ce:	f7fe ff64 	bl	1000259a <__wrap___aeabi_dsub>
100036d2:	2200      	movs	r2, #0
100036d4:	4b95      	ldr	r3, [pc, #596]	@ (1000392c <_ftoa+0x360>)
100036d6:	9008      	str	r0, [sp, #32]
100036d8:	9109      	str	r1, [sp, #36]	@ 0x24
100036da:	f7fe ffdf 	bl	1000269c <__wrap___aeabi_dcmpgt>
100036de:	2800      	cmp	r0, #0
100036e0:	d100      	bne.n	100036e4 <_ftoa+0x118>
100036e2:	e0d2      	b.n	1000388a <_ftoa+0x2be>
100036e4:	3601      	adds	r6, #1
100036e6:	0030      	movs	r0, r6
100036e8:	f7fe ffea 	bl	100026c0 <__wrap___aeabi_ui2d>
100036ec:	9a06      	ldr	r2, [sp, #24]
100036ee:	9b07      	ldr	r3, [sp, #28]
100036f0:	f7fe ffcc 	bl	1000268c <__wrap___aeabi_dcmpge>
100036f4:	2800      	cmp	r0, #0
100036f6:	d001      	beq.n	100036fc <_ftoa+0x130>
100036f8:	2600      	movs	r6, #0
100036fa:	3501      	adds	r5, #1
100036fc:	46aa      	mov	sl, r5
100036fe:	2f00      	cmp	r7, #0
10003700:	d000      	beq.n	10003704 <_ftoa+0x138>
10003702:	e098      	b.n	10003836 <_ftoa+0x26a>
10003704:	0028      	movs	r0, r5
10003706:	f7fe ffdf 	bl	100026c8 <__wrap___aeabi_i2d>
1000370a:	0002      	movs	r2, r0
1000370c:	000b      	movs	r3, r1
1000370e:	981e      	ldr	r0, [sp, #120]	@ 0x78
10003710:	991f      	ldr	r1, [sp, #124]	@ 0x7c
10003712:	f7fe ff42 	bl	1000259a <__wrap___aeabi_dsub>
10003716:	4b85      	ldr	r3, [pc, #532]	@ (1000392c <_ftoa+0x360>)
10003718:	2200      	movs	r2, #0
1000371a:	0006      	movs	r6, r0
1000371c:	000f      	movs	r7, r1
1000371e:	f7fe ffaf 	bl	10002680 <__wrap___aeabi_dcmplt>
10003722:	ab0c      	add	r3, sp, #48	@ 0x30
10003724:	469a      	mov	sl, r3
10003726:	2800      	cmp	r0, #0
10003728:	d145      	bne.n	100037b6 <_ftoa+0x1ea>
1000372a:	2200      	movs	r2, #0
1000372c:	0030      	movs	r0, r6
1000372e:	0039      	movs	r1, r7
10003730:	4b7e      	ldr	r3, [pc, #504]	@ (1000392c <_ftoa+0x360>)
10003732:	f7fe ffb3 	bl	1000269c <__wrap___aeabi_dcmpgt>
10003736:	2800      	cmp	r0, #0
10003738:	d13d      	bne.n	100037b6 <_ftoa+0x1ea>
1000373a:	07eb      	lsls	r3, r5, #31
1000373c:	d53b      	bpl.n	100037b6 <_ftoa+0x1ea>
1000373e:	3501      	adds	r5, #1
10003740:	e039      	b.n	100037b6 <_ftoa+0x1ea>
10003742:	9b22      	ldr	r3, [sp, #136]	@ 0x88
10003744:	4642      	mov	r2, r8
10003746:	9304      	str	r3, [sp, #16]
10003748:	9b21      	ldr	r3, [sp, #132]	@ 0x84
1000374a:	4659      	mov	r1, fp
1000374c:	9303      	str	r3, [sp, #12]
1000374e:	980a      	ldr	r0, [sp, #40]	@ 0x28
10003750:	9b1e      	ldr	r3, [sp, #120]	@ 0x78
10003752:	9c1f      	ldr	r4, [sp, #124]	@ 0x7c
10003754:	9502      	str	r5, [sp, #8]
10003756:	9300      	str	r3, [sp, #0]
10003758:	9401      	str	r4, [sp, #4]
1000375a:	464b      	mov	r3, r9
1000375c:	f7ff fd04 	bl	10003168 <_etoa>
10003760:	b015      	add	sp, #84	@ 0x54
10003762:	bcf0      	pop	{r4, r5, r6, r7}
10003764:	46bb      	mov	fp, r7
10003766:	46b2      	mov	sl, r6
10003768:	46a9      	mov	r9, r5
1000376a:	46a0      	mov	r8, r4
1000376c:	bdf0      	pop	{r4, r5, r6, r7, pc}
1000376e:	9b22      	ldr	r3, [sp, #136]	@ 0x88
10003770:	075b      	lsls	r3, r3, #29
10003772:	d467      	bmi.n	10003844 <_ftoa+0x278>
10003774:	2203      	movs	r2, #3
10003776:	4b6e      	ldr	r3, [pc, #440]	@ (10003930 <_ftoa+0x364>)
10003778:	9922      	ldr	r1, [sp, #136]	@ 0x88
1000377a:	9201      	str	r2, [sp, #4]
1000377c:	9103      	str	r1, [sp, #12]
1000377e:	9921      	ldr	r1, [sp, #132]	@ 0x84
10003780:	9102      	str	r1, [sp, #8]
10003782:	9300      	str	r3, [sp, #0]
10003784:	4642      	mov	r2, r8
10003786:	464b      	mov	r3, r9
10003788:	4659      	mov	r1, fp
1000378a:	980a      	ldr	r0, [sp, #40]	@ 0x28
1000378c:	f7ff fb5e 	bl	10002e4c <_out_rev>
10003790:	e7e6      	b.n	10003760 <_ftoa+0x194>
10003792:	aa06      	add	r2, sp, #24
10003794:	4694      	mov	ip, r2
10003796:	2317      	movs	r3, #23
10003798:	0028      	movs	r0, r5
1000379a:	4463      	add	r3, ip
1000379c:	210a      	movs	r1, #10
1000379e:	3401      	adds	r4, #1
100037a0:	191e      	adds	r6, r3, r4
100037a2:	f7fe fc97 	bl	100020d4 <__wrap___aeabi_idiv>
100037a6:	3130      	adds	r1, #48	@ 0x30
100037a8:	0028      	movs	r0, r5
100037aa:	7031      	strb	r1, [r6, #0]
100037ac:	210a      	movs	r1, #10
100037ae:	f7fe fc91 	bl	100020d4 <__wrap___aeabi_idiv>
100037b2:	1e05      	subs	r5, r0, #0
100037b4:	d076      	beq.n	100038a4 <_ftoa+0x2d8>
100037b6:	2c20      	cmp	r4, #32
100037b8:	d1eb      	bne.n	10003792 <_ftoa+0x1c6>
100037ba:	2303      	movs	r3, #3
100037bc:	9a22      	ldr	r2, [sp, #136]	@ 0x88
100037be:	4013      	ands	r3, r2
100037c0:	2b01      	cmp	r3, #1
100037c2:	d11d      	bne.n	10003800 <_ftoa+0x234>
100037c4:	9b21      	ldr	r3, [sp, #132]	@ 0x84
100037c6:	2b00      	cmp	r3, #0
100037c8:	d01a      	beq.n	10003800 <_ftoa+0x234>
100037ca:	9b0b      	ldr	r3, [sp, #44]	@ 0x2c
100037cc:	2b00      	cmp	r3, #0
100037ce:	d000      	beq.n	100037d2 <_ftoa+0x206>
100037d0:	e0bb      	b.n	1000394a <_ftoa+0x37e>
100037d2:	9a22      	ldr	r2, [sp, #136]	@ 0x88
100037d4:	330c      	adds	r3, #12
100037d6:	4213      	tst	r3, r2
100037d8:	d000      	beq.n	100037dc <_ftoa+0x210>
100037da:	e0b6      	b.n	1000394a <_ftoa+0x37e>
100037dc:	9b21      	ldr	r3, [sp, #132]	@ 0x84
100037de:	42a3      	cmp	r3, r4
100037e0:	d800      	bhi.n	100037e4 <_ftoa+0x218>
100037e2:	e087      	b.n	100038f4 <_ftoa+0x328>
100037e4:	ab06      	add	r3, sp, #24
100037e6:	469c      	mov	ip, r3
100037e8:	2217      	movs	r2, #23
100037ea:	2330      	movs	r3, #48	@ 0x30
100037ec:	4462      	add	r2, ip
100037ee:	e004      	b.n	100037fa <_ftoa+0x22e>
100037f0:	9921      	ldr	r1, [sp, #132]	@ 0x84
100037f2:	3401      	adds	r4, #1
100037f4:	5513      	strb	r3, [r2, r4]
100037f6:	428c      	cmp	r4, r1
100037f8:	d059      	beq.n	100038ae <_ftoa+0x2e2>
100037fa:	2c20      	cmp	r4, #32
100037fc:	d1f8      	bne.n	100037f0 <_ftoa+0x224>
100037fe:	2420      	movs	r4, #32
10003800:	9b22      	ldr	r3, [sp, #136]	@ 0x88
10003802:	9401      	str	r4, [sp, #4]
10003804:	9303      	str	r3, [sp, #12]
10003806:	9b21      	ldr	r3, [sp, #132]	@ 0x84
10003808:	9302      	str	r3, [sp, #8]
1000380a:	4653      	mov	r3, sl
1000380c:	e7b9      	b.n	10003782 <_ftoa+0x1b6>
1000380e:	aa06      	add	r2, sp, #24
10003810:	4694      	mov	ip, r2
10003812:	2317      	movs	r3, #23
10003814:	210a      	movs	r1, #10
10003816:	4463      	add	r3, ip
10003818:	0030      	movs	r0, r6
1000381a:	3401      	adds	r4, #1
1000381c:	191d      	adds	r5, r3, r4
1000381e:	f7fe fc81 	bl	10002124 <__wrap___aeabi_uidiv>
10003822:	3130      	adds	r1, #48	@ 0x30
10003824:	7029      	strb	r1, [r5, #0]
10003826:	0030      	movs	r0, r6
10003828:	210a      	movs	r1, #10
1000382a:	3f01      	subs	r7, #1
1000382c:	f7fe fc7a 	bl	10002124 <__wrap___aeabi_uidiv>
10003830:	2e09      	cmp	r6, #9
10003832:	d946      	bls.n	100038c2 <_ftoa+0x2f6>
10003834:	0006      	movs	r6, r0
10003836:	2c20      	cmp	r4, #32
10003838:	d1e9      	bne.n	1000380e <_ftoa+0x242>
1000383a:	4655      	mov	r5, sl
1000383c:	ab0c      	add	r3, sp, #48	@ 0x30
1000383e:	2420      	movs	r4, #32
10003840:	469a      	mov	sl, r3
10003842:	e7b8      	b.n	100037b6 <_ftoa+0x1ea>
10003844:	2204      	movs	r2, #4
10003846:	4b3b      	ldr	r3, [pc, #236]	@ (10003934 <_ftoa+0x368>)
10003848:	e796      	b.n	10003778 <_ftoa+0x1ac>
1000384a:	9a1e      	ldr	r2, [sp, #120]	@ 0x78
1000384c:	9b1f      	ldr	r3, [sp, #124]	@ 0x7c
1000384e:	2000      	movs	r0, #0
10003850:	2100      	movs	r1, #0
10003852:	f7fe fea2 	bl	1000259a <__wrap___aeabi_dsub>
10003856:	2301      	movs	r3, #1
10003858:	930b      	str	r3, [sp, #44]	@ 0x2c
1000385a:	2380      	movs	r3, #128	@ 0x80
1000385c:	9c22      	ldr	r4, [sp, #136]	@ 0x88
1000385e:	9a22      	ldr	r2, [sp, #136]	@ 0x88
10003860:	00db      	lsls	r3, r3, #3
10003862:	901e      	str	r0, [sp, #120]	@ 0x78
10003864:	911f      	str	r1, [sp, #124]	@ 0x7c
10003866:	401c      	ands	r4, r3
10003868:	421a      	tst	r2, r3
1000386a:	d000      	beq.n	1000386e <_ftoa+0x2a2>
1000386c:	e6fc      	b.n	10003668 <_ftoa+0x9c>
1000386e:	2200      	movs	r2, #0
10003870:	4b31      	ldr	r3, [pc, #196]	@ (10003938 <_ftoa+0x36c>)
10003872:	2706      	movs	r7, #6
10003874:	9206      	str	r2, [sp, #24]
10003876:	9307      	str	r3, [sp, #28]
10003878:	e70d      	b.n	10003696 <_ftoa+0xca>
1000387a:	9b22      	ldr	r3, [sp, #136]	@ 0x88
1000387c:	9303      	str	r3, [sp, #12]
1000387e:	9b21      	ldr	r3, [sp, #132]	@ 0x84
10003880:	9302      	str	r3, [sp, #8]
10003882:	2304      	movs	r3, #4
10003884:	9301      	str	r3, [sp, #4]
10003886:	4b2d      	ldr	r3, [pc, #180]	@ (1000393c <_ftoa+0x370>)
10003888:	e77b      	b.n	10003782 <_ftoa+0x1b6>
1000388a:	2200      	movs	r2, #0
1000388c:	9808      	ldr	r0, [sp, #32]
1000388e:	9909      	ldr	r1, [sp, #36]	@ 0x24
10003890:	4b26      	ldr	r3, [pc, #152]	@ (1000392c <_ftoa+0x360>)
10003892:	f7fe fef5 	bl	10002680 <__wrap___aeabi_dcmplt>
10003896:	2800      	cmp	r0, #0
10003898:	d000      	beq.n	1000389c <_ftoa+0x2d0>
1000389a:	e72f      	b.n	100036fc <_ftoa+0x130>
1000389c:	2e00      	cmp	r6, #0
1000389e:	d14f      	bne.n	10003940 <_ftoa+0x374>
100038a0:	3601      	adds	r6, #1
100038a2:	e72b      	b.n	100036fc <_ftoa+0x130>
100038a4:	2303      	movs	r3, #3
100038a6:	9a22      	ldr	r2, [sp, #136]	@ 0x88
100038a8:	4013      	ands	r3, r2
100038aa:	2b01      	cmp	r3, #1
100038ac:	d066      	beq.n	1000397c <_ftoa+0x3b0>
100038ae:	2c20      	cmp	r4, #32
100038b0:	d0a6      	beq.n	10003800 <_ftoa+0x234>
100038b2:	9b0b      	ldr	r3, [sp, #44]	@ 0x2c
100038b4:	2b00      	cmp	r3, #0
100038b6:	d01f      	beq.n	100038f8 <_ftoa+0x32c>
100038b8:	232d      	movs	r3, #45	@ 0x2d
100038ba:	4652      	mov	r2, sl
100038bc:	5513      	strb	r3, [r2, r4]
100038be:	3401      	adds	r4, #1
100038c0:	e79e      	b.n	10003800 <_ftoa+0x234>
100038c2:	4655      	mov	r5, sl
100038c4:	2c20      	cmp	r4, #32
100038c6:	d0b9      	beq.n	1000383c <_ftoa+0x270>
100038c8:	2330      	movs	r3, #48	@ 0x30
100038ca:	193a      	adds	r2, r7, r4
100038cc:	2f00      	cmp	r7, #0
100038ce:	d008      	beq.n	100038e2 <_ftoa+0x316>
100038d0:	2017      	movs	r0, #23
100038d2:	a906      	add	r1, sp, #24
100038d4:	3401      	adds	r4, #1
100038d6:	1809      	adds	r1, r1, r0
100038d8:	550b      	strb	r3, [r1, r4]
100038da:	2c20      	cmp	r4, #32
100038dc:	d0ae      	beq.n	1000383c <_ftoa+0x270>
100038de:	4294      	cmp	r4, r2
100038e0:	d1f6      	bne.n	100038d0 <_ftoa+0x304>
100038e2:	ab0c      	add	r3, sp, #48	@ 0x30
100038e4:	469a      	mov	sl, r3
100038e6:	232e      	movs	r3, #46	@ 0x2e
100038e8:	4652      	mov	r2, sl
100038ea:	5513      	strb	r3, [r2, r4]
100038ec:	3401      	adds	r4, #1
100038ee:	e762      	b.n	100037b6 <_ftoa+0x1ea>
100038f0:	2420      	movs	r4, #32
100038f2:	e6cc      	b.n	1000368e <_ftoa+0xc2>
100038f4:	2c20      	cmp	r4, #32
100038f6:	d083      	beq.n	10003800 <_ftoa+0x234>
100038f8:	9b22      	ldr	r3, [sp, #136]	@ 0x88
100038fa:	075b      	lsls	r3, r3, #29
100038fc:	d408      	bmi.n	10003910 <_ftoa+0x344>
100038fe:	9b22      	ldr	r3, [sp, #136]	@ 0x88
10003900:	071b      	lsls	r3, r3, #28
10003902:	d400      	bmi.n	10003906 <_ftoa+0x33a>
10003904:	e77c      	b.n	10003800 <_ftoa+0x234>
10003906:	2320      	movs	r3, #32
10003908:	4652      	mov	r2, sl
1000390a:	5513      	strb	r3, [r2, r4]
1000390c:	3401      	adds	r4, #1
1000390e:	e777      	b.n	10003800 <_ftoa+0x234>
10003910:	232b      	movs	r3, #43	@ 0x2b
10003912:	4652      	mov	r2, sl
10003914:	5513      	strb	r3, [r2, r4]
10003916:	3401      	adds	r4, #1
10003918:	e772      	b.n	10003800 <_ftoa+0x234>
1000391a:	46c0      	nop			@ (mov r8, r8)
1000391c:	ffefffff 	.word	0xffefffff
10003920:	7fefffff 	.word	0x7fefffff
10003924:	41cdcd65 	.word	0x41cdcd65
10003928:	c1cdcd65 	.word	0xc1cdcd65
1000392c:	3fe00000 	.word	0x3fe00000
10003930:	10007c14 	.word	0x10007c14
10003934:	10007c0c 	.word	0x10007c0c
10003938:	412e8480 	.word	0x412e8480
1000393c:	10007c1c 	.word	0x10007c1c
10003940:	07f3      	lsls	r3, r6, #31
10003942:	d400      	bmi.n	10003946 <_ftoa+0x37a>
10003944:	e6da      	b.n	100036fc <_ftoa+0x130>
10003946:	3601      	adds	r6, #1
10003948:	e6d8      	b.n	100036fc <_ftoa+0x130>
1000394a:	9b21      	ldr	r3, [sp, #132]	@ 0x84
1000394c:	3b01      	subs	r3, #1
1000394e:	9321      	str	r3, [sp, #132]	@ 0x84
10003950:	42a3      	cmp	r3, r4
10003952:	d900      	bls.n	10003956 <_ftoa+0x38a>
10003954:	e746      	b.n	100037e4 <_ftoa+0x218>
10003956:	e7aa      	b.n	100038ae <_ftoa+0x2e2>
10003958:	9b22      	ldr	r3, [sp, #136]	@ 0x88
1000395a:	9303      	str	r3, [sp, #12]
1000395c:	9b21      	ldr	r3, [sp, #132]	@ 0x84
1000395e:	9302      	str	r3, [sp, #8]
10003960:	2303      	movs	r3, #3
10003962:	9301      	str	r3, [sp, #4]
10003964:	4b07      	ldr	r3, [pc, #28]	@ (10003984 <_ftoa+0x3b8>)
10003966:	e70c      	b.n	10003782 <_ftoa+0x1b6>
10003968:	4b07      	ldr	r3, [pc, #28]	@ (10003988 <_ftoa+0x3bc>)
1000396a:	00ea      	lsls	r2, r5, #3
1000396c:	189b      	adds	r3, r3, r2
1000396e:	685c      	ldr	r4, [r3, #4]
10003970:	681b      	ldr	r3, [r3, #0]
10003972:	002f      	movs	r7, r5
10003974:	9306      	str	r3, [sp, #24]
10003976:	9407      	str	r4, [sp, #28]
10003978:	2400      	movs	r4, #0
1000397a:	e68c      	b.n	10003696 <_ftoa+0xca>
1000397c:	9b21      	ldr	r3, [sp, #132]	@ 0x84
1000397e:	2b00      	cmp	r3, #0
10003980:	d095      	beq.n	100038ae <_ftoa+0x2e2>
10003982:	e722      	b.n	100037ca <_ftoa+0x1fe>
10003984:	10007c18 	.word	0x10007c18
10003988:	10007ee0 	.word	0x10007ee0

1000398c <_vsnprintf>:
1000398c:	b5f0      	push	{r4, r5, r6, r7, lr}
1000398e:	4657      	mov	r7, sl
10003990:	46de      	mov	lr, fp
10003992:	464e      	mov	r6, r9
10003994:	4645      	mov	r5, r8
10003996:	b5e0      	push	{r5, r6, r7, lr}
10003998:	b0a5      	sub	sp, #148	@ 0x94
1000399a:	001f      	movs	r7, r3
1000399c:	9b2e      	ldr	r3, [sp, #184]	@ 0xb8
1000399e:	4691      	mov	r9, r2
100039a0:	930d      	str	r3, [sp, #52]	@ 0x34
100039a2:	4aca      	ldr	r2, [pc, #808]	@ (10003ccc <_vsnprintf+0x340>)
100039a4:	4bca      	ldr	r3, [pc, #808]	@ (10003cd0 <_vsnprintf+0x344>)
100039a6:	4682      	mov	sl, r0
100039a8:	468b      	mov	fp, r1
100039aa:	601a      	str	r2, [r3, #0]
100039ac:	2900      	cmp	r1, #0
100039ae:	d100      	bne.n	100039b2 <_vsnprintf+0x26>
100039b0:	e229      	b.n	10003e06 <_vsnprintf+0x47a>
100039b2:	2300      	movs	r3, #0
100039b4:	7838      	ldrb	r0, [r7, #0]
100039b6:	4698      	mov	r8, r3
100039b8:	2800      	cmp	r0, #0
100039ba:	d100      	bne.n	100039be <_vsnprintf+0x32>
100039bc:	e22b      	b.n	10003e16 <_vsnprintf+0x48a>
100039be:	4bc5      	ldr	r3, [pc, #788]	@ (10003cd4 <_vsnprintf+0x348>)
100039c0:	4644      	mov	r4, r8
100039c2:	930c      	str	r3, [sp, #48]	@ 0x30
100039c4:	4bc4      	ldr	r3, [pc, #784]	@ (10003cd8 <_vsnprintf+0x34c>)
100039c6:	4655      	mov	r5, sl
100039c8:	464e      	mov	r6, r9
100039ca:	930e      	str	r3, [sp, #56]	@ 0x38
100039cc:	e00a      	b.n	100039e4 <_vsnprintf+0x58>
100039ce:	1c63      	adds	r3, r4, #1
100039d0:	4698      	mov	r8, r3
100039d2:	0022      	movs	r2, r4
100039d4:	0033      	movs	r3, r6
100039d6:	4659      	mov	r1, fp
100039d8:	47a8      	blx	r5
100039da:	4644      	mov	r4, r8
100039dc:	7838      	ldrb	r0, [r7, #0]
100039de:	2800      	cmp	r0, #0
100039e0:	d100      	bne.n	100039e4 <_vsnprintf+0x58>
100039e2:	e087      	b.n	10003af4 <_vsnprintf+0x168>
100039e4:	3701      	adds	r7, #1
100039e6:	2825      	cmp	r0, #37	@ 0x25
100039e8:	d1f1      	bne.n	100039ce <_vsnprintf+0x42>
100039ea:	2308      	movs	r3, #8
100039ec:	469a      	mov	sl, r3
100039ee:	3b04      	subs	r3, #4
100039f0:	4699      	mov	r9, r3
100039f2:	3b02      	subs	r3, #2
100039f4:	4698      	mov	r8, r3
100039f6:	3b01      	subs	r3, #1
100039f8:	2200      	movs	r2, #0
100039fa:	469c      	mov	ip, r3
100039fc:	940b      	str	r4, [sp, #44]	@ 0x2c
100039fe:	7838      	ldrb	r0, [r7, #0]
10003a00:	1c79      	adds	r1, r7, #1
10003a02:	0003      	movs	r3, r0
10003a04:	3b20      	subs	r3, #32
10003a06:	b2db      	uxtb	r3, r3
10003a08:	2b10      	cmp	r3, #16
10003a0a:	d803      	bhi.n	10003a14 <_vsnprintf+0x88>
10003a0c:	9c0c      	ldr	r4, [sp, #48]	@ 0x30
10003a0e:	009b      	lsls	r3, r3, #2
10003a10:	58e3      	ldr	r3, [r4, r3]
10003a12:	469f      	mov	pc, r3
10003a14:	0003      	movs	r3, r0
10003a16:	3b30      	subs	r3, #48	@ 0x30
10003a18:	9c0b      	ldr	r4, [sp, #44]	@ 0x2c
10003a1a:	920b      	str	r2, [sp, #44]	@ 0x2c
10003a1c:	2b09      	cmp	r3, #9
10003a1e:	d93a      	bls.n	10003a96 <_vsnprintf+0x10a>
10003a20:	2300      	movs	r3, #0
10003a22:	4698      	mov	r8, r3
10003a24:	282a      	cmp	r0, #42	@ 0x2a
10003a26:	d100      	bne.n	10003a2a <_vsnprintf+0x9e>
10003a28:	e0dd      	b.n	10003be6 <_vsnprintf+0x25a>
10003a2a:	2300      	movs	r3, #0
10003a2c:	469a      	mov	sl, r3
10003a2e:	282e      	cmp	r0, #46	@ 0x2e
10003a30:	d04b      	beq.n	10003aca <_vsnprintf+0x13e>
10003a32:	0003      	movs	r3, r0
10003a34:	3b68      	subs	r3, #104	@ 0x68
10003a36:	b2db      	uxtb	r3, r3
10003a38:	2b12      	cmp	r3, #18
10003a3a:	d81e      	bhi.n	10003a7a <_vsnprintf+0xee>
10003a3c:	9a0e      	ldr	r2, [sp, #56]	@ 0x38
10003a3e:	009b      	lsls	r3, r3, #2
10003a40:	58d3      	ldr	r3, [r2, r3]
10003a42:	469f      	mov	pc, r3
10003a44:	4663      	mov	r3, ip
10003a46:	000f      	movs	r7, r1
10003a48:	431a      	orrs	r2, r3
10003a4a:	e7d8      	b.n	100039fe <_vsnprintf+0x72>
10003a4c:	4643      	mov	r3, r8
10003a4e:	000f      	movs	r7, r1
10003a50:	431a      	orrs	r2, r3
10003a52:	e7d4      	b.n	100039fe <_vsnprintf+0x72>
10003a54:	464b      	mov	r3, r9
10003a56:	000f      	movs	r7, r1
10003a58:	431a      	orrs	r2, r3
10003a5a:	e7d0      	b.n	100039fe <_vsnprintf+0x72>
10003a5c:	2310      	movs	r3, #16
10003a5e:	000f      	movs	r7, r1
10003a60:	431a      	orrs	r2, r3
10003a62:	e7cc      	b.n	100039fe <_vsnprintf+0x72>
10003a64:	4653      	mov	r3, sl
10003a66:	000f      	movs	r7, r1
10003a68:	431a      	orrs	r2, r3
10003a6a:	e7c8      	b.n	100039fe <_vsnprintf+0x72>
10003a6c:	2380      	movs	r3, #128	@ 0x80
10003a6e:	005b      	lsls	r3, r3, #1
10003a70:	9a0b      	ldr	r2, [sp, #44]	@ 0x2c
10003a72:	7878      	ldrb	r0, [r7, #1]
10003a74:	431a      	orrs	r2, r3
10003a76:	920b      	str	r2, [sp, #44]	@ 0x2c
10003a78:	3101      	adds	r1, #1
10003a7a:	000f      	movs	r7, r1
10003a7c:	2867      	cmp	r0, #103	@ 0x67
10003a7e:	d84f      	bhi.n	10003b20 <_vsnprintf+0x194>
10003a80:	2824      	cmp	r0, #36	@ 0x24
10003a82:	d9a4      	bls.n	100039ce <_vsnprintf+0x42>
10003a84:	0003      	movs	r3, r0
10003a86:	3b25      	subs	r3, #37	@ 0x25
10003a88:	b2db      	uxtb	r3, r3
10003a8a:	2b42      	cmp	r3, #66	@ 0x42
10003a8c:	d89f      	bhi.n	100039ce <_vsnprintf+0x42>
10003a8e:	4993      	ldr	r1, [pc, #588]	@ (10003cdc <_vsnprintf+0x350>)
10003a90:	009b      	lsls	r3, r3, #2
10003a92:	58cb      	ldr	r3, [r1, r3]
10003a94:	469f      	mov	pc, r3
10003a96:	2300      	movs	r3, #0
10003a98:	4698      	mov	r8, r3
10003a9a:	9b0b      	ldr	r3, [sp, #44]	@ 0x2c
10003a9c:	4647      	mov	r7, r8
10003a9e:	469c      	mov	ip, r3
10003aa0:	e000      	b.n	10003aa4 <_vsnprintf+0x118>
10003aa2:	3101      	adds	r1, #1
10003aa4:	00bb      	lsls	r3, r7, #2
10003aa6:	19db      	adds	r3, r3, r7
10003aa8:	005b      	lsls	r3, r3, #1
10003aaa:	181f      	adds	r7, r3, r0
10003aac:	7808      	ldrb	r0, [r1, #0]
10003aae:	3f30      	subs	r7, #48	@ 0x30
10003ab0:	0003      	movs	r3, r0
10003ab2:	3b30      	subs	r3, #48	@ 0x30
10003ab4:	2b09      	cmp	r3, #9
10003ab6:	d9f4      	bls.n	10003aa2 <_vsnprintf+0x116>
10003ab8:	4663      	mov	r3, ip
10003aba:	930b      	str	r3, [sp, #44]	@ 0x2c
10003abc:	2300      	movs	r3, #0
10003abe:	46b8      	mov	r8, r7
10003ac0:	469a      	mov	sl, r3
10003ac2:	000f      	movs	r7, r1
10003ac4:	3101      	adds	r1, #1
10003ac6:	282e      	cmp	r0, #46	@ 0x2e
10003ac8:	d1b3      	bne.n	10003a32 <_vsnprintf+0xa6>
10003aca:	2080      	movs	r0, #128	@ 0x80
10003acc:	9a0b      	ldr	r2, [sp, #44]	@ 0x2c
10003ace:	00c0      	lsls	r0, r0, #3
10003ad0:	4302      	orrs	r2, r0
10003ad2:	920b      	str	r2, [sp, #44]	@ 0x2c
10003ad4:	2230      	movs	r2, #48	@ 0x30
10003ad6:	4252      	negs	r2, r2
10003ad8:	4694      	mov	ip, r2
10003ada:	7878      	ldrb	r0, [r7, #1]
10003adc:	000b      	movs	r3, r1
10003ade:	4484      	add	ip, r0
10003ae0:	4662      	mov	r2, ip
10003ae2:	2a09      	cmp	r2, #9
10003ae4:	d800      	bhi.n	10003ae8 <_vsnprintf+0x15c>
10003ae6:	e1aa      	b.n	10003e3e <_vsnprintf+0x4b2>
10003ae8:	282a      	cmp	r0, #42	@ 0x2a
10003aea:	d100      	bne.n	10003aee <_vsnprintf+0x162>
10003aec:	e1b9      	b.n	10003e62 <_vsnprintf+0x4d6>
10003aee:	000f      	movs	r7, r1
10003af0:	3101      	adds	r1, #1
10003af2:	e79e      	b.n	10003a32 <_vsnprintf+0xa6>
10003af4:	46a0      	mov	r8, r4
10003af6:	46aa      	mov	sl, r5
10003af8:	46b1      	mov	r9, r6
10003afa:	45c8      	cmp	r8, r9
10003afc:	d303      	bcc.n	10003b06 <_vsnprintf+0x17a>
10003afe:	2301      	movs	r3, #1
10003b00:	425b      	negs	r3, r3
10003b02:	444b      	add	r3, r9
10003b04:	4698      	mov	r8, r3
10003b06:	464b      	mov	r3, r9
10003b08:	4642      	mov	r2, r8
10003b0a:	4659      	mov	r1, fp
10003b0c:	2000      	movs	r0, #0
10003b0e:	47d0      	blx	sl
10003b10:	0020      	movs	r0, r4
10003b12:	b025      	add	sp, #148	@ 0x94
10003b14:	bcf0      	pop	{r4, r5, r6, r7}
10003b16:	46bb      	mov	fp, r7
10003b18:	46b2      	mov	sl, r6
10003b1a:	46a9      	mov	r9, r5
10003b1c:	46a0      	mov	r8, r4
10003b1e:	bdf0      	pop	{r4, r5, r6, r7, pc}
10003b20:	0001      	movs	r1, r0
10003b22:	3969      	subs	r1, #105	@ 0x69
10003b24:	b2c9      	uxtb	r1, r1
10003b26:	290f      	cmp	r1, #15
10003b28:	d900      	bls.n	10003b2c <_vsnprintf+0x1a0>
10003b2a:	e750      	b.n	100039ce <_vsnprintf+0x42>
10003b2c:	2301      	movs	r3, #1
10003b2e:	408b      	lsls	r3, r1
10003b30:	469c      	mov	ip, r3
10003b32:	4b6b      	ldr	r3, [pc, #428]	@ (10003ce0 <_vsnprintf+0x354>)
10003b34:	4699      	mov	r9, r3
10003b36:	4663      	mov	r3, ip
10003b38:	464a      	mov	r2, r9
10003b3a:	4013      	ands	r3, r2
10003b3c:	930f      	str	r3, [sp, #60]	@ 0x3c
10003b3e:	4662      	mov	r2, ip
10003b40:	464b      	mov	r3, r9
10003b42:	421a      	tst	r2, r3
10003b44:	d000      	beq.n	10003b48 <_vsnprintf+0x1bc>
10003b46:	e168      	b.n	10003e1a <_vsnprintf+0x48e>
10003b48:	290a      	cmp	r1, #10
10003b4a:	d056      	beq.n	10003bfa <_vsnprintf+0x26e>
10003b4c:	2907      	cmp	r1, #7
10003b4e:	d000      	beq.n	10003b52 <_vsnprintf+0x1c6>
10003b50:	e73d      	b.n	100039ce <_vsnprintf+0x42>
10003b52:	9b0d      	ldr	r3, [sp, #52]	@ 0x34
10003b54:	cb02      	ldmia	r3!, {r1}
10003b56:	4698      	mov	r8, r3
10003b58:	2900      	cmp	r1, #0
10003b5a:	d000      	beq.n	10003b5e <_vsnprintf+0x1d2>
10003b5c:	e192      	b.n	10003e84 <_vsnprintf+0x4f8>
10003b5e:	9b0b      	ldr	r3, [sp, #44]	@ 0x2c
10003b60:	2110      	movs	r1, #16
10003b62:	001a      	movs	r2, r3
10003b64:	438a      	bics	r2, r1
10003b66:	0010      	movs	r0, r2
10003b68:	3111      	adds	r1, #17
10003b6a:	4308      	orrs	r0, r1
10003b6c:	4681      	mov	r9, r0
10003b6e:	2080      	movs	r0, #128	@ 0x80
10003b70:	001a      	movs	r2, r3
10003b72:	00c0      	lsls	r0, r0, #3
10003b74:	4002      	ands	r2, r0
10003b76:	0011      	movs	r1, r2
10003b78:	4203      	tst	r3, r0
10003b7a:	d11c      	bne.n	10003bb6 <_vsnprintf+0x22a>
10003b7c:	ab14      	add	r3, sp, #80	@ 0x50
10003b7e:	469c      	mov	ip, r3
10003b80:	221f      	movs	r2, #31
10003b82:	230f      	movs	r3, #15
10003b84:	4462      	add	r2, ip
10003b86:	950d      	str	r5, [sp, #52]	@ 0x34
10003b88:	469c      	mov	ip, r3
10003b8a:	0015      	movs	r5, r2
10003b8c:	9b0f      	ldr	r3, [sp, #60]	@ 0x3c
10003b8e:	940b      	str	r4, [sp, #44]	@ 0x2c
10003b90:	e002      	b.n	10003b98 <_vsnprintf+0x20c>
10003b92:	2b20      	cmp	r3, #32
10003b94:	d00c      	beq.n	10003bb0 <_vsnprintf+0x224>
10003b96:	0011      	movs	r1, r2
10003b98:	4664      	mov	r4, ip
10003b9a:	400c      	ands	r4, r1
10003b9c:	0020      	movs	r0, r4
10003b9e:	3037      	adds	r0, #55	@ 0x37
10003ba0:	2c09      	cmp	r4, #9
10003ba2:	d800      	bhi.n	10003ba6 <_vsnprintf+0x21a>
10003ba4:	3807      	subs	r0, #7
10003ba6:	3301      	adds	r3, #1
10003ba8:	54e8      	strb	r0, [r5, r3]
10003baa:	090a      	lsrs	r2, r1, #4
10003bac:	290f      	cmp	r1, #15
10003bae:	d8f0      	bhi.n	10003b92 <_vsnprintf+0x206>
10003bb0:	9c0b      	ldr	r4, [sp, #44]	@ 0x2c
10003bb2:	9d0d      	ldr	r5, [sp, #52]	@ 0x34
10003bb4:	930f      	str	r3, [sp, #60]	@ 0x3c
10003bb6:	464b      	mov	r3, r9
10003bb8:	2208      	movs	r2, #8
10003bba:	9306      	str	r3, [sp, #24]
10003bbc:	4653      	mov	r3, sl
10003bbe:	9205      	str	r2, [sp, #20]
10003bc0:	3208      	adds	r2, #8
10003bc2:	9203      	str	r2, [sp, #12]
10003bc4:	2200      	movs	r2, #0
10003bc6:	9304      	str	r3, [sp, #16]
10003bc8:	9b0f      	ldr	r3, [sp, #60]	@ 0x3c
10003bca:	9202      	str	r2, [sp, #8]
10003bcc:	9301      	str	r3, [sp, #4]
10003bce:	ab1c      	add	r3, sp, #112	@ 0x70
10003bd0:	0022      	movs	r2, r4
10003bd2:	9300      	str	r3, [sp, #0]
10003bd4:	4659      	mov	r1, fp
10003bd6:	0033      	movs	r3, r6
10003bd8:	0028      	movs	r0, r5
10003bda:	f7ff f98d 	bl	10002ef8 <_ntoa_format>
10003bde:	4643      	mov	r3, r8
10003be0:	0004      	movs	r4, r0
10003be2:	930d      	str	r3, [sp, #52]	@ 0x34
10003be4:	e6fa      	b.n	100039dc <_vsnprintf+0x50>
10003be6:	9b0d      	ldr	r3, [sp, #52]	@ 0x34
10003be8:	cb04      	ldmia	r3!, {r2}
10003bea:	4690      	mov	r8, r2
10003bec:	2a00      	cmp	r2, #0
10003bee:	db79      	blt.n	10003ce4 <_vsnprintf+0x358>
10003bf0:	7878      	ldrb	r0, [r7, #1]
10003bf2:	930d      	str	r3, [sp, #52]	@ 0x34
10003bf4:	000f      	movs	r7, r1
10003bf6:	3101      	adds	r1, #1
10003bf8:	e717      	b.n	10003a2a <_vsnprintf+0x9e>
10003bfa:	9b0d      	ldr	r3, [sp, #52]	@ 0x34
10003bfc:	cb02      	ldmia	r3!, {r1}
10003bfe:	9314      	str	r3, [sp, #80]	@ 0x50
10003c00:	780b      	ldrb	r3, [r1, #0]
10003c02:	469c      	mov	ip, r3
10003c04:	0018      	movs	r0, r3
10003c06:	4653      	mov	r3, sl
10003c08:	2b00      	cmp	r3, #0
10003c0a:	d100      	bne.n	10003c0e <_vsnprintf+0x282>
10003c0c:	e134      	b.n	10003e78 <_vsnprintf+0x4ec>
10003c0e:	2800      	cmp	r0, #0
10003c10:	d015      	beq.n	10003c3e <_vsnprintf+0x2b2>
10003c12:	4653      	mov	r3, sl
10003c14:	3b01      	subs	r3, #1
10003c16:	3301      	adds	r3, #1
10003c18:	4699      	mov	r9, r3
10003c1a:	940d      	str	r4, [sp, #52]	@ 0x34
10003c1c:	9c0b      	ldr	r4, [sp, #44]	@ 0x2c
10003c1e:	4489      	add	r9, r1
10003c20:	464a      	mov	r2, r9
10003c22:	000b      	movs	r3, r1
10003c24:	46a1      	mov	r9, r4
10003c26:	e001      	b.n	10003c2c <_vsnprintf+0x2a0>
10003c28:	4293      	cmp	r3, r2
10003c2a:	d003      	beq.n	10003c34 <_vsnprintf+0x2a8>
10003c2c:	785c      	ldrb	r4, [r3, #1]
10003c2e:	3301      	adds	r3, #1
10003c30:	2c00      	cmp	r4, #0
10003c32:	d1f9      	bne.n	10003c28 <_vsnprintf+0x29c>
10003c34:	464a      	mov	r2, r9
10003c36:	1a5b      	subs	r3, r3, r1
10003c38:	9c0d      	ldr	r4, [sp, #52]	@ 0x34
10003c3a:	920b      	str	r2, [sp, #44]	@ 0x2c
10003c3c:	930f      	str	r3, [sp, #60]	@ 0x3c
10003c3e:	2380      	movs	r3, #128	@ 0x80
10003c40:	00db      	lsls	r3, r3, #3
10003c42:	4699      	mov	r9, r3
10003c44:	9a0b      	ldr	r2, [sp, #44]	@ 0x2c
10003c46:	4013      	ands	r3, r2
10003c48:	930d      	str	r3, [sp, #52]	@ 0x34
10003c4a:	464b      	mov	r3, r9
10003c4c:	421a      	tst	r2, r3
10003c4e:	d004      	beq.n	10003c5a <_vsnprintf+0x2ce>
10003c50:	9b0f      	ldr	r3, [sp, #60]	@ 0x3c
10003c52:	4553      	cmp	r3, sl
10003c54:	d901      	bls.n	10003c5a <_vsnprintf+0x2ce>
10003c56:	4653      	mov	r3, sl
10003c58:	930f      	str	r3, [sp, #60]	@ 0x3c
10003c5a:	2302      	movs	r3, #2
10003c5c:	4699      	mov	r9, r3
10003c5e:	9a0b      	ldr	r2, [sp, #44]	@ 0x2c
10003c60:	4013      	ands	r3, r2
10003c62:	930b      	str	r3, [sp, #44]	@ 0x2c
10003c64:	464b      	mov	r3, r9
10003c66:	4213      	tst	r3, r2
10003c68:	d100      	bne.n	10003c6c <_vsnprintf+0x2e0>
10003c6a:	e1f5      	b.n	10004058 <_vsnprintf+0x6cc>
10003c6c:	4663      	mov	r3, ip
10003c6e:	2b00      	cmp	r3, #0
10003c70:	d100      	bne.n	10003c74 <_vsnprintf+0x2e8>
10003c72:	e1d6      	b.n	10004022 <_vsnprintf+0x696>
10003c74:	9b0d      	ldr	r3, [sp, #52]	@ 0x34
10003c76:	2b00      	cmp	r3, #0
10003c78:	d100      	bne.n	10003c7c <_vsnprintf+0x2f0>
10003c7a:	e182      	b.n	10003f82 <_vsnprintf+0x5f6>
10003c7c:	1b0b      	subs	r3, r1, r4
10003c7e:	46d1      	mov	r9, sl
10003c80:	0031      	movs	r1, r6
10003c82:	469a      	mov	sl, r3
10003c84:	003b      	movs	r3, r7
10003c86:	44a1      	add	r9, r4
10003c88:	002e      	movs	r6, r5
10003c8a:	465f      	mov	r7, fp
10003c8c:	464d      	mov	r5, r9
10003c8e:	0022      	movs	r2, r4
10003c90:	469b      	mov	fp, r3
10003c92:	4689      	mov	r9, r1
10003c94:	e009      	b.n	10003caa <_vsnprintf+0x31e>
10003c96:	464b      	mov	r3, r9
10003c98:	0039      	movs	r1, r7
10003c9a:	1c54      	adds	r4, r2, #1
10003c9c:	47b0      	blx	r6
10003c9e:	4653      	mov	r3, sl
10003ca0:	5d18      	ldrb	r0, [r3, r4]
10003ca2:	2800      	cmp	r0, #0
10003ca4:	d100      	bne.n	10003ca8 <_vsnprintf+0x31c>
10003ca6:	e192      	b.n	10003fce <_vsnprintf+0x642>
10003ca8:	0022      	movs	r2, r4
10003caa:	4295      	cmp	r5, r2
10003cac:	d1f3      	bne.n	10003c96 <_vsnprintf+0x30a>
10003cae:	464b      	mov	r3, r9
10003cb0:	465a      	mov	r2, fp
10003cb2:	46a9      	mov	r9, r5
10003cb4:	46bb      	mov	fp, r7
10003cb6:	0035      	movs	r5, r6
10003cb8:	0017      	movs	r7, r2
10003cba:	001e      	movs	r6, r3
10003cbc:	464c      	mov	r4, r9
10003cbe:	9b0b      	ldr	r3, [sp, #44]	@ 0x2c
10003cc0:	2b00      	cmp	r3, #0
10003cc2:	d000      	beq.n	10003cc6 <_vsnprintf+0x33a>
10003cc4:	e1ad      	b.n	10004022 <_vsnprintf+0x696>
10003cc6:	9b14      	ldr	r3, [sp, #80]	@ 0x50
10003cc8:	930d      	str	r3, [sp, #52]	@ 0x34
10003cca:	e687      	b.n	100039dc <_vsnprintf+0x50>
10003ccc:	1000398d 	.word	0x1000398d
10003cd0:	20002348 	.word	0x20002348
10003cd4:	10007d44 	.word	0x10007d44
10003cd8:	10007d88 	.word	0x10007d88
10003cdc:	10007dd4 	.word	0x10007dd4
10003ce0:	00009041 	.word	0x00009041
10003ce4:	9a0b      	ldr	r2, [sp, #44]	@ 0x2c
10003ce6:	3828      	subs	r0, #40	@ 0x28
10003ce8:	4302      	orrs	r2, r0
10003cea:	920b      	str	r2, [sp, #44]	@ 0x2c
10003cec:	4642      	mov	r2, r8
10003cee:	4252      	negs	r2, r2
10003cf0:	7878      	ldrb	r0, [r7, #1]
10003cf2:	4690      	mov	r8, r2
10003cf4:	000f      	movs	r7, r1
10003cf6:	930d      	str	r3, [sp, #52]	@ 0x34
10003cf8:	3101      	adds	r1, #1
10003cfa:	e696      	b.n	10003a2a <_vsnprintf+0x9e>
10003cfc:	7878      	ldrb	r0, [r7, #1]
10003cfe:	286c      	cmp	r0, #108	@ 0x6c
10003d00:	d100      	bne.n	10003d04 <_vsnprintf+0x378>
10003d02:	e15d      	b.n	10003fc0 <_vsnprintf+0x634>
10003d04:	2380      	movs	r3, #128	@ 0x80
10003d06:	9a0b      	ldr	r2, [sp, #44]	@ 0x2c
10003d08:	005b      	lsls	r3, r3, #1
10003d0a:	431a      	orrs	r2, r3
10003d0c:	920b      	str	r2, [sp, #44]	@ 0x2c
10003d0e:	3101      	adds	r1, #1
10003d10:	e6b3      	b.n	10003a7a <_vsnprintf+0xee>
10003d12:	2380      	movs	r3, #128	@ 0x80
10003d14:	009b      	lsls	r3, r3, #2
10003d16:	e6ab      	b.n	10003a70 <_vsnprintf+0xe4>
10003d18:	7878      	ldrb	r0, [r7, #1]
10003d1a:	2868      	cmp	r0, #104	@ 0x68
10003d1c:	d100      	bne.n	10003d20 <_vsnprintf+0x394>
10003d1e:	e148      	b.n	10003fb2 <_vsnprintf+0x626>
10003d20:	2380      	movs	r3, #128	@ 0x80
10003d22:	9a0b      	ldr	r2, [sp, #44]	@ 0x2c
10003d24:	3101      	adds	r1, #1
10003d26:	431a      	orrs	r2, r3
10003d28:	920b      	str	r2, [sp, #44]	@ 0x2c
10003d2a:	e6a6      	b.n	10003a7a <_vsnprintf+0xee>
10003d2c:	2867      	cmp	r0, #103	@ 0x67
10003d2e:	d100      	bne.n	10003d32 <_vsnprintf+0x3a6>
10003d30:	e0b2      	b.n	10003e98 <_vsnprintf+0x50c>
10003d32:	2847      	cmp	r0, #71	@ 0x47
10003d34:	d100      	bne.n	10003d38 <_vsnprintf+0x3ac>
10003d36:	e11a      	b.n	10003f6e <_vsnprintf+0x5e2>
10003d38:	2845      	cmp	r0, #69	@ 0x45
10003d3a:	d100      	bne.n	10003d3e <_vsnprintf+0x3b2>
10003d3c:	e11c      	b.n	10003f78 <_vsnprintf+0x5ec>
10003d3e:	9a0b      	ldr	r2, [sp, #44]	@ 0x2c
10003d40:	2107      	movs	r1, #7
10003d42:	9204      	str	r2, [sp, #16]
10003d44:	4642      	mov	r2, r8
10003d46:	9b0d      	ldr	r3, [sp, #52]	@ 0x34
10003d48:	9203      	str	r2, [sp, #12]
10003d4a:	3307      	adds	r3, #7
10003d4c:	4652      	mov	r2, sl
10003d4e:	438b      	bics	r3, r1
10003d50:	0019      	movs	r1, r3
10003d52:	9202      	str	r2, [sp, #8]
10003d54:	c90c      	ldmia	r1!, {r2, r3}
10003d56:	0028      	movs	r0, r5
10003d58:	9200      	str	r2, [sp, #0]
10003d5a:	9301      	str	r3, [sp, #4]
10003d5c:	910d      	str	r1, [sp, #52]	@ 0x34
10003d5e:	0022      	movs	r2, r4
10003d60:	0033      	movs	r3, r6
10003d62:	4659      	mov	r1, fp
10003d64:	f7ff fa00 	bl	10003168 <_etoa>
10003d68:	0004      	movs	r4, r0
10003d6a:	e637      	b.n	100039dc <_vsnprintf+0x50>
10003d6c:	2846      	cmp	r0, #70	@ 0x46
10003d6e:	d100      	bne.n	10003d72 <_vsnprintf+0x3e6>
10003d70:	e08d      	b.n	10003e8e <_vsnprintf+0x502>
10003d72:	9a0b      	ldr	r2, [sp, #44]	@ 0x2c
10003d74:	2107      	movs	r1, #7
10003d76:	9204      	str	r2, [sp, #16]
10003d78:	4642      	mov	r2, r8
10003d7a:	9b0d      	ldr	r3, [sp, #52]	@ 0x34
10003d7c:	9203      	str	r2, [sp, #12]
10003d7e:	3307      	adds	r3, #7
10003d80:	4652      	mov	r2, sl
10003d82:	438b      	bics	r3, r1
10003d84:	0019      	movs	r1, r3
10003d86:	9202      	str	r2, [sp, #8]
10003d88:	c90c      	ldmia	r1!, {r2, r3}
10003d8a:	0028      	movs	r0, r5
10003d8c:	9200      	str	r2, [sp, #0]
10003d8e:	9301      	str	r3, [sp, #4]
10003d90:	910d      	str	r1, [sp, #52]	@ 0x34
10003d92:	0022      	movs	r2, r4
10003d94:	0033      	movs	r3, r6
10003d96:	4659      	mov	r1, fp
10003d98:	f7ff fc18 	bl	100035cc <_ftoa>
10003d9c:	0004      	movs	r4, r0
10003d9e:	e61d      	b.n	100039dc <_vsnprintf+0x50>
10003da0:	1c63      	adds	r3, r4, #1
10003da2:	4698      	mov	r8, r3
10003da4:	0022      	movs	r2, r4
10003da6:	0033      	movs	r3, r6
10003da8:	4659      	mov	r1, fp
10003daa:	2025      	movs	r0, #37	@ 0x25
10003dac:	47a8      	blx	r5
10003dae:	4644      	mov	r4, r8
10003db0:	e614      	b.n	100039dc <_vsnprintf+0x50>
10003db2:	9b0d      	ldr	r3, [sp, #52]	@ 0x34
10003db4:	3304      	adds	r3, #4
10003db6:	930f      	str	r3, [sp, #60]	@ 0x3c
10003db8:	1c63      	adds	r3, r4, #1
10003dba:	4699      	mov	r9, r3
10003dbc:	9b0b      	ldr	r3, [sp, #44]	@ 0x2c
10003dbe:	079a      	lsls	r2, r3, #30
10003dc0:	d400      	bmi.n	10003dc4 <_vsnprintf+0x438>
10003dc2:	e10a      	b.n	10003fda <_vsnprintf+0x64e>
10003dc4:	9b0d      	ldr	r3, [sp, #52]	@ 0x34
10003dc6:	0022      	movs	r2, r4
10003dc8:	7818      	ldrb	r0, [r3, #0]
10003dca:	4659      	mov	r1, fp
10003dcc:	0033      	movs	r3, r6
10003dce:	47a8      	blx	r5
10003dd0:	4643      	mov	r3, r8
10003dd2:	4444      	add	r4, r8
10003dd4:	2b01      	cmp	r3, #1
10003dd6:	d800      	bhi.n	10003dda <_vsnprintf+0x44e>
10003dd8:	e16f      	b.n	100040ba <_vsnprintf+0x72e>
10003dda:	46b0      	mov	r8, r6
10003ddc:	002e      	movs	r6, r5
10003dde:	0025      	movs	r5, r4
10003de0:	464c      	mov	r4, r9
10003de2:	46b9      	mov	r9, r7
10003de4:	465f      	mov	r7, fp
10003de6:	0022      	movs	r2, r4
10003de8:	4643      	mov	r3, r8
10003dea:	3401      	adds	r4, #1
10003dec:	0039      	movs	r1, r7
10003dee:	2020      	movs	r0, #32
10003df0:	47b0      	blx	r6
10003df2:	42ac      	cmp	r4, r5
10003df4:	d1f7      	bne.n	10003de6 <_vsnprintf+0x45a>
10003df6:	002c      	movs	r4, r5
10003df8:	46bb      	mov	fp, r7
10003dfa:	0035      	movs	r5, r6
10003dfc:	464f      	mov	r7, r9
10003dfe:	4646      	mov	r6, r8
10003e00:	9b0f      	ldr	r3, [sp, #60]	@ 0x3c
10003e02:	930d      	str	r3, [sp, #52]	@ 0x34
10003e04:	e5ea      	b.n	100039dc <_vsnprintf+0x50>
10003e06:	4bd6      	ldr	r3, [pc, #856]	@ (10004160 <_vsnprintf+0x7d4>)
10003e08:	7838      	ldrb	r0, [r7, #0]
10003e0a:	469a      	mov	sl, r3
10003e0c:	2300      	movs	r3, #0
10003e0e:	4698      	mov	r8, r3
10003e10:	2800      	cmp	r0, #0
10003e12:	d000      	beq.n	10003e16 <_vsnprintf+0x48a>
10003e14:	e5d3      	b.n	100039be <_vsnprintf+0x32>
10003e16:	2400      	movs	r4, #0
10003e18:	e66f      	b.n	10003afa <_vsnprintf+0x16e>
10003e1a:	286f      	cmp	r0, #111	@ 0x6f
10003e1c:	d042      	beq.n	10003ea4 <_vsnprintf+0x518>
10003e1e:	d800      	bhi.n	10003e22 <_vsnprintf+0x496>
10003e20:	e1fd      	b.n	1000421e <_vsnprintf+0x892>
10003e22:	2310      	movs	r3, #16
10003e24:	2878      	cmp	r0, #120	@ 0x78
10003e26:	d100      	bne.n	10003e2a <_vsnprintf+0x49e>
10003e28:	e09b      	b.n	10003f62 <_vsnprintf+0x5d6>
10003e2a:	9a0b      	ldr	r2, [sp, #44]	@ 0x2c
10003e2c:	439a      	bics	r2, r3
10003e2e:	920b      	str	r2, [sp, #44]	@ 0x2c
10003e30:	230a      	movs	r3, #10
10003e32:	469c      	mov	ip, r3
10003e34:	2300      	movs	r3, #0
10003e36:	9314      	str	r3, [sp, #80]	@ 0x50
10003e38:	330a      	adds	r3, #10
10003e3a:	930f      	str	r3, [sp, #60]	@ 0x3c
10003e3c:	e038      	b.n	10003eb0 <_vsnprintf+0x524>
10003e3e:	4657      	mov	r7, sl
10003e40:	9a0b      	ldr	r2, [sp, #44]	@ 0x2c
10003e42:	00b9      	lsls	r1, r7, #2
10003e44:	19c9      	adds	r1, r1, r7
10003e46:	0049      	lsls	r1, r1, #1
10003e48:	3301      	adds	r3, #1
10003e4a:	180f      	adds	r7, r1, r0
10003e4c:	7818      	ldrb	r0, [r3, #0]
10003e4e:	3f30      	subs	r7, #48	@ 0x30
10003e50:	0001      	movs	r1, r0
10003e52:	3930      	subs	r1, #48	@ 0x30
10003e54:	2909      	cmp	r1, #9
10003e56:	d9f4      	bls.n	10003e42 <_vsnprintf+0x4b6>
10003e58:	46ba      	mov	sl, r7
10003e5a:	920b      	str	r2, [sp, #44]	@ 0x2c
10003e5c:	001f      	movs	r7, r3
10003e5e:	1c59      	adds	r1, r3, #1
10003e60:	e5e7      	b.n	10003a32 <_vsnprintf+0xa6>
10003e62:	9b0d      	ldr	r3, [sp, #52]	@ 0x34
10003e64:	78b8      	ldrb	r0, [r7, #2]
10003e66:	cb04      	ldmia	r3!, {r2}
10003e68:	3702      	adds	r7, #2
10003e6a:	43d1      	mvns	r1, r2
10003e6c:	17c9      	asrs	r1, r1, #31
10003e6e:	400a      	ands	r2, r1
10003e70:	4692      	mov	sl, r2
10003e72:	930d      	str	r3, [sp, #52]	@ 0x34
10003e74:	1c79      	adds	r1, r7, #1
10003e76:	e5dc      	b.n	10003a32 <_vsnprintf+0xa6>
10003e78:	2800      	cmp	r0, #0
10003e7a:	d100      	bne.n	10003e7e <_vsnprintf+0x4f2>
10003e7c:	e6df      	b.n	10003c3e <_vsnprintf+0x2b2>
10003e7e:	2302      	movs	r3, #2
10003e80:	425b      	negs	r3, r3
10003e82:	e6c8      	b.n	10003c16 <_vsnprintf+0x28a>
10003e84:	2021      	movs	r0, #33	@ 0x21
10003e86:	9a0b      	ldr	r2, [sp, #44]	@ 0x2c
10003e88:	4302      	orrs	r2, r0
10003e8a:	4691      	mov	r9, r2
10003e8c:	e676      	b.n	10003b7c <_vsnprintf+0x1f0>
10003e8e:	2320      	movs	r3, #32
10003e90:	9a0b      	ldr	r2, [sp, #44]	@ 0x2c
10003e92:	431a      	orrs	r2, r3
10003e94:	920b      	str	r2, [sp, #44]	@ 0x2c
10003e96:	e76c      	b.n	10003d72 <_vsnprintf+0x3e6>
10003e98:	2380      	movs	r3, #128	@ 0x80
10003e9a:	9a0b      	ldr	r2, [sp, #44]	@ 0x2c
10003e9c:	011b      	lsls	r3, r3, #4
10003e9e:	431a      	orrs	r2, r3
10003ea0:	920b      	str	r2, [sp, #44]	@ 0x2c
10003ea2:	e74c      	b.n	10003d3e <_vsnprintf+0x3b2>
10003ea4:	2308      	movs	r3, #8
10003ea6:	469c      	mov	ip, r3
10003ea8:	2300      	movs	r3, #0
10003eaa:	9314      	str	r3, [sp, #80]	@ 0x50
10003eac:	3308      	adds	r3, #8
10003eae:	930f      	str	r3, [sp, #60]	@ 0x3c
10003eb0:	980b      	ldr	r0, [sp, #44]	@ 0x2c
10003eb2:	2380      	movs	r3, #128	@ 0x80
10003eb4:	0002      	movs	r2, r0
10003eb6:	00db      	lsls	r3, r3, #3
10003eb8:	401a      	ands	r2, r3
10003eba:	0011      	movs	r1, r2
10003ebc:	0002      	movs	r2, r0
10003ebe:	4218      	tst	r0, r3
10003ec0:	d000      	beq.n	10003ec4 <_vsnprintf+0x538>
10003ec2:	e080      	b.n	10003fc6 <_vsnprintf+0x63a>
10003ec4:	230c      	movs	r3, #12
10003ec6:	439a      	bics	r2, r3
10003ec8:	0010      	movs	r0, r2
10003eca:	2380      	movs	r3, #128	@ 0x80
10003ecc:	0002      	movs	r2, r0
10003ece:	009b      	lsls	r3, r3, #2
10003ed0:	401a      	ands	r2, r3
10003ed2:	920b      	str	r2, [sp, #44]	@ 0x2c
10003ed4:	4218      	tst	r0, r3
10003ed6:	d000      	beq.n	10003eda <_vsnprintf+0x54e>
10003ed8:	e0f1      	b.n	100040be <_vsnprintf+0x732>
10003eda:	2380      	movs	r3, #128	@ 0x80
10003edc:	0002      	movs	r2, r0
10003ede:	005b      	lsls	r3, r3, #1
10003ee0:	401a      	ands	r2, r3
10003ee2:	4691      	mov	r9, r2
10003ee4:	9a0d      	ldr	r2, [sp, #52]	@ 0x34
10003ee6:	3204      	adds	r2, #4
10003ee8:	9214      	str	r2, [sp, #80]	@ 0x50
10003eea:	4218      	tst	r0, r3
10003eec:	d000      	beq.n	10003ef0 <_vsnprintf+0x564>
10003eee:	e2c3      	b.n	10004478 <_vsnprintf+0xaec>
10003ef0:	0643      	lsls	r3, r0, #25
10003ef2:	d500      	bpl.n	10003ef6 <_vsnprintf+0x56a>
10003ef4:	e0d7      	b.n	100040a6 <_vsnprintf+0x71a>
10003ef6:	0603      	lsls	r3, r0, #24
10003ef8:	d400      	bmi.n	10003efc <_vsnprintf+0x570>
10003efa:	e321      	b.n	10004540 <_vsnprintf+0xbb4>
10003efc:	9b0d      	ldr	r3, [sp, #52]	@ 0x34
10003efe:	881b      	ldrh	r3, [r3, #0]
10003f00:	9309      	str	r3, [sp, #36]	@ 0x24
10003f02:	2b00      	cmp	r3, #0
10003f04:	d000      	beq.n	10003f08 <_vsnprintf+0x57c>
10003f06:	e12d      	b.n	10004164 <_vsnprintf+0x7d8>
10003f08:	3310      	adds	r3, #16
10003f0a:	4398      	bics	r0, r3
10003f0c:	2900      	cmp	r1, #0
10003f0e:	d100      	bne.n	10003f12 <_vsnprintf+0x586>
10003f10:	e128      	b.n	10004164 <_vsnprintf+0x7d8>
10003f12:	2300      	movs	r3, #0
10003f14:	4699      	mov	r9, r3
10003f16:	4643      	mov	r3, r8
10003f18:	9305      	str	r3, [sp, #20]
10003f1a:	4653      	mov	r3, sl
10003f1c:	9304      	str	r3, [sp, #16]
10003f1e:	9b0f      	ldr	r3, [sp, #60]	@ 0x3c
10003f20:	9006      	str	r0, [sp, #24]
10003f22:	9303      	str	r3, [sp, #12]
10003f24:	2300      	movs	r3, #0
10003f26:	9302      	str	r3, [sp, #8]
10003f28:	464b      	mov	r3, r9
10003f2a:	9301      	str	r3, [sp, #4]
10003f2c:	ab1c      	add	r3, sp, #112	@ 0x70
10003f2e:	0022      	movs	r2, r4
10003f30:	9300      	str	r3, [sp, #0]
10003f32:	4659      	mov	r1, fp
10003f34:	0033      	movs	r3, r6
10003f36:	0028      	movs	r0, r5
10003f38:	f7fe ffde 	bl	10002ef8 <_ntoa_format>
10003f3c:	0004      	movs	r4, r0
10003f3e:	e6c2      	b.n	10003cc6 <_vsnprintf+0x33a>
10003f40:	2858      	cmp	r0, #88	@ 0x58
10003f42:	d009      	beq.n	10003f58 <_vsnprintf+0x5cc>
10003f44:	2862      	cmp	r0, #98	@ 0x62
10003f46:	d000      	beq.n	10003f4a <_vsnprintf+0x5be>
10003f48:	e2e3      	b.n	10004512 <_vsnprintf+0xb86>
10003f4a:	2302      	movs	r3, #2
10003f4c:	469c      	mov	ip, r3
10003f4e:	2300      	movs	r3, #0
10003f50:	9314      	str	r3, [sp, #80]	@ 0x50
10003f52:	3302      	adds	r3, #2
10003f54:	930f      	str	r3, [sp, #60]	@ 0x3c
10003f56:	e7ab      	b.n	10003eb0 <_vsnprintf+0x524>
10003f58:	2320      	movs	r3, #32
10003f5a:	9a0b      	ldr	r2, [sp, #44]	@ 0x2c
10003f5c:	431a      	orrs	r2, r3
10003f5e:	920b      	str	r2, [sp, #44]	@ 0x2c
10003f60:	3b10      	subs	r3, #16
10003f62:	469c      	mov	ip, r3
10003f64:	2300      	movs	r3, #0
10003f66:	9314      	str	r3, [sp, #80]	@ 0x50
10003f68:	3310      	adds	r3, #16
10003f6a:	930f      	str	r3, [sp, #60]	@ 0x3c
10003f6c:	e7a0      	b.n	10003eb0 <_vsnprintf+0x524>
10003f6e:	2380      	movs	r3, #128	@ 0x80
10003f70:	9a0b      	ldr	r2, [sp, #44]	@ 0x2c
10003f72:	011b      	lsls	r3, r3, #4
10003f74:	431a      	orrs	r2, r3
10003f76:	920b      	str	r2, [sp, #44]	@ 0x2c
10003f78:	2320      	movs	r3, #32
10003f7a:	9a0b      	ldr	r2, [sp, #44]	@ 0x2c
10003f7c:	431a      	orrs	r2, r3
10003f7e:	920b      	str	r2, [sp, #44]	@ 0x2c
10003f80:	e6dd      	b.n	10003d3e <_vsnprintf+0x3b2>
10003f82:	1b0b      	subs	r3, r1, r4
10003f84:	469a      	mov	sl, r3
10003f86:	9b0f      	ldr	r3, [sp, #60]	@ 0x3c
10003f88:	4699      	mov	r9, r3
10003f8a:	003b      	movs	r3, r7
10003f8c:	0037      	movs	r7, r6
10003f8e:	465e      	mov	r6, fp
10003f90:	469b      	mov	fp, r3
10003f92:	0022      	movs	r2, r4
10003f94:	003b      	movs	r3, r7
10003f96:	0031      	movs	r1, r6
10003f98:	47a8      	blx	r5
10003f9a:	4653      	mov	r3, sl
10003f9c:	3401      	adds	r4, #1
10003f9e:	5d18      	ldrb	r0, [r3, r4]
10003fa0:	2800      	cmp	r0, #0
10003fa2:	d1f6      	bne.n	10003f92 <_vsnprintf+0x606>
10003fa4:	464b      	mov	r3, r9
10003fa6:	930f      	str	r3, [sp, #60]	@ 0x3c
10003fa8:	465b      	mov	r3, fp
10003faa:	46b3      	mov	fp, r6
10003fac:	003e      	movs	r6, r7
10003fae:	001f      	movs	r7, r3
10003fb0:	e685      	b.n	10003cbe <_vsnprintf+0x332>
10003fb2:	23c0      	movs	r3, #192	@ 0xc0
10003fb4:	9a0b      	ldr	r2, [sp, #44]	@ 0x2c
10003fb6:	78b8      	ldrb	r0, [r7, #2]
10003fb8:	431a      	orrs	r2, r3
10003fba:	920b      	str	r2, [sp, #44]	@ 0x2c
10003fbc:	1cf9      	adds	r1, r7, #3
10003fbe:	e55c      	b.n	10003a7a <_vsnprintf+0xee>
10003fc0:	23c0      	movs	r3, #192	@ 0xc0
10003fc2:	009b      	lsls	r3, r3, #2
10003fc4:	e7f6      	b.n	10003fb4 <_vsnprintf+0x628>
10003fc6:	230d      	movs	r3, #13
10003fc8:	439a      	bics	r2, r3
10003fca:	0010      	movs	r0, r2
10003fcc:	e77d      	b.n	10003eca <_vsnprintf+0x53e>
10003fce:	465b      	mov	r3, fp
10003fd0:	0035      	movs	r5, r6
10003fd2:	46bb      	mov	fp, r7
10003fd4:	464e      	mov	r6, r9
10003fd6:	001f      	movs	r7, r3
10003fd8:	e671      	b.n	10003cbe <_vsnprintf+0x332>
10003fda:	4643      	mov	r3, r8
10003fdc:	2b01      	cmp	r3, #1
10003fde:	d966      	bls.n	100040ae <_vsnprintf+0x722>
10003fe0:	1e63      	subs	r3, r4, #1
10003fe2:	4443      	add	r3, r8
10003fe4:	0032      	movs	r2, r6
10003fe6:	002e      	movs	r6, r5
10003fe8:	001d      	movs	r5, r3
10003fea:	003b      	movs	r3, r7
10003fec:	46a2      	mov	sl, r4
10003fee:	465f      	mov	r7, fp
10003ff0:	4691      	mov	r9, r2
10003ff2:	469b      	mov	fp, r3
10003ff4:	0022      	movs	r2, r4
10003ff6:	464b      	mov	r3, r9
10003ff8:	3401      	adds	r4, #1
10003ffa:	0039      	movs	r1, r7
10003ffc:	2020      	movs	r0, #32
10003ffe:	47b0      	blx	r6
10004000:	42ac      	cmp	r4, r5
10004002:	d1f7      	bne.n	10003ff4 <_vsnprintf+0x668>
10004004:	465b      	mov	r3, fp
10004006:	0035      	movs	r5, r6
10004008:	46bb      	mov	fp, r7
1000400a:	464e      	mov	r6, r9
1000400c:	46a1      	mov	r9, r4
1000400e:	4654      	mov	r4, sl
10004010:	001f      	movs	r7, r3
10004012:	9b0d      	ldr	r3, [sp, #52]	@ 0x34
10004014:	464a      	mov	r2, r9
10004016:	7818      	ldrb	r0, [r3, #0]
10004018:	4659      	mov	r1, fp
1000401a:	0033      	movs	r3, r6
1000401c:	4444      	add	r4, r8
1000401e:	47a8      	blx	r5
10004020:	e6ee      	b.n	10003e00 <_vsnprintf+0x474>
10004022:	9b0f      	ldr	r3, [sp, #60]	@ 0x3c
10004024:	46a1      	mov	r9, r4
10004026:	4598      	cmp	r8, r3
10004028:	d800      	bhi.n	1000402c <_vsnprintf+0x6a0>
1000402a:	e64c      	b.n	10003cc6 <_vsnprintf+0x33a>
1000402c:	4444      	add	r4, r8
1000402e:	1ae4      	subs	r4, r4, r3
10004030:	46b0      	mov	r8, r6
10004032:	002e      	movs	r6, r5
10004034:	0025      	movs	r5, r4
10004036:	464c      	mov	r4, r9
10004038:	46b9      	mov	r9, r7
1000403a:	465f      	mov	r7, fp
1000403c:	0022      	movs	r2, r4
1000403e:	4643      	mov	r3, r8
10004040:	3401      	adds	r4, #1
10004042:	0039      	movs	r1, r7
10004044:	2020      	movs	r0, #32
10004046:	47b0      	blx	r6
10004048:	42ac      	cmp	r4, r5
1000404a:	d1f7      	bne.n	1000403c <_vsnprintf+0x6b0>
1000404c:	002c      	movs	r4, r5
1000404e:	46bb      	mov	fp, r7
10004050:	0035      	movs	r5, r6
10004052:	464f      	mov	r7, r9
10004054:	4646      	mov	r6, r8
10004056:	e636      	b.n	10003cc6 <_vsnprintf+0x33a>
10004058:	980f      	ldr	r0, [sp, #60]	@ 0x3c
1000405a:	4580      	cmp	r8, r0
1000405c:	d800      	bhi.n	10004060 <_vsnprintf+0x6d4>
1000405e:	e273      	b.n	10004548 <_vsnprintf+0xbbc>
10004060:	4643      	mov	r3, r8
10004062:	18e2      	adds	r2, r4, r3
10004064:	1a13      	subs	r3, r2, r0
10004066:	0032      	movs	r2, r6
10004068:	002e      	movs	r6, r5
1000406a:	001d      	movs	r5, r3
1000406c:	003b      	movs	r3, r7
1000406e:	4691      	mov	r9, r2
10004070:	465f      	mov	r7, fp
10004072:	469b      	mov	fp, r3
10004074:	910f      	str	r1, [sp, #60]	@ 0x3c
10004076:	0022      	movs	r2, r4
10004078:	464b      	mov	r3, r9
1000407a:	3401      	adds	r4, #1
1000407c:	0039      	movs	r1, r7
1000407e:	2020      	movs	r0, #32
10004080:	47b0      	blx	r6
10004082:	42ac      	cmp	r4, r5
10004084:	d1f7      	bne.n	10004076 <_vsnprintf+0x6ea>
10004086:	465b      	mov	r3, fp
10004088:	46bb      	mov	fp, r7
1000408a:	001f      	movs	r7, r3
1000408c:	4643      	mov	r3, r8
1000408e:	990f      	ldr	r1, [sp, #60]	@ 0x3c
10004090:	3301      	adds	r3, #1
10004092:	930f      	str	r3, [sp, #60]	@ 0x3c
10004094:	780b      	ldrb	r3, [r1, #0]
10004096:	0035      	movs	r5, r6
10004098:	469c      	mov	ip, r3
1000409a:	464e      	mov	r6, r9
1000409c:	4660      	mov	r0, ip
1000409e:	2800      	cmp	r0, #0
100040a0:	d000      	beq.n	100040a4 <_vsnprintf+0x718>
100040a2:	e5e7      	b.n	10003c74 <_vsnprintf+0x2e8>
100040a4:	e60f      	b.n	10003cc6 <_vsnprintf+0x33a>
100040a6:	9b0d      	ldr	r3, [sp, #52]	@ 0x34
100040a8:	781b      	ldrb	r3, [r3, #0]
100040aa:	9309      	str	r3, [sp, #36]	@ 0x24
100040ac:	e729      	b.n	10003f02 <_vsnprintf+0x576>
100040ae:	9b0d      	ldr	r3, [sp, #52]	@ 0x34
100040b0:	0022      	movs	r2, r4
100040b2:	7818      	ldrb	r0, [r3, #0]
100040b4:	4659      	mov	r1, fp
100040b6:	0033      	movs	r3, r6
100040b8:	47a8      	blx	r5
100040ba:	464c      	mov	r4, r9
100040bc:	e6a0      	b.n	10003e00 <_vsnprintf+0x474>
100040be:	9a0d      	ldr	r2, [sp, #52]	@ 0x34
100040c0:	3bfa      	subs	r3, #250	@ 0xfa
100040c2:	3bff      	subs	r3, #255	@ 0xff
100040c4:	3207      	adds	r2, #7
100040c6:	439a      	bics	r2, r3
100040c8:	3301      	adds	r3, #1
100040ca:	4699      	mov	r9, r3
100040cc:	4491      	add	r9, r2
100040ce:	464b      	mov	r3, r9
100040d0:	930d      	str	r3, [sp, #52]	@ 0x34
100040d2:	6813      	ldr	r3, [r2, #0]
100040d4:	6852      	ldr	r2, [r2, #4]
100040d6:	9215      	str	r2, [sp, #84]	@ 0x54
100040d8:	431a      	orrs	r2, r3
100040da:	d106      	bne.n	100040ea <_vsnprintf+0x75e>
100040dc:	3210      	adds	r2, #16
100040de:	4390      	bics	r0, r2
100040e0:	2200      	movs	r2, #0
100040e2:	9209      	str	r2, [sp, #36]	@ 0x24
100040e4:	2900      	cmp	r1, #0
100040e6:	d000      	beq.n	100040ea <_vsnprintf+0x75e>
100040e8:	e083      	b.n	100041f2 <_vsnprintf+0x866>
100040ea:	2261      	movs	r2, #97	@ 0x61
100040ec:	0681      	lsls	r1, r0, #26
100040ee:	d500      	bpl.n	100040f2 <_vsnprintf+0x766>
100040f0:	2241      	movs	r2, #65	@ 0x41
100040f2:	b2d2      	uxtb	r2, r2
100040f4:	920a      	str	r2, [sp, #40]	@ 0x28
100040f6:	aa14      	add	r2, sp, #80	@ 0x50
100040f8:	4691      	mov	r9, r2
100040fa:	9a0a      	ldr	r2, [sp, #40]	@ 0x28
100040fc:	2100      	movs	r1, #0
100040fe:	3a0a      	subs	r2, #10
10004100:	920b      	str	r2, [sp, #44]	@ 0x2c
10004102:	4642      	mov	r2, r8
10004104:	9217      	str	r2, [sp, #92]	@ 0x5c
10004106:	4652      	mov	r2, sl
10004108:	9218      	str	r2, [sp, #96]	@ 0x60
1000410a:	465a      	mov	r2, fp
1000410c:	46b2      	mov	sl, r6
1000410e:	9109      	str	r1, [sp, #36]	@ 0x24
10004110:	001e      	movs	r6, r3
10004112:	311f      	adds	r1, #31
10004114:	9b14      	ldr	r3, [sp, #80]	@ 0x50
10004116:	4449      	add	r1, r9
10004118:	46bb      	mov	fp, r7
1000411a:	9416      	str	r4, [sp, #88]	@ 0x58
1000411c:	951a      	str	r5, [sp, #104]	@ 0x68
1000411e:	2400      	movs	r4, #0
10004120:	4667      	mov	r7, ip
10004122:	4698      	mov	r8, r3
10004124:	4689      	mov	r9, r1
10004126:	9d15      	ldr	r5, [sp, #84]	@ 0x54
10004128:	9019      	str	r0, [sp, #100]	@ 0x64
1000412a:	921b      	str	r2, [sp, #108]	@ 0x6c
1000412c:	e00a      	b.n	10004144 <_vsnprintf+0x7b8>
1000412e:	3230      	adds	r2, #48	@ 0x30
10004130:	b2d2      	uxtb	r2, r2
10004132:	464b      	mov	r3, r9
10004134:	3401      	adds	r4, #1
10004136:	551a      	strb	r2, [r3, r4]
10004138:	45a8      	cmp	r8, r5
1000413a:	d04c      	beq.n	100041d6 <_vsnprintf+0x84a>
1000413c:	2c20      	cmp	r4, #32
1000413e:	d04c      	beq.n	100041da <_vsnprintf+0x84e>
10004140:	0006      	movs	r6, r0
10004142:	000d      	movs	r5, r1
10004144:	003a      	movs	r2, r7
10004146:	2300      	movs	r3, #0
10004148:	0030      	movs	r0, r6
1000414a:	0029      	movs	r1, r5
1000414c:	f7fe f828 	bl	100021a0 <__wrap___aeabi_uldivmod>
10004150:	b2d2      	uxtb	r2, r2
10004152:	2a09      	cmp	r2, #9
10004154:	d9eb      	bls.n	1000412e <_vsnprintf+0x7a2>
10004156:	9b0b      	ldr	r3, [sp, #44]	@ 0x2c
10004158:	469c      	mov	ip, r3
1000415a:	4462      	add	r2, ip
1000415c:	b2d2      	uxtb	r2, r2
1000415e:	e7e8      	b.n	10004132 <_vsnprintf+0x7a6>
10004160:	10002e49 	.word	0x10002e49
10004164:	2361      	movs	r3, #97	@ 0x61
10004166:	0682      	lsls	r2, r0, #26
10004168:	d500      	bpl.n	1000416c <_vsnprintf+0x7e0>
1000416a:	2341      	movs	r3, #65	@ 0x41
1000416c:	b2db      	uxtb	r3, r3
1000416e:	3b0a      	subs	r3, #10
10004170:	930b      	str	r3, [sp, #44]	@ 0x2c
10004172:	4643      	mov	r3, r8
10004174:	a914      	add	r1, sp, #80	@ 0x50
10004176:	221f      	movs	r2, #31
10004178:	468c      	mov	ip, r1
1000417a:	9315      	str	r3, [sp, #84]	@ 0x54
1000417c:	4653      	mov	r3, sl
1000417e:	4462      	add	r2, ip
10004180:	46b2      	mov	sl, r6
10004182:	940d      	str	r4, [sp, #52]	@ 0x34
10004184:	9717      	str	r7, [sp, #92]	@ 0x5c
10004186:	464c      	mov	r4, r9
10004188:	4680      	mov	r8, r0
1000418a:	46a9      	mov	r9, r5
1000418c:	0017      	movs	r7, r2
1000418e:	9d09      	ldr	r5, [sp, #36]	@ 0x24
10004190:	9e0f      	ldr	r6, [sp, #60]	@ 0x3c
10004192:	9316      	str	r3, [sp, #88]	@ 0x58
10004194:	e008      	b.n	100041a8 <_vsnprintf+0x81c>
10004196:	3330      	adds	r3, #48	@ 0x30
10004198:	b2db      	uxtb	r3, r3
1000419a:	3401      	adds	r4, #1
1000419c:	553b      	strb	r3, [r7, r4]
1000419e:	42b5      	cmp	r5, r6
100041a0:	d30e      	bcc.n	100041c0 <_vsnprintf+0x834>
100041a2:	2c20      	cmp	r4, #32
100041a4:	d00c      	beq.n	100041c0 <_vsnprintf+0x834>
100041a6:	0005      	movs	r5, r0
100041a8:	0031      	movs	r1, r6
100041aa:	0028      	movs	r0, r5
100041ac:	f7fd ffba 	bl	10002124 <__wrap___aeabi_uidiv>
100041b0:	b2cb      	uxtb	r3, r1
100041b2:	2909      	cmp	r1, #9
100041b4:	d9ef      	bls.n	10004196 <_vsnprintf+0x80a>
100041b6:	9a0b      	ldr	r2, [sp, #44]	@ 0x2c
100041b8:	4694      	mov	ip, r2
100041ba:	4463      	add	r3, ip
100041bc:	b2db      	uxtb	r3, r3
100041be:	e7ec      	b.n	1000419a <_vsnprintf+0x80e>
100041c0:	9b15      	ldr	r3, [sp, #84]	@ 0x54
100041c2:	4640      	mov	r0, r8
100041c4:	4698      	mov	r8, r3
100041c6:	9b16      	ldr	r3, [sp, #88]	@ 0x58
100041c8:	464d      	mov	r5, r9
100041ca:	4656      	mov	r6, sl
100041cc:	46a1      	mov	r9, r4
100041ce:	469a      	mov	sl, r3
100041d0:	9c0d      	ldr	r4, [sp, #52]	@ 0x34
100041d2:	9f17      	ldr	r7, [sp, #92]	@ 0x5c
100041d4:	e69f      	b.n	10003f16 <_vsnprintf+0x58a>
100041d6:	42b7      	cmp	r7, r6
100041d8:	d9b0      	bls.n	1000413c <_vsnprintf+0x7b0>
100041da:	9b17      	ldr	r3, [sp, #92]	@ 0x5c
100041dc:	4656      	mov	r6, sl
100041de:	4698      	mov	r8, r3
100041e0:	9b18      	ldr	r3, [sp, #96]	@ 0x60
100041e2:	465f      	mov	r7, fp
100041e4:	469a      	mov	sl, r3
100041e6:	9b1b      	ldr	r3, [sp, #108]	@ 0x6c
100041e8:	9409      	str	r4, [sp, #36]	@ 0x24
100041ea:	469b      	mov	fp, r3
100041ec:	9c16      	ldr	r4, [sp, #88]	@ 0x58
100041ee:	9819      	ldr	r0, [sp, #100]	@ 0x64
100041f0:	9d1a      	ldr	r5, [sp, #104]	@ 0x68
100041f2:	4643      	mov	r3, r8
100041f4:	9305      	str	r3, [sp, #20]
100041f6:	4653      	mov	r3, sl
100041f8:	9304      	str	r3, [sp, #16]
100041fa:	9b0f      	ldr	r3, [sp, #60]	@ 0x3c
100041fc:	9006      	str	r0, [sp, #24]
100041fe:	9303      	str	r3, [sp, #12]
10004200:	2300      	movs	r3, #0
10004202:	9302      	str	r3, [sp, #8]
10004204:	9b09      	ldr	r3, [sp, #36]	@ 0x24
10004206:	9301      	str	r3, [sp, #4]
10004208:	ab1c      	add	r3, sp, #112	@ 0x70
1000420a:	0022      	movs	r2, r4
1000420c:	9300      	str	r3, [sp, #0]
1000420e:	4659      	mov	r1, fp
10004210:	0033      	movs	r3, r6
10004212:	0028      	movs	r0, r5
10004214:	f7fe fe70 	bl	10002ef8 <_ntoa_format>
10004218:	0004      	movs	r4, r0
1000421a:	f7ff fbdf 	bl	100039dc <_vsnprintf+0x50>
1000421e:	2310      	movs	r3, #16
10004220:	9a0b      	ldr	r2, [sp, #44]	@ 0x2c
10004222:	439a      	bics	r2, r3
10004224:	920f      	str	r2, [sp, #60]	@ 0x3c
10004226:	2869      	cmp	r0, #105	@ 0x69
10004228:	d000      	beq.n	1000422c <_vsnprintf+0x8a0>
1000422a:	e191      	b.n	10004550 <_vsnprintf+0xbc4>
1000422c:	990b      	ldr	r1, [sp, #44]	@ 0x2c
1000422e:	2380      	movs	r3, #128	@ 0x80
10004230:	000a      	movs	r2, r1
10004232:	00db      	lsls	r3, r3, #3
10004234:	401a      	ands	r2, r3
10004236:	0010      	movs	r0, r2
10004238:	000a      	movs	r2, r1
1000423a:	4219      	tst	r1, r3
1000423c:	d003      	beq.n	10004246 <_vsnprintf+0x8ba>
1000423e:	2111      	movs	r1, #17
10004240:	0018      	movs	r0, r3
10004242:	438a      	bics	r2, r1
10004244:	920f      	str	r2, [sp, #60]	@ 0x3c
10004246:	9a0f      	ldr	r2, [sp, #60]	@ 0x3c
10004248:	2380      	movs	r3, #128	@ 0x80
1000424a:	0011      	movs	r1, r2
1000424c:	009b      	lsls	r3, r3, #2
1000424e:	4019      	ands	r1, r3
10004250:	468c      	mov	ip, r1
10004252:	421a      	tst	r2, r3
10004254:	d15b      	bne.n	1000430e <_vsnprintf+0x982>
10004256:	2380      	movs	r3, #128	@ 0x80
10004258:	0011      	movs	r1, r2
1000425a:	005b      	lsls	r3, r3, #1
1000425c:	4019      	ands	r1, r3
1000425e:	4689      	mov	r9, r1
10004260:	990d      	ldr	r1, [sp, #52]	@ 0x34
10004262:	3104      	adds	r1, #4
10004264:	910b      	str	r1, [sp, #44]	@ 0x2c
10004266:	421a      	tst	r2, r3
10004268:	d000      	beq.n	1000426c <_vsnprintf+0x8e0>
1000426a:	e0b2      	b.n	100043d2 <_vsnprintf+0xa46>
1000426c:	0013      	movs	r3, r2
1000426e:	065b      	lsls	r3, r3, #25
10004270:	d400      	bmi.n	10004274 <_vsnprintf+0x8e8>
10004272:	e0ed      	b.n	10004450 <_vsnprintf+0xac4>
10004274:	9b0d      	ldr	r3, [sp, #52]	@ 0x34
10004276:	781b      	ldrb	r3, [r3, #0]
10004278:	001a      	movs	r2, r3
1000427a:	0fd9      	lsrs	r1, r3, #31
1000427c:	910d      	str	r1, [sp, #52]	@ 0x34
1000427e:	2b00      	cmp	r3, #0
10004280:	d100      	bne.n	10004284 <_vsnprintf+0x8f8>
10004282:	e0a3      	b.n	100043cc <_vsnprintf+0xa40>
10004284:	0010      	movs	r0, r2
10004286:	aa14      	add	r2, sp, #80	@ 0x50
10004288:	4694      	mov	ip, r2
1000428a:	4642      	mov	r2, r8
1000428c:	231f      	movs	r3, #31
1000428e:	9215      	str	r2, [sp, #84]	@ 0x54
10004290:	4652      	mov	r2, sl
10004292:	4463      	add	r3, ip
10004294:	46a8      	mov	r8, r5
10004296:	46ba      	mov	sl, r7
10004298:	464d      	mov	r5, r9
1000429a:	9414      	str	r4, [sp, #80]	@ 0x50
1000429c:	46b1      	mov	r9, r6
1000429e:	0004      	movs	r4, r0
100042a0:	001f      	movs	r7, r3
100042a2:	9216      	str	r2, [sp, #88]	@ 0x58
100042a4:	e001      	b.n	100042aa <_vsnprintf+0x91e>
100042a6:	2d20      	cmp	r5, #32
100042a8:	d00f      	beq.n	100042ca <_vsnprintf+0x93e>
100042aa:	0020      	movs	r0, r4
100042ac:	210a      	movs	r1, #10
100042ae:	f7fd ff39 	bl	10002124 <__wrap___aeabi_uidiv>
100042b2:	3501      	adds	r5, #1
100042b4:	197e      	adds	r6, r7, r5
100042b6:	3130      	adds	r1, #48	@ 0x30
100042b8:	7031      	strb	r1, [r6, #0]
100042ba:	0020      	movs	r0, r4
100042bc:	210a      	movs	r1, #10
100042be:	f7fd ff31 	bl	10002124 <__wrap___aeabi_uidiv>
100042c2:	0026      	movs	r6, r4
100042c4:	0004      	movs	r4, r0
100042c6:	2e09      	cmp	r6, #9
100042c8:	d8ed      	bhi.n	100042a6 <_vsnprintf+0x91a>
100042ca:	9b15      	ldr	r3, [sp, #84]	@ 0x54
100042cc:	464e      	mov	r6, r9
100042ce:	46a9      	mov	r9, r5
100042d0:	4645      	mov	r5, r8
100042d2:	4698      	mov	r8, r3
100042d4:	9b16      	ldr	r3, [sp, #88]	@ 0x58
100042d6:	4657      	mov	r7, sl
100042d8:	469a      	mov	sl, r3
100042da:	9c14      	ldr	r4, [sp, #80]	@ 0x50
100042dc:	9b0f      	ldr	r3, [sp, #60]	@ 0x3c
100042de:	9306      	str	r3, [sp, #24]
100042e0:	4643      	mov	r3, r8
100042e2:	9305      	str	r3, [sp, #20]
100042e4:	4653      	mov	r3, sl
100042e6:	9304      	str	r3, [sp, #16]
100042e8:	230a      	movs	r3, #10
100042ea:	9303      	str	r3, [sp, #12]
100042ec:	9b0d      	ldr	r3, [sp, #52]	@ 0x34
100042ee:	9302      	str	r3, [sp, #8]
100042f0:	464b      	mov	r3, r9
100042f2:	9301      	str	r3, [sp, #4]
100042f4:	ab1c      	add	r3, sp, #112	@ 0x70
100042f6:	0022      	movs	r2, r4
100042f8:	9300      	str	r3, [sp, #0]
100042fa:	4659      	mov	r1, fp
100042fc:	0033      	movs	r3, r6
100042fe:	0028      	movs	r0, r5
10004300:	f7fe fdfa 	bl	10002ef8 <_ntoa_format>
10004304:	9b0b      	ldr	r3, [sp, #44]	@ 0x2c
10004306:	0004      	movs	r4, r0
10004308:	930d      	str	r3, [sp, #52]	@ 0x34
1000430a:	f7ff fb67 	bl	100039dc <_vsnprintf+0x50>
1000430e:	2207      	movs	r2, #7
10004310:	9b0d      	ldr	r3, [sp, #52]	@ 0x34
10004312:	3307      	adds	r3, #7
10004314:	4393      	bics	r3, r2
10004316:	3201      	adds	r2, #1
10004318:	4694      	mov	ip, r2
1000431a:	449c      	add	ip, r3
1000431c:	4662      	mov	r2, ip
1000431e:	920d      	str	r2, [sp, #52]	@ 0x34
10004320:	cb0c      	ldmia	r3, {r2, r3}
10004322:	0fd9      	lsrs	r1, r3, #31
10004324:	910b      	str	r1, [sp, #44]	@ 0x2c
10004326:	0011      	movs	r1, r2
10004328:	4319      	orrs	r1, r3
1000432a:	d100      	bne.n	1000432e <_vsnprintf+0x9a2>
1000432c:	e09b      	b.n	10004466 <_vsnprintf+0xada>
1000432e:	17d9      	asrs	r1, r3, #31
10004330:	9113      	str	r1, [sp, #76]	@ 0x4c
10004332:	9112      	str	r1, [sp, #72]	@ 0x48
10004334:	4051      	eors	r1, r2
10004336:	9110      	str	r1, [sp, #64]	@ 0x40
10004338:	9913      	ldr	r1, [sp, #76]	@ 0x4c
1000433a:	4059      	eors	r1, r3
1000433c:	9111      	str	r1, [sp, #68]	@ 0x44
1000433e:	9810      	ldr	r0, [sp, #64]	@ 0x40
10004340:	9911      	ldr	r1, [sp, #68]	@ 0x44
10004342:	9a12      	ldr	r2, [sp, #72]	@ 0x48
10004344:	9b13      	ldr	r3, [sp, #76]	@ 0x4c
10004346:	1a80      	subs	r0, r0, r2
10004348:	4199      	sbcs	r1, r3
1000434a:	9010      	str	r0, [sp, #64]	@ 0x40
1000434c:	9111      	str	r1, [sp, #68]	@ 0x44
1000434e:	aa14      	add	r2, sp, #80	@ 0x50
10004350:	4694      	mov	ip, r2
10004352:	4642      	mov	r2, r8
10004354:	2300      	movs	r3, #0
10004356:	9215      	str	r2, [sp, #84]	@ 0x54
10004358:	4652      	mov	r2, sl
1000435a:	4699      	mov	r9, r3
1000435c:	9216      	str	r2, [sp, #88]	@ 0x58
1000435e:	0032      	movs	r2, r6
10004360:	331f      	adds	r3, #31
10004362:	4463      	add	r3, ip
10004364:	46a8      	mov	r8, r5
10004366:	464e      	mov	r6, r9
10004368:	46ba      	mov	sl, r7
1000436a:	9414      	str	r4, [sp, #80]	@ 0x50
1000436c:	001f      	movs	r7, r3
1000436e:	9c10      	ldr	r4, [sp, #64]	@ 0x40
10004370:	9d11      	ldr	r5, [sp, #68]	@ 0x44
10004372:	4691      	mov	r9, r2
10004374:	e001      	b.n	1000437a <_vsnprintf+0x9ee>
10004376:	2e20      	cmp	r6, #32
10004378:	d010      	beq.n	1000439c <_vsnprintf+0xa10>
1000437a:	0020      	movs	r0, r4
1000437c:	0029      	movs	r1, r5
1000437e:	220a      	movs	r2, #10
10004380:	2300      	movs	r3, #0
10004382:	f7fd ff0d 	bl	100021a0 <__wrap___aeabi_uldivmod>
10004386:	3601      	adds	r6, #1
10004388:	3230      	adds	r2, #48	@ 0x30
1000438a:	002b      	movs	r3, r5
1000438c:	55ba      	strb	r2, [r7, r6]
1000438e:	000d      	movs	r5, r1
10004390:	0022      	movs	r2, r4
10004392:	0004      	movs	r4, r0
10004394:	2b00      	cmp	r3, #0
10004396:	d1ee      	bne.n	10004376 <_vsnprintf+0x9ea>
10004398:	2a09      	cmp	r2, #9
1000439a:	d8ec      	bhi.n	10004376 <_vsnprintf+0x9ea>
1000439c:	9b15      	ldr	r3, [sp, #84]	@ 0x54
1000439e:	9410      	str	r4, [sp, #64]	@ 0x40
100043a0:	9511      	str	r5, [sp, #68]	@ 0x44
100043a2:	4645      	mov	r5, r8
100043a4:	4698      	mov	r8, r3
100043a6:	464b      	mov	r3, r9
100043a8:	9a16      	ldr	r2, [sp, #88]	@ 0x58
100043aa:	46b1      	mov	r9, r6
100043ac:	4657      	mov	r7, sl
100043ae:	001e      	movs	r6, r3
100043b0:	4692      	mov	sl, r2
100043b2:	9c14      	ldr	r4, [sp, #80]	@ 0x50
100043b4:	9b0f      	ldr	r3, [sp, #60]	@ 0x3c
100043b6:	9306      	str	r3, [sp, #24]
100043b8:	4643      	mov	r3, r8
100043ba:	9305      	str	r3, [sp, #20]
100043bc:	4653      	mov	r3, sl
100043be:	9304      	str	r3, [sp, #16]
100043c0:	230a      	movs	r3, #10
100043c2:	9303      	str	r3, [sp, #12]
100043c4:	9b0b      	ldr	r3, [sp, #44]	@ 0x2c
100043c6:	9302      	str	r3, [sp, #8]
100043c8:	464b      	mov	r3, r9
100043ca:	e71c      	b.n	10004206 <_vsnprintf+0x87a>
100043cc:	2800      	cmp	r0, #0
100043ce:	d185      	bne.n	100042dc <_vsnprintf+0x950>
100043d0:	e759      	b.n	10004286 <_vsnprintf+0x8fa>
100043d2:	9b0d      	ldr	r3, [sp, #52]	@ 0x34
100043d4:	681b      	ldr	r3, [r3, #0]
100043d6:	0fda      	lsrs	r2, r3, #31
100043d8:	0011      	movs	r1, r2
100043da:	2b00      	cmp	r3, #0
100043dc:	d100      	bne.n	100043e0 <_vsnprintf+0xa54>
100043de:	e0a6      	b.n	1000452e <_vsnprintf+0xba2>
100043e0:	17da      	asrs	r2, r3, #31
100043e2:	1898      	adds	r0, r3, r2
100043e4:	4050      	eors	r0, r2
100043e6:	aa14      	add	r2, sp, #80	@ 0x50
100043e8:	4691      	mov	r9, r2
100043ea:	231f      	movs	r3, #31
100043ec:	4642      	mov	r2, r8
100043ee:	444b      	add	r3, r9
100043f0:	46a8      	mov	r8, r5
100043f2:	940d      	str	r4, [sp, #52]	@ 0x34
100043f4:	9716      	str	r7, [sp, #88]	@ 0x58
100043f6:	0004      	movs	r4, r0
100043f8:	4665      	mov	r5, ip
100043fa:	46b1      	mov	r9, r6
100043fc:	001f      	movs	r7, r3
100043fe:	9114      	str	r1, [sp, #80]	@ 0x50
10004400:	9215      	str	r2, [sp, #84]	@ 0x54
10004402:	e001      	b.n	10004408 <_vsnprintf+0xa7c>
10004404:	2d20      	cmp	r5, #32
10004406:	d00f      	beq.n	10004428 <_vsnprintf+0xa9c>
10004408:	0020      	movs	r0, r4
1000440a:	210a      	movs	r1, #10
1000440c:	f7fd fe8a 	bl	10002124 <__wrap___aeabi_uidiv>
10004410:	3501      	adds	r5, #1
10004412:	197e      	adds	r6, r7, r5
10004414:	3130      	adds	r1, #48	@ 0x30
10004416:	7031      	strb	r1, [r6, #0]
10004418:	0020      	movs	r0, r4
1000441a:	210a      	movs	r1, #10
1000441c:	f7fd fe82 	bl	10002124 <__wrap___aeabi_uidiv>
10004420:	0026      	movs	r6, r4
10004422:	0004      	movs	r4, r0
10004424:	2e09      	cmp	r6, #9
10004426:	d8ed      	bhi.n	10004404 <_vsnprintf+0xa78>
10004428:	9b15      	ldr	r3, [sp, #84]	@ 0x54
1000442a:	46ac      	mov	ip, r5
1000442c:	4645      	mov	r5, r8
1000442e:	4698      	mov	r8, r3
10004430:	9b14      	ldr	r3, [sp, #80]	@ 0x50
10004432:	464e      	mov	r6, r9
10004434:	0019      	movs	r1, r3
10004436:	9c0d      	ldr	r4, [sp, #52]	@ 0x34
10004438:	9f16      	ldr	r7, [sp, #88]	@ 0x58
1000443a:	9b0f      	ldr	r3, [sp, #60]	@ 0x3c
1000443c:	9102      	str	r1, [sp, #8]
1000443e:	9306      	str	r3, [sp, #24]
10004440:	4643      	mov	r3, r8
10004442:	9305      	str	r3, [sp, #20]
10004444:	4653      	mov	r3, sl
10004446:	9304      	str	r3, [sp, #16]
10004448:	230a      	movs	r3, #10
1000444a:	9303      	str	r3, [sp, #12]
1000444c:	4663      	mov	r3, ip
1000444e:	e750      	b.n	100042f2 <_vsnprintf+0x966>
10004450:	0013      	movs	r3, r2
10004452:	061b      	lsls	r3, r3, #24
10004454:	d56e      	bpl.n	10004534 <_vsnprintf+0xba8>
10004456:	9b0d      	ldr	r3, [sp, #52]	@ 0x34
10004458:	2200      	movs	r2, #0
1000445a:	5e9b      	ldrsh	r3, [r3, r2]
1000445c:	17d9      	asrs	r1, r3, #31
1000445e:	185a      	adds	r2, r3, r1
10004460:	404a      	eors	r2, r1
10004462:	b292      	uxth	r2, r2
10004464:	e709      	b.n	1000427a <_vsnprintf+0x8ee>
10004466:	2300      	movs	r3, #0
10004468:	4699      	mov	r9, r3
1000446a:	2800      	cmp	r0, #0
1000446c:	d1a2      	bne.n	100043b4 <_vsnprintf+0xa28>
1000446e:	2200      	movs	r2, #0
10004470:	2300      	movs	r3, #0
10004472:	9210      	str	r2, [sp, #64]	@ 0x40
10004474:	9311      	str	r3, [sp, #68]	@ 0x44
10004476:	e76a      	b.n	1000434e <_vsnprintf+0x9c2>
10004478:	9b0d      	ldr	r3, [sp, #52]	@ 0x34
1000447a:	681b      	ldr	r3, [r3, #0]
1000447c:	4699      	mov	r9, r3
1000447e:	2b00      	cmp	r3, #0
10004480:	d103      	bne.n	1000448a <_vsnprintf+0xafe>
10004482:	3310      	adds	r3, #16
10004484:	4398      	bics	r0, r3
10004486:	2900      	cmp	r1, #0
10004488:	d138      	bne.n	100044fc <_vsnprintf+0xb70>
1000448a:	2361      	movs	r3, #97	@ 0x61
1000448c:	0682      	lsls	r2, r0, #26
1000448e:	d500      	bpl.n	10004492 <_vsnprintf+0xb06>
10004490:	2341      	movs	r3, #65	@ 0x41
10004492:	b2db      	uxtb	r3, r3
10004494:	3b0a      	subs	r3, #10
10004496:	930d      	str	r3, [sp, #52]	@ 0x34
10004498:	4643      	mov	r3, r8
1000449a:	9316      	str	r3, [sp, #88]	@ 0x58
1000449c:	4653      	mov	r3, sl
1000449e:	a914      	add	r1, sp, #80	@ 0x50
100044a0:	221f      	movs	r2, #31
100044a2:	468c      	mov	ip, r1
100044a4:	9317      	str	r3, [sp, #92]	@ 0x5c
100044a6:	002b      	movs	r3, r5
100044a8:	4462      	add	r2, ip
100044aa:	464d      	mov	r5, r9
100044ac:	46b2      	mov	sl, r6
100044ae:	9415      	str	r4, [sp, #84]	@ 0x54
100044b0:	9718      	str	r7, [sp, #96]	@ 0x60
100044b2:	4680      	mov	r8, r0
100044b4:	0017      	movs	r7, r2
100044b6:	4699      	mov	r9, r3
100044b8:	9c0b      	ldr	r4, [sp, #44]	@ 0x2c
100044ba:	9e0f      	ldr	r6, [sp, #60]	@ 0x3c
100044bc:	e008      	b.n	100044d0 <_vsnprintf+0xb44>
100044be:	3330      	adds	r3, #48	@ 0x30
100044c0:	b2db      	uxtb	r3, r3
100044c2:	3401      	adds	r4, #1
100044c4:	553b      	strb	r3, [r7, r4]
100044c6:	42b5      	cmp	r5, r6
100044c8:	d30e      	bcc.n	100044e8 <_vsnprintf+0xb5c>
100044ca:	2c20      	cmp	r4, #32
100044cc:	d00c      	beq.n	100044e8 <_vsnprintf+0xb5c>
100044ce:	0005      	movs	r5, r0
100044d0:	0031      	movs	r1, r6
100044d2:	0028      	movs	r0, r5
100044d4:	f7fd fe26 	bl	10002124 <__wrap___aeabi_uidiv>
100044d8:	b2cb      	uxtb	r3, r1
100044da:	2909      	cmp	r1, #9
100044dc:	d9ef      	bls.n	100044be <_vsnprintf+0xb32>
100044de:	9a0d      	ldr	r2, [sp, #52]	@ 0x34
100044e0:	4694      	mov	ip, r2
100044e2:	4463      	add	r3, ip
100044e4:	b2db      	uxtb	r3, r3
100044e6:	e7ec      	b.n	100044c2 <_vsnprintf+0xb36>
100044e8:	9b16      	ldr	r3, [sp, #88]	@ 0x58
100044ea:	4640      	mov	r0, r8
100044ec:	4698      	mov	r8, r3
100044ee:	9b17      	ldr	r3, [sp, #92]	@ 0x5c
100044f0:	4656      	mov	r6, sl
100044f2:	464d      	mov	r5, r9
100044f4:	469a      	mov	sl, r3
100044f6:	940b      	str	r4, [sp, #44]	@ 0x2c
100044f8:	9f18      	ldr	r7, [sp, #96]	@ 0x60
100044fa:	9c15      	ldr	r4, [sp, #84]	@ 0x54
100044fc:	4643      	mov	r3, r8
100044fe:	9305      	str	r3, [sp, #20]
10004500:	4653      	mov	r3, sl
10004502:	9304      	str	r3, [sp, #16]
10004504:	9b0f      	ldr	r3, [sp, #60]	@ 0x3c
10004506:	9006      	str	r0, [sp, #24]
10004508:	9303      	str	r3, [sp, #12]
1000450a:	2300      	movs	r3, #0
1000450c:	9302      	str	r3, [sp, #8]
1000450e:	9b0b      	ldr	r3, [sp, #44]	@ 0x2c
10004510:	e50b      	b.n	10003f2a <_vsnprintf+0x59e>
10004512:	990b      	ldr	r1, [sp, #44]	@ 0x2c
10004514:	2380      	movs	r3, #128	@ 0x80
10004516:	000a      	movs	r2, r1
10004518:	00db      	lsls	r3, r3, #3
1000451a:	401a      	ands	r2, r3
1000451c:	0010      	movs	r0, r2
1000451e:	000a      	movs	r2, r1
10004520:	4219      	tst	r1, r3
10004522:	d000      	beq.n	10004526 <_vsnprintf+0xb9a>
10004524:	e68b      	b.n	1000423e <_vsnprintf+0x8b2>
10004526:	2310      	movs	r3, #16
10004528:	439a      	bics	r2, r3
1000452a:	920f      	str	r2, [sp, #60]	@ 0x3c
1000452c:	e68b      	b.n	10004246 <_vsnprintf+0x8ba>
1000452e:	2800      	cmp	r0, #0
10004530:	d183      	bne.n	1000443a <_vsnprintf+0xaae>
10004532:	e758      	b.n	100043e6 <_vsnprintf+0xa5a>
10004534:	9b0d      	ldr	r3, [sp, #52]	@ 0x34
10004536:	681b      	ldr	r3, [r3, #0]
10004538:	17d9      	asrs	r1, r3, #31
1000453a:	185a      	adds	r2, r3, r1
1000453c:	404a      	eors	r2, r1
1000453e:	e69c      	b.n	1000427a <_vsnprintf+0x8ee>
10004540:	9b0d      	ldr	r3, [sp, #52]	@ 0x34
10004542:	681b      	ldr	r3, [r3, #0]
10004544:	9309      	str	r3, [sp, #36]	@ 0x24
10004546:	e4dc      	b.n	10003f02 <_vsnprintf+0x576>
10004548:	0003      	movs	r3, r0
1000454a:	3301      	adds	r3, #1
1000454c:	930f      	str	r3, [sp, #60]	@ 0x3c
1000454e:	e5a5      	b.n	1000409c <_vsnprintf+0x710>
10004550:	920b      	str	r2, [sp, #44]	@ 0x2c
10004552:	e46d      	b.n	10003e30 <_vsnprintf+0x4a4>

10004554 <vfctprintf>:
10004554:	b500      	push	{lr}
10004556:	b085      	sub	sp, #20
10004558:	9103      	str	r1, [sp, #12]
1000455a:	2101      	movs	r1, #1
1000455c:	9002      	str	r0, [sp, #8]
1000455e:	9300      	str	r3, [sp, #0]
10004560:	4803      	ldr	r0, [pc, #12]	@ (10004570 <vfctprintf+0x1c>)
10004562:	0013      	movs	r3, r2
10004564:	424a      	negs	r2, r1
10004566:	a902      	add	r1, sp, #8
10004568:	f7ff fa10 	bl	1000398c <_vsnprintf>
1000456c:	b005      	add	sp, #20
1000456e:	bd00      	pop	{pc}
10004570:	10003159 	.word	0x10003159

10004574 <weak_raw_vprintf>:
10004574:	b510      	push	{r4, lr}
10004576:	4a09      	ldr	r2, [pc, #36]	@ (1000459c <weak_raw_vprintf+0x28>)
10004578:	0003      	movs	r3, r0
1000457a:	6814      	ldr	r4, [r2, #0]
1000457c:	b084      	sub	sp, #16
1000457e:	2c00      	cmp	r4, #0
10004580:	d008      	beq.n	10004594 <weak_raw_vprintf+0x20>
10004582:	2201      	movs	r2, #1
10004584:	9100      	str	r1, [sp, #0]
10004586:	4806      	ldr	r0, [pc, #24]	@ (100045a0 <weak_raw_vprintf+0x2c>)
10004588:	4252      	negs	r2, r2
1000458a:	a903      	add	r1, sp, #12
1000458c:	47a0      	blx	r4
1000458e:	2001      	movs	r0, #1
10004590:	b004      	add	sp, #16
10004592:	bd10      	pop	{r4, pc}
10004594:	f000 fa5e 	bl	10004a54 <__wrap_puts>
10004598:	2000      	movs	r0, #0
1000459a:	e7f9      	b.n	10004590 <weak_raw_vprintf+0x1c>
1000459c:	20002348 	.word	0x20002348
100045a0:	10003149 	.word	0x10003149

100045a4 <_exit>:
100045a4:	be00      	bkpt	0x0000
100045a6:	e7fd      	b.n	100045a4 <_exit>

100045a8 <_fini>:
100045a8:	4770      	bx	lr
100045aa:	46c0      	nop			@ (mov r8, r8)

100045ac <_sbrk>:
100045ac:	4a09      	ldr	r2, [pc, #36]	@ (100045d4 <_sbrk+0x28>)
100045ae:	0003      	movs	r3, r0
100045b0:	6810      	ldr	r0, [r2, #0]
100045b2:	2800      	cmp	r0, #0
100045b4:	d005      	beq.n	100045c2 <_sbrk+0x16>
100045b6:	4908      	ldr	r1, [pc, #32]	@ (100045d8 <_sbrk+0x2c>)
100045b8:	18c3      	adds	r3, r0, r3
100045ba:	428b      	cmp	r3, r1
100045bc:	d807      	bhi.n	100045ce <_sbrk+0x22>
100045be:	6013      	str	r3, [r2, #0]
100045c0:	4770      	bx	lr
100045c2:	4806      	ldr	r0, [pc, #24]	@ (100045dc <_sbrk+0x30>)
100045c4:	4904      	ldr	r1, [pc, #16]	@ (100045d8 <_sbrk+0x2c>)
100045c6:	18c3      	adds	r3, r0, r3
100045c8:	6010      	str	r0, [r2, #0]
100045ca:	428b      	cmp	r3, r1
100045cc:	d9f7      	bls.n	100045be <_sbrk+0x12>
100045ce:	2001      	movs	r0, #1
100045d0:	4240      	negs	r0, r0
100045d2:	e7f5      	b.n	100045c0 <_sbrk+0x14>
100045d4:	20001f44 	.word	0x20001f44
100045d8:	20040000 	.word	0x20040000
100045dc:	200023a0 	.word	0x200023a0

100045e0 <_read>:
100045e0:	0003      	movs	r3, r0
100045e2:	b510      	push	{r4, lr}
100045e4:	0008      	movs	r0, r1
100045e6:	0011      	movs	r1, r2
100045e8:	2b00      	cmp	r3, #0
100045ea:	d105      	bne.n	100045f8 <_read+0x18>
100045ec:	4b04      	ldr	r3, [pc, #16]	@ (10004600 <_read+0x20>)
100045ee:	681a      	ldr	r2, [r3, #0]
100045f0:	685b      	ldr	r3, [r3, #4]
100045f2:	f000 f939 	bl	10004868 <stdio_get_until>
100045f6:	bd10      	pop	{r4, pc}
100045f8:	2001      	movs	r0, #1
100045fa:	4240      	negs	r0, r0
100045fc:	e7fb      	b.n	100045f6 <_read+0x16>
100045fe:	46c0      	nop			@ (mov r8, r8)
10004600:	10007ce8 	.word	0x10007ce8

10004604 <_write>:
10004604:	0003      	movs	r3, r0
10004606:	3b01      	subs	r3, #1
10004608:	b510      	push	{r4, lr}
1000460a:	0008      	movs	r0, r1
1000460c:	0014      	movs	r4, r2
1000460e:	2b01      	cmp	r3, #1
10004610:	d806      	bhi.n	10004620 <_write+0x1c>
10004612:	2301      	movs	r3, #1
10004614:	2200      	movs	r2, #0
10004616:	0021      	movs	r1, r4
10004618:	f000 f8a6 	bl	10004768 <stdio_put_string>
1000461c:	0020      	movs	r0, r4
1000461e:	bd10      	pop	{r4, pc}
10004620:	2001      	movs	r0, #1
10004622:	4240      	negs	r0, r0
10004624:	e7fb      	b.n	1000461e <_write+0x1a>
10004626:	46c0      	nop			@ (mov r8, r8)

10004628 <_close>:
10004628:	2001      	movs	r0, #1
1000462a:	4240      	negs	r0, r0
1000462c:	4770      	bx	lr
1000462e:	46c0      	nop			@ (mov r8, r8)

10004630 <_lseek>:
10004630:	2001      	movs	r0, #1
10004632:	4240      	negs	r0, r0
10004634:	4770      	bx	lr
10004636:	46c0      	nop			@ (mov r8, r8)

10004638 <exit>:
10004638:	b510      	push	{r4, lr}
1000463a:	f7ff ffb3 	bl	100045a4 <_exit>
1000463e:	46c0      	nop			@ (mov r8, r8)

10004640 <runtime_init>:
10004640:	b570      	push	{r4, r5, r6, lr}
10004642:	f7fd fc23 	bl	10001e8c <runtime_run_initializers>
10004646:	4d07      	ldr	r5, [pc, #28]	@ (10004664 <runtime_init+0x24>)
10004648:	4e07      	ldr	r6, [pc, #28]	@ (10004668 <runtime_init+0x28>)
1000464a:	42b5      	cmp	r5, r6
1000464c:	d209      	bcs.n	10004662 <runtime_init+0x22>
1000464e:	2400      	movs	r4, #0
10004650:	3e01      	subs	r6, #1
10004652:	1b76      	subs	r6, r6, r5
10004654:	08b6      	lsrs	r6, r6, #2
10004656:	cd08      	ldmia	r5!, {r3}
10004658:	4798      	blx	r3
1000465a:	0023      	movs	r3, r4
1000465c:	3401      	adds	r4, #1
1000465e:	42b3      	cmp	r3, r6
10004660:	d1f9      	bne.n	10004656 <runtime_init+0x16>
10004662:	bd70      	pop	{r4, r5, r6, pc}
10004664:	10007a94 	.word	0x10007a94
10004668:	10007a98 	.word	0x10007a98

1000466c <stdio_out_chars_no_crlf>:
1000466c:	0003      	movs	r3, r0
1000466e:	b510      	push	{r4, lr}
10004670:	0008      	movs	r0, r1
10004672:	0011      	movs	r1, r2
10004674:	681b      	ldr	r3, [r3, #0]
10004676:	4798      	blx	r3
10004678:	bd10      	pop	{r4, pc}
1000467a:	46c0      	nop			@ (mov r8, r8)

1000467c <stdio_out_chars_crlf>:
1000467c:	b5f0      	push	{r4, r5, r6, r7, lr}
1000467e:	46c6      	mov	lr, r8
10004680:	b500      	push	{lr}
10004682:	7d43      	ldrb	r3, [r0, #21]
10004684:	0007      	movs	r7, r0
10004686:	000d      	movs	r5, r1
10004688:	0016      	movs	r6, r2
1000468a:	2b00      	cmp	r3, #0
1000468c:	d038      	beq.n	10004700 <stdio_out_chars_crlf+0x84>
1000468e:	2a00      	cmp	r2, #0
10004690:	dd2e      	ble.n	100046f0 <stdio_out_chars_crlf+0x74>
10004692:	2100      	movs	r1, #0
10004694:	1e6a      	subs	r2, r5, #1
10004696:	4690      	mov	r8, r2
10004698:	5c6a      	ldrb	r2, [r5, r1]
1000469a:	7d03      	ldrb	r3, [r0, #20]
1000469c:	1c4c      	adds	r4, r1, #1
1000469e:	2000      	movs	r0, #0
100046a0:	2a0a      	cmp	r2, #10
100046a2:	d00c      	beq.n	100046be <stdio_out_chars_crlf+0x42>
100046a4:	42a6      	cmp	r6, r4
100046a6:	d016      	beq.n	100046d6 <stdio_out_chars_crlf+0x5a>
100046a8:	4643      	mov	r3, r8
100046aa:	5d1b      	ldrb	r3, [r3, r4]
100046ac:	0021      	movs	r1, r4
100046ae:	3b0d      	subs	r3, #13
100046b0:	425a      	negs	r2, r3
100046b2:	4153      	adcs	r3, r2
100046b4:	5c6a      	ldrb	r2, [r5, r1]
100046b6:	b2db      	uxtb	r3, r3
100046b8:	1c4c      	adds	r4, r1, #1
100046ba:	2a0a      	cmp	r2, #10
100046bc:	d1f2      	bne.n	100046a4 <stdio_out_chars_crlf+0x28>
100046be:	2b00      	cmp	r3, #0
100046c0:	d1f0      	bne.n	100046a4 <stdio_out_chars_crlf+0x28>
100046c2:	4288      	cmp	r0, r1
100046c4:	db17      	blt.n	100046f6 <stdio_out_chars_crlf+0x7a>
100046c6:	2102      	movs	r1, #2
100046c8:	4810      	ldr	r0, [pc, #64]	@ (1000470c <stdio_out_chars_crlf+0x90>)
100046ca:	683b      	ldr	r3, [r7, #0]
100046cc:	4798      	blx	r3
100046ce:	42a6      	cmp	r6, r4
100046d0:	d007      	beq.n	100046e2 <stdio_out_chars_crlf+0x66>
100046d2:	0020      	movs	r0, r4
100046d4:	e7e8      	b.n	100046a8 <stdio_out_chars_crlf+0x2c>
100046d6:	4286      	cmp	r6, r0
100046d8:	dd03      	ble.n	100046e2 <stdio_out_chars_crlf+0x66>
100046da:	1a31      	subs	r1, r6, r0
100046dc:	683b      	ldr	r3, [r7, #0]
100046de:	1828      	adds	r0, r5, r0
100046e0:	4798      	blx	r3
100046e2:	19ad      	adds	r5, r5, r6
100046e4:	3d01      	subs	r5, #1
100046e6:	782b      	ldrb	r3, [r5, #0]
100046e8:	3b0d      	subs	r3, #13
100046ea:	425a      	negs	r2, r3
100046ec:	4153      	adcs	r3, r2
100046ee:	753b      	strb	r3, [r7, #20]
100046f0:	bc80      	pop	{r7}
100046f2:	46b8      	mov	r8, r7
100046f4:	bdf0      	pop	{r4, r5, r6, r7, pc}
100046f6:	1a09      	subs	r1, r1, r0
100046f8:	683b      	ldr	r3, [r7, #0]
100046fa:	1828      	adds	r0, r5, r0
100046fc:	4798      	blx	r3
100046fe:	e7e2      	b.n	100046c6 <stdio_out_chars_crlf+0x4a>
10004700:	6803      	ldr	r3, [r0, #0]
10004702:	0011      	movs	r1, r2
10004704:	0028      	movs	r0, r5
10004706:	4798      	blx	r3
10004708:	e7f2      	b.n	100046f0 <stdio_out_chars_crlf+0x74>
1000470a:	46c0      	nop			@ (mov r8, r8)
1000470c:	10007f30 	.word	0x10007f30

10004710 <stdio_buffered_printer>:
10004710:	b5f8      	push	{r3, r4, r5, r6, r7, lr}
10004712:	680b      	ldr	r3, [r1, #0]
10004714:	000d      	movs	r5, r1
10004716:	1c5a      	adds	r2, r3, #1
10004718:	18cb      	adds	r3, r1, r3
1000471a:	600a      	str	r2, [r1, #0]
1000471c:	7118      	strb	r0, [r3, #4]
1000471e:	2a80      	cmp	r2, #128	@ 0x80
10004720:	d000      	beq.n	10004724 <stdio_buffered_printer+0x14>
10004722:	bdf8      	pop	{r3, r4, r5, r6, r7, pc}
10004724:	4b0e      	ldr	r3, [pc, #56]	@ (10004760 <stdio_buffered_printer+0x50>)
10004726:	681c      	ldr	r4, [r3, #0]
10004728:	2c00      	cmp	r4, #0
1000472a:	d015      	beq.n	10004758 <stdio_buffered_printer+0x48>
1000472c:	4e0d      	ldr	r6, [pc, #52]	@ (10004764 <stdio_buffered_printer+0x54>)
1000472e:	1d0f      	adds	r7, r1, #4
10004730:	e002      	b.n	10004738 <stdio_buffered_printer+0x28>
10004732:	6924      	ldr	r4, [r4, #16]
10004734:	2c00      	cmp	r4, #0
10004736:	d00f      	beq.n	10004758 <stdio_buffered_printer+0x48>
10004738:	6823      	ldr	r3, [r4, #0]
1000473a:	2b00      	cmp	r3, #0
1000473c:	d0f9      	beq.n	10004732 <stdio_buffered_printer+0x22>
1000473e:	6833      	ldr	r3, [r6, #0]
10004740:	2b00      	cmp	r3, #0
10004742:	d001      	beq.n	10004748 <stdio_buffered_printer+0x38>
10004744:	42a3      	cmp	r3, r4
10004746:	d1f4      	bne.n	10004732 <stdio_buffered_printer+0x22>
10004748:	0020      	movs	r0, r4
1000474a:	0039      	movs	r1, r7
1000474c:	682a      	ldr	r2, [r5, #0]
1000474e:	f7ff ff95 	bl	1000467c <stdio_out_chars_crlf>
10004752:	6924      	ldr	r4, [r4, #16]
10004754:	2c00      	cmp	r4, #0
10004756:	d1ef      	bne.n	10004738 <stdio_buffered_printer+0x28>
10004758:	2300      	movs	r3, #0
1000475a:	602b      	str	r3, [r5, #0]
1000475c:	e7e1      	b.n	10004722 <stdio_buffered_printer+0x12>
1000475e:	46c0      	nop			@ (mov r8, r8)
10004760:	20001f34 	.word	0x20001f34
10004764:	20001f40 	.word	0x20001f40

10004768 <stdio_put_string>:
10004768:	b5f0      	push	{r4, r5, r6, r7, lr}
1000476a:	46de      	mov	lr, fp
1000476c:	4657      	mov	r7, sl
1000476e:	464e      	mov	r6, r9
10004770:	4645      	mov	r5, r8
10004772:	b5e0      	push	{r5, r6, r7, lr}
10004774:	b085      	sub	sp, #20
10004776:	0017      	movs	r7, r2
10004778:	001c      	movs	r4, r3
1000477a:	0006      	movs	r6, r0
1000477c:	000d      	movs	r5, r1
1000477e:	f7fd f939 	bl	100019f4 <time_us_64>
10004782:	2300      	movs	r3, #0
10004784:	4a31      	ldr	r2, [pc, #196]	@ (1000484c <stdio_put_string+0xe4>)
10004786:	1812      	adds	r2, r2, r0
10004788:	414b      	adcs	r3, r1
1000478a:	2180      	movs	r1, #128	@ 0x80
1000478c:	0609      	lsls	r1, r1, #24
1000478e:	428b      	cmp	r3, r1
10004790:	d302      	bcc.n	10004798 <stdio_put_string+0x30>
10004792:	2201      	movs	r2, #1
10004794:	4b2e      	ldr	r3, [pc, #184]	@ (10004850 <stdio_put_string+0xe8>)
10004796:	4252      	negs	r2, r2
10004798:	492e      	ldr	r1, [pc, #184]	@ (10004854 <stdio_put_string+0xec>)
1000479a:	0008      	movs	r0, r1
1000479c:	468a      	mov	sl, r1
1000479e:	f003 f8fb 	bl	10007998 <__mutex_try_enter_block_until_veneer>
100047a2:	9001      	str	r0, [sp, #4]
100047a4:	1c6b      	adds	r3, r5, #1
100047a6:	d103      	bne.n	100047b0 <stdio_put_string+0x48>
100047a8:	0030      	movs	r0, r6
100047aa:	f002 ff11 	bl	100075d0 <strlen>
100047ae:	0005      	movs	r5, r0
100047b0:	2c00      	cmp	r4, #0
100047b2:	d026      	beq.n	10004802 <stdio_put_string+0x9a>
100047b4:	4b28      	ldr	r3, [pc, #160]	@ (10004858 <stdio_put_string+0xf0>)
100047b6:	4698      	mov	r8, r3
100047b8:	4b28      	ldr	r3, [pc, #160]	@ (1000485c <stdio_put_string+0xf4>)
100047ba:	681c      	ldr	r4, [r3, #0]
100047bc:	2c00      	cmp	r4, #0
100047be:	d015      	beq.n	100047ec <stdio_put_string+0x84>
100047c0:	2f00      	cmp	r7, #0
100047c2:	d121      	bne.n	10004808 <stdio_put_string+0xa0>
100047c4:	4f26      	ldr	r7, [pc, #152]	@ (10004860 <stdio_put_string+0xf8>)
100047c6:	e002      	b.n	100047ce <stdio_put_string+0x66>
100047c8:	6924      	ldr	r4, [r4, #16]
100047ca:	2c00      	cmp	r4, #0
100047cc:	d00e      	beq.n	100047ec <stdio_put_string+0x84>
100047ce:	6823      	ldr	r3, [r4, #0]
100047d0:	2b00      	cmp	r3, #0
100047d2:	d0f9      	beq.n	100047c8 <stdio_put_string+0x60>
100047d4:	683b      	ldr	r3, [r7, #0]
100047d6:	2b00      	cmp	r3, #0
100047d8:	d001      	beq.n	100047de <stdio_put_string+0x76>
100047da:	429c      	cmp	r4, r3
100047dc:	d1f4      	bne.n	100047c8 <stdio_put_string+0x60>
100047de:	0020      	movs	r0, r4
100047e0:	002a      	movs	r2, r5
100047e2:	0031      	movs	r1, r6
100047e4:	47c0      	blx	r8
100047e6:	6924      	ldr	r4, [r4, #16]
100047e8:	2c00      	cmp	r4, #0
100047ea:	d1f0      	bne.n	100047ce <stdio_put_string+0x66>
100047ec:	9b01      	ldr	r3, [sp, #4]
100047ee:	2b00      	cmp	r3, #0
100047f0:	d128      	bne.n	10004844 <stdio_put_string+0xdc>
100047f2:	0028      	movs	r0, r5
100047f4:	b005      	add	sp, #20
100047f6:	bcf0      	pop	{r4, r5, r6, r7}
100047f8:	46bb      	mov	fp, r7
100047fa:	46b2      	mov	sl, r6
100047fc:	46a9      	mov	r9, r5
100047fe:	46a0      	mov	r8, r4
10004800:	bdf0      	pop	{r4, r5, r6, r7, pc}
10004802:	4b18      	ldr	r3, [pc, #96]	@ (10004864 <stdio_put_string+0xfc>)
10004804:	4698      	mov	r8, r3
10004806:	e7d7      	b.n	100047b8 <stdio_put_string+0x50>
10004808:	4b15      	ldr	r3, [pc, #84]	@ (10004860 <stdio_put_string+0xf8>)
1000480a:	4699      	mov	r9, r3
1000480c:	ab02      	add	r3, sp, #8
1000480e:	1ddf      	adds	r7, r3, #7
10004810:	230a      	movs	r3, #10
10004812:	469b      	mov	fp, r3
10004814:	e002      	b.n	1000481c <stdio_put_string+0xb4>
10004816:	6924      	ldr	r4, [r4, #16]
10004818:	2c00      	cmp	r4, #0
1000481a:	d0e7      	beq.n	100047ec <stdio_put_string+0x84>
1000481c:	6823      	ldr	r3, [r4, #0]
1000481e:	2b00      	cmp	r3, #0
10004820:	d0f9      	beq.n	10004816 <stdio_put_string+0xae>
10004822:	464b      	mov	r3, r9
10004824:	681b      	ldr	r3, [r3, #0]
10004826:	2b00      	cmp	r3, #0
10004828:	d001      	beq.n	1000482e <stdio_put_string+0xc6>
1000482a:	42a3      	cmp	r3, r4
1000482c:	d1f3      	bne.n	10004816 <stdio_put_string+0xae>
1000482e:	002a      	movs	r2, r5
10004830:	0031      	movs	r1, r6
10004832:	0020      	movs	r0, r4
10004834:	47c0      	blx	r8
10004836:	465b      	mov	r3, fp
10004838:	2201      	movs	r2, #1
1000483a:	0039      	movs	r1, r7
1000483c:	0020      	movs	r0, r4
1000483e:	703b      	strb	r3, [r7, #0]
10004840:	47c0      	blx	r8
10004842:	e7e8      	b.n	10004816 <stdio_put_string+0xae>
10004844:	4650      	mov	r0, sl
10004846:	f003 f8f7 	bl	10007a38 <__mutex_exit_veneer>
1000484a:	e7d2      	b.n	100047f2 <stdio_put_string+0x8a>
1000484c:	000f4240 	.word	0x000f4240
10004850:	7fffffff 	.word	0x7fffffff
10004854:	20001608 	.word	0x20001608
10004858:	1000467d 	.word	0x1000467d
1000485c:	20001f34 	.word	0x20001f34
10004860:	20001f40 	.word	0x20001f40
10004864:	1000466d 	.word	0x1000466d

10004868 <stdio_get_until>:
10004868:	b5f8      	push	{r3, r4, r5, r6, r7, lr}
1000486a:	4657      	mov	r7, sl
1000486c:	464e      	mov	r6, r9
1000486e:	4645      	mov	r5, r8
10004870:	46de      	mov	lr, fp
10004872:	4698      	mov	r8, r3
10004874:	4b1a      	ldr	r3, [pc, #104]	@ (100048e0 <stdio_get_until+0x78>)
10004876:	b5e0      	push	{r5, r6, r7, lr}
10004878:	469b      	mov	fp, r3
1000487a:	4b1a      	ldr	r3, [pc, #104]	@ (100048e4 <stdio_get_until+0x7c>)
1000487c:	0007      	movs	r7, r0
1000487e:	000e      	movs	r6, r1
10004880:	4691      	mov	r9, r2
10004882:	469a      	mov	sl, r3
10004884:	4d18      	ldr	r5, [pc, #96]	@ (100048e8 <stdio_get_until+0x80>)
10004886:	465b      	mov	r3, fp
10004888:	681c      	ldr	r4, [r3, #0]
1000488a:	2c00      	cmp	r4, #0
1000488c:	d103      	bne.n	10004896 <stdio_get_until+0x2e>
1000488e:	e015      	b.n	100048bc <stdio_get_until+0x54>
10004890:	6924      	ldr	r4, [r4, #16]
10004892:	2c00      	cmp	r4, #0
10004894:	d012      	beq.n	100048bc <stdio_get_until+0x54>
10004896:	682b      	ldr	r3, [r5, #0]
10004898:	2b00      	cmp	r3, #0
1000489a:	d001      	beq.n	100048a0 <stdio_get_until+0x38>
1000489c:	42a3      	cmp	r3, r4
1000489e:	d1f7      	bne.n	10004890 <stdio_get_until+0x28>
100048a0:	68a3      	ldr	r3, [r4, #8]
100048a2:	2b00      	cmp	r3, #0
100048a4:	d0f4      	beq.n	10004890 <stdio_get_until+0x28>
100048a6:	0031      	movs	r1, r6
100048a8:	0038      	movs	r0, r7
100048aa:	4798      	blx	r3
100048ac:	2800      	cmp	r0, #0
100048ae:	ddef      	ble.n	10004890 <stdio_get_until+0x28>
100048b0:	bcf0      	pop	{r4, r5, r6, r7}
100048b2:	46bb      	mov	fp, r7
100048b4:	46b2      	mov	sl, r6
100048b6:	46a9      	mov	r9, r5
100048b8:	46a0      	mov	r8, r4
100048ba:	bdf8      	pop	{r3, r4, r5, r6, r7, pc}
100048bc:	4653      	mov	r3, sl
100048be:	6a5b      	ldr	r3, [r3, #36]	@ 0x24
100048c0:	4598      	cmp	r8, r3
100048c2:	d808      	bhi.n	100048d6 <stdio_get_until+0x6e>
100048c4:	4652      	mov	r2, sl
100048c6:	6a92      	ldr	r2, [r2, #40]	@ 0x28
100048c8:	454a      	cmp	r2, r9
100048ca:	d302      	bcc.n	100048d2 <stdio_get_until+0x6a>
100048cc:	2002      	movs	r0, #2
100048ce:	4240      	negs	r0, r0
100048d0:	e7ee      	b.n	100048b0 <stdio_get_until+0x48>
100048d2:	4598      	cmp	r8, r3
100048d4:	d1fa      	bne.n	100048cc <stdio_get_until+0x64>
100048d6:	2001      	movs	r0, #1
100048d8:	2100      	movs	r1, #0
100048da:	f7fd f895 	bl	10001a08 <busy_wait_us>
100048de:	e7d2      	b.n	10004886 <stdio_get_until+0x1e>
100048e0:	20001f34 	.word	0x20001f34
100048e4:	40054000 	.word	0x40054000
100048e8:	20001f40 	.word	0x20001f40

100048ec <stdio_set_driver_enabled>:
100048ec:	4a0a      	ldr	r2, [pc, #40]	@ (10004918 <stdio_set_driver_enabled+0x2c>)
100048ee:	6813      	ldr	r3, [r2, #0]
100048f0:	2b00      	cmp	r3, #0
100048f2:	d105      	bne.n	10004900 <stdio_set_driver_enabled+0x14>
100048f4:	e00c      	b.n	10004910 <stdio_set_driver_enabled+0x24>
100048f6:	001a      	movs	r2, r3
100048f8:	691b      	ldr	r3, [r3, #16]
100048fa:	3210      	adds	r2, #16
100048fc:	2b00      	cmp	r3, #0
100048fe:	d007      	beq.n	10004910 <stdio_set_driver_enabled+0x24>
10004900:	4298      	cmp	r0, r3
10004902:	d1f8      	bne.n	100048f6 <stdio_set_driver_enabled+0xa>
10004904:	2900      	cmp	r1, #0
10004906:	d102      	bne.n	1000490e <stdio_set_driver_enabled+0x22>
10004908:	6903      	ldr	r3, [r0, #16]
1000490a:	6013      	str	r3, [r2, #0]
1000490c:	6101      	str	r1, [r0, #16]
1000490e:	4770      	bx	lr
10004910:	2900      	cmp	r1, #0
10004912:	d0fc      	beq.n	1000490e <stdio_set_driver_enabled+0x22>
10004914:	6010      	str	r0, [r2, #0]
10004916:	e7fa      	b.n	1000490e <stdio_set_driver_enabled+0x22>
10004918:	20001f34 	.word	0x20001f34

1000491c <stdio_init_all>:
1000491c:	b510      	push	{r4, lr}
1000491e:	f000 fac9 	bl	10004eb4 <stdio_usb_init>
10004922:	bd10      	pop	{r4, pc}

10004924 <stdio_getchar_timeout_us>:
10004924:	b5f0      	push	{r4, r5, r6, r7, lr}
10004926:	46ce      	mov	lr, r9
10004928:	4647      	mov	r7, r8
1000492a:	0004      	movs	r4, r0
1000492c:	b580      	push	{r7, lr}
1000492e:	b083      	sub	sp, #12
10004930:	f7fd f860 	bl	100019f4 <time_us_64>
10004934:	0026      	movs	r6, r4
10004936:	2700      	movs	r7, #0
10004938:	2380      	movs	r3, #128	@ 0x80
1000493a:	1836      	adds	r6, r6, r0
1000493c:	414f      	adcs	r7, r1
1000493e:	061b      	lsls	r3, r3, #24
10004940:	429f      	cmp	r7, r3
10004942:	d302      	bcc.n	1000494a <stdio_getchar_timeout_us+0x26>
10004944:	2601      	movs	r6, #1
10004946:	4f19      	ldr	r7, [pc, #100]	@ (100049ac <stdio_getchar_timeout_us+0x88>)
10004948:	4276      	negs	r6, r6
1000494a:	4b19      	ldr	r3, [pc, #100]	@ (100049b0 <stdio_getchar_timeout_us+0x8c>)
1000494c:	46b9      	mov	r9, r7
1000494e:	4698      	mov	r8, r3
10004950:	4d18      	ldr	r5, [pc, #96]	@ (100049b4 <stdio_getchar_timeout_us+0x90>)
10004952:	4643      	mov	r3, r8
10004954:	681c      	ldr	r4, [r3, #0]
10004956:	2c00      	cmp	r4, #0
10004958:	d103      	bne.n	10004962 <stdio_getchar_timeout_us+0x3e>
1000495a:	e016      	b.n	1000498a <stdio_getchar_timeout_us+0x66>
1000495c:	6924      	ldr	r4, [r4, #16]
1000495e:	2c00      	cmp	r4, #0
10004960:	d013      	beq.n	1000498a <stdio_getchar_timeout_us+0x66>
10004962:	682b      	ldr	r3, [r5, #0]
10004964:	2b00      	cmp	r3, #0
10004966:	d001      	beq.n	1000496c <stdio_getchar_timeout_us+0x48>
10004968:	429c      	cmp	r4, r3
1000496a:	d1f7      	bne.n	1000495c <stdio_getchar_timeout_us+0x38>
1000496c:	68a3      	ldr	r3, [r4, #8]
1000496e:	2b00      	cmp	r3, #0
10004970:	d0f4      	beq.n	1000495c <stdio_getchar_timeout_us+0x38>
10004972:	2101      	movs	r1, #1
10004974:	a801      	add	r0, sp, #4
10004976:	4798      	blx	r3
10004978:	2800      	cmp	r0, #0
1000497a:	ddef      	ble.n	1000495c <stdio_getchar_timeout_us+0x38>
1000497c:	466b      	mov	r3, sp
1000497e:	7918      	ldrb	r0, [r3, #4]
10004980:	b003      	add	sp, #12
10004982:	bcc0      	pop	{r6, r7}
10004984:	46b9      	mov	r9, r7
10004986:	46b0      	mov	r8, r6
10004988:	bdf0      	pop	{r4, r5, r6, r7, pc}
1000498a:	4b0b      	ldr	r3, [pc, #44]	@ (100049b8 <stdio_getchar_timeout_us+0x94>)
1000498c:	6a5a      	ldr	r2, [r3, #36]	@ 0x24
1000498e:	4591      	cmp	r9, r2
10004990:	d807      	bhi.n	100049a2 <stdio_getchar_timeout_us+0x7e>
10004992:	6a9b      	ldr	r3, [r3, #40]	@ 0x28
10004994:	42b3      	cmp	r3, r6
10004996:	d302      	bcc.n	1000499e <stdio_getchar_timeout_us+0x7a>
10004998:	2002      	movs	r0, #2
1000499a:	4240      	negs	r0, r0
1000499c:	e7f0      	b.n	10004980 <stdio_getchar_timeout_us+0x5c>
1000499e:	4591      	cmp	r9, r2
100049a0:	d1fa      	bne.n	10004998 <stdio_getchar_timeout_us+0x74>
100049a2:	2001      	movs	r0, #1
100049a4:	2100      	movs	r1, #0
100049a6:	f7fd f82f 	bl	10001a08 <busy_wait_us>
100049aa:	e7d2      	b.n	10004952 <stdio_getchar_timeout_us+0x2e>
100049ac:	7fffffff 	.word	0x7fffffff
100049b0:	20001f34 	.word	0x20001f34
100049b4:	20001f40 	.word	0x20001f40
100049b8:	40054000 	.word	0x40054000

100049bc <__wrap_putchar>:
100049bc:	b5f0      	push	{r4, r5, r6, r7, lr}
100049be:	46ce      	mov	lr, r9
100049c0:	4647      	mov	r7, r8
100049c2:	b580      	push	{r7, lr}
100049c4:	b083      	sub	sp, #12
100049c6:	466b      	mov	r3, sp
100049c8:	0006      	movs	r6, r0
100049ca:	1ddd      	adds	r5, r3, #7
100049cc:	7028      	strb	r0, [r5, #0]
100049ce:	f7fd f811 	bl	100019f4 <time_us_64>
100049d2:	2300      	movs	r3, #0
100049d4:	4a1a      	ldr	r2, [pc, #104]	@ (10004a40 <__wrap_putchar+0x84>)
100049d6:	1812      	adds	r2, r2, r0
100049d8:	414b      	adcs	r3, r1
100049da:	2180      	movs	r1, #128	@ 0x80
100049dc:	0609      	lsls	r1, r1, #24
100049de:	428b      	cmp	r3, r1
100049e0:	d302      	bcc.n	100049e8 <__wrap_putchar+0x2c>
100049e2:	2201      	movs	r2, #1
100049e4:	4b17      	ldr	r3, [pc, #92]	@ (10004a44 <__wrap_putchar+0x88>)
100049e6:	4252      	negs	r2, r2
100049e8:	4917      	ldr	r1, [pc, #92]	@ (10004a48 <__wrap_putchar+0x8c>)
100049ea:	0008      	movs	r0, r1
100049ec:	4688      	mov	r8, r1
100049ee:	f002 ffd3 	bl	10007998 <__mutex_try_enter_block_until_veneer>
100049f2:	4b16      	ldr	r3, [pc, #88]	@ (10004a4c <__wrap_putchar+0x90>)
100049f4:	4681      	mov	r9, r0
100049f6:	681c      	ldr	r4, [r3, #0]
100049f8:	2c00      	cmp	r4, #0
100049fa:	d014      	beq.n	10004a26 <__wrap_putchar+0x6a>
100049fc:	4f14      	ldr	r7, [pc, #80]	@ (10004a50 <__wrap_putchar+0x94>)
100049fe:	e002      	b.n	10004a06 <__wrap_putchar+0x4a>
10004a00:	6924      	ldr	r4, [r4, #16]
10004a02:	2c00      	cmp	r4, #0
10004a04:	d00f      	beq.n	10004a26 <__wrap_putchar+0x6a>
10004a06:	6823      	ldr	r3, [r4, #0]
10004a08:	2b00      	cmp	r3, #0
10004a0a:	d0f9      	beq.n	10004a00 <__wrap_putchar+0x44>
10004a0c:	683b      	ldr	r3, [r7, #0]
10004a0e:	2b00      	cmp	r3, #0
10004a10:	d001      	beq.n	10004a16 <__wrap_putchar+0x5a>
10004a12:	429c      	cmp	r4, r3
10004a14:	d1f4      	bne.n	10004a00 <__wrap_putchar+0x44>
10004a16:	0020      	movs	r0, r4
10004a18:	2201      	movs	r2, #1
10004a1a:	0029      	movs	r1, r5
10004a1c:	f7ff fe2e 	bl	1000467c <stdio_out_chars_crlf>
10004a20:	6924      	ldr	r4, [r4, #16]
10004a22:	2c00      	cmp	r4, #0
10004a24:	d1ef      	bne.n	10004a06 <__wrap_putchar+0x4a>
10004a26:	464b      	mov	r3, r9
10004a28:	2b00      	cmp	r3, #0
10004a2a:	d105      	bne.n	10004a38 <__wrap_putchar+0x7c>
10004a2c:	0030      	movs	r0, r6
10004a2e:	b003      	add	sp, #12
10004a30:	bcc0      	pop	{r6, r7}
10004a32:	46b9      	mov	r9, r7
10004a34:	46b0      	mov	r8, r6
10004a36:	bdf0      	pop	{r4, r5, r6, r7, pc}
10004a38:	4640      	mov	r0, r8
10004a3a:	f002 fffd 	bl	10007a38 <__mutex_exit_veneer>
10004a3e:	e7f5      	b.n	10004a2c <__wrap_putchar+0x70>
10004a40:	000f4240 	.word	0x000f4240
10004a44:	7fffffff 	.word	0x7fffffff
10004a48:	20001608 	.word	0x20001608
10004a4c:	20001f34 	.word	0x20001f34
10004a50:	20001f40 	.word	0x20001f40

10004a54 <__wrap_puts>:
10004a54:	b570      	push	{r4, r5, r6, lr}
10004a56:	0004      	movs	r4, r0
10004a58:	f002 fdba 	bl	100075d0 <strlen>
10004a5c:	2301      	movs	r3, #1
10004a5e:	0001      	movs	r1, r0
10004a60:	0005      	movs	r5, r0
10004a62:	2201      	movs	r2, #1
10004a64:	0020      	movs	r0, r4
10004a66:	f7ff fe7f 	bl	10004768 <stdio_put_string>
10004a6a:	4b08      	ldr	r3, [pc, #32]	@ (10004a8c <__wrap_puts+0x38>)
10004a6c:	681c      	ldr	r4, [r3, #0]
10004a6e:	2c00      	cmp	r4, #0
10004a70:	d006      	beq.n	10004a80 <__wrap_puts+0x2c>
10004a72:	6863      	ldr	r3, [r4, #4]
10004a74:	2b00      	cmp	r3, #0
10004a76:	d005      	beq.n	10004a84 <__wrap_puts+0x30>
10004a78:	4798      	blx	r3
10004a7a:	6924      	ldr	r4, [r4, #16]
10004a7c:	2c00      	cmp	r4, #0
10004a7e:	d1f8      	bne.n	10004a72 <__wrap_puts+0x1e>
10004a80:	0028      	movs	r0, r5
10004a82:	bd70      	pop	{r4, r5, r6, pc}
10004a84:	6924      	ldr	r4, [r4, #16]
10004a86:	2c00      	cmp	r4, #0
10004a88:	d1f3      	bne.n	10004a72 <__wrap_puts+0x1e>
10004a8a:	e7f9      	b.n	10004a80 <__wrap_puts+0x2c>
10004a8c:	20001f34 	.word	0x20001f34

10004a90 <__wrap_vprintf>:
10004a90:	b5f0      	push	{r4, r5, r6, r7, lr}
10004a92:	46ce      	mov	lr, r9
10004a94:	4647      	mov	r7, r8
10004a96:	b580      	push	{r7, lr}
10004a98:	b0a3      	sub	sp, #140	@ 0x8c
10004a9a:	0004      	movs	r4, r0
10004a9c:	000d      	movs	r5, r1
10004a9e:	f7fc ffa9 	bl	100019f4 <time_us_64>
10004aa2:	2300      	movs	r3, #0
10004aa4:	4a29      	ldr	r2, [pc, #164]	@ (10004b4c <__wrap_vprintf+0xbc>)
10004aa6:	1812      	adds	r2, r2, r0
10004aa8:	414b      	adcs	r3, r1
10004aaa:	2180      	movs	r1, #128	@ 0x80
10004aac:	0609      	lsls	r1, r1, #24
10004aae:	428b      	cmp	r3, r1
10004ab0:	d302      	bcc.n	10004ab8 <__wrap_vprintf+0x28>
10004ab2:	2201      	movs	r2, #1
10004ab4:	4b26      	ldr	r3, [pc, #152]	@ (10004b50 <__wrap_vprintf+0xc0>)
10004ab6:	4252      	negs	r2, r2
10004ab8:	4f26      	ldr	r7, [pc, #152]	@ (10004b54 <__wrap_vprintf+0xc4>)
10004aba:	0038      	movs	r0, r7
10004abc:	f002 ff6c 	bl	10007998 <__mutex_try_enter_block_until_veneer>
10004ac0:	2300      	movs	r3, #0
10004ac2:	0006      	movs	r6, r0
10004ac4:	9301      	str	r3, [sp, #4]
10004ac6:	0022      	movs	r2, r4
10004ac8:	002b      	movs	r3, r5
10004aca:	4823      	ldr	r0, [pc, #140]	@ (10004b58 <__wrap_vprintf+0xc8>)
10004acc:	a901      	add	r1, sp, #4
10004ace:	f7ff fd41 	bl	10004554 <vfctprintf>
10004ad2:	9b01      	ldr	r3, [sp, #4]
10004ad4:	4680      	mov	r8, r0
10004ad6:	2b00      	cmp	r3, #0
10004ad8:	d114      	bne.n	10004b04 <__wrap_vprintf+0x74>
10004ada:	4b20      	ldr	r3, [pc, #128]	@ (10004b5c <__wrap_vprintf+0xcc>)
10004adc:	681c      	ldr	r4, [r3, #0]
10004ade:	2c00      	cmp	r4, #0
10004ae0:	d006      	beq.n	10004af0 <__wrap_vprintf+0x60>
10004ae2:	6863      	ldr	r3, [r4, #4]
10004ae4:	2b00      	cmp	r3, #0
10004ae6:	d00b      	beq.n	10004b00 <__wrap_vprintf+0x70>
10004ae8:	4798      	blx	r3
10004aea:	6924      	ldr	r4, [r4, #16]
10004aec:	2c00      	cmp	r4, #0
10004aee:	d1f8      	bne.n	10004ae2 <__wrap_vprintf+0x52>
10004af0:	2e00      	cmp	r6, #0
10004af2:	d125      	bne.n	10004b40 <__wrap_vprintf+0xb0>
10004af4:	4640      	mov	r0, r8
10004af6:	b023      	add	sp, #140	@ 0x8c
10004af8:	bcc0      	pop	{r6, r7}
10004afa:	46b9      	mov	r9, r7
10004afc:	46b0      	mov	r8, r6
10004afe:	bdf0      	pop	{r4, r5, r6, r7, pc}
10004b00:	6924      	ldr	r4, [r4, #16]
10004b02:	e7ec      	b.n	10004ade <__wrap_vprintf+0x4e>
10004b04:	4b15      	ldr	r3, [pc, #84]	@ (10004b5c <__wrap_vprintf+0xcc>)
10004b06:	681d      	ldr	r5, [r3, #0]
10004b08:	4699      	mov	r9, r3
10004b0a:	2d00      	cmp	r5, #0
10004b0c:	d01c      	beq.n	10004b48 <__wrap_vprintf+0xb8>
10004b0e:	4c14      	ldr	r4, [pc, #80]	@ (10004b60 <__wrap_vprintf+0xd0>)
10004b10:	e002      	b.n	10004b18 <__wrap_vprintf+0x88>
10004b12:	692d      	ldr	r5, [r5, #16]
10004b14:	2d00      	cmp	r5, #0
10004b16:	d00f      	beq.n	10004b38 <__wrap_vprintf+0xa8>
10004b18:	682b      	ldr	r3, [r5, #0]
10004b1a:	2b00      	cmp	r3, #0
10004b1c:	d0f9      	beq.n	10004b12 <__wrap_vprintf+0x82>
10004b1e:	6823      	ldr	r3, [r4, #0]
10004b20:	2b00      	cmp	r3, #0
10004b22:	d001      	beq.n	10004b28 <__wrap_vprintf+0x98>
10004b24:	42ab      	cmp	r3, r5
10004b26:	d1f4      	bne.n	10004b12 <__wrap_vprintf+0x82>
10004b28:	0028      	movs	r0, r5
10004b2a:	9a01      	ldr	r2, [sp, #4]
10004b2c:	a902      	add	r1, sp, #8
10004b2e:	f7ff fda5 	bl	1000467c <stdio_out_chars_crlf>
10004b32:	692d      	ldr	r5, [r5, #16]
10004b34:	2d00      	cmp	r5, #0
10004b36:	d1ef      	bne.n	10004b18 <__wrap_vprintf+0x88>
10004b38:	464b      	mov	r3, r9
10004b3a:	9501      	str	r5, [sp, #4]
10004b3c:	681c      	ldr	r4, [r3, #0]
10004b3e:	e7ce      	b.n	10004ade <__wrap_vprintf+0x4e>
10004b40:	0038      	movs	r0, r7
10004b42:	f002 ff79 	bl	10007a38 <__mutex_exit_veneer>
10004b46:	e7d5      	b.n	10004af4 <__wrap_vprintf+0x64>
10004b48:	9501      	str	r5, [sp, #4]
10004b4a:	e7d1      	b.n	10004af0 <__wrap_vprintf+0x60>
10004b4c:	000f4240 	.word	0x000f4240
10004b50:	7fffffff 	.word	0x7fffffff
10004b54:	20001608 	.word	0x20001608
10004b58:	10004711 	.word	0x10004711
10004b5c:	20001f34 	.word	0x20001f34
10004b60:	20001f40 	.word	0x20001f40

10004b64 <__wrap_printf>:
10004b64:	b40f      	push	{r0, r1, r2, r3}
10004b66:	b500      	push	{lr}
10004b68:	b083      	sub	sp, #12
10004b6a:	a904      	add	r1, sp, #16
10004b6c:	c901      	ldmia	r1!, {r0}
10004b6e:	9101      	str	r1, [sp, #4]
10004b70:	f7ff ff8e 	bl	10004a90 <__wrap_vprintf>
10004b74:	b003      	add	sp, #12
10004b76:	bc08      	pop	{r3}
10004b78:	b004      	add	sp, #16
10004b7a:	4718      	bx	r3

10004b7c <stdio_usb_set_chars_available_callback>:
10004b7c:	4b02      	ldr	r3, [pc, #8]	@ (10004b88 <stdio_usb_set_chars_available_callback+0xc>)
10004b7e:	6018      	str	r0, [r3, #0]
10004b80:	4b02      	ldr	r3, [pc, #8]	@ (10004b8c <stdio_usb_set_chars_available_callback+0x10>)
10004b82:	6019      	str	r1, [r3, #0]
10004b84:	4770      	bx	lr
10004b86:	46c0      	nop			@ (mov r8, r8)
10004b88:	20001ed4 	.word	0x20001ed4
10004b8c:	20001ed8 	.word	0x20001ed8

10004b90 <usb_irq>:
10004b90:	b510      	push	{r4, lr}
10004b92:	4b02      	ldr	r3, [pc, #8]	@ (10004b9c <usb_irq+0xc>)
10004b94:	7818      	ldrb	r0, [r3, #0]
10004b96:	f7fc f8eb 	bl	10000d70 <irq_set_pending>
10004b9a:	bd10      	pop	{r4, pc}
10004b9c:	2000239b 	.word	0x2000239b

10004ba0 <timer_task>:
10004ba0:	4b15      	ldr	r3, [pc, #84]	@ (10004bf8 <timer_task+0x58>)
10004ba2:	b570      	push	{r4, r5, r6, lr}
10004ba4:	681a      	ldr	r2, [r3, #0]
10004ba6:	2a00      	cmp	r2, #0
10004ba8:	d022      	beq.n	10004bf0 <timer_task+0x50>
10004baa:	f3ef 8110 	mrs	r1, PRIMASK
10004bae:	b672      	cpsid	i
10004bb0:	6810      	ldr	r0, [r2, #0]
10004bb2:	2800      	cmp	r0, #0
10004bb4:	d0fc      	beq.n	10004bb0 <timer_task+0x10>
10004bb6:	f3bf 8f5f 	dmb	sy
10004bba:	2000      	movs	r0, #0
10004bbc:	4a0f      	ldr	r2, [pc, #60]	@ (10004bfc <timer_task+0x5c>)
10004bbe:	6059      	str	r1, [r3, #4]
10004bc0:	7010      	strb	r0, [r2, #0]
10004bc2:	681b      	ldr	r3, [r3, #0]
10004bc4:	f3bf 8f5f 	dmb	sy
10004bc8:	6018      	str	r0, [r3, #0]
10004bca:	f381 8810 	msr	PRIMASK, r1
10004bce:	2400      	movs	r4, #0
10004bd0:	2500      	movs	r5, #0
10004bd2:	4e0b      	ldr	r6, [pc, #44]	@ (10004c00 <timer_task+0x60>)
10004bd4:	7830      	ldrb	r0, [r6, #0]
10004bd6:	f7fc f8bf 	bl	10000d58 <irq_is_enabled>
10004bda:	2800      	cmp	r0, #0
10004bdc:	d104      	bne.n	10004be8 <timer_task+0x48>
10004bde:	2400      	movs	r4, #0
10004be0:	2500      	movs	r5, #0
10004be2:	0029      	movs	r1, r5
10004be4:	0020      	movs	r0, r4
10004be6:	bd70      	pop	{r4, r5, r6, pc}
10004be8:	7830      	ldrb	r0, [r6, #0]
10004bea:	f7fc f8c1 	bl	10000d70 <irq_set_pending>
10004bee:	e7f8      	b.n	10004be2 <timer_task+0x42>
10004bf0:	24fa      	movs	r4, #250	@ 0xfa
10004bf2:	2500      	movs	r5, #0
10004bf4:	00a4      	lsls	r4, r4, #2
10004bf6:	e7ec      	b.n	10004bd2 <timer_task+0x32>
10004bf8:	20002354 	.word	0x20002354
10004bfc:	2000239c 	.word	0x2000239c
10004c00:	2000239b 	.word	0x2000239b

10004c04 <stdio_usb_in_chars>:
10004c04:	b570      	push	{r4, r5, r6, lr}
10004c06:	0004      	movs	r4, r0
10004c08:	2000      	movs	r0, #0
10004c0a:	000e      	movs	r6, r1
10004c0c:	f001 fb78 	bl	10006300 <tud_cdc_n_connected>
10004c10:	2800      	cmp	r0, #0
10004c12:	d036      	beq.n	10004c82 <stdio_usb_in_chars+0x7e>
10004c14:	2000      	movs	r0, #0
10004c16:	f001 fb89 	bl	1000632c <tud_cdc_n_available>
10004c1a:	2800      	cmp	r0, #0
10004c1c:	d031      	beq.n	10004c82 <stdio_usb_in_chars+0x7e>
10004c1e:	f7fc fee9 	bl	100019f4 <time_us_64>
10004c22:	2300      	movs	r3, #0
10004c24:	4a18      	ldr	r2, [pc, #96]	@ (10004c88 <stdio_usb_in_chars+0x84>)
10004c26:	1812      	adds	r2, r2, r0
10004c28:	414b      	adcs	r3, r1
10004c2a:	2180      	movs	r1, #128	@ 0x80
10004c2c:	0609      	lsls	r1, r1, #24
10004c2e:	428b      	cmp	r3, r1
10004c30:	d216      	bcs.n	10004c60 <stdio_usb_in_chars+0x5c>
10004c32:	4d16      	ldr	r5, [pc, #88]	@ (10004c8c <stdio_usb_in_chars+0x88>)
10004c34:	0028      	movs	r0, r5
10004c36:	f002 feaf 	bl	10007998 <__mutex_try_enter_block_until_veneer>
10004c3a:	2800      	cmp	r0, #0
10004c3c:	d021      	beq.n	10004c82 <stdio_usb_in_chars+0x7e>
10004c3e:	2000      	movs	r0, #0
10004c40:	f001 fb5e 	bl	10006300 <tud_cdc_n_connected>
10004c44:	2800      	cmp	r0, #0
10004c46:	d10f      	bne.n	10004c68 <stdio_usb_in_chars+0x64>
10004c48:	2001      	movs	r0, #1
10004c4a:	2100      	movs	r1, #0
10004c4c:	4240      	negs	r0, r0
10004c4e:	f000 fd7f 	bl	10005750 <tud_task_ext>
10004c52:	2403      	movs	r4, #3
10004c54:	4264      	negs	r4, r4
10004c56:	0028      	movs	r0, r5
10004c58:	f002 feee 	bl	10007a38 <__mutex_exit_veneer>
10004c5c:	0020      	movs	r0, r4
10004c5e:	bd70      	pop	{r4, r5, r6, pc}
10004c60:	2201      	movs	r2, #1
10004c62:	4b0b      	ldr	r3, [pc, #44]	@ (10004c90 <stdio_usb_in_chars+0x8c>)
10004c64:	4252      	negs	r2, r2
10004c66:	e7e4      	b.n	10004c32 <stdio_usb_in_chars+0x2e>
10004c68:	2000      	movs	r0, #0
10004c6a:	f001 fb5f 	bl	1000632c <tud_cdc_n_available>
10004c6e:	2800      	cmp	r0, #0
10004c70:	d0ea      	beq.n	10004c48 <stdio_usb_in_chars+0x44>
10004c72:	0021      	movs	r1, r4
10004c74:	0032      	movs	r2, r6
10004c76:	2000      	movs	r0, #0
10004c78:	f001 fb62 	bl	10006340 <tud_cdc_n_read>
10004c7c:	1e04      	subs	r4, r0, #0
10004c7e:	d1ea      	bne.n	10004c56 <stdio_usb_in_chars+0x52>
10004c80:	e7e7      	b.n	10004c52 <stdio_usb_in_chars+0x4e>
10004c82:	2403      	movs	r4, #3
10004c84:	4264      	negs	r4, r4
10004c86:	e7e9      	b.n	10004c5c <stdio_usb_in_chars+0x58>
10004c88:	000f4240 	.word	0x000f4240
10004c8c:	2000237c 	.word	0x2000237c
10004c90:	7fffffff 	.word	0x7fffffff

10004c94 <stdio_usb_out_flush>:
10004c94:	b510      	push	{r4, lr}
10004c96:	f7fc fead 	bl	100019f4 <time_us_64>
10004c9a:	2300      	movs	r3, #0
10004c9c:	4a0e      	ldr	r2, [pc, #56]	@ (10004cd8 <stdio_usb_out_flush+0x44>)
10004c9e:	1812      	adds	r2, r2, r0
10004ca0:	414b      	adcs	r3, r1
10004ca2:	2180      	movs	r1, #128	@ 0x80
10004ca4:	0609      	lsls	r1, r1, #24
10004ca6:	428b      	cmp	r3, r1
10004ca8:	d302      	bcc.n	10004cb0 <stdio_usb_out_flush+0x1c>
10004caa:	2201      	movs	r2, #1
10004cac:	4b0b      	ldr	r3, [pc, #44]	@ (10004cdc <stdio_usb_out_flush+0x48>)
10004cae:	4252      	negs	r2, r2
10004cb0:	4c0b      	ldr	r4, [pc, #44]	@ (10004ce0 <stdio_usb_out_flush+0x4c>)
10004cb2:	0020      	movs	r0, r4
10004cb4:	f002 fe70 	bl	10007998 <__mutex_try_enter_block_until_veneer>
10004cb8:	2800      	cmp	r0, #0
10004cba:	d00c      	beq.n	10004cd6 <stdio_usb_out_flush+0x42>
10004cbc:	2001      	movs	r0, #1
10004cbe:	2100      	movs	r1, #0
10004cc0:	4240      	negs	r0, r0
10004cc2:	f000 fd45 	bl	10005750 <tud_task_ext>
10004cc6:	2000      	movs	r0, #0
10004cc8:	f001 fb84 	bl	100063d4 <tud_cdc_n_write_flush>
10004ccc:	2800      	cmp	r0, #0
10004cce:	d1f5      	bne.n	10004cbc <stdio_usb_out_flush+0x28>
10004cd0:	0020      	movs	r0, r4
10004cd2:	f002 feb1 	bl	10007a38 <__mutex_exit_veneer>
10004cd6:	bd10      	pop	{r4, pc}
10004cd8:	000f4240 	.word	0x000f4240
10004cdc:	7fffffff 	.word	0x7fffffff
10004ce0:	2000237c 	.word	0x2000237c

10004ce4 <stdio_usb_out_chars>:
10004ce4:	b5f8      	push	{r3, r4, r5, r6, r7, lr}
10004ce6:	46de      	mov	lr, fp
10004ce8:	4657      	mov	r7, sl
10004cea:	b580      	push	{r7, lr}
10004cec:	0005      	movs	r5, r0
10004cee:	000c      	movs	r4, r1
10004cf0:	f7fc fe80 	bl	100019f4 <time_us_64>
10004cf4:	2300      	movs	r3, #0
10004cf6:	4a37      	ldr	r2, [pc, #220]	@ (10004dd4 <stdio_usb_out_chars+0xf0>)
10004cf8:	1812      	adds	r2, r2, r0
10004cfa:	414b      	adcs	r3, r1
10004cfc:	2180      	movs	r1, #128	@ 0x80
10004cfe:	0609      	lsls	r1, r1, #24
10004d00:	428b      	cmp	r3, r1
10004d02:	d302      	bcc.n	10004d0a <stdio_usb_out_chars+0x26>
10004d04:	2201      	movs	r2, #1
10004d06:	4b34      	ldr	r3, [pc, #208]	@ (10004dd8 <stdio_usb_out_chars+0xf4>)
10004d08:	4252      	negs	r2, r2
10004d0a:	4934      	ldr	r1, [pc, #208]	@ (10004ddc <stdio_usb_out_chars+0xf8>)
10004d0c:	0008      	movs	r0, r1
10004d0e:	468a      	mov	sl, r1
10004d10:	f002 fe42 	bl	10007998 <__mutex_try_enter_block_until_veneer>
10004d14:	2800      	cmp	r0, #0
10004d16:	d103      	bne.n	10004d20 <stdio_usb_out_chars+0x3c>
10004d18:	bcc0      	pop	{r6, r7}
10004d1a:	46bb      	mov	fp, r7
10004d1c:	46b2      	mov	sl, r6
10004d1e:	bdf8      	pop	{r3, r4, r5, r6, r7, pc}
10004d20:	2000      	movs	r0, #0
10004d22:	f001 faed 	bl	10006300 <tud_cdc_n_connected>
10004d26:	2800      	cmp	r0, #0
10004d28:	d04a      	beq.n	10004dc0 <stdio_usb_out_chars+0xdc>
10004d2a:	2600      	movs	r6, #0
10004d2c:	2c00      	cmp	r4, #0
10004d2e:	dd43      	ble.n	10004db8 <stdio_usb_out_chars+0xd4>
10004d30:	4b2b      	ldr	r3, [pc, #172]	@ (10004de0 <stdio_usb_out_chars+0xfc>)
10004d32:	469b      	mov	fp, r3
10004d34:	e014      	b.n	10004d60 <stdio_usb_out_chars+0x7c>
10004d36:	19a9      	adds	r1, r5, r6
10004d38:	2000      	movs	r0, #0
10004d3a:	f001 fb85 	bl	10006448 <tud_cdc_n_write>
10004d3e:	0007      	movs	r7, r0
10004d40:	2001      	movs	r0, #1
10004d42:	2100      	movs	r1, #0
10004d44:	4240      	negs	r0, r0
10004d46:	f000 fd03 	bl	10005750 <tud_task_ext>
10004d4a:	2000      	movs	r0, #0
10004d4c:	f001 fb42 	bl	100063d4 <tud_cdc_n_write_flush>
10004d50:	f7fc fe50 	bl	100019f4 <time_us_64>
10004d54:	4b22      	ldr	r3, [pc, #136]	@ (10004de0 <stdio_usb_out_chars+0xfc>)
10004d56:	19f6      	adds	r6, r6, r7
10004d58:	6018      	str	r0, [r3, #0]
10004d5a:	6059      	str	r1, [r3, #4]
10004d5c:	42b4      	cmp	r4, r6
10004d5e:	dd2b      	ble.n	10004db8 <stdio_usb_out_chars+0xd4>
10004d60:	2000      	movs	r0, #0
10004d62:	f001 fb91 	bl	10006488 <tud_cdc_n_write_available>
10004d66:	1ba7      	subs	r7, r4, r6
10004d68:	0002      	movs	r2, r0
10004d6a:	42b8      	cmp	r0, r7
10004d6c:	dd00      	ble.n	10004d70 <stdio_usb_out_chars+0x8c>
10004d6e:	003a      	movs	r2, r7
10004d70:	2a00      	cmp	r2, #0
10004d72:	d1e0      	bne.n	10004d36 <stdio_usb_out_chars+0x52>
10004d74:	2001      	movs	r0, #1
10004d76:	2100      	movs	r1, #0
10004d78:	4240      	negs	r0, r0
10004d7a:	f000 fce9 	bl	10005750 <tud_task_ext>
10004d7e:	2000      	movs	r0, #0
10004d80:	f001 fb28 	bl	100063d4 <tud_cdc_n_write_flush>
10004d84:	2000      	movs	r0, #0
10004d86:	f001 fabb 	bl	10006300 <tud_cdc_n_connected>
10004d8a:	2800      	cmp	r0, #0
10004d8c:	d014      	beq.n	10004db8 <stdio_usb_out_chars+0xd4>
10004d8e:	2000      	movs	r0, #0
10004d90:	f001 fb7a 	bl	10006488 <tud_cdc_n_write_available>
10004d94:	2800      	cmp	r0, #0
10004d96:	d1e1      	bne.n	10004d5c <stdio_usb_out_chars+0x78>
10004d98:	f7fc fe2c 	bl	100019f4 <time_us_64>
10004d9c:	465b      	mov	r3, fp
10004d9e:	000f      	movs	r7, r1
10004da0:	681a      	ldr	r2, [r3, #0]
10004da2:	685b      	ldr	r3, [r3, #4]
10004da4:	2100      	movs	r1, #0
10004da6:	4684      	mov	ip, r0
10004da8:	480e      	ldr	r0, [pc, #56]	@ (10004de4 <stdio_usb_out_chars+0x100>)
10004daa:	1812      	adds	r2, r2, r0
10004dac:	414b      	adcs	r3, r1
10004dae:	429f      	cmp	r7, r3
10004db0:	d802      	bhi.n	10004db8 <stdio_usb_out_chars+0xd4>
10004db2:	d1d3      	bne.n	10004d5c <stdio_usb_out_chars+0x78>
10004db4:	4594      	cmp	ip, r2
10004db6:	d9d1      	bls.n	10004d5c <stdio_usb_out_chars+0x78>
10004db8:	4650      	mov	r0, sl
10004dba:	f002 fe3d 	bl	10007a38 <__mutex_exit_veneer>
10004dbe:	e7ab      	b.n	10004d18 <stdio_usb_out_chars+0x34>
10004dc0:	2000      	movs	r0, #0
10004dc2:	2100      	movs	r1, #0
10004dc4:	4b06      	ldr	r3, [pc, #24]	@ (10004de0 <stdio_usb_out_chars+0xfc>)
10004dc6:	6018      	str	r0, [r3, #0]
10004dc8:	6059      	str	r1, [r3, #4]
10004dca:	4650      	mov	r0, sl
10004dcc:	f002 fe34 	bl	10007a38 <__mutex_exit_veneer>
10004dd0:	e7a2      	b.n	10004d18 <stdio_usb_out_chars+0x34>
10004dd2:	46c0      	nop			@ (mov r8, r8)
10004dd4:	000f4240 	.word	0x000f4240
10004dd8:	7fffffff 	.word	0x7fffffff
10004ddc:	2000237c 	.word	0x2000237c
10004de0:	20001790 	.word	0x20001790
10004de4:	0007a120 	.word	0x0007a120

10004de8 <low_priority_worker_irq>:
10004de8:	b530      	push	{r4, r5, lr}
10004dea:	4c2b      	ldr	r4, [pc, #172]	@ (10004e98 <low_priority_worker_irq+0xb0>)
10004dec:	b085      	sub	sp, #20
10004dee:	2100      	movs	r1, #0
10004df0:	0020      	movs	r0, r4
10004df2:	f002 fdc9 	bl	10007988 <__mutex_try_enter_veneer>
10004df6:	2800      	cmp	r0, #0
10004df8:	d11c      	bne.n	10004e34 <low_priority_worker_irq+0x4c>
10004dfa:	4b28      	ldr	r3, [pc, #160]	@ (10004e9c <low_priority_worker_irq+0xb4>)
10004dfc:	681a      	ldr	r2, [r3, #0]
10004dfe:	2a00      	cmp	r2, #0
10004e00:	d016      	beq.n	10004e30 <low_priority_worker_irq+0x48>
10004e02:	f3ef 8110 	mrs	r1, PRIMASK
10004e06:	b672      	cpsid	i
10004e08:	6810      	ldr	r0, [r2, #0]
10004e0a:	2800      	cmp	r0, #0
10004e0c:	d0fc      	beq.n	10004e08 <low_priority_worker_irq+0x20>
10004e0e:	f3bf 8f5f 	dmb	sy
10004e12:	2401      	movs	r4, #1
10004e14:	4822      	ldr	r0, [pc, #136]	@ (10004ea0 <low_priority_worker_irq+0xb8>)
10004e16:	6059      	str	r1, [r3, #4]
10004e18:	7802      	ldrb	r2, [r0, #0]
10004e1a:	681b      	ldr	r3, [r3, #0]
10004e1c:	b2d2      	uxtb	r2, r2
10004e1e:	7004      	strb	r4, [r0, #0]
10004e20:	f3bf 8f5f 	dmb	sy
10004e24:	2000      	movs	r0, #0
10004e26:	6018      	str	r0, [r3, #0]
10004e28:	f381 8810 	msr	PRIMASK, r1
10004e2c:	2a00      	cmp	r2, #0
10004e2e:	d017      	beq.n	10004e60 <low_priority_worker_irq+0x78>
10004e30:	b005      	add	sp, #20
10004e32:	bd30      	pop	{r4, r5, pc}
10004e34:	2001      	movs	r0, #1
10004e36:	2100      	movs	r1, #0
10004e38:	4240      	negs	r0, r0
10004e3a:	f000 fc89 	bl	10005750 <tud_task_ext>
10004e3e:	2000      	movs	r0, #0
10004e40:	f001 fa74 	bl	1000632c <tud_cdc_n_available>
10004e44:	0005      	movs	r5, r0
10004e46:	0020      	movs	r0, r4
10004e48:	f002 fdf6 	bl	10007a38 <__mutex_exit_veneer>
10004e4c:	2d00      	cmp	r5, #0
10004e4e:	d0ef      	beq.n	10004e30 <low_priority_worker_irq+0x48>
10004e50:	4b14      	ldr	r3, [pc, #80]	@ (10004ea4 <low_priority_worker_irq+0xbc>)
10004e52:	681b      	ldr	r3, [r3, #0]
10004e54:	2b00      	cmp	r3, #0
10004e56:	d0eb      	beq.n	10004e30 <low_priority_worker_irq+0x48>
10004e58:	4a13      	ldr	r2, [pc, #76]	@ (10004ea8 <low_priority_worker_irq+0xc0>)
10004e5a:	6810      	ldr	r0, [r2, #0]
10004e5c:	4798      	blx	r3
10004e5e:	e7e7      	b.n	10004e30 <low_priority_worker_irq+0x48>
10004e60:	f7fc fb8c 	bl	1000157c <alarm_pool_get_default>
10004e64:	0004      	movs	r4, r0
10004e66:	f7fc fdc5 	bl	100019f4 <time_us_64>
10004e6a:	22fa      	movs	r2, #250	@ 0xfa
10004e6c:	2300      	movs	r3, #0
10004e6e:	0092      	lsls	r2, r2, #2
10004e70:	1812      	adds	r2, r2, r0
10004e72:	414b      	adcs	r3, r1
10004e74:	2180      	movs	r1, #128	@ 0x80
10004e76:	0609      	lsls	r1, r1, #24
10004e78:	428b      	cmp	r3, r1
10004e7a:	d302      	bcc.n	10004e82 <low_priority_worker_irq+0x9a>
10004e7c:	2201      	movs	r2, #1
10004e7e:	4b0b      	ldr	r3, [pc, #44]	@ (10004eac <low_priority_worker_irq+0xc4>)
10004e80:	4252      	negs	r2, r2
10004e82:	2101      	movs	r1, #1
10004e84:	9102      	str	r1, [sp, #8]
10004e86:	2100      	movs	r1, #0
10004e88:	9101      	str	r1, [sp, #4]
10004e8a:	4909      	ldr	r1, [pc, #36]	@ (10004eb0 <low_priority_worker_irq+0xc8>)
10004e8c:	0020      	movs	r0, r4
10004e8e:	9100      	str	r1, [sp, #0]
10004e90:	f7fc fb78 	bl	10001584 <alarm_pool_add_alarm_at>
10004e94:	e7cc      	b.n	10004e30 <low_priority_worker_irq+0x48>
10004e96:	46c0      	nop			@ (mov r8, r8)
10004e98:	2000237c 	.word	0x2000237c
10004e9c:	20002354 	.word	0x20002354
10004ea0:	2000239c 	.word	0x2000239c
10004ea4:	20001ed4 	.word	0x20001ed4
10004ea8:	20001ed8 	.word	0x20001ed8
10004eac:	7fffffff 	.word	0x7fffffff
10004eb0:	10004ba1 	.word	0x10004ba1

10004eb4 <stdio_usb_init>:
10004eb4:	23d0      	movs	r3, #208	@ 0xd0
10004eb6:	b510      	push	{r4, lr}
10004eb8:	061b      	lsls	r3, r3, #24
10004eba:	b084      	sub	sp, #16
10004ebc:	681c      	ldr	r4, [r3, #0]
10004ebe:	f7fc fb5d 	bl	1000157c <alarm_pool_get_default>
10004ec2:	f7fc fc5b 	bl	1000177c <alarm_pool_core_num>
10004ec6:	42a0      	cmp	r0, r4
10004ec8:	d002      	beq.n	10004ed0 <stdio_usb_init+0x1c>
10004eca:	2000      	movs	r0, #0
10004ecc:	b004      	add	sp, #16
10004ece:	bd10      	pop	{r4, pc}
10004ed0:	4b2a      	ldr	r3, [pc, #168]	@ (10004f7c <stdio_usb_init+0xc8>)
10004ed2:	2100      	movs	r1, #0
10004ed4:	2000      	movs	r0, #0
10004ed6:	781b      	ldrb	r3, [r3, #0]
10004ed8:	f001 fca0 	bl	1000681c <tusb_rhport_init>
10004edc:	4828      	ldr	r0, [pc, #160]	@ (10004f80 <stdio_usb_init+0xcc>)
10004ede:	6803      	ldr	r3, [r0, #0]
10004ee0:	2b00      	cmp	r3, #0
10004ee2:	d047      	beq.n	10004f74 <stdio_usb_init+0xc0>
10004ee4:	2001      	movs	r0, #1
10004ee6:	f7fc f8d9 	bl	1000109c <user_irq_claim_unused>
10004eea:	23ff      	movs	r3, #255	@ 0xff
10004eec:	4c25      	ldr	r4, [pc, #148]	@ (10004f84 <stdio_usb_init+0xd0>)
10004eee:	4926      	ldr	r1, [pc, #152]	@ (10004f88 <stdio_usb_init+0xd4>)
10004ef0:	7020      	strb	r0, [r4, #0]
10004ef2:	4018      	ands	r0, r3
10004ef4:	f7fb ff56 	bl	10000da4 <irq_set_exclusive_handler>
10004ef8:	7820      	ldrb	r0, [r4, #0]
10004efa:	2101      	movs	r1, #1
10004efc:	f7fb ff1a 	bl	10000d34 <irq_set_enabled>
10004f00:	2005      	movs	r0, #5
10004f02:	f7fb ff3d 	bl	10000d80 <irq_has_shared_handler>
10004f06:	2800      	cmp	r0, #0
10004f08:	d126      	bne.n	10004f58 <stdio_usb_init+0xa4>
10004f0a:	2208      	movs	r2, #8
10004f0c:	2100      	movs	r1, #0
10004f0e:	481f      	ldr	r0, [pc, #124]	@ (10004f8c <stdio_usb_init+0xd8>)
10004f10:	f7fd ff8e 	bl	10002e30 <__wrap_memset>
10004f14:	f7fc fb32 	bl	1000157c <alarm_pool_get_default>
10004f18:	0004      	movs	r4, r0
10004f1a:	f7fc fd6b 	bl	100019f4 <time_us_64>
10004f1e:	22fa      	movs	r2, #250	@ 0xfa
10004f20:	2300      	movs	r3, #0
10004f22:	0092      	lsls	r2, r2, #2
10004f24:	1812      	adds	r2, r2, r0
10004f26:	414b      	adcs	r3, r1
10004f28:	2180      	movs	r1, #128	@ 0x80
10004f2a:	0609      	lsls	r1, r1, #24
10004f2c:	428b      	cmp	r3, r1
10004f2e:	d302      	bcc.n	10004f36 <stdio_usb_init+0x82>
10004f30:	2201      	movs	r2, #1
10004f32:	4b17      	ldr	r3, [pc, #92]	@ (10004f90 <stdio_usb_init+0xdc>)
10004f34:	4252      	negs	r2, r2
10004f36:	2101      	movs	r1, #1
10004f38:	9102      	str	r1, [sp, #8]
10004f3a:	2100      	movs	r1, #0
10004f3c:	9101      	str	r1, [sp, #4]
10004f3e:	4915      	ldr	r1, [pc, #84]	@ (10004f94 <stdio_usb_init+0xe0>)
10004f40:	0020      	movs	r0, r4
10004f42:	9100      	str	r1, [sp, #0]
10004f44:	f7fc fb1e 	bl	10001584 <alarm_pool_add_alarm_at>
10004f48:	2800      	cmp	r0, #0
10004f4a:	dbbe      	blt.n	10004eca <stdio_usb_init+0x16>
10004f4c:	4812      	ldr	r0, [pc, #72]	@ (10004f98 <stdio_usb_init+0xe4>)
10004f4e:	2101      	movs	r1, #1
10004f50:	f7ff fccc 	bl	100048ec <stdio_set_driver_enabled>
10004f54:	2001      	movs	r0, #1
10004f56:	e7b9      	b.n	10004ecc <stdio_usb_init+0x18>
10004f58:	2001      	movs	r0, #1
10004f5a:	f7fb feb9 	bl	10000cd0 <spin_lock_claim_unused>
10004f5e:	4b0b      	ldr	r3, [pc, #44]	@ (10004f8c <stdio_usb_init+0xd8>)
10004f60:	0001      	movs	r1, r0
10004f62:	0018      	movs	r0, r3
10004f64:	f7fc f8fc 	bl	10001160 <critical_section_init_with_lock_num>
10004f68:	2200      	movs	r2, #0
10004f6a:	2005      	movs	r0, #5
10004f6c:	490b      	ldr	r1, [pc, #44]	@ (10004f9c <stdio_usb_init+0xe8>)
10004f6e:	f7fb ff43 	bl	10000df8 <irq_add_shared_handler>
10004f72:	e7eb      	b.n	10004f4c <stdio_usb_init+0x98>
10004f74:	f7fc f8d8 	bl	10001128 <mutex_init>
10004f78:	e7b4      	b.n	10004ee4 <stdio_usb_init+0x30>
10004f7a:	46c0      	nop			@ (mov r8, r8)
10004f7c:	10008190 	.word	0x10008190
10004f80:	2000237c 	.word	0x2000237c
10004f84:	2000239b 	.word	0x2000239b
10004f88:	10004de9 	.word	0x10004de9
10004f8c:	20002354 	.word	0x20002354
10004f90:	7fffffff 	.word	0x7fffffff
10004f94:	10004ba1 	.word	0x10004ba1
10004f98:	20001070 	.word	0x20001070
10004f9c:	10004b91 	.word	0x10004b91

10004fa0 <tud_descriptor_device_cb>:
10004fa0:	4800      	ldr	r0, [pc, #0]	@ (10004fa4 <tud_descriptor_device_cb+0x4>)
10004fa2:	4770      	bx	lr
10004fa4:	10007fac 	.word	0x10007fac

10004fa8 <tud_descriptor_configuration_cb>:
10004fa8:	4800      	ldr	r0, [pc, #0]	@ (10004fac <tud_descriptor_configuration_cb+0x4>)
10004faa:	4770      	bx	lr
10004fac:	10007f58 	.word	0x10007f58

10004fb0 <tud_descriptor_string_cb>:
10004fb0:	b510      	push	{r4, lr}
10004fb2:	0004      	movs	r4, r0
10004fb4:	4817      	ldr	r0, [pc, #92]	@ (10005014 <tud_descriptor_string_cb+0x64>)
10004fb6:	7803      	ldrb	r3, [r0, #0]
10004fb8:	2b00      	cmp	r3, #0
10004fba:	d020      	beq.n	10004ffe <tud_descriptor_string_cb+0x4e>
10004fbc:	2c00      	cmp	r4, #0
10004fbe:	d106      	bne.n	10004fce <tud_descriptor_string_cb+0x1e>
10004fc0:	4b15      	ldr	r3, [pc, #84]	@ (10005018 <tud_descriptor_string_cb+0x68>)
10004fc2:	4816      	ldr	r0, [pc, #88]	@ (1000501c <tud_descriptor_string_cb+0x6c>)
10004fc4:	8043      	strh	r3, [r0, #2]
10004fc6:	3b06      	subs	r3, #6
10004fc8:	3bff      	subs	r3, #255	@ 0xff
10004fca:	8003      	strh	r3, [r0, #0]
10004fcc:	bd10      	pop	{r4, pc}
10004fce:	2c05      	cmp	r4, #5
10004fd0:	d819      	bhi.n	10005006 <tud_descriptor_string_cb+0x56>
10004fd2:	4b13      	ldr	r3, [pc, #76]	@ (10005020 <tud_descriptor_string_cb+0x70>)
10004fd4:	00a4      	lsls	r4, r4, #2
10004fd6:	58e0      	ldr	r0, [r4, r3]
10004fd8:	4912      	ldr	r1, [pc, #72]	@ (10005024 <tud_descriptor_string_cb+0x74>)
10004fda:	2301      	movs	r3, #1
10004fdc:	3801      	subs	r0, #1
10004fde:	e004      	b.n	10004fea <tud_descriptor_string_cb+0x3a>
10004fe0:	3301      	adds	r3, #1
10004fe2:	800a      	strh	r2, [r1, #0]
10004fe4:	3102      	adds	r1, #2
10004fe6:	2b14      	cmp	r3, #20
10004fe8:	d00f      	beq.n	1000500a <tud_descriptor_string_cb+0x5a>
10004fea:	5cc2      	ldrb	r2, [r0, r3]
10004fec:	2a00      	cmp	r2, #0
10004fee:	d1f7      	bne.n	10004fe0 <tud_descriptor_string_cb+0x30>
10004ff0:	22c0      	movs	r2, #192	@ 0xc0
10004ff2:	b2db      	uxtb	r3, r3
10004ff4:	005b      	lsls	r3, r3, #1
10004ff6:	0092      	lsls	r2, r2, #2
10004ff8:	4808      	ldr	r0, [pc, #32]	@ (1000501c <tud_descriptor_string_cb+0x6c>)
10004ffa:	4313      	orrs	r3, r2
10004ffc:	e7e5      	b.n	10004fca <tud_descriptor_string_cb+0x1a>
10004ffe:	2111      	movs	r1, #17
10005000:	f000 f81a 	bl	10005038 <pico_get_unique_board_id_string>
10005004:	e7da      	b.n	10004fbc <tud_descriptor_string_cb+0xc>
10005006:	2000      	movs	r0, #0
10005008:	e7e0      	b.n	10004fcc <tud_descriptor_string_cb+0x1c>
1000500a:	23ca      	movs	r3, #202	@ 0xca
1000500c:	4803      	ldr	r0, [pc, #12]	@ (1000501c <tud_descriptor_string_cb+0x6c>)
1000500e:	009b      	lsls	r3, r3, #2
10005010:	e7db      	b.n	10004fca <tud_descriptor_string_cb+0x1a>
10005012:	46c0      	nop			@ (mov r8, r8)
10005014:	20002384 	.word	0x20002384
10005018:	00000409 	.word	0x00000409
1000501c:	20001f0c 	.word	0x20001f0c
10005020:	10007f40 	.word	0x10007f40
10005024:	20001f0e 	.word	0x20001f0e

10005028 <_retrieve_unique_id_on_boot>:
10005028:	b510      	push	{r4, lr}
1000502a:	4802      	ldr	r0, [pc, #8]	@ (10005034 <_retrieve_unique_id_on_boot+0xc>)
1000502c:	f000 f8d8 	bl	100051e0 <flash_get_unique_id>
10005030:	bd10      	pop	{r4, pc}
10005032:	46c0      	nop			@ (mov r8, r8)
10005034:	2000236c 	.word	0x2000236c

10005038 <pico_get_unique_board_id_string>:
10005038:	b530      	push	{r4, r5, lr}
1000503a:	1e4b      	subs	r3, r1, #1
1000503c:	2901      	cmp	r1, #1
1000503e:	d100      	bne.n	10005042 <pico_get_unique_board_id_string+0xa>
10005040:	e0a7      	b.n	10005192 <pico_get_unique_board_id_string+0x15a>
10005042:	4a66      	ldr	r2, [pc, #408]	@ (100051dc <pico_get_unique_board_id_string+0x1a4>)
10005044:	7811      	ldrb	r1, [r2, #0]
10005046:	090d      	lsrs	r5, r1, #4
10005048:	002c      	movs	r4, r5
1000504a:	3430      	adds	r4, #48	@ 0x30
1000504c:	299f      	cmp	r1, #159	@ 0x9f
1000504e:	d900      	bls.n	10005052 <pico_get_unique_board_id_string+0x1a>
10005050:	e0a2      	b.n	10005198 <pico_get_unique_board_id_string+0x160>
10005052:	7004      	strb	r4, [r0, #0]
10005054:	2b01      	cmp	r3, #1
10005056:	d100      	bne.n	1000505a <pico_get_unique_board_id_string+0x22>
10005058:	e0be      	b.n	100051d8 <pico_get_unique_board_id_string+0x1a0>
1000505a:	210f      	movs	r1, #15
1000505c:	7814      	ldrb	r4, [r2, #0]
1000505e:	4021      	ands	r1, r4
10005060:	000c      	movs	r4, r1
10005062:	3430      	adds	r4, #48	@ 0x30
10005064:	2909      	cmp	r1, #9
10005066:	d900      	bls.n	1000506a <pico_get_unique_board_id_string+0x32>
10005068:	e098      	b.n	1000519c <pico_get_unique_board_id_string+0x164>
1000506a:	7044      	strb	r4, [r0, #1]
1000506c:	2b02      	cmp	r3, #2
1000506e:	d100      	bne.n	10005072 <pico_get_unique_board_id_string+0x3a>
10005070:	e0b2      	b.n	100051d8 <pico_get_unique_board_id_string+0x1a0>
10005072:	7854      	ldrb	r4, [r2, #1]
10005074:	0925      	lsrs	r5, r4, #4
10005076:	0029      	movs	r1, r5
10005078:	3130      	adds	r1, #48	@ 0x30
1000507a:	2c9f      	cmp	r4, #159	@ 0x9f
1000507c:	d900      	bls.n	10005080 <pico_get_unique_board_id_string+0x48>
1000507e:	e090      	b.n	100051a2 <pico_get_unique_board_id_string+0x16a>
10005080:	7081      	strb	r1, [r0, #2]
10005082:	2b03      	cmp	r3, #3
10005084:	d100      	bne.n	10005088 <pico_get_unique_board_id_string+0x50>
10005086:	e0a7      	b.n	100051d8 <pico_get_unique_board_id_string+0x1a0>
10005088:	210f      	movs	r1, #15
1000508a:	4021      	ands	r1, r4
1000508c:	000c      	movs	r4, r1
1000508e:	3430      	adds	r4, #48	@ 0x30
10005090:	2909      	cmp	r1, #9
10005092:	d900      	bls.n	10005096 <pico_get_unique_board_id_string+0x5e>
10005094:	e087      	b.n	100051a6 <pico_get_unique_board_id_string+0x16e>
10005096:	70c4      	strb	r4, [r0, #3]
10005098:	2b04      	cmp	r3, #4
1000509a:	d100      	bne.n	1000509e <pico_get_unique_board_id_string+0x66>
1000509c:	e09c      	b.n	100051d8 <pico_get_unique_board_id_string+0x1a0>
1000509e:	7894      	ldrb	r4, [r2, #2]
100050a0:	0925      	lsrs	r5, r4, #4
100050a2:	0029      	movs	r1, r5
100050a4:	3130      	adds	r1, #48	@ 0x30
100050a6:	2c9f      	cmp	r4, #159	@ 0x9f
100050a8:	d900      	bls.n	100050ac <pico_get_unique_board_id_string+0x74>
100050aa:	e07f      	b.n	100051ac <pico_get_unique_board_id_string+0x174>
100050ac:	7101      	strb	r1, [r0, #4]
100050ae:	2b05      	cmp	r3, #5
100050b0:	d100      	bne.n	100050b4 <pico_get_unique_board_id_string+0x7c>
100050b2:	e091      	b.n	100051d8 <pico_get_unique_board_id_string+0x1a0>
100050b4:	210f      	movs	r1, #15
100050b6:	4021      	ands	r1, r4
100050b8:	000c      	movs	r4, r1
100050ba:	3430      	adds	r4, #48	@ 0x30
100050bc:	2909      	cmp	r1, #9
100050be:	d900      	bls.n	100050c2 <pico_get_unique_board_id_string+0x8a>
100050c0:	e076      	b.n	100051b0 <pico_get_unique_board_id_string+0x178>
100050c2:	7144      	strb	r4, [r0, #5]
100050c4:	2b06      	cmp	r3, #6
100050c6:	d100      	bne.n	100050ca <pico_get_unique_board_id_string+0x92>
100050c8:	e086      	b.n	100051d8 <pico_get_unique_board_id_string+0x1a0>
100050ca:	78d4      	ldrb	r4, [r2, #3]
100050cc:	0925      	lsrs	r5, r4, #4
100050ce:	0029      	movs	r1, r5
100050d0:	3130      	adds	r1, #48	@ 0x30
100050d2:	2c9f      	cmp	r4, #159	@ 0x9f
100050d4:	d900      	bls.n	100050d8 <pico_get_unique_board_id_string+0xa0>
100050d6:	e06e      	b.n	100051b6 <pico_get_unique_board_id_string+0x17e>
100050d8:	7181      	strb	r1, [r0, #6]
100050da:	2b07      	cmp	r3, #7
100050dc:	d100      	bne.n	100050e0 <pico_get_unique_board_id_string+0xa8>
100050de:	e07b      	b.n	100051d8 <pico_get_unique_board_id_string+0x1a0>
100050e0:	210f      	movs	r1, #15
100050e2:	4021      	ands	r1, r4
100050e4:	000c      	movs	r4, r1
100050e6:	3430      	adds	r4, #48	@ 0x30
100050e8:	2909      	cmp	r1, #9
100050ea:	d866      	bhi.n	100051ba <pico_get_unique_board_id_string+0x182>
100050ec:	71c4      	strb	r4, [r0, #7]
100050ee:	2b08      	cmp	r3, #8
100050f0:	d100      	bne.n	100050f4 <pico_get_unique_board_id_string+0xbc>
100050f2:	e071      	b.n	100051d8 <pico_get_unique_board_id_string+0x1a0>
100050f4:	7914      	ldrb	r4, [r2, #4]
100050f6:	0925      	lsrs	r5, r4, #4
100050f8:	0029      	movs	r1, r5
100050fa:	3130      	adds	r1, #48	@ 0x30
100050fc:	2c9f      	cmp	r4, #159	@ 0x9f
100050fe:	d85f      	bhi.n	100051c0 <pico_get_unique_board_id_string+0x188>
10005100:	7201      	strb	r1, [r0, #8]
10005102:	2b09      	cmp	r3, #9
10005104:	d068      	beq.n	100051d8 <pico_get_unique_board_id_string+0x1a0>
10005106:	210f      	movs	r1, #15
10005108:	4021      	ands	r1, r4
1000510a:	000c      	movs	r4, r1
1000510c:	3430      	adds	r4, #48	@ 0x30
1000510e:	2909      	cmp	r1, #9
10005110:	d858      	bhi.n	100051c4 <pico_get_unique_board_id_string+0x18c>
10005112:	7244      	strb	r4, [r0, #9]
10005114:	2b0a      	cmp	r3, #10
10005116:	d05f      	beq.n	100051d8 <pico_get_unique_board_id_string+0x1a0>
10005118:	7954      	ldrb	r4, [r2, #5]
1000511a:	0925      	lsrs	r5, r4, #4
1000511c:	0029      	movs	r1, r5
1000511e:	3130      	adds	r1, #48	@ 0x30
10005120:	2c9f      	cmp	r4, #159	@ 0x9f
10005122:	d852      	bhi.n	100051ca <pico_get_unique_board_id_string+0x192>
10005124:	7281      	strb	r1, [r0, #10]
10005126:	2b0b      	cmp	r3, #11
10005128:	d056      	beq.n	100051d8 <pico_get_unique_board_id_string+0x1a0>
1000512a:	210f      	movs	r1, #15
1000512c:	4021      	ands	r1, r4
1000512e:	000c      	movs	r4, r1
10005130:	3430      	adds	r4, #48	@ 0x30
10005132:	2909      	cmp	r1, #9
10005134:	d84b      	bhi.n	100051ce <pico_get_unique_board_id_string+0x196>
10005136:	72c4      	strb	r4, [r0, #11]
10005138:	2b0c      	cmp	r3, #12
1000513a:	d04d      	beq.n	100051d8 <pico_get_unique_board_id_string+0x1a0>
1000513c:	7994      	ldrb	r4, [r2, #6]
1000513e:	0925      	lsrs	r5, r4, #4
10005140:	0029      	movs	r1, r5
10005142:	3130      	adds	r1, #48	@ 0x30
10005144:	2c9f      	cmp	r4, #159	@ 0x9f
10005146:	d900      	bls.n	1000514a <pico_get_unique_board_id_string+0x112>
10005148:	3107      	adds	r1, #7
1000514a:	7301      	strb	r1, [r0, #12]
1000514c:	2b0d      	cmp	r3, #13
1000514e:	d043      	beq.n	100051d8 <pico_get_unique_board_id_string+0x1a0>
10005150:	210f      	movs	r1, #15
10005152:	4021      	ands	r1, r4
10005154:	000c      	movs	r4, r1
10005156:	3430      	adds	r4, #48	@ 0x30
10005158:	2909      	cmp	r1, #9
1000515a:	d901      	bls.n	10005160 <pico_get_unique_board_id_string+0x128>
1000515c:	3137      	adds	r1, #55	@ 0x37
1000515e:	000c      	movs	r4, r1
10005160:	7344      	strb	r4, [r0, #13]
10005162:	2b0e      	cmp	r3, #14
10005164:	d038      	beq.n	100051d8 <pico_get_unique_board_id_string+0x1a0>
10005166:	79d1      	ldrb	r1, [r2, #7]
10005168:	090c      	lsrs	r4, r1, #4
1000516a:	0022      	movs	r2, r4
1000516c:	3230      	adds	r2, #48	@ 0x30
1000516e:	299f      	cmp	r1, #159	@ 0x9f
10005170:	d900      	bls.n	10005174 <pico_get_unique_board_id_string+0x13c>
10005172:	3207      	adds	r2, #7
10005174:	7382      	strb	r2, [r0, #14]
10005176:	2b0f      	cmp	r3, #15
10005178:	d02e      	beq.n	100051d8 <pico_get_unique_board_id_string+0x1a0>
1000517a:	220f      	movs	r2, #15
1000517c:	400a      	ands	r2, r1
1000517e:	0011      	movs	r1, r2
10005180:	3137      	adds	r1, #55	@ 0x37
10005182:	2a09      	cmp	r2, #9
10005184:	d801      	bhi.n	1000518a <pico_get_unique_board_id_string+0x152>
10005186:	3230      	adds	r2, #48	@ 0x30
10005188:	0011      	movs	r1, r2
1000518a:	73c1      	strb	r1, [r0, #15]
1000518c:	2b10      	cmp	r3, #16
1000518e:	d023      	beq.n	100051d8 <pico_get_unique_board_id_string+0x1a0>
10005190:	3010      	adds	r0, #16
10005192:	2300      	movs	r3, #0
10005194:	7003      	strb	r3, [r0, #0]
10005196:	bd30      	pop	{r4, r5, pc}
10005198:	3407      	adds	r4, #7
1000519a:	e75a      	b.n	10005052 <pico_get_unique_board_id_string+0x1a>
1000519c:	3137      	adds	r1, #55	@ 0x37
1000519e:	000c      	movs	r4, r1
100051a0:	e763      	b.n	1000506a <pico_get_unique_board_id_string+0x32>
100051a2:	3107      	adds	r1, #7
100051a4:	e76c      	b.n	10005080 <pico_get_unique_board_id_string+0x48>
100051a6:	3137      	adds	r1, #55	@ 0x37
100051a8:	000c      	movs	r4, r1
100051aa:	e774      	b.n	10005096 <pico_get_unique_board_id_string+0x5e>
100051ac:	3107      	adds	r1, #7
100051ae:	e77d      	b.n	100050ac <pico_get_unique_board_id_string+0x74>
100051b0:	3137      	adds	r1, #55	@ 0x37
100051b2:	000c      	movs	r4, r1
100051b4:	e785      	b.n	100050c2 <pico_get_unique_board_id_string+0x8a>
100051b6:	3107      	adds	r1, #7
100051b8:	e78e      	b.n	100050d8 <pico_get_unique_board_id_string+0xa0>
100051ba:	3137      	adds	r1, #55	@ 0x37
100051bc:	000c      	movs	r4, r1
100051be:	e795      	b.n	100050ec <pico_get_unique_board_id_string+0xb4>
100051c0:	3107      	adds	r1, #7
100051c2:	e79d      	b.n	10005100 <pico_get_unique_board_id_string+0xc8>
100051c4:	3137      	adds	r1, #55	@ 0x37
100051c6:	000c      	movs	r4, r1
100051c8:	e7a3      	b.n	10005112 <pico_get_unique_board_id_string+0xda>
100051ca:	3107      	adds	r1, #7
100051cc:	e7aa      	b.n	10005124 <pico_get_unique_board_id_string+0xec>
100051ce:	3137      	adds	r1, #55	@ 0x37
100051d0:	000c      	movs	r4, r1
100051d2:	72c4      	strb	r4, [r0, #11]
100051d4:	2b0c      	cmp	r3, #12
100051d6:	d1b1      	bne.n	1000513c <pico_get_unique_board_id_string+0x104>
100051d8:	18c0      	adds	r0, r0, r3
100051da:	e7da      	b.n	10005192 <pico_get_unique_board_id_string+0x15a>
100051dc:	2000236c 	.word	0x2000236c

100051e0 <flash_get_unique_id>:
100051e0:	b510      	push	{r4, lr}
100051e2:	b088      	sub	sp, #32
100051e4:	0004      	movs	r4, r0
100051e6:	220d      	movs	r2, #13
100051e8:	2100      	movs	r1, #0
100051ea:	4668      	mov	r0, sp
100051ec:	f7fd fe20 	bl	10002e30 <__wrap_memset>
100051f0:	220d      	movs	r2, #13
100051f2:	2100      	movs	r1, #0
100051f4:	a804      	add	r0, sp, #16
100051f6:	f7fd fe1b 	bl	10002e30 <__wrap_memset>
100051fa:	466a      	mov	r2, sp
100051fc:	234b      	movs	r3, #75	@ 0x4b
100051fe:	4668      	mov	r0, sp
10005200:	7013      	strb	r3, [r2, #0]
10005202:	a904      	add	r1, sp, #16
10005204:	2300      	movs	r3, #0
10005206:	220d      	movs	r2, #13
10005208:	f002 fc0e 	bl	10007a28 <__flash_do_cmd_cs_veneer>
1000520c:	2115      	movs	r1, #21
1000520e:	2208      	movs	r2, #8
10005210:	0020      	movs	r0, r4
10005212:	4469      	add	r1, sp
10005214:	f7fd fe12 	bl	10002e3c <__wrap___aeabi_memcpy>
10005218:	b008      	add	sp, #32
1000521a:	bd10      	pop	{r4, pc}

1000521c <usb_reset_interface_init>:
1000521c:	4770      	bx	lr
1000521e:	46c0      	nop			@ (mov r8, r8)

10005220 <usb_reset_interface_reset>:
10005220:	2200      	movs	r2, #0
10005222:	4b01      	ldr	r3, [pc, #4]	@ (10005228 <usb_reset_interface_reset+0x8>)
10005224:	701a      	strb	r2, [r3, #0]
10005226:	4770      	bx	lr
10005228:	2000239a 	.word	0x2000239a

1000522c <usb_reset_interface_open>:
1000522c:	794b      	ldrb	r3, [r1, #5]
1000522e:	2000      	movs	r0, #0
10005230:	2bff      	cmp	r3, #255	@ 0xff
10005232:	d10b      	bne.n	1000524c <usb_reset_interface_open+0x20>
10005234:	798b      	ldrb	r3, [r1, #6]
10005236:	2b00      	cmp	r3, #0
10005238:	d108      	bne.n	1000524c <usb_reset_interface_open+0x20>
1000523a:	79cb      	ldrb	r3, [r1, #7]
1000523c:	2b01      	cmp	r3, #1
1000523e:	d105      	bne.n	1000524c <usb_reset_interface_open+0x20>
10005240:	2a08      	cmp	r2, #8
10005242:	d903      	bls.n	1000524c <usb_reset_interface_open+0x20>
10005244:	4b02      	ldr	r3, [pc, #8]	@ (10005250 <usb_reset_interface_open+0x24>)
10005246:	788a      	ldrb	r2, [r1, #2]
10005248:	3009      	adds	r0, #9
1000524a:	701a      	strb	r2, [r3, #0]
1000524c:	4770      	bx	lr
1000524e:	46c0      	nop			@ (mov r8, r8)
10005250:	2000239a 	.word	0x2000239a

10005254 <usb_reset_interface_xfer_cb>:
10005254:	2001      	movs	r0, #1
10005256:	4770      	bx	lr

10005258 <usb_reset_interface_control_xfer_cb>:
10005258:	b510      	push	{r4, lr}
1000525a:	2901      	cmp	r1, #1
1000525c:	d001      	beq.n	10005262 <usb_reset_interface_control_xfer_cb+0xa>
1000525e:	2001      	movs	r0, #1
10005260:	bd10      	pop	{r4, pc}
10005262:	4914      	ldr	r1, [pc, #80]	@ (100052b4 <usb_reset_interface_control_xfer_cb+0x5c>)
10005264:	7953      	ldrb	r3, [r2, #5]
10005266:	7910      	ldrb	r0, [r2, #4]
10005268:	7809      	ldrb	r1, [r1, #0]
1000526a:	021b      	lsls	r3, r3, #8
1000526c:	4303      	orrs	r3, r0
1000526e:	2000      	movs	r0, #0
10005270:	4299      	cmp	r1, r3
10005272:	d1f5      	bne.n	10005260 <usb_reset_interface_control_xfer_cb+0x8>
10005274:	7853      	ldrb	r3, [r2, #1]
10005276:	2b01      	cmp	r3, #1
10005278:	d008      	beq.n	1000528c <usb_reset_interface_control_xfer_cb+0x34>
1000527a:	2b02      	cmp	r3, #2
1000527c:	d1f0      	bne.n	10005260 <usb_reset_interface_control_xfer_cb+0x8>
1000527e:	2000      	movs	r0, #0
10005280:	2264      	movs	r2, #100	@ 0x64
10005282:	2100      	movs	r1, #0
10005284:	f7fc fd4a 	bl	10001d1c <watchdog_reboot>
10005288:	2001      	movs	r0, #1
1000528a:	e7e9      	b.n	10005260 <usb_reset_interface_control_xfer_cb+0x8>
1000528c:	78d1      	ldrb	r1, [r2, #3]
1000528e:	7890      	ldrb	r0, [r2, #2]
10005290:	0209      	lsls	r1, r1, #8
10005292:	4301      	orrs	r1, r0
10005294:	2080      	movs	r0, #128	@ 0x80
10005296:	000a      	movs	r2, r1
10005298:	0040      	lsls	r0, r0, #1
1000529a:	4002      	ands	r2, r0
1000529c:	4201      	tst	r1, r0
1000529e:	d006      	beq.n	100052ae <usb_reset_interface_control_xfer_cb+0x56>
100052a0:	09ca      	lsrs	r2, r1, #7
100052a2:	401a      	ands	r2, r3
100052a4:	0a48      	lsrs	r0, r1, #9
100052a6:	2303      	movs	r3, #3
100052a8:	4019      	ands	r1, r3
100052aa:	f7fc fdbf 	bl	10001e2c <rom_reset_usb_boot_extra>
100052ae:	2001      	movs	r0, #1
100052b0:	4240      	negs	r0, r0
100052b2:	e7f8      	b.n	100052a6 <usb_reset_interface_control_xfer_cb+0x4e>
100052b4:	2000239a 	.word	0x2000239a

100052b8 <tud_descriptor_bos_cb>:
100052b8:	4800      	ldr	r0, [pc, #0]	@ (100052bc <tud_descriptor_bos_cb+0x4>)
100052ba:	4770      	bx	lr
100052bc:	10008068 	.word	0x10008068

100052c0 <tud_vendor_control_xfer_cb>:
100052c0:	b570      	push	{r4, r5, r6, lr}
100052c2:	0005      	movs	r5, r0
100052c4:	0014      	movs	r4, r2
100052c6:	2001      	movs	r0, #1
100052c8:	2901      	cmp	r1, #1
100052ca:	d109      	bne.n	100052e0 <tud_vendor_control_xfer_cb+0x20>
100052cc:	7853      	ldrb	r3, [r2, #1]
100052ce:	2000      	movs	r0, #0
100052d0:	2b01      	cmp	r3, #1
100052d2:	d105      	bne.n	100052e0 <tud_vendor_control_xfer_cb+0x20>
100052d4:	7963      	ldrb	r3, [r4, #5]
100052d6:	7912      	ldrb	r2, [r2, #4]
100052d8:	021b      	lsls	r3, r3, #8
100052da:	4313      	orrs	r3, r2
100052dc:	2b07      	cmp	r3, #7
100052de:	d000      	beq.n	100052e2 <tud_vendor_control_xfer_cb+0x22>
100052e0:	bd70      	pop	{r4, r5, r6, pc}
100052e2:	0021      	movs	r1, r4
100052e4:	0028      	movs	r0, r5
100052e6:	4a02      	ldr	r2, [pc, #8]	@ (100052f0 <tud_vendor_control_xfer_cb+0x30>)
100052e8:	339f      	adds	r3, #159	@ 0x9f
100052ea:	f000 fee9 	bl	100060c0 <tud_control_xfer>
100052ee:	e7f7      	b.n	100052e0 <tud_vendor_control_xfer_cb+0x20>
100052f0:	10007fc0 	.word	0x10007fc0

100052f4 <usbd_app_driver_get_cb>:
100052f4:	2301      	movs	r3, #1
100052f6:	7003      	strb	r3, [r0, #0]
100052f8:	4800      	ldr	r0, [pc, #0]	@ (100052fc <usbd_app_driver_get_cb+0x8>)
100052fa:	4770      	bx	lr
100052fc:	1000808c 	.word	0x1000808c

10005300 <tud_cdc_line_coding_cb>:
10005300:	784b      	ldrb	r3, [r1, #1]
10005302:	780a      	ldrb	r2, [r1, #0]
10005304:	021b      	lsls	r3, r3, #8
10005306:	4313      	orrs	r3, r2
10005308:	788a      	ldrb	r2, [r1, #2]
1000530a:	b510      	push	{r4, lr}
1000530c:	0412      	lsls	r2, r2, #16
1000530e:	431a      	orrs	r2, r3
10005310:	78cb      	ldrb	r3, [r1, #3]
10005312:	061b      	lsls	r3, r3, #24
10005314:	4313      	orrs	r3, r2
10005316:	2296      	movs	r2, #150	@ 0x96
10005318:	00d2      	lsls	r2, r2, #3
1000531a:	4293      	cmp	r3, r2
1000531c:	d000      	beq.n	10005320 <tud_cdc_line_coding_cb+0x20>
1000531e:	bd10      	pop	{r4, pc}
10005320:	2200      	movs	r2, #0
10005322:	2001      	movs	r0, #1
10005324:	0011      	movs	r1, r2
10005326:	4240      	negs	r0, r0
10005328:	f7fc fd80 	bl	10001e2c <rom_reset_usb_boot_extra>

1000532c <dcd_init>:
1000532c:	b5f8      	push	{r3, r4, r5, r6, r7, lr}
1000532e:	f000 f935 	bl	1000559c <rp2040_usb_init>
10005332:	230c      	movs	r3, #12
10005334:	4d19      	ldr	r5, [pc, #100]	@ (1000539c <dcd_init+0x70>)
10005336:	22ff      	movs	r2, #255	@ 0xff
10005338:	67ab      	str	r3, [r5, #120]	@ 0x78
1000533a:	2005      	movs	r0, #5
1000533c:	4918      	ldr	r1, [pc, #96]	@ (100053a0 <dcd_init+0x74>)
1000533e:	f7fb fd5b 	bl	10000df8 <irq_add_shared_handler>
10005342:	4c18      	ldr	r4, [pc, #96]	@ (100053a4 <dcd_init+0x78>)
10005344:	2240      	movs	r2, #64	@ 0x40
10005346:	2100      	movs	r1, #0
10005348:	0020      	movs	r0, r4
1000534a:	f7fd fd71 	bl	10002e30 <__wrap_memset>
1000534e:	2740      	movs	r7, #64	@ 0x40
10005350:	2300      	movs	r3, #0
10005352:	2601      	movs	r6, #1
10005354:	2121      	movs	r1, #33	@ 0x21
10005356:	4a14      	ldr	r2, [pc, #80]	@ (100053a8 <dcd_init+0x7c>)
10005358:	7066      	strb	r6, [r4, #1]
1000535a:	8327      	strh	r7, [r4, #24]
1000535c:	60a2      	str	r2, [r4, #8]
1000535e:	6013      	str	r3, [r2, #0]
10005360:	5463      	strb	r3, [r4, r1]
10005362:	315f      	adds	r1, #95	@ 0x5f
10005364:	8461      	strh	r1, [r4, #34]	@ 0x22
10005366:	3945      	subs	r1, #69	@ 0x45
10005368:	5463      	strb	r3, [r4, r1]
1000536a:	4a10      	ldr	r2, [pc, #64]	@ (100053ac <dcd_init+0x80>)
1000536c:	4910      	ldr	r1, [pc, #64]	@ (100053b0 <dcd_init+0x84>)
1000536e:	6063      	str	r3, [r4, #4]
10005370:	60e2      	str	r2, [r4, #12]
10005372:	8727      	strh	r7, [r4, #56]	@ 0x38
10005374:	62a1      	str	r1, [r4, #40]	@ 0x28
10005376:	600b      	str	r3, [r1, #0]
10005378:	6263      	str	r3, [r4, #36]	@ 0x24
1000537a:	62e2      	str	r2, [r4, #44]	@ 0x2c
1000537c:	f002 fb24 	bl	100079c8 <__reset_non_control_endpoints_veneer>
10005380:	2380      	movs	r3, #128	@ 0x80
10005382:	059b      	lsls	r3, r3, #22
10005384:	642e      	str	r6, [r5, #64]	@ 0x40
10005386:	64eb      	str	r3, [r5, #76]	@ 0x4c
10005388:	2390      	movs	r3, #144	@ 0x90
1000538a:	4a0a      	ldr	r2, [pc, #40]	@ (100053b4 <dcd_init+0x88>)
1000538c:	2001      	movs	r0, #1
1000538e:	50ea      	str	r2, [r5, r3]
10005390:	2280      	movs	r2, #128	@ 0x80
10005392:	4b09      	ldr	r3, [pc, #36]	@ (100053b8 <dcd_init+0x8c>)
10005394:	0252      	lsls	r2, r2, #9
10005396:	64da      	str	r2, [r3, #76]	@ 0x4c
10005398:	bdf8      	pop	{r3, r4, r5, r6, r7, pc}
1000539a:	46c0      	nop			@ (mov r8, r8)
1000539c:	50110000 	.word	0x50110000
100053a0:	20000499 	.word	0x20000499
100053a4:	20001f48 	.word	0x20001f48
100053a8:	50100084 	.word	0x50100084
100053ac:	50100100 	.word	0x50100100
100053b0:	50100080 	.word	0x50100080
100053b4:	0001d010 	.word	0x0001d010
100053b8:	50112000 	.word	0x50112000

100053bc <dcd_int_enable>:
100053bc:	b510      	push	{r4, lr}
100053be:	2101      	movs	r1, #1
100053c0:	2005      	movs	r0, #5
100053c2:	f7fb fcb7 	bl	10000d34 <irq_set_enabled>
100053c6:	bd10      	pop	{r4, pc}

100053c8 <dcd_set_address>:
100053c8:	b510      	push	{r4, lr}
100053ca:	2200      	movs	r2, #0
100053cc:	2100      	movs	r1, #0
100053ce:	4802      	ldr	r0, [pc, #8]	@ (100053d8 <dcd_set_address+0x10>)
100053d0:	f000 f904 	bl	100055dc <hw_endpoint_xfer_start>
100053d4:	bd10      	pop	{r4, pc}
100053d6:	46c0      	nop			@ (mov r8, r8)
100053d8:	20001f68 	.word	0x20001f68

100053dc <dcd_sof_enable>:
100053dc:	4b04      	ldr	r3, [pc, #16]	@ (100053f0 <dcd_sof_enable+0x14>)
100053de:	7019      	strb	r1, [r3, #0]
100053e0:	2900      	cmp	r1, #0
100053e2:	d004      	beq.n	100053ee <dcd_sof_enable+0x12>
100053e4:	2180      	movs	r1, #128	@ 0x80
100053e6:	2390      	movs	r3, #144	@ 0x90
100053e8:	4a02      	ldr	r2, [pc, #8]	@ (100053f4 <dcd_sof_enable+0x18>)
100053ea:	0289      	lsls	r1, r1, #10
100053ec:	50d1      	str	r1, [r2, r3]
100053ee:	4770      	bx	lr
100053f0:	20002396 	.word	0x20002396
100053f4:	50112000 	.word	0x50112000

100053f8 <dcd_edpt0_status_complete>:
100053f8:	780b      	ldrb	r3, [r1, #0]
100053fa:	065b      	lsls	r3, r3, #25
100053fc:	d102      	bne.n	10005404 <dcd_edpt0_status_complete+0xc>
100053fe:	784b      	ldrb	r3, [r1, #1]
10005400:	2b05      	cmp	r3, #5
10005402:	d000      	beq.n	10005406 <dcd_edpt0_status_complete+0xe>
10005404:	4770      	bx	lr
10005406:	788a      	ldrb	r2, [r1, #2]
10005408:	4b01      	ldr	r3, [pc, #4]	@ (10005410 <dcd_edpt0_status_complete+0x18>)
1000540a:	601a      	str	r2, [r3, #0]
1000540c:	e7fa      	b.n	10005404 <dcd_edpt0_status_complete+0xc>
1000540e:	46c0      	nop			@ (mov r8, r8)
10005410:	50110000 	.word	0x50110000

10005414 <dcd_edpt_open>:
10005414:	b5f0      	push	{r4, r5, r6, r7, lr}
10005416:	46c6      	mov	lr, r8
10005418:	78cb      	ldrb	r3, [r1, #3]
1000541a:	b500      	push	{lr}
1000541c:	079b      	lsls	r3, r3, #30
1000541e:	0f9c      	lsrs	r4, r3, #30
10005420:	0020      	movs	r0, r4
10005422:	2c01      	cmp	r4, #1
10005424:	d056      	beq.n	100054d4 <dcd_edpt_open+0xc0>
10005426:	788d      	ldrb	r5, [r1, #2]
10005428:	790a      	ldrb	r2, [r1, #4]
1000542a:	794b      	ldrb	r3, [r1, #5]
1000542c:	217f      	movs	r1, #127	@ 0x7f
1000542e:	021b      	lsls	r3, r3, #8
10005430:	4029      	ands	r1, r5
10005432:	09ee      	lsrs	r6, r5, #7
10005434:	4313      	orrs	r3, r2
10005436:	004a      	lsls	r2, r1, #1
10005438:	4694      	mov	ip, r2
1000543a:	4f2c      	ldr	r7, [pc, #176]	@ (100054ec <dcd_edpt_open+0xd8>)
1000543c:	1992      	adds	r2, r2, r6
1000543e:	0152      	lsls	r2, r2, #5
10005440:	18ba      	adds	r2, r7, r2
10005442:	7095      	strb	r5, [r2, #2]
10005444:	2501      	movs	r5, #1
10005446:	4075      	eors	r5, r6
10005448:	7055      	strb	r5, [r2, #1]
1000544a:	2500      	movs	r5, #0
1000544c:	055b      	lsls	r3, r3, #21
1000544e:	0d5b      	lsrs	r3, r3, #21
10005450:	70d5      	strb	r5, [r2, #3]
10005452:	8313      	strh	r3, [r2, #24]
10005454:	76d4      	strb	r4, [r2, #27]
10005456:	00ca      	lsls	r2, r1, #3
10005458:	2e01      	cmp	r6, #1
1000545a:	d02b      	beq.n	100054b4 <dcd_edpt_open+0xa0>
1000545c:	4c24      	ldr	r4, [pc, #144]	@ (100054f0 <dcd_edpt_open+0xdc>)
1000545e:	46a0      	mov	r8, r4
10005460:	018c      	lsls	r4, r1, #6
10005462:	4442      	add	r2, r8
10005464:	193c      	adds	r4, r7, r4
10005466:	60a2      	str	r2, [r4, #8]
10005468:	6015      	str	r5, [r2, #0]
1000546a:	2900      	cmp	r1, #0
1000546c:	d02b      	beq.n	100054c6 <dcd_edpt_open+0xb2>
1000546e:	4a21      	ldr	r2, [pc, #132]	@ (100054f4 <dcd_edpt_open+0xe0>)
10005470:	00c9      	lsls	r1, r1, #3
10005472:	4690      	mov	r8, r2
10005474:	4441      	add	r1, r8
10005476:	6061      	str	r1, [r4, #4]
10005478:	223f      	movs	r2, #63	@ 0x3f
1000547a:	333f      	adds	r3, #63	@ 0x3f
1000547c:	4393      	bics	r3, r2
1000547e:	2802      	cmp	r0, #2
10005480:	d030      	beq.n	100054e4 <dcd_edpt_open+0xd0>
10005482:	0032      	movs	r2, r6
10005484:	4c1c      	ldr	r4, [pc, #112]	@ (100054f8 <dcd_edpt_open+0xe4>)
10005486:	4462      	add	r2, ip
10005488:	6821      	ldr	r1, [r4, #0]
1000548a:	0152      	lsls	r2, r2, #5
1000548c:	18bf      	adds	r7, r7, r2
1000548e:	4a1b      	ldr	r2, [pc, #108]	@ (100054fc <dcd_edpt_open+0xe8>)
10005490:	18cb      	adds	r3, r1, r3
10005492:	60f9      	str	r1, [r7, #12]
10005494:	6023      	str	r3, [r4, #0]
10005496:	4293      	cmp	r3, r2
10005498:	d826      	bhi.n	100054e8 <dcd_edpt_open+0xd4>
1000549a:	4a19      	ldr	r2, [pc, #100]	@ (10005500 <dcd_edpt_open+0xec>)
1000549c:	0683      	lsls	r3, r0, #26
1000549e:	404a      	eors	r2, r1
100054a0:	4313      	orrs	r3, r2
100054a2:	2280      	movs	r2, #128	@ 0x80
100054a4:	0612      	lsls	r2, r2, #24
100054a6:	4313      	orrs	r3, r2
100054a8:	687a      	ldr	r2, [r7, #4]
100054aa:	6013      	str	r3, [r2, #0]
100054ac:	2001      	movs	r0, #1
100054ae:	bc80      	pop	{r7}
100054b0:	46b8      	mov	r8, r7
100054b2:	bdf0      	pop	{r4, r5, r6, r7, pc}
100054b4:	4c13      	ldr	r4, [pc, #76]	@ (10005504 <dcd_edpt_open+0xf0>)
100054b6:	46a0      	mov	r8, r4
100054b8:	018c      	lsls	r4, r1, #6
100054ba:	4442      	add	r2, r8
100054bc:	193c      	adds	r4, r7, r4
100054be:	62a2      	str	r2, [r4, #40]	@ 0x28
100054c0:	6015      	str	r5, [r2, #0]
100054c2:	2900      	cmp	r1, #0
100054c4:	d108      	bne.n	100054d8 <dcd_edpt_open+0xc4>
100054c6:	2300      	movs	r3, #0
100054c8:	0176      	lsls	r6, r6, #5
100054ca:	19be      	adds	r6, r7, r6
100054cc:	6073      	str	r3, [r6, #4]
100054ce:	4b0e      	ldr	r3, [pc, #56]	@ (10005508 <dcd_edpt_open+0xf4>)
100054d0:	60f3      	str	r3, [r6, #12]
100054d2:	e7eb      	b.n	100054ac <dcd_edpt_open+0x98>
100054d4:	2000      	movs	r0, #0
100054d6:	e7ea      	b.n	100054ae <dcd_edpt_open+0x9a>
100054d8:	4a09      	ldr	r2, [pc, #36]	@ (10005500 <dcd_edpt_open+0xec>)
100054da:	00c9      	lsls	r1, r1, #3
100054dc:	4690      	mov	r8, r2
100054de:	4441      	add	r1, r8
100054e0:	6261      	str	r1, [r4, #36]	@ 0x24
100054e2:	e7c9      	b.n	10005478 <dcd_edpt_open+0x64>
100054e4:	005b      	lsls	r3, r3, #1
100054e6:	e7cc      	b.n	10005482 <dcd_edpt_open+0x6e>
100054e8:	f7fc fcca 	bl	10001e80 <hard_assertion_failure>
100054ec:	20001f48 	.word	0x20001f48
100054f0:	50100084 	.word	0x50100084
100054f4:	50100004 	.word	0x50100004
100054f8:	20002350 	.word	0x20002350
100054fc:	50100fff 	.word	0x50100fff
10005500:	50100000 	.word	0x50100000
10005504:	50100080 	.word	0x50100080
10005508:	50100100 	.word	0x50100100

1000550c <dcd_edpt_close_all>:
1000550c:	b510      	push	{r4, lr}
1000550e:	f002 fa5b 	bl	100079c8 <__reset_non_control_endpoints_veneer>
10005512:	bd10      	pop	{r4, pc}

10005514 <dcd_edpt_xfer>:
10005514:	b510      	push	{r4, lr}
10005516:	207f      	movs	r0, #127	@ 0x7f
10005518:	000c      	movs	r4, r1
1000551a:	4020      	ands	r0, r4
1000551c:	0040      	lsls	r0, r0, #1
1000551e:	09e4      	lsrs	r4, r4, #7
10005520:	0011      	movs	r1, r2
10005522:	1900      	adds	r0, r0, r4
10005524:	001a      	movs	r2, r3
10005526:	4b03      	ldr	r3, [pc, #12]	@ (10005534 <dcd_edpt_xfer+0x20>)
10005528:	0140      	lsls	r0, r0, #5
1000552a:	18c0      	adds	r0, r0, r3
1000552c:	f000 f856 	bl	100055dc <hw_endpoint_xfer_start>
10005530:	2001      	movs	r0, #1
10005532:	bd10      	pop	{r4, pc}
10005534:	20001f48 	.word	0x20001f48

10005538 <dcd_edpt_stall>:
10005538:	237f      	movs	r3, #127	@ 0x7f
1000553a:	0018      	movs	r0, r3
1000553c:	b510      	push	{r4, lr}
1000553e:	4008      	ands	r0, r1
10005540:	09ca      	lsrs	r2, r1, #7
10005542:	420b      	tst	r3, r1
10005544:	d103      	bne.n	1000554e <dcd_edpt_stall+0x16>
10005546:	4907      	ldr	r1, [pc, #28]	@ (10005564 <dcd_edpt_stall+0x2c>)
10005548:	3b7d      	subs	r3, #125	@ 0x7d
1000554a:	1a9b      	subs	r3, r3, r2
1000554c:	668b      	str	r3, [r1, #104]	@ 0x68
1000554e:	0040      	lsls	r0, r0, #1
10005550:	1880      	adds	r0, r0, r2
10005552:	2280      	movs	r2, #128	@ 0x80
10005554:	4b04      	ldr	r3, [pc, #16]	@ (10005568 <dcd_edpt_stall+0x30>)
10005556:	0140      	lsls	r0, r0, #5
10005558:	2100      	movs	r1, #0
1000555a:	18c0      	adds	r0, r0, r3
1000555c:	0112      	lsls	r2, r2, #4
1000555e:	f002 fa5b 	bl	10007a18 <___hw_endpoint_buffer_control_update32_veneer>
10005562:	bd10      	pop	{r4, pc}
10005564:	50112000 	.word	0x50112000
10005568:	20001f48 	.word	0x20001f48

1000556c <dcd_edpt_clear_stall>:
1000556c:	227f      	movs	r2, #127	@ 0x7f
1000556e:	0013      	movs	r3, r2
10005570:	b510      	push	{r4, lr}
10005572:	400b      	ands	r3, r1
10005574:	420a      	tst	r2, r1
10005576:	d100      	bne.n	1000557a <dcd_edpt_clear_stall+0xe>
10005578:	bd10      	pop	{r4, pc}
1000557a:	09c9      	lsrs	r1, r1, #7
1000557c:	005b      	lsls	r3, r3, #1
1000557e:	185b      	adds	r3, r3, r1
10005580:	4804      	ldr	r0, [pc, #16]	@ (10005594 <dcd_edpt_clear_stall+0x28>)
10005582:	015b      	lsls	r3, r3, #5
10005584:	18c0      	adds	r0, r0, r3
10005586:	2300      	movs	r3, #0
10005588:	2200      	movs	r2, #0
1000558a:	4903      	ldr	r1, [pc, #12]	@ (10005598 <dcd_edpt_clear_stall+0x2c>)
1000558c:	70c3      	strb	r3, [r0, #3]
1000558e:	f002 fa43 	bl	10007a18 <___hw_endpoint_buffer_control_update32_veneer>
10005592:	e7f1      	b.n	10005578 <dcd_edpt_clear_stall+0xc>
10005594:	20001f48 	.word	0x20001f48
10005598:	fffff7ff 	.word	0xfffff7ff

1000559c <rp2040_usb_init>:
1000559c:	2280      	movs	r2, #128	@ 0x80
1000559e:	4b0a      	ldr	r3, [pc, #40]	@ (100055c8 <rp2040_usb_init+0x2c>)
100055a0:	0452      	lsls	r2, r2, #17
100055a2:	b510      	push	{r4, lr}
100055a4:	601a      	str	r2, [r3, #0]
100055a6:	4b09      	ldr	r3, [pc, #36]	@ (100055cc <rp2040_usb_init+0x30>)
100055a8:	4909      	ldr	r1, [pc, #36]	@ (100055d0 <rp2040_usb_init+0x34>)
100055aa:	601a      	str	r2, [r3, #0]
100055ac:	0010      	movs	r0, r2
100055ae:	680b      	ldr	r3, [r1, #0]
100055b0:	4398      	bics	r0, r3
100055b2:	d1fb      	bne.n	100055ac <rp2040_usb_init+0x10>
100055b4:	2280      	movs	r2, #128	@ 0x80
100055b6:	2100      	movs	r1, #0
100055b8:	0152      	lsls	r2, r2, #5
100055ba:	4806      	ldr	r0, [pc, #24]	@ (100055d4 <rp2040_usb_init+0x38>)
100055bc:	f7fd fc38 	bl	10002e30 <__wrap_memset>
100055c0:	2209      	movs	r2, #9
100055c2:	4b05      	ldr	r3, [pc, #20]	@ (100055d8 <rp2040_usb_init+0x3c>)
100055c4:	675a      	str	r2, [r3, #116]	@ 0x74
100055c6:	bd10      	pop	{r4, pc}
100055c8:	4000e000 	.word	0x4000e000
100055cc:	4000f000 	.word	0x4000f000
100055d0:	4000c008 	.word	0x4000c008
100055d4:	50100000 	.word	0x50100000
100055d8:	50110000 	.word	0x50110000

100055dc <hw_endpoint_xfer_start>:
100055dc:	2300      	movs	r3, #0
100055de:	b510      	push	{r4, lr}
100055e0:	82c3      	strh	r3, [r0, #22]
100055e2:	3301      	adds	r3, #1
100055e4:	8282      	strh	r2, [r0, #20]
100055e6:	7683      	strb	r3, [r0, #26]
100055e8:	6101      	str	r1, [r0, #16]
100055ea:	0004      	movs	r4, r0
100055ec:	f002 f9dc 	bl	100079a8 <__e15_is_bulkin_ep_veneer>
100055f0:	2800      	cmp	r0, #0
100055f2:	d004      	beq.n	100055fe <hw_endpoint_xfer_start+0x22>
100055f4:	2180      	movs	r1, #128	@ 0x80
100055f6:	2390      	movs	r3, #144	@ 0x90
100055f8:	4a07      	ldr	r2, [pc, #28]	@ (10005618 <hw_endpoint_xfer_start+0x3c>)
100055fa:	0289      	lsls	r1, r1, #10
100055fc:	50d1      	str	r1, [r2, r3]
100055fe:	0020      	movs	r0, r4
10005600:	f002 fa02 	bl	10007a08 <__e15_is_critical_frame_period_veneer>
10005604:	2800      	cmp	r0, #0
10005606:	d002      	beq.n	1000560e <hw_endpoint_xfer_start+0x32>
10005608:	2301      	movs	r3, #1
1000560a:	7723      	strb	r3, [r4, #28]
1000560c:	bd10      	pop	{r4, pc}
1000560e:	0020      	movs	r0, r4
10005610:	f002 fa1a 	bl	10007a48 <__hw_endpoint_start_next_buffer_veneer>
10005614:	e7fa      	b.n	1000560c <hw_endpoint_xfer_start+0x30>
10005616:	46c0      	nop			@ (mov r8, r8)
10005618:	50112000 	.word	0x50112000

1000561c <tud_event_hook_cb>:
1000561c:	4770      	bx	lr
1000561e:	46c0      	nop			@ (mov r8, r8)

10005620 <tud_sof_cb>:
10005620:	4770      	bx	lr
10005622:	46c0      	nop			@ (mov r8, r8)

10005624 <tud_descriptor_device_qualifier_cb>:
10005624:	2000      	movs	r0, #0
10005626:	4770      	bx	lr

10005628 <tud_descriptor_other_speed_configuration_cb>:
10005628:	2000      	movs	r0, #0
1000562a:	4770      	bx	lr

1000562c <tud_mount_cb>:
1000562c:	4770      	bx	lr
1000562e:	46c0      	nop			@ (mov r8, r8)

10005630 <tud_umount_cb>:
10005630:	4770      	bx	lr
10005632:	46c0      	nop			@ (mov r8, r8)

10005634 <tud_suspend_cb>:
10005634:	4770      	bx	lr
10005636:	46c0      	nop			@ (mov r8, r8)

10005638 <tud_resume_cb>:
10005638:	4770      	bx	lr
1000563a:	46c0      	nop			@ (mov r8, r8)

1000563c <tud_mounted>:
1000563c:	4b02      	ldr	r3, [pc, #8]	@ (10005648 <tud_mounted+0xc>)
1000563e:	7858      	ldrb	r0, [r3, #1]
10005640:	1e43      	subs	r3, r0, #1
10005642:	4198      	sbcs	r0, r3
10005644:	b2c0      	uxtb	r0, r0
10005646:	4770      	bx	lr
10005648:	20001cb8 	.word	0x20001cb8

1000564c <tud_suspended>:
1000564c:	4b02      	ldr	r3, [pc, #8]	@ (10005658 <tud_suspended+0xc>)
1000564e:	7818      	ldrb	r0, [r3, #0]
10005650:	0740      	lsls	r0, r0, #29
10005652:	0fc0      	lsrs	r0, r0, #31
10005654:	4770      	bx	lr
10005656:	46c0      	nop			@ (mov r8, r8)
10005658:	20001cb8 	.word	0x20001cb8

1000565c <tud_rhport_init>:
1000565c:	b5f0      	push	{r4, r5, r6, r7, lr}
1000565e:	46d6      	mov	lr, sl
10005660:	464f      	mov	r7, r9
10005662:	4646      	mov	r6, r8
10005664:	b5c0      	push	{r6, r7, lr}
10005666:	4b2f      	ldr	r3, [pc, #188]	@ (10005724 <tud_rhport_init+0xc8>)
10005668:	0007      	movs	r7, r0
1000566a:	469a      	mov	sl, r3
1000566c:	781b      	ldrb	r3, [r3, #0]
1000566e:	000e      	movs	r6, r1
10005670:	2bff      	cmp	r3, #255	@ 0xff
10005672:	d001      	beq.n	10005678 <tud_rhport_init+0x1c>
10005674:	2001      	movs	r0, #1
10005676:	e041      	b.n	100056fc <tud_rhport_init+0xa0>
10005678:	2900      	cmp	r1, #0
1000567a:	d03e      	beq.n	100056fa <tud_rhport_init+0x9e>
1000567c:	2100      	movs	r1, #0
1000567e:	2254      	movs	r2, #84	@ 0x54
10005680:	4829      	ldr	r0, [pc, #164]	@ (10005728 <tud_rhport_init+0xcc>)
10005682:	f7fd fbd5 	bl	10002e30 <__wrap_memset>
10005686:	2200      	movs	r2, #0
10005688:	4c28      	ldr	r4, [pc, #160]	@ (1000572c <tud_rhport_init+0xd0>)
1000568a:	4b29      	ldr	r3, [pc, #164]	@ (10005730 <tud_rhport_init+0xd4>)
1000568c:	0020      	movs	r0, r4
1000568e:	701a      	strb	r2, [r3, #0]
10005690:	f7fb fd4a 	bl	10001128 <mutex_init>
10005694:	4b27      	ldr	r3, [pc, #156]	@ (10005734 <tud_rhport_init+0xd8>)
10005696:	601c      	str	r4, [r3, #0]
10005698:	4c27      	ldr	r4, [pc, #156]	@ (10005738 <tud_rhport_init+0xdc>)
1000569a:	0020      	movs	r0, r4
1000569c:	3c14      	subs	r4, #20
1000569e:	f7fb fd51 	bl	10001144 <critical_section_init>
100056a2:	0020      	movs	r0, r4
100056a4:	f001 fbb6 	bl	10006e14 <tu_fifo_clear>
100056a8:	4b24      	ldr	r3, [pc, #144]	@ (1000573c <tud_rhport_init+0xe0>)
100056aa:	4d25      	ldr	r5, [pc, #148]	@ (10005740 <tud_rhport_init+0xe4>)
100056ac:	601c      	str	r4, [r3, #0]
100056ae:	4b25      	ldr	r3, [pc, #148]	@ (10005744 <tud_rhport_init+0xe8>)
100056b0:	2b00      	cmp	r3, #0
100056b2:	d028      	beq.n	10005706 <tud_rhport_init+0xaa>
100056b4:	0028      	movs	r0, r5
100056b6:	f7ff fe1d 	bl	100052f4 <usbd_app_driver_get_cb>
100056ba:	4b23      	ldr	r3, [pc, #140]	@ (10005748 <tud_rhport_init+0xec>)
100056bc:	6018      	str	r0, [r3, #0]
100056be:	782b      	ldrb	r3, [r5, #0]
100056c0:	4a22      	ldr	r2, [pc, #136]	@ (1000574c <tud_rhport_init+0xf0>)
100056c2:	2400      	movs	r4, #0
100056c4:	4691      	mov	r9, r2
100056c6:	4a20      	ldr	r2, [pc, #128]	@ (10005748 <tud_rhport_init+0xec>)
100056c8:	4690      	mov	r8, r2
100056ca:	e00e      	b.n	100056ea <tud_rhport_init+0x8e>
100056cc:	4643      	mov	r3, r8
100056ce:	681b      	ldr	r3, [r3, #0]
100056d0:	0162      	lsls	r2, r4, #5
100056d2:	189b      	adds	r3, r3, r2
100056d4:	2b00      	cmp	r3, #0
100056d6:	d010      	beq.n	100056fa <tud_rhport_init+0x9e>
100056d8:	685b      	ldr	r3, [r3, #4]
100056da:	2b00      	cmp	r3, #0
100056dc:	d00d      	beq.n	100056fa <tud_rhport_init+0x9e>
100056de:	4798      	blx	r3
100056e0:	3401      	adds	r4, #1
100056e2:	782b      	ldrb	r3, [r5, #0]
100056e4:	b2e4      	uxtb	r4, r4
100056e6:	42a3      	cmp	r3, r4
100056e8:	d30f      	bcc.n	1000570a <tud_rhport_init+0xae>
100056ea:	42a3      	cmp	r3, r4
100056ec:	d8ee      	bhi.n	100056cc <tud_rhport_init+0x70>
100056ee:	1ae3      	subs	r3, r4, r3
100056f0:	015b      	lsls	r3, r3, #5
100056f2:	444b      	add	r3, r9
100056f4:	685b      	ldr	r3, [r3, #4]
100056f6:	2b00      	cmp	r3, #0
100056f8:	d1f1      	bne.n	100056de <tud_rhport_init+0x82>
100056fa:	2000      	movs	r0, #0
100056fc:	bce0      	pop	{r5, r6, r7}
100056fe:	46ba      	mov	sl, r7
10005700:	46b1      	mov	r9, r6
10005702:	46a8      	mov	r8, r5
10005704:	bdf0      	pop	{r4, r5, r6, r7, pc}
10005706:	782b      	ldrb	r3, [r5, #0]
10005708:	e7da      	b.n	100056c0 <tud_rhport_init+0x64>
1000570a:	4653      	mov	r3, sl
1000570c:	0031      	movs	r1, r6
1000570e:	0038      	movs	r0, r7
10005710:	701f      	strb	r7, [r3, #0]
10005712:	f7ff fe0b 	bl	1000532c <dcd_init>
10005716:	2800      	cmp	r0, #0
10005718:	d0ef      	beq.n	100056fa <tud_rhport_init+0x9e>
1000571a:	0038      	movs	r0, r7
1000571c:	f7ff fe4e 	bl	100053bc <dcd_int_enable>
10005720:	2001      	movs	r0, #1
10005722:	e7eb      	b.n	100056fc <tud_rhport_init+0xa0>
10005724:	200010a4 	.word	0x200010a4
10005728:	20001cb8 	.word	0x20001cb8
1000572c:	20001cb0 	.word	0x20001cb0
10005730:	20002397 	.word	0x20002397
10005734:	20001d0c 	.word	0x20001d0c
10005738:	2000109c 	.word	0x2000109c
1000573c:	20001d10 	.word	0x20001d10
10005740:	20002395 	.word	0x20002395
10005744:	100052f5 	.word	0x100052f5
10005748:	20001b08 	.word	0x20001b08
1000574c:	10008154 	.word	0x10008154

10005750 <tud_task_ext>:
10005750:	b5f0      	push	{r4, r5, r6, r7, lr}
10005752:	46de      	mov	lr, fp
10005754:	4657      	mov	r7, sl
10005756:	464e      	mov	r6, r9
10005758:	4645      	mov	r5, r8
1000575a:	b5e0      	push	{r5, r6, r7, lr}
1000575c:	4bc9      	ldr	r3, [pc, #804]	@ (10005a84 <tud_task_ext+0x334>)
1000575e:	b091      	sub	sp, #68	@ 0x44
10005760:	9303      	str	r3, [sp, #12]
10005762:	781b      	ldrb	r3, [r3, #0]
10005764:	2bff      	cmp	r3, #255	@ 0xff
10005766:	d100      	bne.n	1000576a <tud_task_ext+0x1a>
10005768:	e145      	b.n	100059f6 <tud_task_ext+0x2a6>
1000576a:	4bc7      	ldr	r3, [pc, #796]	@ (10005a88 <tud_task_ext+0x338>)
1000576c:	4ec7      	ldr	r6, [pc, #796]	@ (10005a8c <tud_task_ext+0x33c>)
1000576e:	469b      	mov	fp, r3
10005770:	465f      	mov	r7, fp
10005772:	4bc7      	ldr	r3, [pc, #796]	@ (10005a90 <tud_task_ext+0x340>)
10005774:	ac0d      	add	r4, sp, #52	@ 0x34
10005776:	9302      	str	r3, [sp, #8]
10005778:	4bc6      	ldr	r3, [pc, #792]	@ (10005a94 <tud_task_ext+0x344>)
1000577a:	9301      	str	r3, [sp, #4]
1000577c:	6835      	ldr	r5, [r6, #0]
1000577e:	696a      	ldr	r2, [r5, #20]
10005780:	f3ef 8110 	mrs	r1, PRIMASK
10005784:	b672      	cpsid	i
10005786:	6813      	ldr	r3, [r2, #0]
10005788:	2b00      	cmp	r3, #0
1000578a:	d0fc      	beq.n	10005786 <tud_task_ext+0x36>
1000578c:	f3bf 8f5f 	dmb	sy
10005790:	61a9      	str	r1, [r5, #24]
10005792:	0028      	movs	r0, r5
10005794:	0021      	movs	r1, r4
10005796:	f001 f96b 	bl	10006a70 <tu_fifo_read>
1000579a:	696a      	ldr	r2, [r5, #20]
1000579c:	69ab      	ldr	r3, [r5, #24]
1000579e:	f3bf 8f5f 	dmb	sy
100057a2:	2100      	movs	r1, #0
100057a4:	6011      	str	r1, [r2, #0]
100057a6:	f383 8810 	msr	PRIMASK, r3
100057aa:	2800      	cmp	r0, #0
100057ac:	d100      	bne.n	100057b0 <tud_task_ext+0x60>
100057ae:	e122      	b.n	100059f6 <tud_task_ext+0x2a6>
100057b0:	7863      	ldrb	r3, [r4, #1]
100057b2:	2b08      	cmp	r3, #8
100057b4:	d8e2      	bhi.n	1000577c <tud_task_ext+0x2c>
100057b6:	009b      	lsls	r3, r3, #2
100057b8:	58fb      	ldr	r3, [r7, r3]
100057ba:	469f      	mov	pc, r3
100057bc:	6863      	ldr	r3, [r4, #4]
100057be:	2b00      	cmp	r3, #0
100057c0:	d0dc      	beq.n	1000577c <tud_task_ext+0x2c>
100057c2:	68a0      	ldr	r0, [r4, #8]
100057c4:	4798      	blx	r3
100057c6:	e7d9      	b.n	1000577c <tud_task_ext+0x2c>
100057c8:	227f      	movs	r2, #127	@ 0x7f
100057ca:	7921      	ldrb	r1, [r4, #4]
100057cc:	4db0      	ldr	r5, [pc, #704]	@ (10005a90 <tud_task_ext+0x340>)
100057ce:	400a      	ands	r2, r1
100057d0:	0053      	lsls	r3, r2, #1
100057d2:	18eb      	adds	r3, r5, r3
100057d4:	4698      	mov	r8, r3
100057d6:	09c8      	lsrs	r0, r1, #7
100057d8:	4480      	add	r8, r0
100057da:	4640      	mov	r0, r8
100057dc:	2301      	movs	r3, #1
100057de:	3030      	adds	r0, #48	@ 0x30
100057e0:	7905      	ldrb	r5, [r0, #4]
100057e2:	439d      	bics	r5, r3
100057e4:	7105      	strb	r5, [r0, #4]
100057e6:	7905      	ldrb	r5, [r0, #4]
100057e8:	3303      	adds	r3, #3
100057ea:	439d      	bics	r5, r3
100057ec:	7105      	strb	r5, [r0, #4]
100057ee:	2a00      	cmp	r2, #0
100057f0:	d100      	bne.n	100057f4 <tud_task_ext+0xa4>
100057f2:	e107      	b.n	10005a04 <tud_task_ext+0x2b4>
100057f4:	4643      	mov	r3, r8
100057f6:	4aa8      	ldr	r2, [pc, #672]	@ (10005a98 <tud_task_ext+0x348>)
100057f8:	7d1b      	ldrb	r3, [r3, #20]
100057fa:	7812      	ldrb	r2, [r2, #0]
100057fc:	4293      	cmp	r3, r2
100057fe:	d300      	bcc.n	10005802 <tud_task_ext+0xb2>
10005800:	e0f7      	b.n	100059f2 <tud_task_ext+0x2a2>
10005802:	4aa6      	ldr	r2, [pc, #664]	@ (10005a9c <tud_task_ext+0x34c>)
10005804:	015b      	lsls	r3, r3, #5
10005806:	6815      	ldr	r5, [r2, #0]
10005808:	18ed      	adds	r5, r5, r3
1000580a:	2d00      	cmp	r5, #0
1000580c:	d100      	bne.n	10005810 <tud_task_ext+0xc0>
1000580e:	e0f2      	b.n	100059f6 <tud_task_ext+0x2a6>
10005810:	68a3      	ldr	r3, [r4, #8]
10005812:	7962      	ldrb	r2, [r4, #5]
10005814:	7820      	ldrb	r0, [r4, #0]
10005816:	69ad      	ldr	r5, [r5, #24]
10005818:	47a8      	blx	r5
1000581a:	e7af      	b.n	1000577c <tud_task_ext+0x2c>
1000581c:	4aa0      	ldr	r2, [pc, #640]	@ (10005aa0 <tud_task_ext+0x350>)
1000581e:	7813      	ldrb	r3, [r2, #0]
10005820:	2b00      	cmp	r3, #0
10005822:	d100      	bne.n	10005826 <tud_task_ext+0xd6>
10005824:	e0e7      	b.n	100059f6 <tud_task_ext+0x2a6>
10005826:	7813      	ldrb	r3, [r2, #0]
10005828:	3b01      	subs	r3, #1
1000582a:	b2db      	uxtb	r3, r3
1000582c:	7013      	strb	r3, [r2, #0]
1000582e:	7813      	ldrb	r3, [r2, #0]
10005830:	2b00      	cmp	r3, #0
10005832:	d1a3      	bne.n	1000577c <tud_task_ext+0x2c>
10005834:	2201      	movs	r2, #1
10005836:	4d96      	ldr	r5, [pc, #600]	@ (10005a90 <tud_task_ext+0x340>)
10005838:	2101      	movs	r1, #1
1000583a:	782b      	ldrb	r3, [r5, #0]
1000583c:	2004      	movs	r0, #4
1000583e:	4313      	orrs	r3, r2
10005840:	702b      	strb	r3, [r5, #0]
10005842:	2334      	movs	r3, #52	@ 0x34
10005844:	5cea      	ldrb	r2, [r5, r3]
10005846:	438a      	bics	r2, r1
10005848:	54ea      	strb	r2, [r5, r3]
1000584a:	5cea      	ldrb	r2, [r5, r3]
1000584c:	4382      	bics	r2, r0
1000584e:	54ea      	strb	r2, [r5, r3]
10005850:	3301      	adds	r3, #1
10005852:	5cea      	ldrb	r2, [r5, r3]
10005854:	438a      	bics	r2, r1
10005856:	54ea      	strb	r2, [r5, r3]
10005858:	5cea      	ldrb	r2, [r5, r3]
1000585a:	4382      	bics	r2, r0
1000585c:	54ea      	strb	r2, [r5, r3]
1000585e:	7823      	ldrb	r3, [r4, #0]
10005860:	2000      	movs	r0, #0
10005862:	469b      	mov	fp, r3
10005864:	f000 fc8c 	bl	10006180 <usbd_control_set_complete_callback>
10005868:	2260      	movs	r2, #96	@ 0x60
1000586a:	7923      	ldrb	r3, [r4, #4]
1000586c:	401a      	ands	r2, r3
1000586e:	2a60      	cmp	r2, #96	@ 0x60
10005870:	d100      	bne.n	10005874 <tud_task_ext+0x124>
10005872:	e0f2      	b.n	10005a5a <tud_task_ext+0x30a>
10005874:	2a40      	cmp	r2, #64	@ 0x40
10005876:	d100      	bne.n	1000587a <tud_task_ext+0x12a>
10005878:	e0f8      	b.n	10005a6c <tud_task_ext+0x31c>
1000587a:	06db      	lsls	r3, r3, #27
1000587c:	0edb      	lsrs	r3, r3, #27
1000587e:	2b01      	cmp	r3, #1
10005880:	d100      	bne.n	10005884 <tud_task_ext+0x134>
10005882:	e115      	b.n	10005ab0 <tud_task_ext+0x360>
10005884:	2b02      	cmp	r3, #2
10005886:	d100      	bne.n	1000588a <tud_task_ext+0x13a>
10005888:	e0cb      	b.n	10005a22 <tud_task_ext+0x2d2>
1000588a:	2b00      	cmp	r3, #0
1000588c:	d000      	beq.n	10005890 <tud_task_ext+0x140>
1000588e:	e0e4      	b.n	10005a5a <tud_task_ext+0x30a>
10005890:	2a20      	cmp	r2, #32
10005892:	d100      	bne.n	10005896 <tud_task_ext+0x146>
10005894:	e20f      	b.n	10005cb6 <tud_task_ext+0x566>
10005896:	2a00      	cmp	r2, #0
10005898:	d000      	beq.n	1000589c <tud_task_ext+0x14c>
1000589a:	e0de      	b.n	10005a5a <tud_task_ext+0x30a>
1000589c:	7963      	ldrb	r3, [r4, #5]
1000589e:	2b09      	cmp	r3, #9
100058a0:	d900      	bls.n	100058a4 <tud_task_ext+0x154>
100058a2:	e0da      	b.n	10005a5a <tud_task_ext+0x30a>
100058a4:	4a7f      	ldr	r2, [pc, #508]	@ (10005aa4 <tud_task_ext+0x354>)
100058a6:	009b      	lsls	r3, r3, #2
100058a8:	58d3      	ldr	r3, [r2, r3]
100058aa:	469f      	mov	pc, r3
100058ac:	4d78      	ldr	r5, [pc, #480]	@ (10005a90 <tud_task_ext+0x340>)
100058ae:	782b      	ldrb	r3, [r5, #0]
100058b0:	07db      	lsls	r3, r3, #31
100058b2:	d400      	bmi.n	100058b6 <tud_task_ext+0x166>
100058b4:	e762      	b.n	1000577c <tud_task_ext+0x2c>
100058b6:	f7ff febf 	bl	10005638 <tud_resume_cb>
100058ba:	e75f      	b.n	1000577c <tud_task_ext+0x2c>
100058bc:	9b02      	ldr	r3, [sp, #8]
100058be:	78db      	ldrb	r3, [r3, #3]
100058c0:	07db      	lsls	r3, r3, #31
100058c2:	d400      	bmi.n	100058c6 <tud_task_ext+0x176>
100058c4:	e75a      	b.n	1000577c <tud_task_ext+0x2c>
100058c6:	6860      	ldr	r0, [r4, #4]
100058c8:	f7ff feaa 	bl	10005620 <tud_sof_cb>
100058cc:	e756      	b.n	1000577c <tud_task_ext+0x2c>
100058ce:	4d70      	ldr	r5, [pc, #448]	@ (10005a90 <tud_task_ext+0x340>)
100058d0:	782b      	ldrb	r3, [r5, #0]
100058d2:	07db      	lsls	r3, r3, #31
100058d4:	d400      	bmi.n	100058d8 <tud_task_ext+0x188>
100058d6:	e751      	b.n	1000577c <tud_task_ext+0x2c>
100058d8:	7828      	ldrb	r0, [r5, #0]
100058da:	0700      	lsls	r0, r0, #28
100058dc:	0fc0      	lsrs	r0, r0, #31
100058de:	f7ff fea9 	bl	10005634 <tud_suspend_cb>
100058e2:	e74b      	b.n	1000577c <tud_task_ext+0x2c>
100058e4:	7823      	ldrb	r3, [r4, #0]
100058e6:	4a6b      	ldr	r2, [pc, #428]	@ (10005a94 <tud_task_ext+0x344>)
100058e8:	4699      	mov	r9, r3
100058ea:	4693      	mov	fp, r2
100058ec:	4b6a      	ldr	r3, [pc, #424]	@ (10005a98 <tud_task_ext+0x348>)
100058ee:	4a6b      	ldr	r2, [pc, #428]	@ (10005a9c <tud_task_ext+0x34c>)
100058f0:	4698      	mov	r8, r3
100058f2:	4692      	mov	sl, r2
100058f4:	003a      	movs	r2, r7
100058f6:	2500      	movs	r5, #0
100058f8:	4647      	mov	r7, r8
100058fa:	781b      	ldrb	r3, [r3, #0]
100058fc:	46b0      	mov	r8, r6
100058fe:	464e      	mov	r6, r9
10005900:	4691      	mov	r9, r2
10005902:	e00e      	b.n	10005922 <tud_task_ext+0x1d2>
10005904:	4653      	mov	r3, sl
10005906:	681b      	ldr	r3, [r3, #0]
10005908:	016a      	lsls	r2, r5, #5
1000590a:	189b      	adds	r3, r3, r2
1000590c:	2b00      	cmp	r3, #0
1000590e:	d100      	bne.n	10005912 <tud_task_ext+0x1c2>
10005910:	e07e      	b.n	10005a10 <tud_task_ext+0x2c0>
10005912:	68db      	ldr	r3, [r3, #12]
10005914:	0030      	movs	r0, r6
10005916:	4798      	blx	r3
10005918:	3501      	adds	r5, #1
1000591a:	783b      	ldrb	r3, [r7, #0]
1000591c:	b2ed      	uxtb	r5, r5
1000591e:	42ab      	cmp	r3, r5
10005920:	d30c      	bcc.n	1000593c <tud_task_ext+0x1ec>
10005922:	42ab      	cmp	r3, r5
10005924:	d8ee      	bhi.n	10005904 <tud_task_ext+0x1b4>
10005926:	1aeb      	subs	r3, r5, r3
10005928:	015b      	lsls	r3, r3, #5
1000592a:	445b      	add	r3, fp
1000592c:	68db      	ldr	r3, [r3, #12]
1000592e:	0030      	movs	r0, r6
10005930:	4798      	blx	r3
10005932:	3501      	adds	r5, #1
10005934:	783b      	ldrb	r3, [r7, #0]
10005936:	b2ed      	uxtb	r5, r5
10005938:	42ab      	cmp	r3, r5
1000593a:	d2f2      	bcs.n	10005922 <tud_task_ext+0x1d2>
1000593c:	4d54      	ldr	r5, [pc, #336]	@ (10005a90 <tud_task_ext+0x340>)
1000593e:	2254      	movs	r2, #84	@ 0x54
10005940:	2100      	movs	r1, #0
10005942:	0028      	movs	r0, r5
10005944:	f7fd fa74 	bl	10002e30 <__wrap_memset>
10005948:	2210      	movs	r2, #16
1000594a:	21ff      	movs	r1, #255	@ 0xff
1000594c:	1d28      	adds	r0, r5, #4
1000594e:	f7fd fa6f 	bl	10002e30 <__wrap_memset>
10005952:	0028      	movs	r0, r5
10005954:	2220      	movs	r2, #32
10005956:	21ff      	movs	r1, #255	@ 0xff
10005958:	3014      	adds	r0, #20
1000595a:	4646      	mov	r6, r8
1000595c:	464f      	mov	r7, r9
1000595e:	f7fd fa67 	bl	10002e30 <__wrap_memset>
10005962:	f000 fc03 	bl	1000616c <usbd_control_reset>
10005966:	7923      	ldrb	r3, [r4, #4]
10005968:	70ab      	strb	r3, [r5, #2]
1000596a:	e707      	b.n	1000577c <tud_task_ext+0x2c>
1000596c:	7823      	ldrb	r3, [r4, #0]
1000596e:	4a4b      	ldr	r2, [pc, #300]	@ (10005a9c <tud_task_ext+0x34c>)
10005970:	4699      	mov	r9, r3
10005972:	4b49      	ldr	r3, [pc, #292]	@ (10005a98 <tud_task_ext+0x348>)
10005974:	4692      	mov	sl, r2
10005976:	4698      	mov	r8, r3
10005978:	0032      	movs	r2, r6
1000597a:	46bb      	mov	fp, r7
1000597c:	464e      	mov	r6, r9
1000597e:	2500      	movs	r5, #0
10005980:	4647      	mov	r7, r8
10005982:	4691      	mov	r9, r2
10005984:	781b      	ldrb	r3, [r3, #0]
10005986:	e00d      	b.n	100059a4 <tud_task_ext+0x254>
10005988:	4653      	mov	r3, sl
1000598a:	681b      	ldr	r3, [r3, #0]
1000598c:	016a      	lsls	r2, r5, #5
1000598e:	189b      	adds	r3, r3, r2
10005990:	2b00      	cmp	r3, #0
10005992:	d041      	beq.n	10005a18 <tud_task_ext+0x2c8>
10005994:	68db      	ldr	r3, [r3, #12]
10005996:	0030      	movs	r0, r6
10005998:	4798      	blx	r3
1000599a:	3501      	adds	r5, #1
1000599c:	783b      	ldrb	r3, [r7, #0]
1000599e:	b2ed      	uxtb	r5, r5
100059a0:	42ab      	cmp	r3, r5
100059a2:	d30e      	bcc.n	100059c2 <tud_task_ext+0x272>
100059a4:	429d      	cmp	r5, r3
100059a6:	d3ef      	bcc.n	10005988 <tud_task_ext+0x238>
100059a8:	9a01      	ldr	r2, [sp, #4]
100059aa:	1aeb      	subs	r3, r5, r3
100059ac:	4694      	mov	ip, r2
100059ae:	015b      	lsls	r3, r3, #5
100059b0:	4463      	add	r3, ip
100059b2:	68db      	ldr	r3, [r3, #12]
100059b4:	0030      	movs	r0, r6
100059b6:	4798      	blx	r3
100059b8:	3501      	adds	r5, #1
100059ba:	783b      	ldrb	r3, [r7, #0]
100059bc:	b2ed      	uxtb	r5, r5
100059be:	42ab      	cmp	r3, r5
100059c0:	d2f0      	bcs.n	100059a4 <tud_task_ext+0x254>
100059c2:	9d02      	ldr	r5, [sp, #8]
100059c4:	2254      	movs	r2, #84	@ 0x54
100059c6:	2100      	movs	r1, #0
100059c8:	0028      	movs	r0, r5
100059ca:	f7fd fa31 	bl	10002e30 <__wrap_memset>
100059ce:	2210      	movs	r2, #16
100059d0:	21ff      	movs	r1, #255	@ 0xff
100059d2:	4835      	ldr	r0, [pc, #212]	@ (10005aa8 <tud_task_ext+0x358>)
100059d4:	f7fd fa2c 	bl	10002e30 <__wrap_memset>
100059d8:	0028      	movs	r0, r5
100059da:	2220      	movs	r2, #32
100059dc:	21ff      	movs	r1, #255	@ 0xff
100059de:	3014      	adds	r0, #20
100059e0:	464e      	mov	r6, r9
100059e2:	465f      	mov	r7, fp
100059e4:	f7fd fa24 	bl	10002e30 <__wrap_memset>
100059e8:	f000 fbc0 	bl	1000616c <usbd_control_reset>
100059ec:	f7ff fe20 	bl	10005630 <tud_umount_cb>
100059f0:	e6c4      	b.n	1000577c <tud_task_ext+0x2c>
100059f2:	4293      	cmp	r3, r2
100059f4:	d013      	beq.n	10005a1e <tud_task_ext+0x2ce>
100059f6:	b011      	add	sp, #68	@ 0x44
100059f8:	bcf0      	pop	{r4, r5, r6, r7}
100059fa:	46bb      	mov	fp, r7
100059fc:	46b2      	mov	sl, r6
100059fe:	46a9      	mov	r9, r5
10005a00:	46a0      	mov	r8, r4
10005a02:	bdf0      	pop	{r4, r5, r6, r7, pc}
10005a04:	68a3      	ldr	r3, [r4, #8]
10005a06:	7962      	ldrb	r2, [r4, #5]
10005a08:	7820      	ldrb	r0, [r4, #0]
10005a0a:	f000 fbcd 	bl	100061a8 <usbd_control_xfer_cb>
10005a0e:	e6b5      	b.n	1000577c <tud_task_ext+0x2c>
10005a10:	4646      	mov	r6, r8
10005a12:	464f      	mov	r7, r9
10005a14:	4d1e      	ldr	r5, [pc, #120]	@ (10005a90 <tud_task_ext+0x340>)
10005a16:	e7a4      	b.n	10005962 <tud_task_ext+0x212>
10005a18:	464e      	mov	r6, r9
10005a1a:	465f      	mov	r7, fp
10005a1c:	e7e4      	b.n	100059e8 <tud_task_ext+0x298>
10005a1e:	4d1d      	ldr	r5, [pc, #116]	@ (10005a94 <tud_task_ext+0x344>)
10005a20:	e6f6      	b.n	10005810 <tud_task_ext+0xc0>
10005a22:	2370      	movs	r3, #112	@ 0x70
10005a24:	7a21      	ldrb	r1, [r4, #8]
10005a26:	420b      	tst	r3, r1
10005a28:	d117      	bne.n	10005a5a <tud_task_ext+0x30a>
10005a2a:	09c8      	lsrs	r0, r1, #7
10005a2c:	4682      	mov	sl, r0
10005a2e:	330f      	adds	r3, #15
10005a30:	400b      	ands	r3, r1
10005a32:	005b      	lsls	r3, r3, #1
10005a34:	4698      	mov	r8, r3
10005a36:	4818      	ldr	r0, [pc, #96]	@ (10005a98 <tud_task_ext+0x348>)
10005a38:	18eb      	adds	r3, r5, r3
10005a3a:	4453      	add	r3, sl
10005a3c:	7d1b      	ldrb	r3, [r3, #20]
10005a3e:	7800      	ldrb	r0, [r0, #0]
10005a40:	4283      	cmp	r3, r0
10005a42:	d260      	bcs.n	10005b06 <tud_task_ext+0x3b6>
10005a44:	4815      	ldr	r0, [pc, #84]	@ (10005a9c <tud_task_ext+0x34c>)
10005a46:	015b      	lsls	r3, r3, #5
10005a48:	6800      	ldr	r0, [r0, #0]
10005a4a:	4681      	mov	r9, r0
10005a4c:	4499      	add	r9, r3
10005a4e:	2a00      	cmp	r2, #0
10005a50:	d100      	bne.n	10005a54 <tud_task_ext+0x304>
10005a52:	e14f      	b.n	10005cf4 <tud_task_ext+0x5a4>
10005a54:	464b      	mov	r3, r9
10005a56:	2b00      	cmp	r3, #0
10005a58:	d15d      	bne.n	10005b16 <tud_task_ext+0x3c6>
10005a5a:	7820      	ldrb	r0, [r4, #0]
10005a5c:	2100      	movs	r1, #0
10005a5e:	f7ff fd6b 	bl	10005538 <dcd_edpt_stall>
10005a62:	2180      	movs	r1, #128	@ 0x80
10005a64:	7820      	ldrb	r0, [r4, #0]
10005a66:	f7ff fd67 	bl	10005538 <dcd_edpt_stall>
10005a6a:	e687      	b.n	1000577c <tud_task_ext+0x2c>
10005a6c:	480f      	ldr	r0, [pc, #60]	@ (10005aac <tud_task_ext+0x35c>)
10005a6e:	f000 fb87 	bl	10006180 <usbd_control_set_complete_callback>
10005a72:	2101      	movs	r1, #1
10005a74:	4658      	mov	r0, fp
10005a76:	aa0e      	add	r2, sp, #56	@ 0x38
10005a78:	f7ff fc22 	bl	100052c0 <tud_vendor_control_xfer_cb>
10005a7c:	2800      	cmp	r0, #0
10005a7e:	d000      	beq.n	10005a82 <tud_task_ext+0x332>
10005a80:	e67c      	b.n	1000577c <tud_task_ext+0x2c>
10005a82:	e7ea      	b.n	10005a5a <tud_task_ext+0x30a>
10005a84:	200010a4 	.word	0x200010a4
10005a88:	100080ac 	.word	0x100080ac
10005a8c:	20001d10 	.word	0x20001d10
10005a90:	20001cb8 	.word	0x20001cb8
10005a94:	10008154 	.word	0x10008154
10005a98:	20002395 	.word	0x20002395
10005a9c:	20001b08 	.word	0x20001b08
10005aa0:	20002397 	.word	0x20002397
10005aa4:	100080d0 	.word	0x100080d0
10005aa8:	20001cbc 	.word	0x20001cbc
10005aac:	100052c1 	.word	0x100052c1
10005ab0:	7a23      	ldrb	r3, [r4, #8]
10005ab2:	2b0f      	cmp	r3, #15
10005ab4:	d8d1      	bhi.n	10005a5a <tud_task_ext+0x30a>
10005ab6:	4ad6      	ldr	r2, [pc, #856]	@ (10005e10 <tud_task_ext+0x6c0>)
10005ab8:	18eb      	adds	r3, r5, r3
10005aba:	791b      	ldrb	r3, [r3, #4]
10005abc:	7812      	ldrb	r2, [r2, #0]
10005abe:	4293      	cmp	r3, r2
10005ac0:	d334      	bcc.n	10005b2c <tud_task_ext+0x3dc>
10005ac2:	d1ca      	bne.n	10005a5a <tud_task_ext+0x30a>
10005ac4:	4dd3      	ldr	r5, [pc, #844]	@ (10005e14 <tud_task_ext+0x6c4>)
10005ac6:	6968      	ldr	r0, [r5, #20]
10005ac8:	f000 fb5a 	bl	10006180 <usbd_control_set_complete_callback>
10005acc:	2101      	movs	r1, #1
10005ace:	4658      	mov	r0, fp
10005ad0:	696b      	ldr	r3, [r5, #20]
10005ad2:	aa0e      	add	r2, sp, #56	@ 0x38
10005ad4:	4798      	blx	r3
10005ad6:	2800      	cmp	r0, #0
10005ad8:	d000      	beq.n	10005adc <tud_task_ext+0x38c>
10005ada:	e64f      	b.n	1000577c <tud_task_ext+0x2c>
10005adc:	2260      	movs	r2, #96	@ 0x60
10005ade:	0015      	movs	r5, r2
10005ae0:	7923      	ldrb	r3, [r4, #4]
10005ae2:	401d      	ands	r5, r3
10005ae4:	421a      	tst	r2, r3
10005ae6:	d1b8      	bne.n	10005a5a <tud_task_ext+0x30a>
10005ae8:	7963      	ldrb	r3, [r4, #5]
10005aea:	3b0a      	subs	r3, #10
10005aec:	2b01      	cmp	r3, #1
10005aee:	d8b4      	bhi.n	10005a5a <tud_task_ext+0x30a>
10005af0:	f000 fb46 	bl	10006180 <usbd_control_set_complete_callback>
10005af4:	7963      	ldrb	r3, [r4, #5]
10005af6:	2b0a      	cmp	r3, #10
10005af8:	d100      	bne.n	10005afc <tud_task_ext+0x3ac>
10005afa:	e17f      	b.n	10005dfc <tud_task_ext+0x6ac>
10005afc:	4658      	mov	r0, fp
10005afe:	a90e      	add	r1, sp, #56	@ 0x38
10005b00:	f000 fac8 	bl	10006094 <tud_control_status>
10005b04:	e63a      	b.n	1000577c <tud_task_ext+0x2c>
10005b06:	4283      	cmp	r3, r0
10005b08:	d000      	beq.n	10005b0c <tud_task_ext+0x3bc>
10005b0a:	e0ee      	b.n	10005cea <tud_task_ext+0x59a>
10005b0c:	4bc1      	ldr	r3, [pc, #772]	@ (10005e14 <tud_task_ext+0x6c4>)
10005b0e:	4699      	mov	r9, r3
10005b10:	2a00      	cmp	r2, #0
10005b12:	d100      	bne.n	10005b16 <tud_task_ext+0x3c6>
10005b14:	e0ee      	b.n	10005cf4 <tud_task_ext+0x5a4>
10005b16:	464b      	mov	r3, r9
10005b18:	6958      	ldr	r0, [r3, #20]
10005b1a:	f000 fb31 	bl	10006180 <usbd_control_set_complete_callback>
10005b1e:	464b      	mov	r3, r9
10005b20:	2101      	movs	r1, #1
10005b22:	4658      	mov	r0, fp
10005b24:	695b      	ldr	r3, [r3, #20]
10005b26:	aa0e      	add	r2, sp, #56	@ 0x38
10005b28:	4798      	blx	r3
10005b2a:	e7a7      	b.n	10005a7c <tud_task_ext+0x32c>
10005b2c:	4aba      	ldr	r2, [pc, #744]	@ (10005e18 <tud_task_ext+0x6c8>)
10005b2e:	015b      	lsls	r3, r3, #5
10005b30:	6815      	ldr	r5, [r2, #0]
10005b32:	18ed      	adds	r5, r5, r3
10005b34:	2d00      	cmp	r5, #0
10005b36:	d1c6      	bne.n	10005ac6 <tud_task_ext+0x376>
10005b38:	e78f      	b.n	10005a5a <tud_task_ext+0x30a>
10005b3a:	79a3      	ldrb	r3, [r4, #6]
10005b3c:	4699      	mov	r9, r3
10005b3e:	786b      	ldrb	r3, [r5, #1]
10005b40:	4599      	cmp	r9, r3
10005b42:	d0db      	beq.n	10005afc <tud_task_ext+0x3ac>
10005b44:	786b      	ldrb	r3, [r5, #1]
10005b46:	2b00      	cmp	r3, #0
10005b48:	d000      	beq.n	10005b4c <tud_task_ext+0x3fc>
10005b4a:	e12a      	b.n	10005da2 <tud_task_ext+0x652>
10005b4c:	464b      	mov	r3, r9
10005b4e:	706b      	strb	r3, [r5, #1]
10005b50:	2b00      	cmp	r3, #0
10005b52:	d100      	bne.n	10005b56 <tud_task_ext+0x406>
10005b54:	e122      	b.n	10005d9c <tud_task_ext+0x64c>
10005b56:	4648      	mov	r0, r9
10005b58:	3801      	subs	r0, #1
10005b5a:	b2c0      	uxtb	r0, r0
10005b5c:	f7ff fa24 	bl	10004fa8 <tud_descriptor_configuration_cb>
10005b60:	2800      	cmp	r0, #0
10005b62:	d100      	bne.n	10005b66 <tud_task_ext+0x416>
10005b64:	e174      	b.n	10005e50 <tud_task_ext+0x700>
10005b66:	7843      	ldrb	r3, [r0, #1]
10005b68:	9307      	str	r3, [sp, #28]
10005b6a:	2b02      	cmp	r3, #2
10005b6c:	d000      	beq.n	10005b70 <tud_task_ext+0x420>
10005b6e:	e16f      	b.n	10005e50 <tud_task_ext+0x700>
10005b70:	2201      	movs	r2, #1
10005b72:	79c1      	ldrb	r1, [r0, #7]
10005b74:	46b1      	mov	r9, r6
10005b76:	118b      	asrs	r3, r1, #6
10005b78:	1149      	asrs	r1, r1, #5
10005b7a:	4013      	ands	r3, r2
10005b7c:	400a      	ands	r2, r1
10005b7e:	2130      	movs	r1, #48	@ 0x30
10005b80:	0112      	lsls	r2, r2, #4
10005b82:	015b      	lsls	r3, r3, #5
10005b84:	4313      	orrs	r3, r2
10005b86:	782a      	ldrb	r2, [r5, #0]
10005b88:	46a8      	mov	r8, r5
10005b8a:	438a      	bics	r2, r1
10005b8c:	4313      	orrs	r3, r2
10005b8e:	702b      	strb	r3, [r5, #0]
10005b90:	2309      	movs	r3, #9
10005b92:	469a      	mov	sl, r3
10005b94:	4482      	add	sl, r0
10005b96:	4656      	mov	r6, sl
10005b98:	46ba      	mov	sl, r7
10005b9a:	78c3      	ldrb	r3, [r0, #3]
10005b9c:	7882      	ldrb	r2, [r0, #2]
10005b9e:	021b      	lsls	r3, r3, #8
10005ba0:	4313      	orrs	r3, r2
10005ba2:	18c3      	adds	r3, r0, r3
10005ba4:	9305      	str	r3, [sp, #20]
10005ba6:	4b9a      	ldr	r3, [pc, #616]	@ (10005e10 <tud_task_ext+0x6c0>)
10005ba8:	9304      	str	r3, [sp, #16]
10005baa:	4b9a      	ldr	r3, [pc, #616]	@ (10005e14 <tud_task_ext+0x6c4>)
10005bac:	9308      	str	r3, [sp, #32]
10005bae:	4b9a      	ldr	r3, [pc, #616]	@ (10005e18 <tud_task_ext+0x6c8>)
10005bb0:	9309      	str	r3, [sp, #36]	@ 0x24
10005bb2:	4b9a      	ldr	r3, [pc, #616]	@ (10005e1c <tud_task_ext+0x6cc>)
10005bb4:	930a      	str	r3, [sp, #40]	@ 0x28
10005bb6:	9b05      	ldr	r3, [sp, #20]
10005bb8:	42b3      	cmp	r3, r6
10005bba:	d800      	bhi.n	10005bbe <tud_task_ext+0x46e>
10005bbc:	e14b      	b.n	10005e56 <tud_task_ext+0x706>
10005bbe:	7873      	ldrb	r3, [r6, #1]
10005bc0:	2201      	movs	r2, #1
10005bc2:	2b0b      	cmp	r3, #11
10005bc4:	d103      	bne.n	10005bce <tud_task_ext+0x47e>
10005bc6:	7833      	ldrb	r3, [r6, #0]
10005bc8:	78f2      	ldrb	r2, [r6, #3]
10005bca:	18f6      	adds	r6, r6, r3
10005bcc:	7873      	ldrb	r3, [r6, #1]
10005bce:	2b04      	cmp	r3, #4
10005bd0:	d000      	beq.n	10005bd4 <tud_task_ext+0x484>
10005bd2:	e13a      	b.n	10005e4a <tud_task_ext+0x6fa>
10005bd4:	9b05      	ldr	r3, [sp, #20]
10005bd6:	2700      	movs	r7, #0
10005bd8:	1b9b      	subs	r3, r3, r6
10005bda:	b29b      	uxth	r3, r3
10005bdc:	9306      	str	r3, [sp, #24]
10005bde:	9b04      	ldr	r3, [sp, #16]
10005be0:	920b      	str	r2, [sp, #44]	@ 0x2c
10005be2:	781d      	ldrb	r5, [r3, #0]
10005be4:	e019      	b.n	10005c1a <tud_task_ext+0x4ca>
10005be6:	9a09      	ldr	r2, [sp, #36]	@ 0x24
10005be8:	017b      	lsls	r3, r7, #5
10005bea:	6815      	ldr	r5, [r2, #0]
10005bec:	18ed      	adds	r5, r5, r3
10005bee:	2d00      	cmp	r5, #0
10005bf0:	d100      	bne.n	10005bf4 <tud_task_ext+0x4a4>
10005bf2:	e12a      	b.n	10005e4a <tud_task_ext+0x6fa>
10005bf4:	0031      	movs	r1, r6
10005bf6:	4658      	mov	r0, fp
10005bf8:	692b      	ldr	r3, [r5, #16]
10005bfa:	9a06      	ldr	r2, [sp, #24]
10005bfc:	4798      	blx	r3
10005bfe:	4684      	mov	ip, r0
10005c00:	2808      	cmp	r0, #8
10005c02:	d903      	bls.n	10005c0c <tud_task_ext+0x4bc>
10005c04:	9a06      	ldr	r2, [sp, #24]
10005c06:	4282      	cmp	r2, r0
10005c08:	d300      	bcc.n	10005c0c <tud_task_ext+0x4bc>
10005c0a:	e10b      	b.n	10005e24 <tud_task_ext+0x6d4>
10005c0c:	9b04      	ldr	r3, [sp, #16]
10005c0e:	3701      	adds	r7, #1
10005c10:	781d      	ldrb	r5, [r3, #0]
10005c12:	b2ff      	uxtb	r7, r7
10005c14:	42bd      	cmp	r5, r7
10005c16:	d200      	bcs.n	10005c1a <tud_task_ext+0x4ca>
10005c18:	e117      	b.n	10005e4a <tud_task_ext+0x6fa>
10005c1a:	42af      	cmp	r7, r5
10005c1c:	d3e3      	bcc.n	10005be6 <tud_task_ext+0x496>
10005c1e:	9b08      	ldr	r3, [sp, #32]
10005c20:	1b7d      	subs	r5, r7, r5
10005c22:	469c      	mov	ip, r3
10005c24:	016d      	lsls	r5, r5, #5
10005c26:	4465      	add	r5, ip
10005c28:	e7e4      	b.n	10005bf4 <tud_task_ext+0x4a4>
10005c2a:	786b      	ldrb	r3, [r5, #1]
10005c2c:	aa0c      	add	r2, sp, #48	@ 0x30
10005c2e:	3202      	adds	r2, #2
10005c30:	7013      	strb	r3, [r2, #0]
10005c32:	4658      	mov	r0, fp
10005c34:	2301      	movs	r3, #1
10005c36:	a90e      	add	r1, sp, #56	@ 0x38
10005c38:	f000 fa42 	bl	100060c0 <tud_control_xfer>
10005c3c:	e59e      	b.n	1000577c <tud_task_ext+0x2c>
10005c3e:	88e3      	ldrh	r3, [r4, #6]
10005c40:	0a1a      	lsrs	r2, r3, #8
10005c42:	b2d8      	uxtb	r0, r3
10005c44:	2a0f      	cmp	r2, #15
10005c46:	d900      	bls.n	10005c4a <tud_task_ext+0x4fa>
10005c48:	e707      	b.n	10005a5a <tud_task_ext+0x30a>
10005c4a:	4975      	ldr	r1, [pc, #468]	@ (10005e20 <tud_task_ext+0x6d0>)
10005c4c:	0093      	lsls	r3, r2, #2
10005c4e:	58cb      	ldr	r3, [r1, r3]
10005c50:	469f      	mov	pc, r3
10005c52:	a80e      	add	r0, sp, #56	@ 0x38
10005c54:	f000 fa9a 	bl	1000618c <usbd_control_set_request>
10005c58:	4658      	mov	r0, fp
10005c5a:	79a1      	ldrb	r1, [r4, #6]
10005c5c:	f7ff fbb4 	bl	100053c8 <dcd_set_address>
10005c60:	2202      	movs	r2, #2
10005c62:	782b      	ldrb	r3, [r5, #0]
10005c64:	4313      	orrs	r3, r2
10005c66:	702b      	strb	r3, [r5, #0]
10005c68:	e588      	b.n	1000577c <tud_task_ext+0x2c>
10005c6a:	88e3      	ldrh	r3, [r4, #6]
10005c6c:	2b01      	cmp	r3, #1
10005c6e:	d000      	beq.n	10005c72 <tud_task_ext+0x522>
10005c70:	e6f3      	b.n	10005a5a <tud_task_ext+0x30a>
10005c72:	2208      	movs	r2, #8
10005c74:	782b      	ldrb	r3, [r5, #0]
10005c76:	4658      	mov	r0, fp
10005c78:	4393      	bics	r3, r2
10005c7a:	a90e      	add	r1, sp, #56	@ 0x38
10005c7c:	702b      	strb	r3, [r5, #0]
10005c7e:	f000 fa09 	bl	10006094 <tud_control_status>
10005c82:	e57b      	b.n	1000577c <tud_task_ext+0x2c>
10005c84:	2002      	movs	r0, #2
10005c86:	7829      	ldrb	r1, [r5, #0]
10005c88:	ab0c      	add	r3, sp, #48	@ 0x30
10005c8a:	1c9a      	adds	r2, r3, #2
10005c8c:	068b      	lsls	r3, r1, #26
10005c8e:	0889      	lsrs	r1, r1, #2
10005c90:	0fdb      	lsrs	r3, r3, #31
10005c92:	4001      	ands	r1, r0
10005c94:	430b      	orrs	r3, r1
10005c96:	8013      	strh	r3, [r2, #0]
10005c98:	4658      	mov	r0, fp
10005c9a:	2302      	movs	r3, #2
10005c9c:	a90e      	add	r1, sp, #56	@ 0x38
10005c9e:	f000 fa0f 	bl	100060c0 <tud_control_xfer>
10005ca2:	e56b      	b.n	1000577c <tud_task_ext+0x2c>
10005ca4:	88e3      	ldrh	r3, [r4, #6]
10005ca6:	2b01      	cmp	r3, #1
10005ca8:	d000      	beq.n	10005cac <tud_task_ext+0x55c>
10005caa:	e6d6      	b.n	10005a5a <tud_task_ext+0x30a>
10005cac:	2208      	movs	r2, #8
10005cae:	782b      	ldrb	r3, [r5, #0]
10005cb0:	4313      	orrs	r3, r2
10005cb2:	702b      	strb	r3, [r5, #0]
10005cb4:	e722      	b.n	10005afc <tud_task_ext+0x3ac>
10005cb6:	7a23      	ldrb	r3, [r4, #8]
10005cb8:	2b0f      	cmp	r3, #15
10005cba:	d900      	bls.n	10005cbe <tud_task_ext+0x56e>
10005cbc:	e6cd      	b.n	10005a5a <tud_task_ext+0x30a>
10005cbe:	4a54      	ldr	r2, [pc, #336]	@ (10005e10 <tud_task_ext+0x6c0>)
10005cc0:	18eb      	adds	r3, r5, r3
10005cc2:	791b      	ldrb	r3, [r3, #4]
10005cc4:	7812      	ldrb	r2, [r2, #0]
10005cc6:	4293      	cmp	r3, r2
10005cc8:	d228      	bcs.n	10005d1c <tud_task_ext+0x5cc>
10005cca:	4a53      	ldr	r2, [pc, #332]	@ (10005e18 <tud_task_ext+0x6c8>)
10005ccc:	015b      	lsls	r3, r3, #5
10005cce:	6815      	ldr	r5, [r2, #0]
10005cd0:	18ed      	adds	r5, r5, r3
10005cd2:	2d00      	cmp	r5, #0
10005cd4:	d100      	bne.n	10005cd8 <tud_task_ext+0x588>
10005cd6:	e6c0      	b.n	10005a5a <tud_task_ext+0x30a>
10005cd8:	6968      	ldr	r0, [r5, #20]
10005cda:	f000 fa51 	bl	10006180 <usbd_control_set_complete_callback>
10005cde:	2101      	movs	r1, #1
10005ce0:	4658      	mov	r0, fp
10005ce2:	696b      	ldr	r3, [r5, #20]
10005ce4:	aa0e      	add	r2, sp, #56	@ 0x38
10005ce6:	4798      	blx	r3
10005ce8:	e6c8      	b.n	10005a7c <tud_task_ext+0x32c>
10005cea:	2a00      	cmp	r2, #0
10005cec:	d000      	beq.n	10005cf0 <tud_task_ext+0x5a0>
10005cee:	e6b4      	b.n	10005a5a <tud_task_ext+0x30a>
10005cf0:	2300      	movs	r3, #0
10005cf2:	4699      	mov	r9, r3
10005cf4:	7962      	ldrb	r2, [r4, #5]
10005cf6:	2002      	movs	r0, #2
10005cf8:	0013      	movs	r3, r2
10005cfa:	9204      	str	r2, [sp, #16]
10005cfc:	4383      	bics	r3, r0
10005cfe:	2b01      	cmp	r3, #1
10005d00:	d011      	beq.n	10005d26 <tud_task_ext+0x5d6>
10005d02:	2a00      	cmp	r2, #0
10005d04:	d000      	beq.n	10005d08 <tud_task_ext+0x5b8>
10005d06:	e6a8      	b.n	10005a5a <tud_task_ext+0x30a>
10005d08:	002b      	movs	r3, r5
10005d0a:	4443      	add	r3, r8
10005d0c:	4453      	add	r3, sl
10005d0e:	3330      	adds	r3, #48	@ 0x30
10005d10:	791b      	ldrb	r3, [r3, #4]
10005d12:	aa0c      	add	r2, sp, #48	@ 0x30
10005d14:	079b      	lsls	r3, r3, #30
10005d16:	0fdb      	lsrs	r3, r3, #31
10005d18:	3202      	adds	r2, #2
10005d1a:	e7bc      	b.n	10005c96 <tud_task_ext+0x546>
10005d1c:	4293      	cmp	r3, r2
10005d1e:	d000      	beq.n	10005d22 <tud_task_ext+0x5d2>
10005d20:	e69b      	b.n	10005a5a <tud_task_ext+0x30a>
10005d22:	4d3c      	ldr	r5, [pc, #240]	@ (10005e14 <tud_task_ext+0x6c4>)
10005d24:	e7d8      	b.n	10005cd8 <tud_task_ext+0x588>
10005d26:	88e3      	ldrh	r3, [r4, #6]
10005d28:	2b00      	cmp	r3, #0
10005d2a:	d112      	bne.n	10005d52 <tud_task_ext+0x602>
10005d2c:	9b03      	ldr	r3, [sp, #12]
10005d2e:	7818      	ldrb	r0, [r3, #0]
10005d30:	9b04      	ldr	r3, [sp, #16]
10005d32:	2b01      	cmp	r3, #1
10005d34:	d023      	beq.n	10005d7e <tud_task_ext+0x62e>
10005d36:	f7ff fbff 	bl	10005538 <dcd_edpt_stall>
10005d3a:	4643      	mov	r3, r8
10005d3c:	2102      	movs	r1, #2
10005d3e:	18eb      	adds	r3, r5, r3
10005d40:	4453      	add	r3, sl
10005d42:	3330      	adds	r3, #48	@ 0x30
10005d44:	791a      	ldrb	r2, [r3, #4]
10005d46:	430a      	orrs	r2, r1
10005d48:	2101      	movs	r1, #1
10005d4a:	711a      	strb	r2, [r3, #4]
10005d4c:	791a      	ldrb	r2, [r3, #4]
10005d4e:	430a      	orrs	r2, r1
10005d50:	711a      	strb	r2, [r3, #4]
10005d52:	464b      	mov	r3, r9
10005d54:	2b00      	cmp	r3, #0
10005d56:	d100      	bne.n	10005d5a <tud_task_ext+0x60a>
10005d58:	e510      	b.n	1000577c <tud_task_ext+0x2c>
10005d5a:	6958      	ldr	r0, [r3, #20]
10005d5c:	f000 fa10 	bl	10006180 <usbd_control_set_complete_callback>
10005d60:	464b      	mov	r3, r9
10005d62:	2101      	movs	r1, #1
10005d64:	695b      	ldr	r3, [r3, #20]
10005d66:	aa0e      	add	r2, sp, #56	@ 0x38
10005d68:	4658      	mov	r0, fp
10005d6a:	4798      	blx	r3
10005d6c:	2000      	movs	r0, #0
10005d6e:	f000 fa07 	bl	10006180 <usbd_control_set_complete_callback>
10005d72:	2335      	movs	r3, #53	@ 0x35
10005d74:	5ceb      	ldrb	r3, [r5, r3]
10005d76:	07db      	lsls	r3, r3, #31
10005d78:	d500      	bpl.n	10005d7c <tud_task_ext+0x62c>
10005d7a:	e4ff      	b.n	1000577c <tud_task_ext+0x2c>
10005d7c:	e6be      	b.n	10005afc <tud_task_ext+0x3ac>
10005d7e:	f7ff fbf5 	bl	1000556c <dcd_edpt_clear_stall>
10005d82:	4643      	mov	r3, r8
10005d84:	2102      	movs	r1, #2
10005d86:	18eb      	adds	r3, r5, r3
10005d88:	4453      	add	r3, sl
10005d8a:	3330      	adds	r3, #48	@ 0x30
10005d8c:	791a      	ldrb	r2, [r3, #4]
10005d8e:	438a      	bics	r2, r1
10005d90:	711a      	strb	r2, [r3, #4]
10005d92:	791a      	ldrb	r2, [r3, #4]
10005d94:	9904      	ldr	r1, [sp, #16]
10005d96:	438a      	bics	r2, r1
10005d98:	711a      	strb	r2, [r3, #4]
10005d9a:	e7da      	b.n	10005d52 <tud_task_ext+0x602>
10005d9c:	f7ff fc48 	bl	10005630 <tud_umount_cb>
10005da0:	e6ac      	b.n	10005afc <tud_task_ext+0x3ac>
10005da2:	2100      	movs	r1, #0
10005da4:	4658      	mov	r0, fp
10005da6:	f7ff fb19 	bl	100053dc <dcd_sof_enable>
10005daa:	4658      	mov	r0, fp
10005dac:	f7ff fbae 	bl	1000550c <dcd_edpt_close_all>
10005db0:	2200      	movs	r2, #0
10005db2:	4692      	mov	sl, r2
10005db4:	4a17      	ldr	r2, [pc, #92]	@ (10005e14 <tud_task_ext+0x6c4>)
10005db6:	78ab      	ldrb	r3, [r5, #2]
10005db8:	9205      	str	r2, [sp, #20]
10005dba:	4a17      	ldr	r2, [pc, #92]	@ (10005e18 <tud_task_ext+0x6c8>)
10005dbc:	9304      	str	r3, [sp, #16]
10005dbe:	9206      	str	r2, [sp, #24]
10005dc0:	002a      	movs	r2, r5
10005dc2:	4b13      	ldr	r3, [pc, #76]	@ (10005e10 <tud_task_ext+0x6c0>)
10005dc4:	4655      	mov	r5, sl
10005dc6:	4698      	mov	r8, r3
10005dc8:	4692      	mov	sl, r2
10005dca:	781b      	ldrb	r3, [r3, #0]
10005dcc:	e00e      	b.n	10005dec <tud_task_ext+0x69c>
10005dce:	9b06      	ldr	r3, [sp, #24]
10005dd0:	016a      	lsls	r2, r5, #5
10005dd2:	681b      	ldr	r3, [r3, #0]
10005dd4:	189b      	adds	r3, r3, r2
10005dd6:	2b00      	cmp	r3, #0
10005dd8:	d056      	beq.n	10005e88 <tud_task_ext+0x738>
10005dda:	68db      	ldr	r3, [r3, #12]
10005ddc:	4658      	mov	r0, fp
10005dde:	4798      	blx	r3
10005de0:	4643      	mov	r3, r8
10005de2:	3501      	adds	r5, #1
10005de4:	781b      	ldrb	r3, [r3, #0]
10005de6:	b2ed      	uxtb	r5, r5
10005de8:	42ab      	cmp	r3, r5
10005dea:	d339      	bcc.n	10005e60 <tud_task_ext+0x710>
10005dec:	42ab      	cmp	r3, r5
10005dee:	d8ee      	bhi.n	10005dce <tud_task_ext+0x67e>
10005df0:	9a05      	ldr	r2, [sp, #20]
10005df2:	1aeb      	subs	r3, r5, r3
10005df4:	4694      	mov	ip, r2
10005df6:	015b      	lsls	r3, r3, #5
10005df8:	4463      	add	r3, ip
10005dfa:	e7ee      	b.n	10005dda <tud_task_ext+0x68a>
10005dfc:	ab0c      	add	r3, sp, #48	@ 0x30
10005dfe:	1c9a      	adds	r2, r3, #2
10005e00:	4658      	mov	r0, fp
10005e02:	2301      	movs	r3, #1
10005e04:	a90e      	add	r1, sp, #56	@ 0x38
10005e06:	7015      	strb	r5, [r2, #0]
10005e08:	f000 f95a 	bl	100060c0 <tud_control_xfer>
10005e0c:	e4b6      	b.n	1000577c <tud_task_ext+0x2c>
10005e0e:	46c0      	nop			@ (mov r8, r8)
10005e10:	20002395 	.word	0x20002395
10005e14:	10008154 	.word	0x10008154
10005e18:	20001b08 	.word	0x20001b08
10005e1c:	20001ccc 	.word	0x20001ccc
10005e20:	100080f8 	.word	0x100080f8
10005e24:	9a0b      	ldr	r2, [sp, #44]	@ 0x2c
10005e26:	2a01      	cmp	r2, #1
10005e28:	d04d      	beq.n	10005ec6 <tud_task_ext+0x776>
10005e2a:	2a00      	cmp	r2, #0
10005e2c:	d03c      	beq.n	10005ea8 <tud_task_ext+0x758>
10005e2e:	2300      	movs	r3, #0
10005e30:	78b0      	ldrb	r0, [r6, #2]
10005e32:	e004      	b.n	10005e3e <tud_task_ext+0x6ee>
10005e34:	3301      	adds	r3, #1
10005e36:	b2db      	uxtb	r3, r3
10005e38:	710f      	strb	r7, [r1, #4]
10005e3a:	4293      	cmp	r3, r2
10005e3c:	d234      	bcs.n	10005ea8 <tud_task_ext+0x758>
10005e3e:	18c1      	adds	r1, r0, r3
10005e40:	b2c9      	uxtb	r1, r1
10005e42:	4441      	add	r1, r8
10005e44:	790d      	ldrb	r5, [r1, #4]
10005e46:	2dff      	cmp	r5, #255	@ 0xff
10005e48:	d0f4      	beq.n	10005e34 <tud_task_ext+0x6e4>
10005e4a:	464e      	mov	r6, r9
10005e4c:	4645      	mov	r5, r8
10005e4e:	4657      	mov	r7, sl
10005e50:	2300      	movs	r3, #0
10005e52:	706b      	strb	r3, [r5, #1]
10005e54:	e601      	b.n	10005a5a <tud_task_ext+0x30a>
10005e56:	464e      	mov	r6, r9
10005e58:	4657      	mov	r7, sl
10005e5a:	f7ff fbe7 	bl	1000562c <tud_mount_cb>
10005e5e:	e64d      	b.n	10005afc <tud_task_ext+0x3ac>
10005e60:	4655      	mov	r5, sl
10005e62:	2254      	movs	r2, #84	@ 0x54
10005e64:	2100      	movs	r1, #0
10005e66:	0028      	movs	r0, r5
10005e68:	f7fc ffe2 	bl	10002e30 <__wrap_memset>
10005e6c:	2210      	movs	r2, #16
10005e6e:	21ff      	movs	r1, #255	@ 0xff
10005e70:	1d28      	adds	r0, r5, #4
10005e72:	f7fc ffdd 	bl	10002e30 <__wrap_memset>
10005e76:	0028      	movs	r0, r5
10005e78:	2220      	movs	r2, #32
10005e7a:	21ff      	movs	r1, #255	@ 0xff
10005e7c:	3014      	adds	r0, #20
10005e7e:	f7fc ffd7 	bl	10002e30 <__wrap_memset>
10005e82:	9b04      	ldr	r3, [sp, #16]
10005e84:	70ab      	strb	r3, [r5, #2]
10005e86:	e661      	b.n	10005b4c <tud_task_ext+0x3fc>
10005e88:	4655      	mov	r5, sl
10005e8a:	e7fa      	b.n	10005e82 <tud_task_ext+0x732>
10005e8c:	f7ff fa14 	bl	100052b8 <tud_descriptor_bos_cb>
10005e90:	1e02      	subs	r2, r0, #0
10005e92:	d100      	bne.n	10005e96 <tud_task_ext+0x746>
10005e94:	e5e1      	b.n	10005a5a <tud_task_ext+0x30a>
10005e96:	78d3      	ldrb	r3, [r2, #3]
10005e98:	7891      	ldrb	r1, [r2, #2]
10005e9a:	021b      	lsls	r3, r3, #8
10005e9c:	430b      	orrs	r3, r1
10005e9e:	4658      	mov	r0, fp
10005ea0:	a90e      	add	r1, sp, #56	@ 0x38
10005ea2:	f000 f90d 	bl	100060c0 <tud_control_xfer>
10005ea6:	e5e9      	b.n	10005a7c <tud_task_ext+0x32c>
10005ea8:	4665      	mov	r5, ip
10005eaa:	003b      	movs	r3, r7
10005eac:	0031      	movs	r1, r6
10005eae:	002a      	movs	r2, r5
10005eb0:	980a      	ldr	r0, [sp, #40]	@ 0x28
10005eb2:	f000 fd59 	bl	10006968 <tu_edpt_bind_driver>
10005eb6:	46ac      	mov	ip, r5
10005eb8:	9b04      	ldr	r3, [sp, #16]
10005eba:	4466      	add	r6, ip
10005ebc:	781b      	ldrb	r3, [r3, #0]
10005ebe:	42bb      	cmp	r3, r7
10005ec0:	d300      	bcc.n	10005ec4 <tud_task_ext+0x774>
10005ec2:	e678      	b.n	10005bb6 <tud_task_ext+0x466>
10005ec4:	e7c1      	b.n	10005e4a <tud_task_ext+0x6fa>
10005ec6:	4b17      	ldr	r3, [pc, #92]	@ (10005f24 <tud_task_ext+0x7d4>)
10005ec8:	6929      	ldr	r1, [r5, #16]
10005eca:	4299      	cmp	r1, r3
10005ecc:	d1af      	bne.n	10005e2e <tud_task_ext+0x6de>
10005ece:	9a07      	ldr	r2, [sp, #28]
10005ed0:	e7ad      	b.n	10005e2e <tud_task_ext+0x6de>
10005ed2:	f7ff fba7 	bl	10005624 <tud_descriptor_device_qualifier_cb>
10005ed6:	1e02      	subs	r2, r0, #0
10005ed8:	d100      	bne.n	10005edc <tud_task_ext+0x78c>
10005eda:	e5be      	b.n	10005a5a <tud_task_ext+0x30a>
10005edc:	4658      	mov	r0, fp
10005ede:	7813      	ldrb	r3, [r2, #0]
10005ee0:	a90e      	add	r1, sp, #56	@ 0x38
10005ee2:	f000 f8ed 	bl	100060c0 <tud_control_xfer>
10005ee6:	e5c9      	b.n	10005a7c <tud_task_ext+0x32c>
10005ee8:	8921      	ldrh	r1, [r4, #8]
10005eea:	f7ff f861 	bl	10004fb0 <tud_descriptor_string_cb>
10005eee:	1e02      	subs	r2, r0, #0
10005ef0:	d1f4      	bne.n	10005edc <tud_task_ext+0x78c>
10005ef2:	e5b2      	b.n	10005a5a <tud_task_ext+0x30a>
10005ef4:	2a02      	cmp	r2, #2
10005ef6:	d00f      	beq.n	10005f18 <tud_task_ext+0x7c8>
10005ef8:	f7ff fb96 	bl	10005628 <tud_descriptor_other_speed_configuration_cb>
10005efc:	1e02      	subs	r2, r0, #0
10005efe:	d1ca      	bne.n	10005e96 <tud_task_ext+0x746>
10005f00:	e5ab      	b.n	10005a5a <tud_task_ext+0x30a>
10005f02:	f7ff f84d 	bl	10004fa0 <tud_descriptor_device_cb>
10005f06:	1e02      	subs	r2, r0, #0
10005f08:	d100      	bne.n	10005f0c <tud_task_ext+0x7bc>
10005f0a:	e5a6      	b.n	10005a5a <tud_task_ext+0x30a>
10005f0c:	2312      	movs	r3, #18
10005f0e:	4658      	mov	r0, fp
10005f10:	a90e      	add	r1, sp, #56	@ 0x38
10005f12:	f000 f8d5 	bl	100060c0 <tud_control_xfer>
10005f16:	e5b1      	b.n	10005a7c <tud_task_ext+0x32c>
10005f18:	f7ff f846 	bl	10004fa8 <tud_descriptor_configuration_cb>
10005f1c:	1e02      	subs	r2, r0, #0
10005f1e:	d1ba      	bne.n	10005e96 <tud_task_ext+0x746>
10005f20:	e59b      	b.n	10005a5a <tud_task_ext+0x30a>
10005f22:	46c0      	nop			@ (mov r8, r8)
10005f24:	1000658d 	.word	0x1000658d

10005f28 <usbd_open_edpt_pair>:
10005f28:	b5f8      	push	{r3, r4, r5, r6, r7, lr}
10005f2a:	4657      	mov	r7, sl
10005f2c:	464e      	mov	r6, r9
10005f2e:	46de      	mov	lr, fp
10005f30:	4645      	mov	r5, r8
10005f32:	000c      	movs	r4, r1
10005f34:	b5e0      	push	{r5, r6, r7, lr}
10005f36:	0016      	movs	r6, r2
10005f38:	001f      	movs	r7, r3
10005f3a:	2a00      	cmp	r2, #0
10005f3c:	d03c      	beq.n	10005fb8 <usbd_open_edpt_pair+0x90>
10005f3e:	4b1f      	ldr	r3, [pc, #124]	@ (10005fbc <usbd_open_edpt_pair+0x94>)
10005f40:	2500      	movs	r5, #0
10005f42:	469a      	mov	sl, r3
10005f44:	2370      	movs	r3, #112	@ 0x70
10005f46:	4699      	mov	r9, r3
10005f48:	4b1d      	ldr	r3, [pc, #116]	@ (10005fc0 <usbd_open_edpt_pair+0x98>)
10005f4a:	469b      	mov	fp, r3
10005f4c:	e017      	b.n	10005f7e <usbd_open_edpt_pair+0x56>
10005f4e:	465b      	mov	r3, fp
10005f50:	0020      	movs	r0, r4
10005f52:	7899      	ldrb	r1, [r3, #2]
10005f54:	f000 fcca 	bl	100068ec <tu_edpt_validate>
10005f58:	2800      	cmp	r0, #0
10005f5a:	d01f      	beq.n	10005f9c <usbd_open_edpt_pair+0x74>
10005f5c:	0021      	movs	r1, r4
10005f5e:	4640      	mov	r0, r8
10005f60:	f7ff fa58 	bl	10005414 <dcd_edpt_open>
10005f64:	2800      	cmp	r0, #0
10005f66:	d019      	beq.n	10005f9c <usbd_open_edpt_pair+0x74>
10005f68:	78a3      	ldrb	r3, [r4, #2]
10005f6a:	09da      	lsrs	r2, r3, #7
10005f6c:	2a01      	cmp	r2, #1
10005f6e:	d01c      	beq.n	10005faa <usbd_open_edpt_pair+0x82>
10005f70:	9a0a      	ldr	r2, [sp, #40]	@ 0x28
10005f72:	3501      	adds	r5, #1
10005f74:	7013      	strb	r3, [r2, #0]
10005f76:	7823      	ldrb	r3, [r4, #0]
10005f78:	18e4      	adds	r4, r4, r3
10005f7a:	42b5      	cmp	r5, r6
10005f7c:	da1c      	bge.n	10005fb8 <usbd_open_edpt_pair+0x90>
10005f7e:	7863      	ldrb	r3, [r4, #1]
10005f80:	2b05      	cmp	r3, #5
10005f82:	d10b      	bne.n	10005f9c <usbd_open_edpt_pair+0x74>
10005f84:	78e3      	ldrb	r3, [r4, #3]
10005f86:	079b      	lsls	r3, r3, #30
10005f88:	0f9b      	lsrs	r3, r3, #30
10005f8a:	42bb      	cmp	r3, r7
10005f8c:	d106      	bne.n	10005f9c <usbd_open_edpt_pair+0x74>
10005f8e:	4653      	mov	r3, sl
10005f90:	464a      	mov	r2, r9
10005f92:	781b      	ldrb	r3, [r3, #0]
10005f94:	4698      	mov	r8, r3
10005f96:	78a3      	ldrb	r3, [r4, #2]
10005f98:	421a      	tst	r2, r3
10005f9a:	d0d8      	beq.n	10005f4e <usbd_open_edpt_pair+0x26>
10005f9c:	2000      	movs	r0, #0
10005f9e:	bcf0      	pop	{r4, r5, r6, r7}
10005fa0:	46bb      	mov	fp, r7
10005fa2:	46b2      	mov	sl, r6
10005fa4:	46a9      	mov	r9, r5
10005fa6:	46a0      	mov	r8, r4
10005fa8:	bdf8      	pop	{r3, r4, r5, r6, r7, pc}
10005faa:	9a0b      	ldr	r2, [sp, #44]	@ 0x2c
10005fac:	3501      	adds	r5, #1
10005fae:	7013      	strb	r3, [r2, #0]
10005fb0:	7823      	ldrb	r3, [r4, #0]
10005fb2:	18e4      	adds	r4, r4, r3
10005fb4:	42b5      	cmp	r5, r6
10005fb6:	dbe2      	blt.n	10005f7e <usbd_open_edpt_pair+0x56>
10005fb8:	2001      	movs	r0, #1
10005fba:	e7f0      	b.n	10005f9e <usbd_open_edpt_pair+0x76>
10005fbc:	200010a4 	.word	0x200010a4
10005fc0:	20001cb8 	.word	0x20001cb8

10005fc4 <usbd_edpt_open>:
10005fc4:	2270      	movs	r2, #112	@ 0x70
10005fc6:	b570      	push	{r4, r5, r6, lr}
10005fc8:	4b09      	ldr	r3, [pc, #36]	@ (10005ff0 <usbd_edpt_open+0x2c>)
10005fca:	000c      	movs	r4, r1
10005fcc:	781d      	ldrb	r5, [r3, #0]
10005fce:	788b      	ldrb	r3, [r1, #2]
10005fd0:	421a      	tst	r2, r3
10005fd2:	d001      	beq.n	10005fd8 <usbd_edpt_open+0x14>
10005fd4:	2000      	movs	r0, #0
10005fd6:	bd70      	pop	{r4, r5, r6, pc}
10005fd8:	4b06      	ldr	r3, [pc, #24]	@ (10005ff4 <usbd_edpt_open+0x30>)
10005fda:	0020      	movs	r0, r4
10005fdc:	7899      	ldrb	r1, [r3, #2]
10005fde:	f000 fc85 	bl	100068ec <tu_edpt_validate>
10005fe2:	2800      	cmp	r0, #0
10005fe4:	d0f6      	beq.n	10005fd4 <usbd_edpt_open+0x10>
10005fe6:	0021      	movs	r1, r4
10005fe8:	0028      	movs	r0, r5
10005fea:	f7ff fa13 	bl	10005414 <dcd_edpt_open>
10005fee:	e7f2      	b.n	10005fd6 <usbd_edpt_open+0x12>
10005ff0:	200010a4 	.word	0x200010a4
10005ff4:	20001cb8 	.word	0x20001cb8

10005ff8 <usbd_edpt_claim>:
10005ff8:	000b      	movs	r3, r1
10005ffa:	207f      	movs	r0, #127	@ 0x7f
10005ffc:	b510      	push	{r4, lr}
10005ffe:	4018      	ands	r0, r3
10006000:	09db      	lsrs	r3, r3, #7
10006002:	3334      	adds	r3, #52	@ 0x34
10006004:	0040      	lsls	r0, r0, #1
10006006:	4a04      	ldr	r2, [pc, #16]	@ (10006018 <usbd_edpt_claim+0x20>)
10006008:	18c0      	adds	r0, r0, r3
1000600a:	4b04      	ldr	r3, [pc, #16]	@ (1000601c <usbd_edpt_claim+0x24>)
1000600c:	6811      	ldr	r1, [r2, #0]
1000600e:	18c0      	adds	r0, r0, r3
10006010:	f000 fc28 	bl	10006864 <tu_edpt_claim>
10006014:	bd10      	pop	{r4, pc}
10006016:	46c0      	nop			@ (mov r8, r8)
10006018:	20001d0c 	.word	0x20001d0c
1000601c:	20001cb8 	.word	0x20001cb8

10006020 <usbd_edpt_release>:
10006020:	000b      	movs	r3, r1
10006022:	207f      	movs	r0, #127	@ 0x7f
10006024:	b510      	push	{r4, lr}
10006026:	4018      	ands	r0, r3
10006028:	09db      	lsrs	r3, r3, #7
1000602a:	3334      	adds	r3, #52	@ 0x34
1000602c:	0040      	lsls	r0, r0, #1
1000602e:	4a04      	ldr	r2, [pc, #16]	@ (10006040 <usbd_edpt_release+0x20>)
10006030:	18c0      	adds	r0, r0, r3
10006032:	4b04      	ldr	r3, [pc, #16]	@ (10006044 <usbd_edpt_release+0x24>)
10006034:	6811      	ldr	r1, [r2, #0]
10006036:	18c0      	adds	r0, r0, r3
10006038:	f000 fc3c 	bl	100068b4 <tu_edpt_release>
1000603c:	bd10      	pop	{r4, pc}
1000603e:	46c0      	nop			@ (mov r8, r8)
10006040:	20001d0c 	.word	0x20001d0c
10006044:	20001cb8 	.word	0x20001cb8

10006048 <usbd_edpt_xfer>:
10006048:	b570      	push	{r4, r5, r6, lr}
1000604a:	247f      	movs	r4, #127	@ 0x7f
1000604c:	480f      	ldr	r0, [pc, #60]	@ (1000608c <usbd_edpt_xfer+0x44>)
1000604e:	400c      	ands	r4, r1
10006050:	0064      	lsls	r4, r4, #1
10006052:	1904      	adds	r4, r0, r4
10006054:	09cd      	lsrs	r5, r1, #7
10006056:	1964      	adds	r4, r4, r5
10006058:	3430      	adds	r4, #48	@ 0x30
1000605a:	7920      	ldrb	r0, [r4, #4]
1000605c:	07c0      	lsls	r0, r0, #31
1000605e:	d501      	bpl.n	10006064 <usbd_edpt_xfer+0x1c>
10006060:	2000      	movs	r0, #0
10006062:	bd70      	pop	{r4, r5, r6, pc}
10006064:	2601      	movs	r6, #1
10006066:	7925      	ldrb	r5, [r4, #4]
10006068:	4809      	ldr	r0, [pc, #36]	@ (10006090 <usbd_edpt_xfer+0x48>)
1000606a:	4335      	orrs	r5, r6
1000606c:	7800      	ldrb	r0, [r0, #0]
1000606e:	7125      	strb	r5, [r4, #4]
10006070:	f7ff fa50 	bl	10005514 <dcd_edpt_xfer>
10006074:	2800      	cmp	r0, #0
10006076:	d1f4      	bne.n	10006062 <usbd_edpt_xfer+0x1a>
10006078:	2201      	movs	r2, #1
1000607a:	7923      	ldrb	r3, [r4, #4]
1000607c:	4393      	bics	r3, r2
1000607e:	7123      	strb	r3, [r4, #4]
10006080:	7923      	ldrb	r3, [r4, #4]
10006082:	3203      	adds	r2, #3
10006084:	4393      	bics	r3, r2
10006086:	7123      	strb	r3, [r4, #4]
10006088:	e7ea      	b.n	10006060 <usbd_edpt_xfer+0x18>
1000608a:	46c0      	nop			@ (mov r8, r8)
1000608c:	20001cb8 	.word	0x20001cb8
10006090:	200010a4 	.word	0x200010a4

10006094 <tud_control_status>:
10006094:	b570      	push	{r4, r5, r6, lr}
10006096:	4c09      	ldr	r4, [pc, #36]	@ (100060bc <tud_control_status+0x28>)
10006098:	0006      	movs	r6, r0
1000609a:	2208      	movs	r2, #8
1000609c:	0020      	movs	r0, r4
1000609e:	000d      	movs	r5, r1
100060a0:	f7fc fecc 	bl	10002e3c <__wrap___aeabi_memcpy>
100060a4:	2300      	movs	r3, #0
100060a6:	2180      	movs	r1, #128	@ 0x80
100060a8:	60e3      	str	r3, [r4, #12]
100060aa:	60a3      	str	r3, [r4, #8]
100060ac:	782b      	ldrb	r3, [r5, #0]
100060ae:	0030      	movs	r0, r6
100060b0:	4399      	bics	r1, r3
100060b2:	2200      	movs	r2, #0
100060b4:	2300      	movs	r3, #0
100060b6:	f7ff ffc7 	bl	10006048 <usbd_edpt_xfer>
100060ba:	bd70      	pop	{r4, r5, r6, pc}
100060bc:	20001c98 	.word	0x20001c98

100060c0 <tud_control_xfer>:
100060c0:	b5f8      	push	{r3, r4, r5, r6, r7, lr}
100060c2:	46ce      	mov	lr, r9
100060c4:	4647      	mov	r7, r8
100060c6:	4690      	mov	r8, r2
100060c8:	4e26      	ldr	r6, [pc, #152]	@ (10006164 <tud_control_xfer+0xa4>)
100060ca:	b580      	push	{r7, lr}
100060cc:	4681      	mov	r9, r0
100060ce:	2208      	movs	r2, #8
100060d0:	0030      	movs	r0, r6
100060d2:	000d      	movs	r5, r1
100060d4:	001f      	movs	r7, r3
100060d6:	f7fc feb1 	bl	10002e3c <__wrap___aeabi_memcpy>
100060da:	4643      	mov	r3, r8
100060dc:	60b3      	str	r3, [r6, #8]
100060de:	2300      	movs	r3, #0
100060e0:	81f3      	strh	r3, [r6, #14]
100060e2:	79ec      	ldrb	r4, [r5, #7]
100060e4:	79ab      	ldrb	r3, [r5, #6]
100060e6:	0224      	lsls	r4, r4, #8
100060e8:	431c      	orrs	r4, r3
100060ea:	1c23      	adds	r3, r4, #0
100060ec:	42bc      	cmp	r4, r7
100060ee:	d900      	bls.n	100060f2 <tud_control_xfer+0x32>
100060f0:	1c3b      	adds	r3, r7, #0
100060f2:	b29f      	uxth	r7, r3
100060f4:	81b3      	strh	r3, [r6, #12]
100060f6:	2c00      	cmp	r4, #0
100060f8:	d00e      	beq.n	10006118 <tud_control_xfer+0x58>
100060fa:	2f00      	cmp	r7, #0
100060fc:	d018      	beq.n	10006130 <tud_control_xfer+0x70>
100060fe:	4643      	mov	r3, r8
10006100:	2b00      	cmp	r3, #0
10006102:	d02c      	beq.n	1000615e <tud_control_xfer+0x9e>
10006104:	1c3b      	adds	r3, r7, #0
10006106:	2f40      	cmp	r7, #64	@ 0x40
10006108:	d81b      	bhi.n	10006142 <tud_control_xfer+0x82>
1000610a:	b29f      	uxth	r7, r3
1000610c:	7833      	ldrb	r3, [r6, #0]
1000610e:	2b7f      	cmp	r3, #127	@ 0x7f
10006110:	d81c      	bhi.n	1000614c <tud_control_xfer+0x8c>
10006112:	2100      	movs	r1, #0
10006114:	4a14      	ldr	r2, [pc, #80]	@ (10006168 <tud_control_xfer+0xa8>)
10006116:	e00f      	b.n	10006138 <tud_control_xfer+0x78>
10006118:	2180      	movs	r1, #128	@ 0x80
1000611a:	782b      	ldrb	r3, [r5, #0]
1000611c:	2200      	movs	r2, #0
1000611e:	4399      	bics	r1, r3
10006120:	4648      	mov	r0, r9
10006122:	2300      	movs	r3, #0
10006124:	f7ff ff90 	bl	10006048 <usbd_edpt_xfer>
10006128:	bcc0      	pop	{r6, r7}
1000612a:	46b9      	mov	r9, r7
1000612c:	46b0      	mov	r8, r6
1000612e:	bdf8      	pop	{r3, r4, r5, r6, r7, pc}
10006130:	237f      	movs	r3, #127	@ 0x7f
10006132:	2200      	movs	r2, #0
10006134:	7831      	ldrb	r1, [r6, #0]
10006136:	4399      	bics	r1, r3
10006138:	003b      	movs	r3, r7
1000613a:	4648      	mov	r0, r9
1000613c:	f7ff ff84 	bl	10006048 <usbd_edpt_xfer>
10006140:	e7f2      	b.n	10006128 <tud_control_xfer+0x68>
10006142:	2340      	movs	r3, #64	@ 0x40
10006144:	b29f      	uxth	r7, r3
10006146:	7833      	ldrb	r3, [r6, #0]
10006148:	2b7f      	cmp	r3, #127	@ 0x7f
1000614a:	d9e2      	bls.n	10006112 <tud_control_xfer+0x52>
1000614c:	4c06      	ldr	r4, [pc, #24]	@ (10006168 <tud_control_xfer+0xa8>)
1000614e:	003a      	movs	r2, r7
10006150:	4641      	mov	r1, r8
10006152:	0020      	movs	r0, r4
10006154:	f7fc fe72 	bl	10002e3c <__wrap___aeabi_memcpy>
10006158:	2180      	movs	r1, #128	@ 0x80
1000615a:	0022      	movs	r2, r4
1000615c:	e7ec      	b.n	10006138 <tud_control_xfer+0x78>
1000615e:	2000      	movs	r0, #0
10006160:	e7e2      	b.n	10006128 <tud_control_xfer+0x68>
10006162:	46c0      	nop			@ (mov r8, r8)
10006164:	20001c98 	.word	0x20001c98
10006168:	20001c58 	.word	0x20001c58

1000616c <usbd_control_reset>:
1000616c:	b510      	push	{r4, lr}
1000616e:	2214      	movs	r2, #20
10006170:	2100      	movs	r1, #0
10006172:	4802      	ldr	r0, [pc, #8]	@ (1000617c <usbd_control_reset+0x10>)
10006174:	f7fc fe5c 	bl	10002e30 <__wrap_memset>
10006178:	bd10      	pop	{r4, pc}
1000617a:	46c0      	nop			@ (mov r8, r8)
1000617c:	20001c98 	.word	0x20001c98

10006180 <usbd_control_set_complete_callback>:
10006180:	4b01      	ldr	r3, [pc, #4]	@ (10006188 <usbd_control_set_complete_callback+0x8>)
10006182:	6118      	str	r0, [r3, #16]
10006184:	4770      	bx	lr
10006186:	46c0      	nop			@ (mov r8, r8)
10006188:	20001c98 	.word	0x20001c98

1000618c <usbd_control_set_request>:
1000618c:	b510      	push	{r4, lr}
1000618e:	4c05      	ldr	r4, [pc, #20]	@ (100061a4 <usbd_control_set_request+0x18>)
10006190:	0001      	movs	r1, r0
10006192:	2208      	movs	r2, #8
10006194:	0020      	movs	r0, r4
10006196:	f7fc fe51 	bl	10002e3c <__wrap___aeabi_memcpy>
1000619a:	2300      	movs	r3, #0
1000619c:	60a3      	str	r3, [r4, #8]
1000619e:	60e3      	str	r3, [r4, #12]
100061a0:	bd10      	pop	{r4, pc}
100061a2:	46c0      	nop			@ (mov r8, r8)
100061a4:	20001c98 	.word	0x20001c98

100061a8 <usbd_control_xfer_cb>:
100061a8:	b570      	push	{r4, r5, r6, lr}
100061aa:	4c38      	ldr	r4, [pc, #224]	@ (1000628c <usbd_control_xfer_cb+0xe4>)
100061ac:	001d      	movs	r5, r3
100061ae:	7823      	ldrb	r3, [r4, #0]
100061b0:	0006      	movs	r6, r0
100061b2:	09da      	lsrs	r2, r3, #7
100061b4:	09c9      	lsrs	r1, r1, #7
100061b6:	428a      	cmp	r2, r1
100061b8:	d010      	beq.n	100061dc <usbd_control_xfer_cb+0x34>
100061ba:	2000      	movs	r0, #0
100061bc:	2d00      	cmp	r5, #0
100061be:	d000      	beq.n	100061c2 <usbd_control_xfer_cb+0x1a>
100061c0:	bd70      	pop	{r4, r5, r6, pc}
100061c2:	0021      	movs	r1, r4
100061c4:	0030      	movs	r0, r6
100061c6:	f7ff f917 	bl	100053f8 <dcd_edpt0_status_complete>
100061ca:	6923      	ldr	r3, [r4, #16]
100061cc:	2b00      	cmp	r3, #0
100061ce:	d003      	beq.n	100061d8 <usbd_control_xfer_cb+0x30>
100061d0:	0022      	movs	r2, r4
100061d2:	2103      	movs	r1, #3
100061d4:	0030      	movs	r0, r6
100061d6:	4798      	blx	r3
100061d8:	2001      	movs	r0, #1
100061da:	e7f1      	b.n	100061c0 <usbd_control_xfer_cb+0x18>
100061dc:	68a0      	ldr	r0, [r4, #8]
100061de:	2b7f      	cmp	r3, #127	@ 0x7f
100061e0:	d805      	bhi.n	100061ee <usbd_control_xfer_cb+0x46>
100061e2:	2800      	cmp	r0, #0
100061e4:	d034      	beq.n	10006250 <usbd_control_xfer_cb+0xa8>
100061e6:	002a      	movs	r2, r5
100061e8:	4929      	ldr	r1, [pc, #164]	@ (10006290 <usbd_control_xfer_cb+0xe8>)
100061ea:	f7fc fe27 	bl	10002e3c <__wrap___aeabi_memcpy>
100061ee:	89e2      	ldrh	r2, [r4, #14]
100061f0:	68a1      	ldr	r1, [r4, #8]
100061f2:	1952      	adds	r2, r2, r5
100061f4:	88e3      	ldrh	r3, [r4, #6]
100061f6:	b292      	uxth	r2, r2
100061f8:	1949      	adds	r1, r1, r5
100061fa:	81e2      	strh	r2, [r4, #14]
100061fc:	60a1      	str	r1, [r4, #8]
100061fe:	4293      	cmp	r3, r2
10006200:	d014      	beq.n	1000622c <usbd_control_xfer_cb+0x84>
10006202:	2d3f      	cmp	r5, #63	@ 0x3f
10006204:	d912      	bls.n	1000622c <usbd_control_xfer_cb+0x84>
10006206:	89a3      	ldrh	r3, [r4, #12]
10006208:	1a98      	subs	r0, r3, r2
1000620a:	1c05      	adds	r5, r0, #0
1000620c:	b280      	uxth	r0, r0
1000620e:	2840      	cmp	r0, #64	@ 0x40
10006210:	d82a      	bhi.n	10006268 <usbd_control_xfer_cb+0xc0>
10006212:	7820      	ldrb	r0, [r4, #0]
10006214:	b2ad      	uxth	r5, r5
10006216:	287f      	cmp	r0, #127	@ 0x7f
10006218:	d828      	bhi.n	1000626c <usbd_control_xfer_cb+0xc4>
1000621a:	2100      	movs	r1, #0
1000621c:	429a      	cmp	r2, r3
1000621e:	d032      	beq.n	10006286 <usbd_control_xfer_cb+0xde>
10006220:	4a1b      	ldr	r2, [pc, #108]	@ (10006290 <usbd_control_xfer_cb+0xe8>)
10006222:	002b      	movs	r3, r5
10006224:	0030      	movs	r0, r6
10006226:	f7ff ff0f 	bl	10006048 <usbd_edpt_xfer>
1000622a:	e7c9      	b.n	100061c0 <usbd_control_xfer_cb+0x18>
1000622c:	6923      	ldr	r3, [r4, #16]
1000622e:	2b00      	cmp	r3, #0
10006230:	d005      	beq.n	1000623e <usbd_control_xfer_cb+0x96>
10006232:	0022      	movs	r2, r4
10006234:	2102      	movs	r1, #2
10006236:	0030      	movs	r0, r6
10006238:	4798      	blx	r3
1000623a:	2800      	cmp	r0, #0
1000623c:	d00a      	beq.n	10006254 <usbd_control_xfer_cb+0xac>
1000623e:	2180      	movs	r1, #128	@ 0x80
10006240:	7823      	ldrb	r3, [r4, #0]
10006242:	2200      	movs	r2, #0
10006244:	4399      	bics	r1, r3
10006246:	0030      	movs	r0, r6
10006248:	2300      	movs	r3, #0
1000624a:	f7ff fefd 	bl	10006048 <usbd_edpt_xfer>
1000624e:	e7b7      	b.n	100061c0 <usbd_control_xfer_cb+0x18>
10006250:	2000      	movs	r0, #0
10006252:	e7b5      	b.n	100061c0 <usbd_control_xfer_cb+0x18>
10006254:	2100      	movs	r1, #0
10006256:	0030      	movs	r0, r6
10006258:	f7ff f96e 	bl	10005538 <dcd_edpt_stall>
1000625c:	0030      	movs	r0, r6
1000625e:	2180      	movs	r1, #128	@ 0x80
10006260:	f7ff f96a 	bl	10005538 <dcd_edpt_stall>
10006264:	2001      	movs	r0, #1
10006266:	e7ab      	b.n	100061c0 <usbd_control_xfer_cb+0x18>
10006268:	2540      	movs	r5, #64	@ 0x40
1000626a:	e7d2      	b.n	10006212 <usbd_control_xfer_cb+0x6a>
1000626c:	429a      	cmp	r2, r3
1000626e:	d007      	beq.n	10006280 <usbd_control_xfer_cb+0xd8>
10006270:	4c07      	ldr	r4, [pc, #28]	@ (10006290 <usbd_control_xfer_cb+0xe8>)
10006272:	002a      	movs	r2, r5
10006274:	0020      	movs	r0, r4
10006276:	f7fc fde1 	bl	10002e3c <__wrap___aeabi_memcpy>
1000627a:	2180      	movs	r1, #128	@ 0x80
1000627c:	0022      	movs	r2, r4
1000627e:	e7d0      	b.n	10006222 <usbd_control_xfer_cb+0x7a>
10006280:	2180      	movs	r1, #128	@ 0x80
10006282:	2200      	movs	r2, #0
10006284:	e7cd      	b.n	10006222 <usbd_control_xfer_cb+0x7a>
10006286:	2200      	movs	r2, #0
10006288:	e7cb      	b.n	10006222 <usbd_control_xfer_cb+0x7a>
1000628a:	46c0      	nop			@ (mov r8, r8)
1000628c:	20001c98 	.word	0x20001c98
10006290:	20001c58 	.word	0x20001c58

10006294 <_prep_out_transaction.isra.0>:
10006294:	b570      	push	{r4, r5, r6, lr}
10006296:	0005      	movs	r5, r0
10006298:	f7ff f9d0 	bl	1000563c <tud_mounted>
1000629c:	2800      	cmp	r0, #0
1000629e:	d100      	bne.n	100062a2 <_prep_out_transaction.isra.0+0xe>
100062a0:	bd70      	pop	{r4, r5, r6, pc}
100062a2:	f7ff f9d3 	bl	1000564c <tud_suspended>
100062a6:	2800      	cmp	r0, #0
100062a8:	d1fa      	bne.n	100062a0 <_prep_out_transaction.isra.0+0xc>
100062aa:	23c8      	movs	r3, #200	@ 0xc8
100062ac:	436b      	muls	r3, r5
100062ae:	4c12      	ldr	r4, [pc, #72]	@ (100062f8 <_prep_out_transaction.isra.0+0x64>)
100062b0:	18e6      	adds	r6, r4, r3
100062b2:	78f1      	ldrb	r1, [r6, #3]
100062b4:	2900      	cmp	r1, #0
100062b6:	d0f3      	beq.n	100062a0 <_prep_out_transaction.isra.0+0xc>
100062b8:	3310      	adds	r3, #16
100062ba:	191c      	adds	r4, r3, r4
100062bc:	0020      	movs	r0, r4
100062be:	f000 fbc1 	bl	10006a44 <tu_fifo_remaining>
100062c2:	283f      	cmp	r0, #63	@ 0x3f
100062c4:	d9ec      	bls.n	100062a0 <_prep_out_transaction.isra.0+0xc>
100062c6:	2000      	movs	r0, #0
100062c8:	78f1      	ldrb	r1, [r6, #3]
100062ca:	f7ff fe95 	bl	10005ff8 <usbd_edpt_claim>
100062ce:	2800      	cmp	r0, #0
100062d0:	d0e6      	beq.n	100062a0 <_prep_out_transaction.isra.0+0xc>
100062d2:	0020      	movs	r0, r4
100062d4:	f000 fbb6 	bl	10006a44 <tu_fifo_remaining>
100062d8:	283f      	cmp	r0, #63	@ 0x3f
100062da:	d908      	bls.n	100062ee <_prep_out_transaction.isra.0+0x5a>
100062dc:	4b07      	ldr	r3, [pc, #28]	@ (100062fc <_prep_out_transaction.isra.0+0x68>)
100062de:	01ea      	lsls	r2, r5, #7
100062e0:	18d2      	adds	r2, r2, r3
100062e2:	78f1      	ldrb	r1, [r6, #3]
100062e4:	2340      	movs	r3, #64	@ 0x40
100062e6:	2000      	movs	r0, #0
100062e8:	f7ff feae 	bl	10006048 <usbd_edpt_xfer>
100062ec:	e7d8      	b.n	100062a0 <_prep_out_transaction.isra.0+0xc>
100062ee:	78f1      	ldrb	r1, [r6, #3]
100062f0:	2000      	movs	r0, #0
100062f2:	f7ff fe95 	bl	10006020 <usbd_edpt_release>
100062f6:	e7d3      	b.n	100062a0 <_prep_out_transaction.isra.0+0xc>
100062f8:	20001b90 	.word	0x20001b90
100062fc:	20001b0c 	.word	0x20001b0c

10006300 <tud_cdc_n_connected>:
10006300:	b510      	push	{r4, lr}
10006302:	0004      	movs	r4, r0
10006304:	f7ff f99a 	bl	1000563c <tud_mounted>
10006308:	2800      	cmp	r0, #0
1000630a:	d101      	bne.n	10006310 <tud_cdc_n_connected+0x10>
1000630c:	2000      	movs	r0, #0
1000630e:	bd10      	pop	{r4, pc}
10006310:	f7ff f99c 	bl	1000564c <tud_suspended>
10006314:	2800      	cmp	r0, #0
10006316:	d1f9      	bne.n	1000630c <tud_cdc_n_connected+0xc>
10006318:	22c8      	movs	r2, #200	@ 0xc8
1000631a:	4362      	muls	r2, r4
1000631c:	4b02      	ldr	r3, [pc, #8]	@ (10006328 <tud_cdc_n_connected+0x28>)
1000631e:	3001      	adds	r0, #1
10006320:	189b      	adds	r3, r3, r2
10006322:	791b      	ldrb	r3, [r3, #4]
10006324:	4018      	ands	r0, r3
10006326:	e7f2      	b.n	1000630e <tud_cdc_n_connected+0xe>
10006328:	20001b90 	.word	0x20001b90

1000632c <tud_cdc_n_available>:
1000632c:	23c8      	movs	r3, #200	@ 0xc8
1000632e:	b510      	push	{r4, lr}
10006330:	4343      	muls	r3, r0
10006332:	4802      	ldr	r0, [pc, #8]	@ (1000633c <tud_cdc_n_available+0x10>)
10006334:	1818      	adds	r0, r3, r0
10006336:	f000 fb67 	bl	10006a08 <tu_fifo_count>
1000633a:	bd10      	pop	{r4, pc}
1000633c:	20001ba0 	.word	0x20001ba0

10006340 <tud_cdc_n_read>:
10006340:	b5f0      	push	{r4, r5, r6, r7, lr}
10006342:	24c8      	movs	r4, #200	@ 0xc8
10006344:	46c6      	mov	lr, r8
10006346:	2380      	movs	r3, #128	@ 0x80
10006348:	4344      	muls	r4, r0
1000634a:	4f1f      	ldr	r7, [pc, #124]	@ (100063c8 <tud_cdc_n_read+0x88>)
1000634c:	3410      	adds	r4, #16
1000634e:	0005      	movs	r5, r0
10006350:	b500      	push	{lr}
10006352:	193c      	adds	r4, r7, r4
10006354:	025b      	lsls	r3, r3, #9
10006356:	429a      	cmp	r2, r3
10006358:	d300      	bcc.n	1000635c <tud_cdc_n_read+0x1c>
1000635a:	4a1c      	ldr	r2, [pc, #112]	@ (100063cc <tud_cdc_n_read+0x8c>)
1000635c:	0020      	movs	r0, r4
1000635e:	b292      	uxth	r2, r2
10006360:	f000 fbd4 	bl	10006b0c <tu_fifo_read_n>
10006364:	4680      	mov	r8, r0
10006366:	f7ff f969 	bl	1000563c <tud_mounted>
1000636a:	2800      	cmp	r0, #0
1000636c:	d103      	bne.n	10006376 <tud_cdc_n_read+0x36>
1000636e:	4640      	mov	r0, r8
10006370:	bc80      	pop	{r7}
10006372:	46b8      	mov	r8, r7
10006374:	bdf0      	pop	{r4, r5, r6, r7, pc}
10006376:	f7ff f969 	bl	1000564c <tud_suspended>
1000637a:	2800      	cmp	r0, #0
1000637c:	d1f7      	bne.n	1000636e <tud_cdc_n_read+0x2e>
1000637e:	26c8      	movs	r6, #200	@ 0xc8
10006380:	436e      	muls	r6, r5
10006382:	19be      	adds	r6, r7, r6
10006384:	78f3      	ldrb	r3, [r6, #3]
10006386:	2b00      	cmp	r3, #0
10006388:	d0f1      	beq.n	1000636e <tud_cdc_n_read+0x2e>
1000638a:	0020      	movs	r0, r4
1000638c:	f000 fb5a 	bl	10006a44 <tu_fifo_remaining>
10006390:	283f      	cmp	r0, #63	@ 0x3f
10006392:	d9ec      	bls.n	1000636e <tud_cdc_n_read+0x2e>
10006394:	2000      	movs	r0, #0
10006396:	78f1      	ldrb	r1, [r6, #3]
10006398:	f7ff fe2e 	bl	10005ff8 <usbd_edpt_claim>
1000639c:	2800      	cmp	r0, #0
1000639e:	d0e6      	beq.n	1000636e <tud_cdc_n_read+0x2e>
100063a0:	0020      	movs	r0, r4
100063a2:	f000 fb4f 	bl	10006a44 <tu_fifo_remaining>
100063a6:	283f      	cmp	r0, #63	@ 0x3f
100063a8:	d908      	bls.n	100063bc <tud_cdc_n_read+0x7c>
100063aa:	4b09      	ldr	r3, [pc, #36]	@ (100063d0 <tud_cdc_n_read+0x90>)
100063ac:	01ea      	lsls	r2, r5, #7
100063ae:	18d2      	adds	r2, r2, r3
100063b0:	78f1      	ldrb	r1, [r6, #3]
100063b2:	2340      	movs	r3, #64	@ 0x40
100063b4:	2000      	movs	r0, #0
100063b6:	f7ff fe47 	bl	10006048 <usbd_edpt_xfer>
100063ba:	e7d8      	b.n	1000636e <tud_cdc_n_read+0x2e>
100063bc:	78f1      	ldrb	r1, [r6, #3]
100063be:	2000      	movs	r0, #0
100063c0:	f7ff fe2e 	bl	10006020 <usbd_edpt_release>
100063c4:	e7d3      	b.n	1000636e <tud_cdc_n_read+0x2e>
100063c6:	46c0      	nop			@ (mov r8, r8)
100063c8:	20001b90 	.word	0x20001b90
100063cc:	0000ffff 	.word	0x0000ffff
100063d0:	20001b0c 	.word	0x20001b0c

100063d4 <tud_cdc_n_write_flush>:
100063d4:	b5f8      	push	{r3, r4, r5, r6, r7, lr}
100063d6:	0006      	movs	r6, r0
100063d8:	f7ff f930 	bl	1000563c <tud_mounted>
100063dc:	2800      	cmp	r0, #0
100063de:	d101      	bne.n	100063e4 <tud_cdc_n_write_flush+0x10>
100063e0:	2000      	movs	r0, #0
100063e2:	bdf8      	pop	{r3, r4, r5, r6, r7, pc}
100063e4:	f7ff f932 	bl	1000564c <tud_suspended>
100063e8:	2800      	cmp	r0, #0
100063ea:	d1f9      	bne.n	100063e0 <tud_cdc_n_write_flush+0xc>
100063ec:	24c8      	movs	r4, #200	@ 0xc8
100063ee:	4374      	muls	r4, r6
100063f0:	0025      	movs	r5, r4
100063f2:	4f13      	ldr	r7, [pc, #76]	@ (10006440 <tud_cdc_n_write_flush+0x6c>)
100063f4:	3524      	adds	r5, #36	@ 0x24
100063f6:	19ed      	adds	r5, r5, r7
100063f8:	0028      	movs	r0, r5
100063fa:	f000 fb05 	bl	10006a08 <tu_fifo_count>
100063fe:	2800      	cmp	r0, #0
10006400:	d0ee      	beq.n	100063e0 <tud_cdc_n_write_flush+0xc>
10006402:	193f      	adds	r7, r7, r4
10006404:	2000      	movs	r0, #0
10006406:	78b9      	ldrb	r1, [r7, #2]
10006408:	f7ff fdf6 	bl	10005ff8 <usbd_edpt_claim>
1000640c:	2800      	cmp	r0, #0
1000640e:	d0e7      	beq.n	100063e0 <tud_cdc_n_write_flush+0xc>
10006410:	4b0c      	ldr	r3, [pc, #48]	@ (10006444 <tud_cdc_n_write_flush+0x70>)
10006412:	01f4      	lsls	r4, r6, #7
10006414:	18e4      	adds	r4, r4, r3
10006416:	0021      	movs	r1, r4
10006418:	0028      	movs	r0, r5
1000641a:	2240      	movs	r2, #64	@ 0x40
1000641c:	f000 fb76 	bl	10006b0c <tu_fifo_read_n>
10006420:	78b9      	ldrb	r1, [r7, #2]
10006422:	1e05      	subs	r5, r0, #0
10006424:	d008      	beq.n	10006438 <tud_cdc_n_write_flush+0x64>
10006426:	0003      	movs	r3, r0
10006428:	0022      	movs	r2, r4
1000642a:	2000      	movs	r0, #0
1000642c:	f7ff fe0c 	bl	10006048 <usbd_edpt_xfer>
10006430:	2800      	cmp	r0, #0
10006432:	d0d5      	beq.n	100063e0 <tud_cdc_n_write_flush+0xc>
10006434:	0028      	movs	r0, r5
10006436:	e7d4      	b.n	100063e2 <tud_cdc_n_write_flush+0xe>
10006438:	2000      	movs	r0, #0
1000643a:	f7ff fdf1 	bl	10006020 <usbd_edpt_release>
1000643e:	e7cf      	b.n	100063e0 <tud_cdc_n_write_flush+0xc>
10006440:	20001b90 	.word	0x20001b90
10006444:	20001b4c 	.word	0x20001b4c

10006448 <tud_cdc_n_write>:
10006448:	b570      	push	{r4, r5, r6, lr}
1000644a:	24c8      	movs	r4, #200	@ 0xc8
1000644c:	4344      	muls	r4, r0
1000644e:	4b0c      	ldr	r3, [pc, #48]	@ (10006480 <tud_cdc_n_write+0x38>)
10006450:	0005      	movs	r5, r0
10006452:	18e4      	adds	r4, r4, r3
10006454:	2380      	movs	r3, #128	@ 0x80
10006456:	025b      	lsls	r3, r3, #9
10006458:	429a      	cmp	r2, r3
1000645a:	d300      	bcc.n	1000645e <tud_cdc_n_write+0x16>
1000645c:	4a09      	ldr	r2, [pc, #36]	@ (10006484 <tud_cdc_n_write+0x3c>)
1000645e:	0020      	movs	r0, r4
10006460:	b292      	uxth	r2, r2
10006462:	f000 fc1b 	bl	10006c9c <tu_fifo_write_n>
10006466:	0006      	movs	r6, r0
10006468:	0020      	movs	r0, r4
1000646a:	f000 facd 	bl	10006a08 <tu_fifo_count>
1000646e:	283f      	cmp	r0, #63	@ 0x3f
10006470:	d801      	bhi.n	10006476 <tud_cdc_n_write+0x2e>
10006472:	0030      	movs	r0, r6
10006474:	bd70      	pop	{r4, r5, r6, pc}
10006476:	0028      	movs	r0, r5
10006478:	f7ff ffac 	bl	100063d4 <tud_cdc_n_write_flush>
1000647c:	e7f9      	b.n	10006472 <tud_cdc_n_write+0x2a>
1000647e:	46c0      	nop			@ (mov r8, r8)
10006480:	20001bb4 	.word	0x20001bb4
10006484:	0000ffff 	.word	0x0000ffff

10006488 <tud_cdc_n_write_available>:
10006488:	23c8      	movs	r3, #200	@ 0xc8
1000648a:	b510      	push	{r4, lr}
1000648c:	4343      	muls	r3, r0
1000648e:	4802      	ldr	r0, [pc, #8]	@ (10006498 <tud_cdc_n_write_available+0x10>)
10006490:	1818      	adds	r0, r3, r0
10006492:	f000 fad7 	bl	10006a44 <tu_fifo_remaining>
10006496:	bd10      	pop	{r4, pc}
10006498:	20001bb4 	.word	0x20001bb4

1000649c <cdcd_init>:
1000649c:	b5f0      	push	{r4, r5, r6, r7, lr}
1000649e:	2500      	movs	r5, #0
100064a0:	4c18      	ldr	r4, [pc, #96]	@ (10006504 <cdcd_init+0x68>)
100064a2:	b083      	sub	sp, #12
100064a4:	22c8      	movs	r2, #200	@ 0xc8
100064a6:	2100      	movs	r1, #0
100064a8:	0020      	movs	r0, r4
100064aa:	f7fc fcc1 	bl	10002e30 <__wrap_memset>
100064ae:	4b16      	ldr	r3, [pc, #88]	@ (10006508 <cdcd_init+0x6c>)
100064b0:	0021      	movs	r1, r4
100064b2:	701d      	strb	r5, [r3, #0]
100064b4:	23ff      	movs	r3, #255	@ 0xff
100064b6:	7163      	strb	r3, [r4, #5]
100064b8:	23e1      	movs	r3, #225	@ 0xe1
100064ba:	025b      	lsls	r3, r3, #9
100064bc:	60a3      	str	r3, [r4, #8]
100064be:	0020      	movs	r0, r4
100064c0:	2308      	movs	r3, #8
100064c2:	2240      	movs	r2, #64	@ 0x40
100064c4:	73a3      	strb	r3, [r4, #14]
100064c6:	3138      	adds	r1, #56	@ 0x38
100064c8:	9500      	str	r5, [sp, #0]
100064ca:	3b07      	subs	r3, #7
100064cc:	3010      	adds	r0, #16
100064ce:	f000 fa65 	bl	1000699c <tu_fifo_config>
100064d2:	0027      	movs	r7, r4
100064d4:	2301      	movs	r3, #1
100064d6:	0021      	movs	r1, r4
100064d8:	0020      	movs	r0, r4
100064da:	0026      	movs	r6, r4
100064dc:	2240      	movs	r2, #64	@ 0x40
100064de:	3178      	adds	r1, #120	@ 0x78
100064e0:	9300      	str	r3, [sp, #0]
100064e2:	37b8      	adds	r7, #184	@ 0xb8
100064e4:	3024      	adds	r0, #36	@ 0x24
100064e6:	f000 fa59 	bl	1000699c <tu_fifo_config>
100064ea:	36c0      	adds	r6, #192	@ 0xc0
100064ec:	0038      	movs	r0, r7
100064ee:	f7fa fe1b 	bl	10001128 <mutex_init>
100064f2:	0030      	movs	r0, r6
100064f4:	f7fa fe18 	bl	10001128 <mutex_init>
100064f8:	61e5      	str	r5, [r4, #28]
100064fa:	6227      	str	r7, [r4, #32]
100064fc:	6326      	str	r6, [r4, #48]	@ 0x30
100064fe:	6365      	str	r5, [r4, #52]	@ 0x34
10006500:	b003      	add	sp, #12
10006502:	bdf0      	pop	{r4, r5, r6, r7, pc}
10006504:	20001b90 	.word	0x20001b90
10006508:	20001b8c 	.word	0x20001b8c

1000650c <cdcd_deinit>:
1000650c:	4b0b      	ldr	r3, [pc, #44]	@ (1000653c <cdcd_deinit+0x30>)
1000650e:	6b19      	ldr	r1, [r3, #48]	@ 0x30
10006510:	2900      	cmp	r1, #0
10006512:	d00a      	beq.n	1000652a <cdcd_deinit+0x1e>
10006514:	6a1a      	ldr	r2, [r3, #32]
10006516:	2a00      	cmp	r2, #0
10006518:	d00d      	beq.n	10006536 <cdcd_deinit+0x2a>
1000651a:	2200      	movs	r2, #0
1000651c:	621a      	str	r2, [r3, #32]
1000651e:	631a      	str	r2, [r3, #48]	@ 0x30
10006520:	61da      	str	r2, [r3, #28]
10006522:	2200      	movs	r2, #0
10006524:	635a      	str	r2, [r3, #52]	@ 0x34
10006526:	2001      	movs	r0, #1
10006528:	4770      	bx	lr
1000652a:	6a1a      	ldr	r2, [r3, #32]
1000652c:	2a00      	cmp	r2, #0
1000652e:	d0fa      	beq.n	10006526 <cdcd_deinit+0x1a>
10006530:	61d9      	str	r1, [r3, #28]
10006532:	6219      	str	r1, [r3, #32]
10006534:	e7f7      	b.n	10006526 <cdcd_deinit+0x1a>
10006536:	631a      	str	r2, [r3, #48]	@ 0x30
10006538:	e7f3      	b.n	10006522 <cdcd_deinit+0x16>
1000653a:	46c0      	nop			@ (mov r8, r8)
1000653c:	20001b90 	.word	0x20001b90

10006540 <cdcd_reset>:
10006540:	b570      	push	{r4, r5, r6, lr}
10006542:	4c0f      	ldr	r4, [pc, #60]	@ (10006580 <cdcd_reset+0x40>)
10006544:	2205      	movs	r2, #5
10006546:	2100      	movs	r1, #0
10006548:	0020      	movs	r0, r4
1000654a:	f7fc fc71 	bl	10002e30 <__wrap_memset>
1000654e:	4d0d      	ldr	r5, [pc, #52]	@ (10006584 <cdcd_reset+0x44>)
10006550:	782b      	ldrb	r3, [r5, #0]
10006552:	07da      	lsls	r2, r3, #31
10006554:	d507      	bpl.n	10006566 <cdcd_reset+0x26>
10006556:	4c0c      	ldr	r4, [pc, #48]	@ (10006588 <cdcd_reset+0x48>)
10006558:	079b      	lsls	r3, r3, #30
1000655a:	d50c      	bpl.n	10006576 <cdcd_reset+0x36>
1000655c:	2101      	movs	r1, #1
1000655e:	0020      	movs	r0, r4
10006560:	f000 fc78 	bl	10006e54 <tu_fifo_set_overwritable>
10006564:	bd70      	pop	{r4, r5, r6, pc}
10006566:	0020      	movs	r0, r4
10006568:	3010      	adds	r0, #16
1000656a:	f000 fc53 	bl	10006e14 <tu_fifo_clear>
1000656e:	782b      	ldrb	r3, [r5, #0]
10006570:	4c05      	ldr	r4, [pc, #20]	@ (10006588 <cdcd_reset+0x48>)
10006572:	079b      	lsls	r3, r3, #30
10006574:	d4f2      	bmi.n	1000655c <cdcd_reset+0x1c>
10006576:	0020      	movs	r0, r4
10006578:	f000 fc4c 	bl	10006e14 <tu_fifo_clear>
1000657c:	e7ee      	b.n	1000655c <cdcd_reset+0x1c>
1000657e:	46c0      	nop			@ (mov r8, r8)
10006580:	20001b90 	.word	0x20001b90
10006584:	20001b8c 	.word	0x20001b8c
10006588:	20001bb4 	.word	0x20001bb4

1000658c <cdcd_open>:
1000658c:	b5f0      	push	{r4, r5, r6, r7, lr}
1000658e:	794b      	ldrb	r3, [r1, #5]
10006590:	0006      	movs	r6, r0
10006592:	b083      	sub	sp, #12
10006594:	2b02      	cmp	r3, #2
10006596:	d102      	bne.n	1000659e <cdcd_open+0x12>
10006598:	798b      	ldrb	r3, [r1, #6]
1000659a:	2b02      	cmp	r3, #2
1000659c:	d003      	beq.n	100065a6 <cdcd_open+0x1a>
1000659e:	2500      	movs	r5, #0
100065a0:	0028      	movs	r0, r5
100065a2:	b003      	add	sp, #12
100065a4:	bdf0      	pop	{r4, r5, r6, r7, pc}
100065a6:	4f21      	ldr	r7, [pc, #132]	@ (1000662c <cdcd_open+0xa0>)
100065a8:	78bb      	ldrb	r3, [r7, #2]
100065aa:	2b00      	cmp	r3, #0
100065ac:	d1f7      	bne.n	1000659e <cdcd_open+0x12>
100065ae:	788b      	ldrb	r3, [r1, #2]
100065b0:	2509      	movs	r5, #9
100065b2:	703b      	strb	r3, [r7, #0]
100065b4:	780c      	ldrb	r4, [r1, #0]
100065b6:	190c      	adds	r4, r1, r4
100065b8:	7863      	ldrb	r3, [r4, #1]
100065ba:	2b24      	cmp	r3, #36	@ 0x24
100065bc:	d10b      	bne.n	100065d6 <cdcd_open+0x4a>
100065be:	2a08      	cmp	r2, #8
100065c0:	d802      	bhi.n	100065c8 <cdcd_open+0x3c>
100065c2:	e00f      	b.n	100065e4 <cdcd_open+0x58>
100065c4:	42aa      	cmp	r2, r5
100065c6:	d30d      	bcc.n	100065e4 <cdcd_open+0x58>
100065c8:	7823      	ldrb	r3, [r4, #0]
100065ca:	18e4      	adds	r4, r4, r3
100065cc:	195d      	adds	r5, r3, r5
100065ce:	7863      	ldrb	r3, [r4, #1]
100065d0:	b2ad      	uxth	r5, r5
100065d2:	2b24      	cmp	r3, #36	@ 0x24
100065d4:	d0f6      	beq.n	100065c4 <cdcd_open+0x38>
100065d6:	2b05      	cmp	r3, #5
100065d8:	d008      	beq.n	100065ec <cdcd_open+0x60>
100065da:	2b04      	cmp	r3, #4
100065dc:	d102      	bne.n	100065e4 <cdcd_open+0x58>
100065de:	7963      	ldrb	r3, [r4, #5]
100065e0:	2b0a      	cmp	r3, #10
100065e2:	d011      	beq.n	10006608 <cdcd_open+0x7c>
100065e4:	2000      	movs	r0, #0
100065e6:	f7ff fe55 	bl	10006294 <_prep_out_transaction.isra.0>
100065ea:	e7d9      	b.n	100065a0 <cdcd_open+0x14>
100065ec:	0021      	movs	r1, r4
100065ee:	0030      	movs	r0, r6
100065f0:	f7ff fce8 	bl	10005fc4 <usbd_edpt_open>
100065f4:	2800      	cmp	r0, #0
100065f6:	d0d2      	beq.n	1000659e <cdcd_open+0x12>
100065f8:	78a3      	ldrb	r3, [r4, #2]
100065fa:	707b      	strb	r3, [r7, #1]
100065fc:	7823      	ldrb	r3, [r4, #0]
100065fe:	195d      	adds	r5, r3, r5
10006600:	18e4      	adds	r4, r4, r3
10006602:	7863      	ldrb	r3, [r4, #1]
10006604:	b2ad      	uxth	r5, r5
10006606:	e7e8      	b.n	100065da <cdcd_open+0x4e>
10006608:	4b09      	ldr	r3, [pc, #36]	@ (10006630 <cdcd_open+0xa4>)
1000660a:	7827      	ldrb	r7, [r4, #0]
1000660c:	9301      	str	r3, [sp, #4]
1000660e:	3301      	adds	r3, #1
10006610:	9300      	str	r3, [sp, #0]
10006612:	2202      	movs	r2, #2
10006614:	2302      	movs	r3, #2
10006616:	0030      	movs	r0, r6
10006618:	19e1      	adds	r1, r4, r7
1000661a:	f7ff fc85 	bl	10005f28 <usbd_open_edpt_pair>
1000661e:	2800      	cmp	r0, #0
10006620:	d0bd      	beq.n	1000659e <cdcd_open+0x12>
10006622:	350e      	adds	r5, #14
10006624:	19ed      	adds	r5, r5, r7
10006626:	b2ad      	uxth	r5, r5
10006628:	e7dc      	b.n	100065e4 <cdcd_open+0x58>
1000662a:	46c0      	nop			@ (mov r8, r8)
1000662c:	20001b90 	.word	0x20001b90
10006630:	20001b92 	.word	0x20001b92

10006634 <cdcd_control_xfer_cb>:
10006634:	b5f8      	push	{r3, r4, r5, r6, r7, lr}
10006636:	2360      	movs	r3, #96	@ 0x60
10006638:	0014      	movs	r4, r2
1000663a:	7812      	ldrb	r2, [r2, #0]
1000663c:	0005      	movs	r5, r0
1000663e:	4013      	ands	r3, r2
10006640:	2000      	movs	r0, #0
10006642:	2b20      	cmp	r3, #32
10006644:	d107      	bne.n	10006656 <cdcd_control_xfer_cb+0x22>
10006646:	4a30      	ldr	r2, [pc, #192]	@ (10006708 <cdcd_control_xfer_cb+0xd4>)
10006648:	7963      	ldrb	r3, [r4, #5]
1000664a:	7927      	ldrb	r7, [r4, #4]
1000664c:	7816      	ldrb	r6, [r2, #0]
1000664e:	021b      	lsls	r3, r3, #8
10006650:	433b      	orrs	r3, r7
10006652:	429e      	cmp	r6, r3
10006654:	d000      	beq.n	10006658 <cdcd_control_xfer_cb+0x24>
10006656:	bdf8      	pop	{r3, r4, r5, r6, r7, pc}
10006658:	7863      	ldrb	r3, [r4, #1]
1000665a:	2b22      	cmp	r3, #34	@ 0x22
1000665c:	d01a      	beq.n	10006694 <cdcd_control_xfer_cb+0x60>
1000665e:	d807      	bhi.n	10006670 <cdcd_control_xfer_cb+0x3c>
10006660:	2b20      	cmp	r3, #32
10006662:	d034      	beq.n	100066ce <cdcd_control_xfer_cb+0x9a>
10006664:	2b21      	cmp	r3, #33	@ 0x21
10006666:	d1f6      	bne.n	10006656 <cdcd_control_xfer_cb+0x22>
10006668:	2901      	cmp	r1, #1
1000666a:	d03e      	beq.n	100066ea <cdcd_control_xfer_cb+0xb6>
1000666c:	2001      	movs	r0, #1
1000666e:	e7f2      	b.n	10006656 <cdcd_control_xfer_cb+0x22>
10006670:	2b23      	cmp	r3, #35	@ 0x23
10006672:	d1f0      	bne.n	10006656 <cdcd_control_xfer_cb+0x22>
10006674:	2901      	cmp	r1, #1
10006676:	d040      	beq.n	100066fa <cdcd_control_xfer_cb+0xc6>
10006678:	2903      	cmp	r1, #3
1000667a:	d1f7      	bne.n	1000666c <cdcd_control_xfer_cb+0x38>
1000667c:	4b23      	ldr	r3, [pc, #140]	@ (1000670c <cdcd_control_xfer_cb+0xd8>)
1000667e:	2b00      	cmp	r3, #0
10006680:	d0f4      	beq.n	1000666c <cdcd_control_xfer_cb+0x38>
10006682:	78e1      	ldrb	r1, [r4, #3]
10006684:	78a3      	ldrb	r3, [r4, #2]
10006686:	0209      	lsls	r1, r1, #8
10006688:	2000      	movs	r0, #0
1000668a:	4319      	orrs	r1, r3
1000668c:	e000      	b.n	10006690 <cdcd_control_xfer_cb+0x5c>
1000668e:	bf00      	nop
10006690:	2001      	movs	r0, #1
10006692:	e7e0      	b.n	10006656 <cdcd_control_xfer_cb+0x22>
10006694:	2901      	cmp	r1, #1
10006696:	d030      	beq.n	100066fa <cdcd_control_xfer_cb+0xc6>
10006698:	2903      	cmp	r1, #3
1000669a:	d1e7      	bne.n	1000666c <cdcd_control_xfer_cb+0x38>
1000669c:	2501      	movs	r5, #1
1000669e:	002e      	movs	r6, r5
100066a0:	78a3      	ldrb	r3, [r4, #2]
100066a2:	78e4      	ldrb	r4, [r4, #3]
100066a4:	3902      	subs	r1, #2
100066a6:	0224      	lsls	r4, r4, #8
100066a8:	431c      	orrs	r4, r3
100066aa:	7114      	strb	r4, [r2, #4]
100066ac:	4026      	ands	r6, r4
100066ae:	3224      	adds	r2, #36	@ 0x24
100066b0:	0010      	movs	r0, r2
100066b2:	4071      	eors	r1, r6
100066b4:	f000 fbce 	bl	10006e54 <tu_fifo_set_overwritable>
100066b8:	4b15      	ldr	r3, [pc, #84]	@ (10006710 <cdcd_control_xfer_cb+0xdc>)
100066ba:	2b00      	cmp	r3, #0
100066bc:	d0d6      	beq.n	1000666c <cdcd_control_xfer_cb+0x38>
100066be:	0862      	lsrs	r2, r4, #1
100066c0:	2000      	movs	r0, #0
100066c2:	0031      	movs	r1, r6
100066c4:	402a      	ands	r2, r5
100066c6:	e000      	b.n	100066ca <cdcd_control_xfer_cb+0x96>
100066c8:	bf00      	nop
100066ca:	2001      	movs	r0, #1
100066cc:	e7c3      	b.n	10006656 <cdcd_control_xfer_cb+0x22>
100066ce:	2901      	cmp	r1, #1
100066d0:	d00b      	beq.n	100066ea <cdcd_control_xfer_cb+0xb6>
100066d2:	2903      	cmp	r1, #3
100066d4:	d1ca      	bne.n	1000666c <cdcd_control_xfer_cb+0x38>
100066d6:	4b0f      	ldr	r3, [pc, #60]	@ (10006714 <cdcd_control_xfer_cb+0xe0>)
100066d8:	2b00      	cmp	r3, #0
100066da:	d0c7      	beq.n	1000666c <cdcd_control_xfer_cb+0x38>
100066dc:	3208      	adds	r2, #8
100066de:	2000      	movs	r0, #0
100066e0:	0011      	movs	r1, r2
100066e2:	f7fe fe0d 	bl	10005300 <tud_cdc_line_coding_cb>
100066e6:	2001      	movs	r0, #1
100066e8:	e7b5      	b.n	10006656 <cdcd_control_xfer_cb+0x22>
100066ea:	2307      	movs	r3, #7
100066ec:	0021      	movs	r1, r4
100066ee:	0028      	movs	r0, r5
100066f0:	4a09      	ldr	r2, [pc, #36]	@ (10006718 <cdcd_control_xfer_cb+0xe4>)
100066f2:	f7ff fce5 	bl	100060c0 <tud_control_xfer>
100066f6:	2001      	movs	r0, #1
100066f8:	e7ad      	b.n	10006656 <cdcd_control_xfer_cb+0x22>
100066fa:	0021      	movs	r1, r4
100066fc:	0028      	movs	r0, r5
100066fe:	f7ff fcc9 	bl	10006094 <tud_control_status>
10006702:	2001      	movs	r0, #1
10006704:	e7a7      	b.n	10006656 <cdcd_control_xfer_cb+0x22>
10006706:	46c0      	nop			@ (mov r8, r8)
10006708:	20001b90 	.word	0x20001b90
	...
10006714:	10005301 	.word	0x10005301
10006718:	20001b98 	.word	0x20001b98

1000671c <cdcd_xfer_cb>:
1000671c:	b5f0      	push	{r4, r5, r6, r7, lr}
1000671e:	464f      	mov	r7, r9
10006720:	4646      	mov	r6, r8
10006722:	46d6      	mov	lr, sl
10006724:	4d36      	ldr	r5, [pc, #216]	@ (10006800 <cdcd_xfer_cb+0xe4>)
10006726:	b5c0      	push	{r6, r7, lr}
10006728:	78ea      	ldrb	r2, [r5, #3]
1000672a:	001f      	movs	r7, r3
1000672c:	4680      	mov	r8, r0
1000672e:	000c      	movs	r4, r1
10006730:	78ab      	ldrb	r3, [r5, #2]
10006732:	428a      	cmp	r2, r1
10006734:	d03b      	beq.n	100067ae <cdcd_xfer_cb+0x92>
10006736:	428b      	cmp	r3, r1
10006738:	d010      	beq.n	1000675c <cdcd_xfer_cb+0x40>
1000673a:	2000      	movs	r0, #0
1000673c:	bce0      	pop	{r5, r6, r7}
1000673e:	46ba      	mov	sl, r7
10006740:	46b1      	mov	r9, r6
10006742:	46a8      	mov	r8, r5
10006744:	bdf0      	pop	{r4, r5, r6, r7, pc}
10006746:	4b2f      	ldr	r3, [pc, #188]	@ (10006804 <cdcd_xfer_cb+0xe8>)
10006748:	2b00      	cmp	r3, #0
1000674a:	d004      	beq.n	10006756 <cdcd_xfer_cb+0x3a>
1000674c:	482e      	ldr	r0, [pc, #184]	@ (10006808 <cdcd_xfer_cb+0xec>)
1000674e:	f000 f971 	bl	10006a34 <tu_fifo_empty>
10006752:	2800      	cmp	r0, #0
10006754:	d051      	beq.n	100067fa <cdcd_xfer_cb+0xde>
10006756:	2000      	movs	r0, #0
10006758:	f7ff fd9c 	bl	10006294 <_prep_out_transaction.isra.0>
1000675c:	78ab      	ldrb	r3, [r5, #2]
1000675e:	42a3      	cmp	r3, r4
10006760:	d001      	beq.n	10006766 <cdcd_xfer_cb+0x4a>
10006762:	2001      	movs	r0, #1
10006764:	e7ea      	b.n	1000673c <cdcd_xfer_cb+0x20>
10006766:	4b29      	ldr	r3, [pc, #164]	@ (1000680c <cdcd_xfer_cb+0xf0>)
10006768:	2b00      	cmp	r3, #0
1000676a:	d002      	beq.n	10006772 <cdcd_xfer_cb+0x56>
1000676c:	2000      	movs	r0, #0
1000676e:	e000      	b.n	10006772 <cdcd_xfer_cb+0x56>
10006770:	bf00      	nop
10006772:	2000      	movs	r0, #0
10006774:	f7ff fe2e 	bl	100063d4 <tud_cdc_n_write_flush>
10006778:	2800      	cmp	r0, #0
1000677a:	d1f2      	bne.n	10006762 <cdcd_xfer_cb+0x46>
1000677c:	4c24      	ldr	r4, [pc, #144]	@ (10006810 <cdcd_xfer_cb+0xf4>)
1000677e:	0020      	movs	r0, r4
10006780:	f000 f942 	bl	10006a08 <tu_fifo_count>
10006784:	2800      	cmp	r0, #0
10006786:	d1ec      	bne.n	10006762 <cdcd_xfer_cb+0x46>
10006788:	2f00      	cmp	r7, #0
1000678a:	d0ea      	beq.n	10006762 <cdcd_xfer_cb+0x46>
1000678c:	06bf      	lsls	r7, r7, #26
1000678e:	d1e8      	bne.n	10006762 <cdcd_xfer_cb+0x46>
10006790:	3c24      	subs	r4, #36	@ 0x24
10006792:	4640      	mov	r0, r8
10006794:	78a1      	ldrb	r1, [r4, #2]
10006796:	f7ff fc2f 	bl	10005ff8 <usbd_edpt_claim>
1000679a:	2800      	cmp	r0, #0
1000679c:	d0e1      	beq.n	10006762 <cdcd_xfer_cb+0x46>
1000679e:	2300      	movs	r3, #0
100067a0:	2200      	movs	r2, #0
100067a2:	4640      	mov	r0, r8
100067a4:	78a1      	ldrb	r1, [r4, #2]
100067a6:	f7ff fc4f 	bl	10006048 <usbd_edpt_xfer>
100067aa:	2001      	movs	r0, #1
100067ac:	e7c6      	b.n	1000673c <cdcd_xfer_cb+0x20>
100067ae:	2310      	movs	r3, #16
100067b0:	469a      	mov	sl, r3
100067b2:	4e18      	ldr	r6, [pc, #96]	@ (10006814 <cdcd_xfer_cb+0xf8>)
100067b4:	44aa      	add	sl, r5
100067b6:	0031      	movs	r1, r6
100067b8:	4650      	mov	r0, sl
100067ba:	b2ba      	uxth	r2, r7
100067bc:	f000 fa6e 	bl	10006c9c <tu_fifo_write_n>
100067c0:	4b15      	ldr	r3, [pc, #84]	@ (10006818 <cdcd_xfer_cb+0xfc>)
100067c2:	2b00      	cmp	r3, #0
100067c4:	d0bf      	beq.n	10006746 <cdcd_xfer_cb+0x2a>
100067c6:	796b      	ldrb	r3, [r5, #5]
100067c8:	2bff      	cmp	r3, #255	@ 0xff
100067ca:	d0bc      	beq.n	10006746 <cdcd_xfer_cb+0x2a>
100067cc:	2f00      	cmp	r7, #0
100067ce:	d0ba      	beq.n	10006746 <cdcd_xfer_cb+0x2a>
100067d0:	19f2      	adds	r2, r6, r7
100067d2:	4691      	mov	r9, r2
100067d4:	e003      	b.n	100067de <cdcd_xfer_cb+0xc2>
100067d6:	3601      	adds	r6, #1
100067d8:	45b1      	cmp	r9, r6
100067da:	d0b4      	beq.n	10006746 <cdcd_xfer_cb+0x2a>
100067dc:	796b      	ldrb	r3, [r5, #5]
100067de:	7832      	ldrb	r2, [r6, #0]
100067e0:	429a      	cmp	r2, r3
100067e2:	d1f8      	bne.n	100067d6 <cdcd_xfer_cb+0xba>
100067e4:	4650      	mov	r0, sl
100067e6:	f000 f925 	bl	10006a34 <tu_fifo_empty>
100067ea:	2800      	cmp	r0, #0
100067ec:	d1f3      	bne.n	100067d6 <cdcd_xfer_cb+0xba>
100067ee:	4653      	mov	r3, sl
100067f0:	3b10      	subs	r3, #16
100067f2:	7959      	ldrb	r1, [r3, #5]
100067f4:	e000      	b.n	100067f8 <cdcd_xfer_cb+0xdc>
100067f6:	bf00      	nop
100067f8:	e7ed      	b.n	100067d6 <cdcd_xfer_cb+0xba>
100067fa:	e000      	b.n	100067fe <cdcd_xfer_cb+0xe2>
100067fc:	bf00      	nop
100067fe:	e7aa      	b.n	10006756 <cdcd_xfer_cb+0x3a>
10006800:	20001b90 	.word	0x20001b90
10006804:	00000000 	.word	0x00000000
10006808:	20001ba0 	.word	0x20001ba0
1000680c:	00000000 	.word	0x00000000
10006810:	20001bb4 	.word	0x20001bb4
10006814:	20001b0c 	.word	0x20001b0c
10006818:	00000000 	.word	0x00000000

1000681c <tusb_rhport_init>:
1000681c:	b500      	push	{lr}
1000681e:	0003      	movs	r3, r0
10006820:	b083      	sub	sp, #12
10006822:	2900      	cmp	r1, #0
10006824:	d010      	beq.n	10006848 <tusb_rhport_init+0x2c>
10006826:	2000      	movs	r0, #0
10006828:	2b01      	cmp	r3, #1
1000682a:	d807      	bhi.n	1000683c <tusb_rhport_init+0x20>
1000682c:	780a      	ldrb	r2, [r1, #0]
1000682e:	2a00      	cmp	r2, #0
10006830:	d004      	beq.n	1000683c <tusb_rhport_init+0x20>
10006832:	480b      	ldr	r0, [pc, #44]	@ (10006860 <tusb_rhport_init+0x44>)
10006834:	54c2      	strb	r2, [r0, r3]
10006836:	2001      	movs	r0, #1
10006838:	2a01      	cmp	r2, #1
1000683a:	d001      	beq.n	10006840 <tusb_rhport_init+0x24>
1000683c:	b003      	add	sp, #12
1000683e:	bd00      	pop	{pc}
10006840:	0018      	movs	r0, r3
10006842:	f7fe ff0b 	bl	1000565c <tud_rhport_init>
10006846:	e7f9      	b.n	1000683c <tusb_rhport_init+0x20>
10006848:	2301      	movs	r3, #1
1000684a:	a901      	add	r1, sp, #4
1000684c:	2000      	movs	r0, #0
1000684e:	800b      	strh	r3, [r1, #0]
10006850:	f7fe ff04 	bl	1000565c <tud_rhport_init>
10006854:	2800      	cmp	r0, #0
10006856:	d0f1      	beq.n	1000683c <tusb_rhport_init+0x20>
10006858:	2201      	movs	r2, #1
1000685a:	4b01      	ldr	r3, [pc, #4]	@ (10006860 <tusb_rhport_init+0x44>)
1000685c:	701a      	strb	r2, [r3, #0]
1000685e:	e7ed      	b.n	1000683c <tusb_rhport_init+0x20>
10006860:	20001cac 	.word	0x20001cac

10006864 <tu_edpt_claim>:
10006864:	7803      	ldrb	r3, [r0, #0]
10006866:	b570      	push	{r4, r5, r6, lr}
10006868:	07db      	lsls	r3, r3, #31
1000686a:	0004      	movs	r4, r0
1000686c:	000e      	movs	r6, r1
1000686e:	0fdd      	lsrs	r5, r3, #31
10006870:	2b00      	cmp	r3, #0
10006872:	d117      	bne.n	100068a4 <tu_edpt_claim+0x40>
10006874:	7803      	ldrb	r3, [r0, #0]
10006876:	075b      	lsls	r3, r3, #29
10006878:	d501      	bpl.n	1000687e <tu_edpt_claim+0x1a>
1000687a:	0028      	movs	r0, r5
1000687c:	bd70      	pop	{r4, r5, r6, pc}
1000687e:	2101      	movs	r1, #1
10006880:	0030      	movs	r0, r6
10006882:	4249      	negs	r1, r1
10006884:	f001 f898 	bl	100079b8 <__mutex_enter_timeout_ms_veneer>
10006888:	7823      	ldrb	r3, [r4, #0]
1000688a:	07db      	lsls	r3, r3, #31
1000688c:	0fdd      	lsrs	r5, r3, #31
1000688e:	2b00      	cmp	r3, #0
10006890:	d10a      	bne.n	100068a8 <tu_edpt_claim+0x44>
10006892:	7823      	ldrb	r3, [r4, #0]
10006894:	075b      	lsls	r3, r3, #29
10006896:	d408      	bmi.n	100068aa <tu_edpt_claim+0x46>
10006898:	2204      	movs	r2, #4
1000689a:	7823      	ldrb	r3, [r4, #0]
1000689c:	2501      	movs	r5, #1
1000689e:	4313      	orrs	r3, r2
100068a0:	7023      	strb	r3, [r4, #0]
100068a2:	e002      	b.n	100068aa <tu_edpt_claim+0x46>
100068a4:	2500      	movs	r5, #0
100068a6:	e7e8      	b.n	1000687a <tu_edpt_claim+0x16>
100068a8:	2500      	movs	r5, #0
100068aa:	0030      	movs	r0, r6
100068ac:	f001 f8c4 	bl	10007a38 <__mutex_exit_veneer>
100068b0:	e7e3      	b.n	1000687a <tu_edpt_claim+0x16>
100068b2:	46c0      	nop			@ (mov r8, r8)

100068b4 <tu_edpt_release>:
100068b4:	b570      	push	{r4, r5, r6, lr}
100068b6:	000c      	movs	r4, r1
100068b8:	2101      	movs	r1, #1
100068ba:	0006      	movs	r6, r0
100068bc:	4249      	negs	r1, r1
100068be:	0020      	movs	r0, r4
100068c0:	f001 f87a 	bl	100079b8 <__mutex_enter_timeout_ms_veneer>
100068c4:	7833      	ldrb	r3, [r6, #0]
100068c6:	075b      	lsls	r3, r3, #29
100068c8:	0fdd      	lsrs	r5, r3, #31
100068ca:	2b00      	cmp	r3, #0
100068cc:	db04      	blt.n	100068d8 <tu_edpt_release+0x24>
100068ce:	0020      	movs	r0, r4
100068d0:	f001 f8b2 	bl	10007a38 <__mutex_exit_veneer>
100068d4:	0028      	movs	r0, r5
100068d6:	bd70      	pop	{r4, r5, r6, pc}
100068d8:	7833      	ldrb	r3, [r6, #0]
100068da:	07db      	lsls	r3, r3, #31
100068dc:	d404      	bmi.n	100068e8 <tu_edpt_release+0x34>
100068de:	2204      	movs	r2, #4
100068e0:	7833      	ldrb	r3, [r6, #0]
100068e2:	4393      	bics	r3, r2
100068e4:	7033      	strb	r3, [r6, #0]
100068e6:	e7f2      	b.n	100068ce <tu_edpt_release+0x1a>
100068e8:	2500      	movs	r5, #0
100068ea:	e7f0      	b.n	100068ce <tu_edpt_release+0x1a>

100068ec <tu_edpt_validate>:
100068ec:	7943      	ldrb	r3, [r0, #5]
100068ee:	7902      	ldrb	r2, [r0, #4]
100068f0:	021b      	lsls	r3, r3, #8
100068f2:	4313      	orrs	r3, r2
100068f4:	78c2      	ldrb	r2, [r0, #3]
100068f6:	055b      	lsls	r3, r3, #21
100068f8:	0792      	lsls	r2, r2, #30
100068fa:	0d5b      	lsrs	r3, r3, #21
100068fc:	0f92      	lsrs	r2, r2, #30
100068fe:	2a02      	cmp	r2, #2
10006900:	d01d      	beq.n	1000693e <tu_edpt_validate+0x52>
10006902:	2a03      	cmp	r2, #3
10006904:	d00c      	beq.n	10006920 <tu_edpt_validate+0x34>
10006906:	2000      	movs	r0, #0
10006908:	2a01      	cmp	r2, #1
1000690a:	d108      	bne.n	1000691e <tu_edpt_validate+0x32>
1000690c:	3902      	subs	r1, #2
1000690e:	424a      	negs	r2, r1
10006910:	4151      	adcs	r1, r2
10006912:	4a12      	ldr	r2, [pc, #72]	@ (1000695c <tu_edpt_validate+0x70>)
10006914:	4694      	mov	ip, r2
10006916:	4461      	add	r1, ip
10006918:	4299      	cmp	r1, r3
1000691a:	4140      	adcs	r0, r0
1000691c:	b2c0      	uxtb	r0, r0
1000691e:	4770      	bx	lr
10006920:	3902      	subs	r1, #2
10006922:	1e4a      	subs	r2, r1, #1
10006924:	4191      	sbcs	r1, r2
10006926:	4a0e      	ldr	r2, [pc, #56]	@ (10006960 <tu_edpt_validate+0x74>)
10006928:	4249      	negs	r1, r1
1000692a:	4011      	ands	r1, r2
1000692c:	2280      	movs	r2, #128	@ 0x80
1000692e:	00d2      	lsls	r2, r2, #3
10006930:	4694      	mov	ip, r2
10006932:	2000      	movs	r0, #0
10006934:	4461      	add	r1, ip
10006936:	4299      	cmp	r1, r3
10006938:	4140      	adcs	r0, r0
1000693a:	b2c0      	uxtb	r0, r0
1000693c:	e7ef      	b.n	1000691e <tu_edpt_validate+0x32>
1000693e:	2902      	cmp	r1, #2
10006940:	d005      	beq.n	1000694e <tu_edpt_validate+0x62>
10006942:	2000      	movs	r0, #0
10006944:	2240      	movs	r2, #64	@ 0x40
10006946:	429a      	cmp	r2, r3
10006948:	4140      	adcs	r0, r0
1000694a:	b2c0      	uxtb	r0, r0
1000694c:	e7e7      	b.n	1000691e <tu_edpt_validate+0x32>
1000694e:	4a05      	ldr	r2, [pc, #20]	@ (10006964 <tu_edpt_validate+0x78>)
10006950:	1898      	adds	r0, r3, r2
10006952:	4243      	negs	r3, r0
10006954:	4158      	adcs	r0, r3
10006956:	b2c0      	uxtb	r0, r0
10006958:	e7e1      	b.n	1000691e <tu_edpt_validate+0x32>
1000695a:	46c0      	nop			@ (mov r8, r8)
1000695c:	000003ff 	.word	0x000003ff
10006960:	fffffc40 	.word	0xfffffc40
10006964:	fffffe00 	.word	0xfffffe00

10006968 <tu_edpt_bind_driver>:
10006968:	188a      	adds	r2, r1, r2
1000696a:	b570      	push	{r4, r5, r6, lr}
1000696c:	4291      	cmp	r1, r2
1000696e:	d207      	bcs.n	10006980 <tu_edpt_bind_driver+0x18>
10006970:	267f      	movs	r6, #127	@ 0x7f
10006972:	784c      	ldrb	r4, [r1, #1]
10006974:	2c05      	cmp	r4, #5
10006976:	d004      	beq.n	10006982 <tu_edpt_bind_driver+0x1a>
10006978:	780c      	ldrb	r4, [r1, #0]
1000697a:	1909      	adds	r1, r1, r4
1000697c:	428a      	cmp	r2, r1
1000697e:	d8f8      	bhi.n	10006972 <tu_edpt_bind_driver+0xa>
10006980:	bd70      	pop	{r4, r5, r6, pc}
10006982:	0034      	movs	r4, r6
10006984:	788d      	ldrb	r5, [r1, #2]
10006986:	402c      	ands	r4, r5
10006988:	0064      	lsls	r4, r4, #1
1000698a:	1904      	adds	r4, r0, r4
1000698c:	09ed      	lsrs	r5, r5, #7
1000698e:	5563      	strb	r3, [r4, r5]
10006990:	780c      	ldrb	r4, [r1, #0]
10006992:	1909      	adds	r1, r1, r4
10006994:	428a      	cmp	r2, r1
10006996:	d8ec      	bhi.n	10006972 <tu_edpt_bind_driver+0xa>
10006998:	e7f2      	b.n	10006980 <tu_edpt_bind_driver+0x18>
1000699a:	46c0      	nop			@ (mov r8, r8)

1000699c <tu_fifo_config>:
1000699c:	b5f0      	push	{r4, r5, r6, r7, lr}
1000699e:	46c6      	mov	lr, r8
100069a0:	b500      	push	{lr}
100069a2:	0004      	movs	r4, r0
100069a4:	a806      	add	r0, sp, #24
100069a6:	7805      	ldrb	r5, [r0, #0]
100069a8:	2080      	movs	r0, #128	@ 0x80
100069aa:	4688      	mov	r8, r1
100069ac:	0017      	movs	r7, r2
100069ae:	001e      	movs	r6, r3
100069b0:	0200      	lsls	r0, r0, #8
100069b2:	4282      	cmp	r2, r0
100069b4:	d826      	bhi.n	10006a04 <tu_fifo_config+0x68>
100069b6:	68e0      	ldr	r0, [r4, #12]
100069b8:	2800      	cmp	r0, #0
100069ba:	d003      	beq.n	100069c4 <tu_fifo_config+0x28>
100069bc:	2101      	movs	r1, #1
100069be:	4249      	negs	r1, r1
100069c0:	f000 fffa 	bl	100079b8 <__mutex_enter_timeout_ms_veneer>
100069c4:	6920      	ldr	r0, [r4, #16]
100069c6:	2800      	cmp	r0, #0
100069c8:	d003      	beq.n	100069d2 <tu_fifo_config+0x36>
100069ca:	2101      	movs	r1, #1
100069cc:	4249      	negs	r1, r1
100069ce:	f000 fff3 	bl	100079b8 <__mutex_enter_timeout_ms_veneer>
100069d2:	4643      	mov	r3, r8
100069d4:	6023      	str	r3, [r4, #0]
100069d6:	0473      	lsls	r3, r6, #17
100069d8:	0c5b      	lsrs	r3, r3, #17
100069da:	03ed      	lsls	r5, r5, #15
100069dc:	431d      	orrs	r5, r3
100069de:	2300      	movs	r3, #0
100069e0:	68e0      	ldr	r0, [r4, #12]
100069e2:	8163      	strh	r3, [r4, #10]
100069e4:	80a7      	strh	r7, [r4, #4]
100069e6:	80e5      	strh	r5, [r4, #6]
100069e8:	8123      	strh	r3, [r4, #8]
100069ea:	2800      	cmp	r0, #0
100069ec:	d001      	beq.n	100069f2 <tu_fifo_config+0x56>
100069ee:	f001 f823 	bl	10007a38 <__mutex_exit_veneer>
100069f2:	6920      	ldr	r0, [r4, #16]
100069f4:	2800      	cmp	r0, #0
100069f6:	d001      	beq.n	100069fc <tu_fifo_config+0x60>
100069f8:	f001 f81e 	bl	10007a38 <__mutex_exit_veneer>
100069fc:	2001      	movs	r0, #1
100069fe:	bc80      	pop	{r7}
10006a00:	46b8      	mov	r8, r7
10006a02:	bdf0      	pop	{r4, r5, r6, r7, pc}
10006a04:	2000      	movs	r0, #0
10006a06:	e7fa      	b.n	100069fe <tu_fifo_config+0x62>

10006a08 <tu_fifo_count>:
10006a08:	b510      	push	{r4, lr}
10006a0a:	8904      	ldrh	r4, [r0, #8]
10006a0c:	8941      	ldrh	r1, [r0, #10]
10006a0e:	8882      	ldrh	r2, [r0, #4]
10006a10:	b2a3      	uxth	r3, r4
10006a12:	b288      	uxth	r0, r1
10006a14:	428c      	cmp	r4, r1
10006a16:	d307      	bcc.n	10006a28 <tu_fifo_count+0x20>
10006a18:	1a1b      	subs	r3, r3, r0
10006a1a:	b29b      	uxth	r3, r3
10006a1c:	1c10      	adds	r0, r2, #0
10006a1e:	429a      	cmp	r2, r3
10006a20:	d900      	bls.n	10006a24 <tu_fifo_count+0x1c>
10006a22:	1c18      	adds	r0, r3, #0
10006a24:	b280      	uxth	r0, r0
10006a26:	bd10      	pop	{r4, pc}
10006a28:	0051      	lsls	r1, r2, #1
10006a2a:	1a09      	subs	r1, r1, r0
10006a2c:	185b      	adds	r3, r3, r1
10006a2e:	b29b      	uxth	r3, r3
10006a30:	e7f4      	b.n	10006a1c <tu_fifo_count+0x14>
10006a32:	46c0      	nop			@ (mov r8, r8)

10006a34 <tu_fifo_empty>:
10006a34:	8903      	ldrh	r3, [r0, #8]
10006a36:	8940      	ldrh	r0, [r0, #10]
10006a38:	1a18      	subs	r0, r3, r0
10006a3a:	4243      	negs	r3, r0
10006a3c:	4158      	adcs	r0, r3
10006a3e:	b2c0      	uxtb	r0, r0
10006a40:	4770      	bx	lr
10006a42:	46c0      	nop			@ (mov r8, r8)

10006a44 <tu_fifo_remaining>:
10006a44:	b510      	push	{r4, lr}
10006a46:	8904      	ldrh	r4, [r0, #8]
10006a48:	8941      	ldrh	r1, [r0, #10]
10006a4a:	8882      	ldrh	r2, [r0, #4]
10006a4c:	b2a3      	uxth	r3, r4
10006a4e:	b288      	uxth	r0, r1
10006a50:	428c      	cmp	r4, r1
10006a52:	d307      	bcc.n	10006a64 <tu_fifo_remaining+0x20>
10006a54:	1a1b      	subs	r3, r3, r0
10006a56:	b29b      	uxth	r3, r3
10006a58:	2000      	movs	r0, #0
10006a5a:	429a      	cmp	r2, r3
10006a5c:	d901      	bls.n	10006a62 <tu_fifo_remaining+0x1e>
10006a5e:	1ad2      	subs	r2, r2, r3
10006a60:	b290      	uxth	r0, r2
10006a62:	bd10      	pop	{r4, pc}
10006a64:	0051      	lsls	r1, r2, #1
10006a66:	1a09      	subs	r1, r1, r0
10006a68:	185b      	adds	r3, r3, r1
10006a6a:	b29b      	uxth	r3, r3
10006a6c:	e7f4      	b.n	10006a58 <tu_fifo_remaining+0x14>
10006a6e:	46c0      	nop			@ (mov r8, r8)

10006a70 <tu_fifo_read>:
10006a70:	b570      	push	{r4, r5, r6, lr}
10006a72:	0004      	movs	r4, r0
10006a74:	6900      	ldr	r0, [r0, #16]
10006a76:	000e      	movs	r6, r1
10006a78:	2800      	cmp	r0, #0
10006a7a:	d003      	beq.n	10006a84 <tu_fifo_read+0x14>
10006a7c:	2101      	movs	r1, #1
10006a7e:	4249      	negs	r1, r1
10006a80:	f000 ff9a 	bl	100079b8 <__mutex_enter_timeout_ms_veneer>
10006a84:	8925      	ldrh	r5, [r4, #8]
10006a86:	8960      	ldrh	r0, [r4, #10]
10006a88:	88a2      	ldrh	r2, [r4, #4]
10006a8a:	b2a9      	uxth	r1, r5
10006a8c:	b283      	uxth	r3, r0
10006a8e:	4285      	cmp	r5, r0
10006a90:	d32c      	bcc.n	10006aec <tu_fifo_read+0x7c>
10006a92:	1acd      	subs	r5, r1, r3
10006a94:	b2ad      	uxth	r5, r5
10006a96:	2d00      	cmp	r5, #0
10006a98:	d02e      	beq.n	10006af8 <tu_fifo_read+0x88>
10006a9a:	42aa      	cmp	r2, r5
10006a9c:	d208      	bcs.n	10006ab0 <tu_fifo_read+0x40>
10006a9e:	4291      	cmp	r1, r2
10006aa0:	d330      	bcc.n	10006b04 <tu_fifo_read+0x94>
10006aa2:	1a89      	subs	r1, r1, r2
10006aa4:	b28b      	uxth	r3, r1
10006aa6:	8163      	strh	r3, [r4, #10]
10006aa8:	429a      	cmp	r2, r3
10006aaa:	d803      	bhi.n	10006ab4 <tu_fifo_read+0x44>
10006aac:	1a9b      	subs	r3, r3, r2
10006aae:	b29b      	uxth	r3, r3
10006ab0:	429a      	cmp	r2, r3
10006ab2:	d9fb      	bls.n	10006aac <tu_fifo_read+0x3c>
10006ab4:	88e2      	ldrh	r2, [r4, #6]
10006ab6:	6821      	ldr	r1, [r4, #0]
10006ab8:	0452      	lsls	r2, r2, #17
10006aba:	0c52      	lsrs	r2, r2, #17
10006abc:	4353      	muls	r3, r2
10006abe:	0030      	movs	r0, r6
10006ac0:	18c9      	adds	r1, r1, r3
10006ac2:	f7fc f9bb 	bl	10002e3c <__wrap___aeabi_memcpy>
10006ac6:	8963      	ldrh	r3, [r4, #10]
10006ac8:	2501      	movs	r5, #1
10006aca:	1c59      	adds	r1, r3, #1
10006acc:	b289      	uxth	r1, r1
10006ace:	88a2      	ldrh	r2, [r4, #4]
10006ad0:	428b      	cmp	r3, r1
10006ad2:	d913      	bls.n	10006afc <tu_fifo_read+0x8c>
10006ad4:	2100      	movs	r1, #0
10006ad6:	0052      	lsls	r2, r2, #1
10006ad8:	1a89      	subs	r1, r1, r2
10006ada:	b289      	uxth	r1, r1
10006adc:	6920      	ldr	r0, [r4, #16]
10006ade:	8161      	strh	r1, [r4, #10]
10006ae0:	2800      	cmp	r0, #0
10006ae2:	d001      	beq.n	10006ae8 <tu_fifo_read+0x78>
10006ae4:	f000 ffa8 	bl	10007a38 <__mutex_exit_veneer>
10006ae8:	0028      	movs	r0, r5
10006aea:	bd70      	pop	{r4, r5, r6, pc}
10006aec:	0055      	lsls	r5, r2, #1
10006aee:	1aed      	subs	r5, r5, r3
10006af0:	194d      	adds	r5, r1, r5
10006af2:	b2ad      	uxth	r5, r5
10006af4:	2d00      	cmp	r5, #0
10006af6:	d1d0      	bne.n	10006a9a <tu_fifo_read+0x2a>
10006af8:	8961      	ldrh	r1, [r4, #10]
10006afa:	b289      	uxth	r1, r1
10006afc:	0052      	lsls	r2, r2, #1
10006afe:	4291      	cmp	r1, r2
10006b00:	dbec      	blt.n	10006adc <tu_fifo_read+0x6c>
10006b02:	e7e9      	b.n	10006ad8 <tu_fifo_read+0x68>
10006b04:	1889      	adds	r1, r1, r2
10006b06:	b28b      	uxth	r3, r1
10006b08:	8163      	strh	r3, [r4, #10]
10006b0a:	e7cd      	b.n	10006aa8 <tu_fifo_read+0x38>

10006b0c <tu_fifo_read_n>:
10006b0c:	b5f0      	push	{r4, r5, r6, r7, lr}
10006b0e:	4646      	mov	r6, r8
10006b10:	464f      	mov	r7, r9
10006b12:	46d6      	mov	lr, sl
10006b14:	b5c0      	push	{r6, r7, lr}
10006b16:	0006      	movs	r6, r0
10006b18:	6900      	ldr	r0, [r0, #16]
10006b1a:	4689      	mov	r9, r1
10006b1c:	4690      	mov	r8, r2
10006b1e:	2800      	cmp	r0, #0
10006b20:	d003      	beq.n	10006b2a <tu_fifo_read_n+0x1e>
10006b22:	2101      	movs	r1, #1
10006b24:	4249      	negs	r1, r1
10006b26:	f000 ff47 	bl	100079b8 <__mutex_enter_timeout_ms_veneer>
10006b2a:	8931      	ldrh	r1, [r6, #8]
10006b2c:	8972      	ldrh	r2, [r6, #10]
10006b2e:	88b5      	ldrh	r5, [r6, #4]
10006b30:	b28b      	uxth	r3, r1
10006b32:	b294      	uxth	r4, r2
10006b34:	4291      	cmp	r1, r2
10006b36:	d354      	bcc.n	10006be2 <tu_fifo_read_n+0xd6>
10006b38:	1b1f      	subs	r7, r3, r4
10006b3a:	b2bf      	uxth	r7, r7
10006b3c:	2f00      	cmp	r7, #0
10006b3e:	d04a      	beq.n	10006bd6 <tu_fifo_read_n+0xca>
10006b40:	42bd      	cmp	r5, r7
10006b42:	d205      	bcs.n	10006b50 <tu_fifo_read_n+0x44>
10006b44:	42ab      	cmp	r3, r5
10006b46:	d251      	bcs.n	10006bec <tu_fifo_read_n+0xe0>
10006b48:	195b      	adds	r3, r3, r5
10006b4a:	b29c      	uxth	r4, r3
10006b4c:	002f      	movs	r7, r5
10006b4e:	8174      	strh	r4, [r6, #10]
10006b50:	4643      	mov	r3, r8
10006b52:	45b8      	cmp	r8, r7
10006b54:	d83d      	bhi.n	10006bd2 <tu_fifo_read_n+0xc6>
10006b56:	b29f      	uxth	r7, r3
10006b58:	42a5      	cmp	r5, r4
10006b5a:	d803      	bhi.n	10006b64 <tu_fifo_read_n+0x58>
10006b5c:	1b64      	subs	r4, r4, r5
10006b5e:	b2a4      	uxth	r4, r4
10006b60:	42a5      	cmp	r5, r4
10006b62:	d9fb      	bls.n	10006b5c <tu_fifo_read_n+0x50>
10006b64:	88f2      	ldrh	r2, [r6, #6]
10006b66:	6831      	ldr	r1, [r6, #0]
10006b68:	0452      	lsls	r2, r2, #17
10006b6a:	0c52      	lsrs	r2, r2, #17
10006b6c:	4690      	mov	r8, r2
10006b6e:	4362      	muls	r2, r4
10006b70:	1b2b      	subs	r3, r5, r4
10006b72:	b29b      	uxth	r3, r3
10006b74:	1889      	adds	r1, r1, r2
10006b76:	4642      	mov	r2, r8
10006b78:	429f      	cmp	r7, r3
10006b7a:	d925      	bls.n	10006bc8 <tu_fifo_read_n+0xbc>
10006b7c:	4353      	muls	r3, r2
10006b7e:	b29b      	uxth	r3, r3
10006b80:	001a      	movs	r2, r3
10006b82:	4648      	mov	r0, r9
10006b84:	469a      	mov	sl, r3
10006b86:	f7fc f959 	bl	10002e3c <__wrap___aeabi_memcpy>
10006b8a:	4643      	mov	r3, r8
10006b8c:	4648      	mov	r0, r9
10006b8e:	1b7d      	subs	r5, r7, r5
10006b90:	1964      	adds	r4, r4, r5
10006b92:	435c      	muls	r4, r3
10006b94:	6831      	ldr	r1, [r6, #0]
10006b96:	4450      	add	r0, sl
10006b98:	b2a2      	uxth	r2, r4
10006b9a:	f7fc f94f 	bl	10002e3c <__wrap___aeabi_memcpy>
10006b9e:	8971      	ldrh	r1, [r6, #10]
10006ba0:	88b5      	ldrh	r5, [r6, #4]
10006ba2:	19cb      	adds	r3, r1, r7
10006ba4:	b29b      	uxth	r3, r3
10006ba6:	006a      	lsls	r2, r5, #1
10006ba8:	4299      	cmp	r1, r3
10006baa:	d916      	bls.n	10006bda <tu_fifo_read_n+0xce>
10006bac:	1a9b      	subs	r3, r3, r2
10006bae:	b29b      	uxth	r3, r3
10006bb0:	6930      	ldr	r0, [r6, #16]
10006bb2:	8173      	strh	r3, [r6, #10]
10006bb4:	2800      	cmp	r0, #0
10006bb6:	d001      	beq.n	10006bbc <tu_fifo_read_n+0xb0>
10006bb8:	f000 ff3e 	bl	10007a38 <__mutex_exit_veneer>
10006bbc:	0038      	movs	r0, r7
10006bbe:	bce0      	pop	{r5, r6, r7}
10006bc0:	46ba      	mov	sl, r7
10006bc2:	46b1      	mov	r9, r6
10006bc4:	46a8      	mov	r8, r5
10006bc6:	bdf0      	pop	{r4, r5, r6, r7, pc}
10006bc8:	4648      	mov	r0, r9
10006bca:	437a      	muls	r2, r7
10006bcc:	f7fc f936 	bl	10002e3c <__wrap___aeabi_memcpy>
10006bd0:	e7e5      	b.n	10006b9e <tu_fifo_read_n+0x92>
10006bd2:	1c3b      	adds	r3, r7, #0
10006bd4:	e7bf      	b.n	10006b56 <tu_fifo_read_n+0x4a>
10006bd6:	8973      	ldrh	r3, [r6, #10]
10006bd8:	b29b      	uxth	r3, r3
10006bda:	006a      	lsls	r2, r5, #1
10006bdc:	4293      	cmp	r3, r2
10006bde:	dbe7      	blt.n	10006bb0 <tu_fifo_read_n+0xa4>
10006be0:	e7e4      	b.n	10006bac <tu_fifo_read_n+0xa0>
10006be2:	006f      	lsls	r7, r5, #1
10006be4:	1b3f      	subs	r7, r7, r4
10006be6:	19df      	adds	r7, r3, r7
10006be8:	b2bf      	uxth	r7, r7
10006bea:	e7a7      	b.n	10006b3c <tu_fifo_read_n+0x30>
10006bec:	1b5b      	subs	r3, r3, r5
10006bee:	b29c      	uxth	r4, r3
10006bf0:	e7ac      	b.n	10006b4c <tu_fifo_read_n+0x40>
10006bf2:	46c0      	nop			@ (mov r8, r8)

10006bf4 <tu_fifo_write>:
10006bf4:	b5f8      	push	{r3, r4, r5, r6, r7, lr}
10006bf6:	0004      	movs	r4, r0
10006bf8:	68c0      	ldr	r0, [r0, #12]
10006bfa:	000e      	movs	r6, r1
10006bfc:	2800      	cmp	r0, #0
10006bfe:	d003      	beq.n	10006c08 <tu_fifo_write+0x14>
10006c00:	2101      	movs	r1, #1
10006c02:	4249      	negs	r1, r1
10006c04:	f000 fed8 	bl	100079b8 <__mutex_enter_timeout_ms_veneer>
10006c08:	8925      	ldrh	r5, [r4, #8]
10006c0a:	8920      	ldrh	r0, [r4, #8]
10006c0c:	8961      	ldrh	r1, [r4, #10]
10006c0e:	88a2      	ldrh	r2, [r4, #4]
10006c10:	b2ad      	uxth	r5, r5
10006c12:	b283      	uxth	r3, r0
10006c14:	b28f      	uxth	r7, r1
10006c16:	4288      	cmp	r0, r1
10006c18:	d329      	bcc.n	10006c6e <tu_fifo_write+0x7a>
10006c1a:	1bdb      	subs	r3, r3, r7
10006c1c:	b29b      	uxth	r3, r3
10006c1e:	429a      	cmp	r2, r3
10006c20:	d809      	bhi.n	10006c36 <tu_fifo_write+0x42>
10006c22:	79e7      	ldrb	r7, [r4, #7]
10006c24:	09ff      	lsrs	r7, r7, #7
10006c26:	d106      	bne.n	10006c36 <tu_fifo_write+0x42>
10006c28:	68e0      	ldr	r0, [r4, #12]
10006c2a:	2800      	cmp	r0, #0
10006c2c:	d001      	beq.n	10006c32 <tu_fifo_write+0x3e>
10006c2e:	f000 ff03 	bl	10007a38 <__mutex_exit_veneer>
10006c32:	0038      	movs	r0, r7
10006c34:	bdf8      	pop	{r3, r4, r5, r6, r7, pc}
10006c36:	4295      	cmp	r5, r2
10006c38:	d31e      	bcc.n	10006c78 <tu_fifo_write+0x84>
10006c3a:	002b      	movs	r3, r5
10006c3c:	1a9b      	subs	r3, r3, r2
10006c3e:	b29b      	uxth	r3, r3
10006c40:	4293      	cmp	r3, r2
10006c42:	d2fb      	bcs.n	10006c3c <tu_fifo_write+0x48>
10006c44:	88e2      	ldrh	r2, [r4, #6]
10006c46:	6820      	ldr	r0, [r4, #0]
10006c48:	0452      	lsls	r2, r2, #17
10006c4a:	0c52      	lsrs	r2, r2, #17
10006c4c:	4353      	muls	r3, r2
10006c4e:	0031      	movs	r1, r6
10006c50:	18c0      	adds	r0, r0, r3
10006c52:	f7fc f8f3 	bl	10002e3c <__wrap___aeabi_memcpy>
10006c56:	1c6b      	adds	r3, r5, #1
10006c58:	b29b      	uxth	r3, r3
10006c5a:	88a2      	ldrh	r2, [r4, #4]
10006c5c:	429d      	cmp	r5, r3
10006c5e:	d918      	bls.n	10006c92 <tu_fifo_write+0x9e>
10006c60:	2300      	movs	r3, #0
10006c62:	0052      	lsls	r2, r2, #1
10006c64:	1a9b      	subs	r3, r3, r2
10006c66:	b29b      	uxth	r3, r3
10006c68:	2701      	movs	r7, #1
10006c6a:	8123      	strh	r3, [r4, #8]
10006c6c:	e7dc      	b.n	10006c28 <tu_fifo_write+0x34>
10006c6e:	0051      	lsls	r1, r2, #1
10006c70:	1bc9      	subs	r1, r1, r7
10006c72:	185b      	adds	r3, r3, r1
10006c74:	b29b      	uxth	r3, r3
10006c76:	e7d2      	b.n	10006c1e <tu_fifo_write+0x2a>
10006c78:	002b      	movs	r3, r5
10006c7a:	88e2      	ldrh	r2, [r4, #6]
10006c7c:	6820      	ldr	r0, [r4, #0]
10006c7e:	0452      	lsls	r2, r2, #17
10006c80:	0c52      	lsrs	r2, r2, #17
10006c82:	4353      	muls	r3, r2
10006c84:	0031      	movs	r1, r6
10006c86:	18c0      	adds	r0, r0, r3
10006c88:	f7fc f8d8 	bl	10002e3c <__wrap___aeabi_memcpy>
10006c8c:	3501      	adds	r5, #1
10006c8e:	88a2      	ldrh	r2, [r4, #4]
10006c90:	b2ab      	uxth	r3, r5
10006c92:	0052      	lsls	r2, r2, #1
10006c94:	4293      	cmp	r3, r2
10006c96:	dbe7      	blt.n	10006c68 <tu_fifo_write+0x74>
10006c98:	e7e4      	b.n	10006c64 <tu_fifo_write+0x70>
10006c9a:	46c0      	nop			@ (mov r8, r8)

10006c9c <tu_fifo_write_n>:
10006c9c:	b5f0      	push	{r4, r5, r6, r7, lr}
10006c9e:	4657      	mov	r7, sl
10006ca0:	4645      	mov	r5, r8
10006ca2:	46de      	mov	lr, fp
10006ca4:	464e      	mov	r6, r9
10006ca6:	b5e0      	push	{r5, r6, r7, lr}
10006ca8:	0014      	movs	r4, r2
10006caa:	0005      	movs	r5, r0
10006cac:	000f      	movs	r7, r1
10006cae:	b083      	sub	sp, #12
10006cb0:	2a00      	cmp	r2, #0
10006cb2:	d075      	beq.n	10006da0 <tu_fifo_write_n+0x104>
10006cb4:	68c0      	ldr	r0, [r0, #12]
10006cb6:	2800      	cmp	r0, #0
10006cb8:	d003      	beq.n	10006cc2 <tu_fifo_write_n+0x26>
10006cba:	2101      	movs	r1, #1
10006cbc:	4249      	negs	r1, r1
10006cbe:	f000 fe7b 	bl	100079b8 <__mutex_enter_timeout_ms_veneer>
10006cc2:	892e      	ldrh	r6, [r5, #8]
10006cc4:	79e9      	ldrb	r1, [r5, #7]
10006cc6:	896a      	ldrh	r2, [r5, #10]
10006cc8:	88ab      	ldrh	r3, [r5, #4]
10006cca:	b2b6      	uxth	r6, r6
10006ccc:	b292      	uxth	r2, r2
10006cce:	09c9      	lsrs	r1, r1, #7
10006cd0:	d145      	bne.n	10006d5e <tu_fifo_write_n+0xc2>
10006cd2:	4296      	cmp	r6, r2
10006cd4:	d300      	bcc.n	10006cd8 <tu_fifo_write_n+0x3c>
10006cd6:	e06d      	b.n	10006db4 <tu_fifo_write_n+0x118>
10006cd8:	0059      	lsls	r1, r3, #1
10006cda:	1a8a      	subs	r2, r1, r2
10006cdc:	18b2      	adds	r2, r6, r2
10006cde:	b292      	uxth	r2, r2
10006ce0:	2100      	movs	r1, #0
10006ce2:	4689      	mov	r9, r1
10006ce4:	429a      	cmp	r2, r3
10006ce6:	d234      	bcs.n	10006d52 <tu_fifo_write_n+0xb6>
10006ce8:	1a9a      	subs	r2, r3, r2
10006cea:	1c11      	adds	r1, r2, #0
10006cec:	b292      	uxth	r2, r2
10006cee:	42a2      	cmp	r2, r4
10006cf0:	d900      	bls.n	10006cf4 <tu_fifo_write_n+0x58>
10006cf2:	1c21      	adds	r1, r4, #0
10006cf4:	b28a      	uxth	r2, r1
10006cf6:	4691      	mov	r9, r2
10006cf8:	88ea      	ldrh	r2, [r5, #6]
10006cfa:	0452      	lsls	r2, r2, #17
10006cfc:	0c52      	lsrs	r2, r2, #17
10006cfe:	4690      	mov	r8, r2
10006d00:	464a      	mov	r2, r9
10006d02:	18b2      	adds	r2, r6, r2
10006d04:	b292      	uxth	r2, r2
10006d06:	4692      	mov	sl, r2
10006d08:	464a      	mov	r2, r9
10006d0a:	1ad2      	subs	r2, r2, r3
10006d0c:	b292      	uxth	r2, r2
10006d0e:	4693      	mov	fp, r2
10006d10:	0034      	movs	r4, r6
10006d12:	429e      	cmp	r6, r3
10006d14:	d303      	bcc.n	10006d1e <tu_fifo_write_n+0x82>
10006d16:	1ae4      	subs	r4, r4, r3
10006d18:	b2a4      	uxth	r4, r4
10006d1a:	429c      	cmp	r4, r3
10006d1c:	d2fb      	bcs.n	10006d16 <tu_fifo_write_n+0x7a>
10006d1e:	4642      	mov	r2, r8
10006d20:	4362      	muls	r2, r4
10006d22:	6828      	ldr	r0, [r5, #0]
10006d24:	1b1b      	subs	r3, r3, r4
10006d26:	b29b      	uxth	r3, r3
10006d28:	1880      	adds	r0, r0, r2
10006d2a:	4642      	mov	r2, r8
10006d2c:	454b      	cmp	r3, r9
10006d2e:	d354      	bcc.n	10006dda <tu_fifo_write_n+0x13e>
10006d30:	464b      	mov	r3, r9
10006d32:	0039      	movs	r1, r7
10006d34:	435a      	muls	r2, r3
10006d36:	f7fc f881 	bl	10002e3c <__wrap___aeabi_memcpy>
10006d3a:	88ab      	ldrh	r3, [r5, #4]
10006d3c:	005b      	lsls	r3, r3, #1
10006d3e:	4556      	cmp	r6, sl
10006d40:	d801      	bhi.n	10006d46 <tu_fifo_write_n+0xaa>
10006d42:	459a      	cmp	sl, r3
10006d44:	db03      	blt.n	10006d4e <tu_fifo_write_n+0xb2>
10006d46:	4652      	mov	r2, sl
10006d48:	1ad3      	subs	r3, r2, r3
10006d4a:	b29b      	uxth	r3, r3
10006d4c:	469a      	mov	sl, r3
10006d4e:	4653      	mov	r3, sl
10006d50:	812b      	strh	r3, [r5, #8]
10006d52:	68e8      	ldr	r0, [r5, #12]
10006d54:	2800      	cmp	r0, #0
10006d56:	d025      	beq.n	10006da4 <tu_fifo_write_n+0x108>
10006d58:	f000 fe6e 	bl	10007a38 <__mutex_exit_veneer>
10006d5c:	e022      	b.n	10006da4 <tu_fifo_write_n+0x108>
10006d5e:	88e9      	ldrh	r1, [r5, #6]
10006d60:	0449      	lsls	r1, r1, #17
10006d62:	0c49      	lsrs	r1, r1, #17
10006d64:	4688      	mov	r8, r1
10006d66:	429c      	cmp	r4, r3
10006d68:	d227      	bcs.n	10006dba <tu_fifo_write_n+0x11e>
10006d6a:	4296      	cmp	r6, r2
10006d6c:	d347      	bcc.n	10006dfe <tu_fifo_write_n+0x162>
10006d6e:	1ab1      	subs	r1, r6, r2
10006d70:	b289      	uxth	r1, r1
10006d72:	468c      	mov	ip, r1
10006d74:	0058      	lsls	r0, r3, #1
10006d76:	1ae1      	subs	r1, r4, r3
10006d78:	b289      	uxth	r1, r1
10006d7a:	468b      	mov	fp, r1
10006d7c:	4661      	mov	r1, ip
10006d7e:	1909      	adds	r1, r1, r4
10006d80:	4281      	cmp	r1, r0
10006d82:	db08      	blt.n	10006d96 <tu_fifo_write_n+0xfa>
10006d84:	18d1      	adds	r1, r2, r3
10006d86:	b289      	uxth	r1, r1
10006d88:	1b0e      	subs	r6, r1, r4
10006d8a:	b2b6      	uxth	r6, r6
10006d8c:	468a      	mov	sl, r1
10006d8e:	42b2      	cmp	r2, r6
10006d90:	d93b      	bls.n	10006e0a <tu_fifo_write_n+0x16e>
10006d92:	1a36      	subs	r6, r6, r0
10006d94:	b2b6      	uxth	r6, r6
10006d96:	19a2      	adds	r2, r4, r6
10006d98:	b292      	uxth	r2, r2
10006d9a:	4692      	mov	sl, r2
10006d9c:	46a1      	mov	r9, r4
10006d9e:	e7b7      	b.n	10006d10 <tu_fifo_write_n+0x74>
10006da0:	2300      	movs	r3, #0
10006da2:	4699      	mov	r9, r3
10006da4:	4648      	mov	r0, r9
10006da6:	b003      	add	sp, #12
10006da8:	bcf0      	pop	{r4, r5, r6, r7}
10006daa:	46bb      	mov	fp, r7
10006dac:	46b2      	mov	sl, r6
10006dae:	46a9      	mov	r9, r5
10006db0:	46a0      	mov	r8, r4
10006db2:	bdf0      	pop	{r4, r5, r6, r7, pc}
10006db4:	1ab2      	subs	r2, r6, r2
10006db6:	b292      	uxth	r2, r2
10006db8:	e792      	b.n	10006ce0 <tu_fifo_write_n+0x44>
10006dba:	2100      	movs	r1, #0
10006dbc:	4689      	mov	r9, r1
10006dbe:	2b00      	cmp	r3, #0
10006dc0:	d0c7      	beq.n	10006d52 <tu_fifo_write_n+0xb6>
10006dc2:	4641      	mov	r1, r8
10006dc4:	1ae4      	subs	r4, r4, r3
10006dc6:	434c      	muls	r4, r1
10006dc8:	0016      	movs	r6, r2
10006dca:	18d1      	adds	r1, r2, r3
10006dcc:	2200      	movs	r2, #0
10006dce:	b289      	uxth	r1, r1
10006dd0:	468a      	mov	sl, r1
10006dd2:	4699      	mov	r9, r3
10006dd4:	4693      	mov	fp, r2
10006dd6:	193f      	adds	r7, r7, r4
10006dd8:	e79a      	b.n	10006d10 <tu_fifo_write_n+0x74>
10006dda:	4353      	muls	r3, r2
10006ddc:	b29b      	uxth	r3, r3
10006dde:	001a      	movs	r2, r3
10006de0:	0039      	movs	r1, r7
10006de2:	445c      	add	r4, fp
10006de4:	9301      	str	r3, [sp, #4]
10006de6:	f7fc f829 	bl	10002e3c <__wrap___aeabi_memcpy>
10006dea:	4641      	mov	r1, r8
10006dec:	0022      	movs	r2, r4
10006dee:	434a      	muls	r2, r1
10006df0:	9b01      	ldr	r3, [sp, #4]
10006df2:	6828      	ldr	r0, [r5, #0]
10006df4:	b292      	uxth	r2, r2
10006df6:	18f9      	adds	r1, r7, r3
10006df8:	f7fc f820 	bl	10002e3c <__wrap___aeabi_memcpy>
10006dfc:	e79d      	b.n	10006d3a <tu_fifo_write_n+0x9e>
10006dfe:	0058      	lsls	r0, r3, #1
10006e00:	1a81      	subs	r1, r0, r2
10006e02:	1871      	adds	r1, r6, r1
10006e04:	b289      	uxth	r1, r1
10006e06:	468c      	mov	ip, r1
10006e08:	e7b5      	b.n	10006d76 <tu_fifo_write_n+0xda>
10006e0a:	46a1      	mov	r9, r4
10006e0c:	42b0      	cmp	r0, r6
10006e0e:	dd00      	ble.n	10006e12 <tu_fifo_write_n+0x176>
10006e10:	e77e      	b.n	10006d10 <tu_fifo_write_n+0x74>
10006e12:	e7be      	b.n	10006d92 <tu_fifo_write_n+0xf6>

10006e14 <tu_fifo_clear>:
10006e14:	b510      	push	{r4, lr}
10006e16:	0004      	movs	r4, r0
10006e18:	68c0      	ldr	r0, [r0, #12]
10006e1a:	2800      	cmp	r0, #0
10006e1c:	d003      	beq.n	10006e26 <tu_fifo_clear+0x12>
10006e1e:	2101      	movs	r1, #1
10006e20:	4249      	negs	r1, r1
10006e22:	f000 fdc9 	bl	100079b8 <__mutex_enter_timeout_ms_veneer>
10006e26:	6920      	ldr	r0, [r4, #16]
10006e28:	2800      	cmp	r0, #0
10006e2a:	d003      	beq.n	10006e34 <tu_fifo_clear+0x20>
10006e2c:	2101      	movs	r1, #1
10006e2e:	4249      	negs	r1, r1
10006e30:	f000 fdc2 	bl	100079b8 <__mutex_enter_timeout_ms_veneer>
10006e34:	2300      	movs	r3, #0
10006e36:	68e0      	ldr	r0, [r4, #12]
10006e38:	8163      	strh	r3, [r4, #10]
10006e3a:	8123      	strh	r3, [r4, #8]
10006e3c:	2800      	cmp	r0, #0
10006e3e:	d001      	beq.n	10006e44 <tu_fifo_clear+0x30>
10006e40:	f000 fdfa 	bl	10007a38 <__mutex_exit_veneer>
10006e44:	6920      	ldr	r0, [r4, #16]
10006e46:	2800      	cmp	r0, #0
10006e48:	d001      	beq.n	10006e4e <tu_fifo_clear+0x3a>
10006e4a:	f000 fdf5 	bl	10007a38 <__mutex_exit_veneer>
10006e4e:	2001      	movs	r0, #1
10006e50:	bd10      	pop	{r4, pc}
10006e52:	46c0      	nop			@ (mov r8, r8)

10006e54 <tu_fifo_set_overwritable>:
10006e54:	b570      	push	{r4, r5, r6, lr}
10006e56:	0004      	movs	r4, r0
10006e58:	68c0      	ldr	r0, [r0, #12]
10006e5a:	000d      	movs	r5, r1
10006e5c:	2800      	cmp	r0, #0
10006e5e:	d003      	beq.n	10006e68 <tu_fifo_set_overwritable+0x14>
10006e60:	2101      	movs	r1, #1
10006e62:	4249      	negs	r1, r1
10006e64:	f000 fda8 	bl	100079b8 <__mutex_enter_timeout_ms_veneer>
10006e68:	6920      	ldr	r0, [r4, #16]
10006e6a:	2800      	cmp	r0, #0
10006e6c:	d003      	beq.n	10006e76 <tu_fifo_set_overwritable+0x22>
10006e6e:	2101      	movs	r1, #1
10006e70:	4249      	negs	r1, r1
10006e72:	f000 fda1 	bl	100079b8 <__mutex_enter_timeout_ms_veneer>
10006e76:	217f      	movs	r1, #127	@ 0x7f
10006e78:	79e3      	ldrb	r3, [r4, #7]
10006e7a:	01ed      	lsls	r5, r5, #7
10006e7c:	4019      	ands	r1, r3
10006e7e:	68e0      	ldr	r0, [r4, #12]
10006e80:	4329      	orrs	r1, r5
10006e82:	71e1      	strb	r1, [r4, #7]
10006e84:	2800      	cmp	r0, #0
10006e86:	d001      	beq.n	10006e8c <tu_fifo_set_overwritable+0x38>
10006e88:	f000 fdd6 	bl	10007a38 <__mutex_exit_veneer>
10006e8c:	6920      	ldr	r0, [r4, #16]
10006e8e:	2800      	cmp	r0, #0
10006e90:	d001      	beq.n	10006e96 <tu_fifo_set_overwritable+0x42>
10006e92:	f000 fdd1 	bl	10007a38 <__mutex_exit_veneer>
10006e96:	2001      	movs	r0, #1
10006e98:	bd70      	pop	{r4, r5, r6, pc}
10006e9a:	46c0      	nop			@ (mov r8, r8)

10006e9c <spi_init>:
10006e9c:	4a49      	ldr	r2, [pc, #292]	@ (10006fc4 <spi_init+0x128>)
10006e9e:	0003      	movs	r3, r0
10006ea0:	4694      	mov	ip, r2
10006ea2:	4463      	add	r3, ip
10006ea4:	1e5a      	subs	r2, r3, #1
10006ea6:	4193      	sbcs	r3, r2
10006ea8:	2280      	movs	r2, #128	@ 0x80
10006eaa:	b5f0      	push	{r4, r5, r6, r7, lr}
10006eac:	464e      	mov	r6, r9
10006eae:	46de      	mov	lr, fp
10006eb0:	4657      	mov	r7, sl
10006eb2:	4645      	mov	r5, r8
10006eb4:	0292      	lsls	r2, r2, #10
10006eb6:	4694      	mov	ip, r2
10006eb8:	b5e0      	push	{r5, r6, r7, lr}
10006eba:	425b      	negs	r3, r3
10006ebc:	0c1b      	lsrs	r3, r3, #16
10006ebe:	4a42      	ldr	r2, [pc, #264]	@ (10006fc8 <spi_init+0x12c>)
10006ec0:	041b      	lsls	r3, r3, #16
10006ec2:	b085      	sub	sp, #20
10006ec4:	4463      	add	r3, ip
10006ec6:	9002      	str	r0, [sp, #8]
10006ec8:	6013      	str	r3, [r2, #0]
10006eca:	4a40      	ldr	r2, [pc, #256]	@ (10006fcc <spi_init+0x130>)
10006ecc:	000e      	movs	r6, r1
10006ece:	4940      	ldr	r1, [pc, #256]	@ (10006fd0 <spi_init+0x134>)
10006ed0:	6013      	str	r3, [r2, #0]
10006ed2:	0018      	movs	r0, r3
10006ed4:	680a      	ldr	r2, [r1, #0]
10006ed6:	4390      	bics	r0, r2
10006ed8:	d1fb      	bne.n	10006ed2 <spi_init+0x36>
10006eda:	2006      	movs	r0, #6
10006edc:	f7fa fec6 	bl	10001c6c <clock_get_hz>
10006ee0:	2302      	movs	r3, #2
10006ee2:	9902      	ldr	r1, [sp, #8]
10006ee4:	0004      	movs	r4, r0
10006ee6:	468c      	mov	ip, r1
10006ee8:	684a      	ldr	r2, [r1, #4]
10006eea:	9001      	str	r0, [sp, #4]
10006eec:	401a      	ands	r2, r3
10006eee:	9203      	str	r2, [sp, #12]
10006ef0:	1d0a      	adds	r2, r1, #4
10006ef2:	4690      	mov	r8, r2
10006ef4:	4a37      	ldr	r2, [pc, #220]	@ (10006fd4 <spi_init+0x138>)
10006ef6:	0df1      	lsrs	r1, r6, #23
10006ef8:	4462      	add	r2, ip
10006efa:	4691      	mov	r9, r2
10006efc:	6013      	str	r3, [r2, #0]
10006efe:	0270      	lsls	r0, r6, #9
10006f00:	2900      	cmp	r1, #0
10006f02:	d15a      	bne.n	10006fba <spi_init+0x11e>
10006f04:	42a0      	cmp	r0, r4
10006f06:	d858      	bhi.n	10006fba <spi_init+0x11e>
10006f08:	2480      	movs	r4, #128	@ 0x80
10006f0a:	0064      	lsls	r4, r4, #1
10006f0c:	2702      	movs	r7, #2
10006f0e:	46a2      	mov	sl, r4
10006f10:	46b4      	mov	ip, r6
10006f12:	0db3      	lsrs	r3, r6, #22
10006f14:	02b2      	lsls	r2, r6, #10
10006f16:	e004      	b.n	10006f22 <spi_init+0x86>
10006f18:	9e01      	ldr	r6, [sp, #4]
10006f1a:	4296      	cmp	r6, r2
10006f1c:	d30a      	bcc.n	10006f34 <spi_init+0x98>
10006f1e:	0022      	movs	r2, r4
10006f20:	002b      	movs	r3, r5
10006f22:	3702      	adds	r7, #2
10006f24:	4557      	cmp	r7, sl
10006f26:	d005      	beq.n	10006f34 <spi_init+0x98>
10006f28:	0004      	movs	r4, r0
10006f2a:	000d      	movs	r5, r1
10006f2c:	18a4      	adds	r4, r4, r2
10006f2e:	415d      	adcs	r5, r3
10006f30:	2b00      	cmp	r3, #0
10006f32:	d0f1      	beq.n	10006f18 <spi_init+0x7c>
10006f34:	4666      	mov	r6, ip
10006f36:	9b01      	ldr	r3, [sp, #4]
10006f38:	2580      	movs	r5, #128	@ 0x80
10006f3a:	469a      	mov	sl, r3
10006f3c:	46b3      	mov	fp, r6
10006f3e:	023c      	lsls	r4, r7, #8
10006f40:	1be4      	subs	r4, r4, r7
10006f42:	006d      	lsls	r5, r5, #1
10006f44:	002e      	movs	r6, r5
10006f46:	3d01      	subs	r5, #1
10006f48:	2d00      	cmp	r5, #0
10006f4a:	d038      	beq.n	10006fbe <spi_init+0x122>
10006f4c:	0021      	movs	r1, r4
10006f4e:	4650      	mov	r0, sl
10006f50:	f7fb f8e8 	bl	10002124 <__wrap___aeabi_uidiv>
10006f54:	1be4      	subs	r4, r4, r7
10006f56:	4583      	cmp	fp, r0
10006f58:	d2f4      	bcs.n	10006f44 <spi_init+0xa8>
10006f5a:	0031      	movs	r1, r6
10006f5c:	4379      	muls	r1, r7
10006f5e:	022d      	lsls	r5, r5, #8
10006f60:	9c02      	ldr	r4, [sp, #8]
10006f62:	22ff      	movs	r2, #255	@ 0xff
10006f64:	2680      	movs	r6, #128	@ 0x80
10006f66:	46a4      	mov	ip, r4
10006f68:	6127      	str	r7, [r4, #16]
10006f6a:	6823      	ldr	r3, [r4, #0]
10006f6c:	0212      	lsls	r2, r2, #8
10006f6e:	406b      	eors	r3, r5
10006f70:	0176      	lsls	r6, r6, #5
10006f72:	4466      	add	r6, ip
10006f74:	4013      	ands	r3, r2
10006f76:	6033      	str	r3, [r6, #0]
10006f78:	2380      	movs	r3, #128	@ 0x80
10006f7a:	9a03      	ldr	r2, [sp, #12]
10006f7c:	019b      	lsls	r3, r3, #6
10006f7e:	4443      	add	r3, r8
10006f80:	601a      	str	r2, [r3, #0]
10006f82:	464d      	mov	r5, r9
10006f84:	2202      	movs	r2, #2
10006f86:	2707      	movs	r7, #7
10006f88:	6860      	ldr	r0, [r4, #4]
10006f8a:	602a      	str	r2, [r5, #0]
10006f8c:	6825      	ldr	r5, [r4, #0]
10006f8e:	4010      	ands	r0, r2
10006f90:	406f      	eors	r7, r5
10006f92:	25cf      	movs	r5, #207	@ 0xcf
10006f94:	403d      	ands	r5, r7
10006f96:	6035      	str	r5, [r6, #0]
10006f98:	6018      	str	r0, [r3, #0]
10006f9a:	480f      	ldr	r0, [pc, #60]	@ (10006fd8 <spi_init+0x13c>)
10006f9c:	4684      	mov	ip, r0
10006f9e:	2003      	movs	r0, #3
10006fa0:	4464      	add	r4, ip
10006fa2:	6020      	str	r0, [r4, #0]
10006fa4:	9801      	ldr	r0, [sp, #4]
10006fa6:	601a      	str	r2, [r3, #0]
10006fa8:	f7fb f8bc 	bl	10002124 <__wrap___aeabi_uidiv>
10006fac:	b005      	add	sp, #20
10006fae:	bcf0      	pop	{r4, r5, r6, r7}
10006fb0:	46bb      	mov	fp, r7
10006fb2:	46b2      	mov	sl, r6
10006fb4:	46a9      	mov	r9, r5
10006fb6:	46a0      	mov	r8, r4
10006fb8:	bdf0      	pop	{r4, r5, r6, r7, pc}
10006fba:	2702      	movs	r7, #2
10006fbc:	e7bb      	b.n	10006f36 <spi_init+0x9a>
10006fbe:	0039      	movs	r1, r7
10006fc0:	e7ce      	b.n	10006f60 <spi_init+0xc4>
10006fc2:	46c0      	nop			@ (mov r8, r8)
10006fc4:	bffc0000 	.word	0xbffc0000
10006fc8:	4000e000 	.word	0x4000e000
10006fcc:	4000f000 	.word	0x4000f000
10006fd0:	4000c008 	.word	0x4000c008
10006fd4:	00003004 	.word	0x00003004
10006fd8:	00002024 	.word	0x00002024

10006fdc <__malloc_lock>:
10006fdc:	b510      	push	{r4, lr}
10006fde:	4802      	ldr	r0, [pc, #8]	@ (10006fe8 <__malloc_lock+0xc>)
10006fe0:	f000 fae4 	bl	100075ac <__retarget_lock_acquire_recursive>
10006fe4:	bd10      	pop	{r4, pc}
10006fe6:	46c0      	nop			@ (mov r8, r8)
10006fe8:	20001998 	.word	0x20001998

10006fec <__malloc_unlock>:
10006fec:	b510      	push	{r4, lr}
10006fee:	4802      	ldr	r0, [pc, #8]	@ (10006ff8 <__malloc_unlock+0xc>)
10006ff0:	f000 fade 	bl	100075b0 <__retarget_lock_release_recursive>
10006ff4:	bd10      	pop	{r4, pc}
10006ff6:	46c0      	nop			@ (mov r8, r8)
10006ff8:	20001998 	.word	0x20001998

10006ffc <__sflush_r>:
10006ffc:	b5f0      	push	{r4, r5, r6, r7, lr}
10006ffe:	46c6      	mov	lr, r8
10007000:	b500      	push	{lr}
10007002:	220c      	movs	r2, #12
10007004:	5e8b      	ldrsh	r3, [r1, r2]
10007006:	0007      	movs	r7, r0
10007008:	000c      	movs	r4, r1
1000700a:	071a      	lsls	r2, r3, #28
1000700c:	d451      	bmi.n	100070b2 <__sflush_r+0xb6>
1000700e:	2580      	movs	r5, #128	@ 0x80
10007010:	684a      	ldr	r2, [r1, #4]
10007012:	012d      	lsls	r5, r5, #4
10007014:	431d      	orrs	r5, r3
10007016:	818d      	strh	r5, [r1, #12]
10007018:	2a00      	cmp	r2, #0
1000701a:	dc00      	bgt.n	1000701e <__sflush_r+0x22>
1000701c:	e06c      	b.n	100070f8 <__sflush_r+0xfc>
1000701e:	6aa6      	ldr	r6, [r4, #40]	@ 0x28
10007020:	2e00      	cmp	r6, #0
10007022:	d042      	beq.n	100070aa <__sflush_r+0xae>
10007024:	683a      	ldr	r2, [r7, #0]
10007026:	69e1      	ldr	r1, [r4, #28]
10007028:	4690      	mov	r8, r2
1000702a:	2200      	movs	r2, #0
1000702c:	603a      	str	r2, [r7, #0]
1000702e:	04db      	lsls	r3, r3, #19
10007030:	d467      	bmi.n	10007102 <__sflush_r+0x106>
10007032:	2200      	movs	r2, #0
10007034:	2301      	movs	r3, #1
10007036:	0038      	movs	r0, r7
10007038:	47b0      	blx	r6
1000703a:	0002      	movs	r2, r0
1000703c:	1c43      	adds	r3, r0, #1
1000703e:	d100      	bne.n	10007042 <__sflush_r+0x46>
10007040:	e06e      	b.n	10007120 <__sflush_r+0x124>
10007042:	230c      	movs	r3, #12
10007044:	5ee5      	ldrsh	r5, [r4, r3]
10007046:	6aa6      	ldr	r6, [r4, #40]	@ 0x28
10007048:	69e1      	ldr	r1, [r4, #28]
1000704a:	076d      	lsls	r5, r5, #29
1000704c:	d506      	bpl.n	1000705c <__sflush_r+0x60>
1000704e:	6863      	ldr	r3, [r4, #4]
10007050:	1ad2      	subs	r2, r2, r3
10007052:	6b23      	ldr	r3, [r4, #48]	@ 0x30
10007054:	2b00      	cmp	r3, #0
10007056:	d001      	beq.n	1000705c <__sflush_r+0x60>
10007058:	6be3      	ldr	r3, [r4, #60]	@ 0x3c
1000705a:	1ad2      	subs	r2, r2, r3
1000705c:	2300      	movs	r3, #0
1000705e:	0038      	movs	r0, r7
10007060:	47b0      	blx	r6
10007062:	1c43      	adds	r3, r0, #1
10007064:	d14f      	bne.n	10007106 <__sflush_r+0x10a>
10007066:	6839      	ldr	r1, [r7, #0]
10007068:	220c      	movs	r2, #12
1000706a:	5ea3      	ldrsh	r3, [r4, r2]
1000706c:	291d      	cmp	r1, #29
1000706e:	d862      	bhi.n	10007136 <__sflush_r+0x13a>
10007070:	4a32      	ldr	r2, [pc, #200]	@ (1000713c <__sflush_r+0x140>)
10007072:	40ca      	lsrs	r2, r1
10007074:	07d2      	lsls	r2, r2, #31
10007076:	d55e      	bpl.n	10007136 <__sflush_r+0x13a>
10007078:	4a31      	ldr	r2, [pc, #196]	@ (10007140 <__sflush_r+0x144>)
1000707a:	401a      	ands	r2, r3
1000707c:	81a2      	strh	r2, [r4, #12]
1000707e:	2200      	movs	r2, #0
10007080:	6062      	str	r2, [r4, #4]
10007082:	6922      	ldr	r2, [r4, #16]
10007084:	6022      	str	r2, [r4, #0]
10007086:	04db      	lsls	r3, r3, #19
10007088:	d501      	bpl.n	1000708e <__sflush_r+0x92>
1000708a:	2900      	cmp	r1, #0
1000708c:	d046      	beq.n	1000711c <__sflush_r+0x120>
1000708e:	4643      	mov	r3, r8
10007090:	6b21      	ldr	r1, [r4, #48]	@ 0x30
10007092:	603b      	str	r3, [r7, #0]
10007094:	2900      	cmp	r1, #0
10007096:	d008      	beq.n	100070aa <__sflush_r+0xae>
10007098:	0023      	movs	r3, r4
1000709a:	3340      	adds	r3, #64	@ 0x40
1000709c:	4299      	cmp	r1, r3
1000709e:	d002      	beq.n	100070a6 <__sflush_r+0xaa>
100070a0:	0038      	movs	r0, r7
100070a2:	f000 fb1d 	bl	100076e0 <_free_r>
100070a6:	2300      	movs	r3, #0
100070a8:	6323      	str	r3, [r4, #48]	@ 0x30
100070aa:	2000      	movs	r0, #0
100070ac:	bc80      	pop	{r7}
100070ae:	46b8      	mov	r8, r7
100070b0:	bdf0      	pop	{r4, r5, r6, r7, pc}
100070b2:	690e      	ldr	r6, [r1, #16]
100070b4:	2e00      	cmp	r6, #0
100070b6:	d0f8      	beq.n	100070aa <__sflush_r+0xae>
100070b8:	680d      	ldr	r5, [r1, #0]
100070ba:	2200      	movs	r2, #0
100070bc:	1bad      	subs	r5, r5, r6
100070be:	600e      	str	r6, [r1, #0]
100070c0:	079b      	lsls	r3, r3, #30
100070c2:	d100      	bne.n	100070c6 <__sflush_r+0xca>
100070c4:	694a      	ldr	r2, [r1, #20]
100070c6:	60a2      	str	r2, [r4, #8]
100070c8:	2d00      	cmp	r5, #0
100070ca:	dc04      	bgt.n	100070d6 <__sflush_r+0xda>
100070cc:	e7ed      	b.n	100070aa <__sflush_r+0xae>
100070ce:	1836      	adds	r6, r6, r0
100070d0:	1a2d      	subs	r5, r5, r0
100070d2:	2d00      	cmp	r5, #0
100070d4:	dde9      	ble.n	100070aa <__sflush_r+0xae>
100070d6:	6a63      	ldr	r3, [r4, #36]	@ 0x24
100070d8:	0032      	movs	r2, r6
100070da:	4698      	mov	r8, r3
100070dc:	0038      	movs	r0, r7
100070de:	002b      	movs	r3, r5
100070e0:	69e1      	ldr	r1, [r4, #28]
100070e2:	47c0      	blx	r8
100070e4:	2800      	cmp	r0, #0
100070e6:	dcf2      	bgt.n	100070ce <__sflush_r+0xd2>
100070e8:	2240      	movs	r2, #64	@ 0x40
100070ea:	89a3      	ldrh	r3, [r4, #12]
100070ec:	4313      	orrs	r3, r2
100070ee:	b21b      	sxth	r3, r3
100070f0:	2001      	movs	r0, #1
100070f2:	81a3      	strh	r3, [r4, #12]
100070f4:	4240      	negs	r0, r0
100070f6:	e7d9      	b.n	100070ac <__sflush_r+0xb0>
100070f8:	6bca      	ldr	r2, [r1, #60]	@ 0x3c
100070fa:	2a00      	cmp	r2, #0
100070fc:	dd00      	ble.n	10007100 <__sflush_r+0x104>
100070fe:	e78e      	b.n	1000701e <__sflush_r+0x22>
10007100:	e7d3      	b.n	100070aa <__sflush_r+0xae>
10007102:	6d22      	ldr	r2, [r4, #80]	@ 0x50
10007104:	e7a1      	b.n	1000704a <__sflush_r+0x4e>
10007106:	220c      	movs	r2, #12
10007108:	5ea3      	ldrsh	r3, [r4, r2]
1000710a:	4a0d      	ldr	r2, [pc, #52]	@ (10007140 <__sflush_r+0x144>)
1000710c:	401a      	ands	r2, r3
1000710e:	81a2      	strh	r2, [r4, #12]
10007110:	2200      	movs	r2, #0
10007112:	6062      	str	r2, [r4, #4]
10007114:	6922      	ldr	r2, [r4, #16]
10007116:	6022      	str	r2, [r4, #0]
10007118:	04db      	lsls	r3, r3, #19
1000711a:	d5b8      	bpl.n	1000708e <__sflush_r+0x92>
1000711c:	6520      	str	r0, [r4, #80]	@ 0x50
1000711e:	e7b6      	b.n	1000708e <__sflush_r+0x92>
10007120:	683b      	ldr	r3, [r7, #0]
10007122:	2b00      	cmp	r3, #0
10007124:	d100      	bne.n	10007128 <__sflush_r+0x12c>
10007126:	e78c      	b.n	10007042 <__sflush_r+0x46>
10007128:	2b1d      	cmp	r3, #29
1000712a:	d001      	beq.n	10007130 <__sflush_r+0x134>
1000712c:	2b16      	cmp	r3, #22
1000712e:	d1db      	bne.n	100070e8 <__sflush_r+0xec>
10007130:	4643      	mov	r3, r8
10007132:	603b      	str	r3, [r7, #0]
10007134:	e7b9      	b.n	100070aa <__sflush_r+0xae>
10007136:	2240      	movs	r2, #64	@ 0x40
10007138:	4313      	orrs	r3, r2
1000713a:	e7d9      	b.n	100070f0 <__sflush_r+0xf4>
1000713c:	20400001 	.word	0x20400001
10007140:	fffff7ff 	.word	0xfffff7ff

10007144 <_fflush_r>:
10007144:	b570      	push	{r4, r5, r6, lr}
10007146:	0005      	movs	r5, r0
10007148:	000c      	movs	r4, r1
1000714a:	2800      	cmp	r0, #0
1000714c:	d002      	beq.n	10007154 <_fflush_r+0x10>
1000714e:	6b43      	ldr	r3, [r0, #52]	@ 0x34
10007150:	2b00      	cmp	r3, #0
10007152:	d027      	beq.n	100071a4 <_fflush_r+0x60>
10007154:	220c      	movs	r2, #12
10007156:	5ea3      	ldrsh	r3, [r4, r2]
10007158:	2b00      	cmp	r3, #0
1000715a:	d011      	beq.n	10007180 <_fflush_r+0x3c>
1000715c:	6e62      	ldr	r2, [r4, #100]	@ 0x64
1000715e:	07d2      	lsls	r2, r2, #31
10007160:	d401      	bmi.n	10007166 <_fflush_r+0x22>
10007162:	059b      	lsls	r3, r3, #22
10007164:	d50e      	bpl.n	10007184 <_fflush_r+0x40>
10007166:	0028      	movs	r0, r5
10007168:	0021      	movs	r1, r4
1000716a:	f7ff ff47 	bl	10006ffc <__sflush_r>
1000716e:	6e63      	ldr	r3, [r4, #100]	@ 0x64
10007170:	0005      	movs	r5, r0
10007172:	07db      	lsls	r3, r3, #31
10007174:	d402      	bmi.n	1000717c <_fflush_r+0x38>
10007176:	89a3      	ldrh	r3, [r4, #12]
10007178:	059b      	lsls	r3, r3, #22
1000717a:	d50f      	bpl.n	1000719c <_fflush_r+0x58>
1000717c:	0028      	movs	r0, r5
1000717e:	bd70      	pop	{r4, r5, r6, pc}
10007180:	2500      	movs	r5, #0
10007182:	e7fb      	b.n	1000717c <_fflush_r+0x38>
10007184:	6da0      	ldr	r0, [r4, #88]	@ 0x58
10007186:	f000 fa11 	bl	100075ac <__retarget_lock_acquire_recursive>
1000718a:	0028      	movs	r0, r5
1000718c:	0021      	movs	r1, r4
1000718e:	f7ff ff35 	bl	10006ffc <__sflush_r>
10007192:	6e63      	ldr	r3, [r4, #100]	@ 0x64
10007194:	0005      	movs	r5, r0
10007196:	07db      	lsls	r3, r3, #31
10007198:	d4f0      	bmi.n	1000717c <_fflush_r+0x38>
1000719a:	e7ec      	b.n	10007176 <_fflush_r+0x32>
1000719c:	6da0      	ldr	r0, [r4, #88]	@ 0x58
1000719e:	f000 fa07 	bl	100075b0 <__retarget_lock_release_recursive>
100071a2:	e7eb      	b.n	1000717c <_fflush_r+0x38>
100071a4:	f000 f8f8 	bl	10007398 <__sinit>
100071a8:	e7d4      	b.n	10007154 <_fflush_r+0x10>
100071aa:	46c0      	nop			@ (mov r8, r8)

100071ac <fflush>:
100071ac:	b570      	push	{r4, r5, r6, lr}
100071ae:	1e04      	subs	r4, r0, #0
100071b0:	d02a      	beq.n	10007208 <fflush+0x5c>
100071b2:	4b19      	ldr	r3, [pc, #100]	@ (10007218 <fflush+0x6c>)
100071b4:	681d      	ldr	r5, [r3, #0]
100071b6:	2d00      	cmp	r5, #0
100071b8:	d002      	beq.n	100071c0 <fflush+0x14>
100071ba:	6b6b      	ldr	r3, [r5, #52]	@ 0x34
100071bc:	2b00      	cmp	r3, #0
100071be:	d017      	beq.n	100071f0 <fflush+0x44>
100071c0:	220c      	movs	r2, #12
100071c2:	5ea3      	ldrsh	r3, [r4, r2]
100071c4:	2b00      	cmp	r3, #0
100071c6:	d011      	beq.n	100071ec <fflush+0x40>
100071c8:	6e62      	ldr	r2, [r4, #100]	@ 0x64
100071ca:	07d2      	lsls	r2, r2, #31
100071cc:	d401      	bmi.n	100071d2 <fflush+0x26>
100071ce:	059b      	lsls	r3, r3, #22
100071d0:	d512      	bpl.n	100071f8 <fflush+0x4c>
100071d2:	0028      	movs	r0, r5
100071d4:	0021      	movs	r1, r4
100071d6:	f7ff ff11 	bl	10006ffc <__sflush_r>
100071da:	6e63      	ldr	r3, [r4, #100]	@ 0x64
100071dc:	0005      	movs	r5, r0
100071de:	07db      	lsls	r3, r3, #31
100071e0:	d402      	bmi.n	100071e8 <fflush+0x3c>
100071e2:	89a3      	ldrh	r3, [r4, #12]
100071e4:	059b      	lsls	r3, r3, #22
100071e6:	d50b      	bpl.n	10007200 <fflush+0x54>
100071e8:	0028      	movs	r0, r5
100071ea:	bd70      	pop	{r4, r5, r6, pc}
100071ec:	2500      	movs	r5, #0
100071ee:	e7fb      	b.n	100071e8 <fflush+0x3c>
100071f0:	0028      	movs	r0, r5
100071f2:	f000 f8d1 	bl	10007398 <__sinit>
100071f6:	e7e3      	b.n	100071c0 <fflush+0x14>
100071f8:	6da0      	ldr	r0, [r4, #88]	@ 0x58
100071fa:	f000 f9d7 	bl	100075ac <__retarget_lock_acquire_recursive>
100071fe:	e7e8      	b.n	100071d2 <fflush+0x26>
10007200:	6da0      	ldr	r0, [r4, #88]	@ 0x58
10007202:	f000 f9d5 	bl	100075b0 <__retarget_lock_release_recursive>
10007206:	e7ef      	b.n	100071e8 <fflush+0x3c>
10007208:	4a04      	ldr	r2, [pc, #16]	@ (1000721c <fflush+0x70>)
1000720a:	4905      	ldr	r1, [pc, #20]	@ (10007220 <fflush+0x74>)
1000720c:	4805      	ldr	r0, [pc, #20]	@ (10007224 <fflush+0x78>)
1000720e:	f000 f8ef 	bl	100073f0 <_fwalk_sglue>
10007212:	0005      	movs	r5, r0
10007214:	e7e8      	b.n	100071e8 <fflush+0x3c>
10007216:	46c0      	nop			@ (mov r8, r8)
10007218:	200014c4 	.word	0x200014c4
1000721c:	200014b8 	.word	0x200014b8
10007220:	10007145 	.word	0x10007145
10007224:	200014c8 	.word	0x200014c8

10007228 <stdio_exit_handler>:
10007228:	b510      	push	{r4, lr}
1000722a:	4a03      	ldr	r2, [pc, #12]	@ (10007238 <stdio_exit_handler+0x10>)
1000722c:	4903      	ldr	r1, [pc, #12]	@ (1000723c <stdio_exit_handler+0x14>)
1000722e:	4804      	ldr	r0, [pc, #16]	@ (10007240 <stdio_exit_handler+0x18>)
10007230:	f000 f8de 	bl	100073f0 <_fwalk_sglue>
10007234:	bd10      	pop	{r4, pc}
10007236:	46c0      	nop			@ (mov r8, r8)
10007238:	200014b8 	.word	0x200014b8
1000723c:	100078b5 	.word	0x100078b5
10007240:	200014c8 	.word	0x200014c8

10007244 <cleanup_stdio>:
10007244:	6841      	ldr	r1, [r0, #4]
10007246:	4b0b      	ldr	r3, [pc, #44]	@ (10007274 <cleanup_stdio+0x30>)
10007248:	b510      	push	{r4, lr}
1000724a:	0004      	movs	r4, r0
1000724c:	4299      	cmp	r1, r3
1000724e:	d001      	beq.n	10007254 <cleanup_stdio+0x10>
10007250:	f000 fb30 	bl	100078b4 <_fclose_r>
10007254:	68a1      	ldr	r1, [r4, #8]
10007256:	4b08      	ldr	r3, [pc, #32]	@ (10007278 <cleanup_stdio+0x34>)
10007258:	4299      	cmp	r1, r3
1000725a:	d002      	beq.n	10007262 <cleanup_stdio+0x1e>
1000725c:	0020      	movs	r0, r4
1000725e:	f000 fb29 	bl	100078b4 <_fclose_r>
10007262:	68e1      	ldr	r1, [r4, #12]
10007264:	4b05      	ldr	r3, [pc, #20]	@ (1000727c <cleanup_stdio+0x38>)
10007266:	4299      	cmp	r1, r3
10007268:	d002      	beq.n	10007270 <cleanup_stdio+0x2c>
1000726a:	0020      	movs	r0, r4
1000726c:	f000 fb22 	bl	100078b4 <_fclose_r>
10007270:	bd10      	pop	{r4, pc}
10007272:	46c0      	nop			@ (mov r8, r8)
10007274:	200019cc 	.word	0x200019cc
10007278:	20001a34 	.word	0x20001a34
1000727c:	20001a9c 	.word	0x20001a9c

10007280 <global_stdio_init.part.0>:
10007280:	b5f8      	push	{r3, r4, r5, r6, r7, lr}
10007282:	46ce      	mov	lr, r9
10007284:	4647      	mov	r7, r8
10007286:	4c3b      	ldr	r4, [pc, #236]	@ (10007374 <global_stdio_init.part.0+0xf4>)
10007288:	4b3b      	ldr	r3, [pc, #236]	@ (10007378 <global_stdio_init.part.0+0xf8>)
1000728a:	4a3c      	ldr	r2, [pc, #240]	@ (1000737c <global_stdio_init.part.0+0xfc>)
1000728c:	0020      	movs	r0, r4
1000728e:	2500      	movs	r5, #0
10007290:	b580      	push	{r7, lr}
10007292:	601a      	str	r2, [r3, #0]
10007294:	2304      	movs	r3, #4
10007296:	2208      	movs	r2, #8
10007298:	2100      	movs	r1, #0
1000729a:	305c      	adds	r0, #92	@ 0x5c
1000729c:	6025      	str	r5, [r4, #0]
1000729e:	6065      	str	r5, [r4, #4]
100072a0:	60a5      	str	r5, [r4, #8]
100072a2:	6665      	str	r5, [r4, #100]	@ 0x64
100072a4:	6125      	str	r5, [r4, #16]
100072a6:	6165      	str	r5, [r4, #20]
100072a8:	61a5      	str	r5, [r4, #24]
100072aa:	60e3      	str	r3, [r4, #12]
100072ac:	f7fb fdc0 	bl	10002e30 <__wrap_memset>
100072b0:	0020      	movs	r0, r4
100072b2:	4b33      	ldr	r3, [pc, #204]	@ (10007380 <global_stdio_init.part.0+0x100>)
100072b4:	4f33      	ldr	r7, [pc, #204]	@ (10007384 <global_stdio_init.part.0+0x104>)
100072b6:	4e34      	ldr	r6, [pc, #208]	@ (10007388 <global_stdio_init.part.0+0x108>)
100072b8:	4699      	mov	r9, r3
100072ba:	6223      	str	r3, [r4, #32]
100072bc:	4b33      	ldr	r3, [pc, #204]	@ (1000738c <global_stdio_init.part.0+0x10c>)
100072be:	3058      	adds	r0, #88	@ 0x58
100072c0:	4698      	mov	r8, r3
100072c2:	62a7      	str	r7, [r4, #40]	@ 0x28
100072c4:	62e6      	str	r6, [r4, #44]	@ 0x2c
100072c6:	6263      	str	r3, [r4, #36]	@ 0x24
100072c8:	61e4      	str	r4, [r4, #28]
100072ca:	f000 f96b 	bl	100075a4 <__retarget_lock_init_recursive>
100072ce:	23cc      	movs	r3, #204	@ 0xcc
100072d0:	50e5      	str	r5, [r4, r3]
100072d2:	4b2f      	ldr	r3, [pc, #188]	@ (10007390 <global_stdio_init.part.0+0x110>)
100072d4:	0020      	movs	r0, r4
100072d6:	6763      	str	r3, [r4, #116]	@ 0x74
100072d8:	2380      	movs	r3, #128	@ 0x80
100072da:	2100      	movs	r1, #0
100072dc:	2208      	movs	r2, #8
100072de:	30c4      	adds	r0, #196	@ 0xc4
100072e0:	50e5      	str	r5, [r4, r3]
100072e2:	66a5      	str	r5, [r4, #104]	@ 0x68
100072e4:	66e5      	str	r5, [r4, #108]	@ 0x6c
100072e6:	6725      	str	r5, [r4, #112]	@ 0x70
100072e8:	67a5      	str	r5, [r4, #120]	@ 0x78
100072ea:	67e5      	str	r5, [r4, #124]	@ 0x7c
100072ec:	f7fb fda0 	bl	10002e30 <__wrap_memset>
100072f0:	0022      	movs	r2, r4
100072f2:	2384      	movs	r3, #132	@ 0x84
100072f4:	3268      	adds	r2, #104	@ 0x68
100072f6:	50e2      	str	r2, [r4, r3]
100072f8:	464a      	mov	r2, r9
100072fa:	3304      	adds	r3, #4
100072fc:	50e2      	str	r2, [r4, r3]
100072fe:	4642      	mov	r2, r8
10007300:	0020      	movs	r0, r4
10007302:	3304      	adds	r3, #4
10007304:	50e2      	str	r2, [r4, r3]
10007306:	3304      	adds	r3, #4
10007308:	50e7      	str	r7, [r4, r3]
1000730a:	30c0      	adds	r0, #192	@ 0xc0
1000730c:	3304      	adds	r3, #4
1000730e:	50e6      	str	r6, [r4, r3]
10007310:	f000 f948 	bl	100075a4 <__retarget_lock_init_recursive>
10007314:	23d0      	movs	r3, #208	@ 0xd0
10007316:	0020      	movs	r0, r4
10007318:	50e5      	str	r5, [r4, r3]
1000731a:	3304      	adds	r3, #4
1000731c:	50e5      	str	r5, [r4, r3]
1000731e:	3304      	adds	r3, #4
10007320:	50e5      	str	r5, [r4, r3]
10007322:	4a1c      	ldr	r2, [pc, #112]	@ (10007394 <global_stdio_init.part.0+0x114>)
10007324:	335c      	adds	r3, #92	@ 0x5c
10007326:	50e5      	str	r5, [r4, r3]
10007328:	3b58      	subs	r3, #88	@ 0x58
1000732a:	50e2      	str	r2, [r4, r3]
1000732c:	3304      	adds	r3, #4
1000732e:	50e5      	str	r5, [r4, r3]
10007330:	302d      	adds	r0, #45	@ 0x2d
10007332:	3304      	adds	r3, #4
10007334:	50e5      	str	r5, [r4, r3]
10007336:	2100      	movs	r1, #0
10007338:	3304      	adds	r3, #4
1000733a:	2208      	movs	r2, #8
1000733c:	30ff      	adds	r0, #255	@ 0xff
1000733e:	50e5      	str	r5, [r4, r3]
10007340:	f7fb fd76 	bl	10002e30 <__wrap_memset>
10007344:	0022      	movs	r2, r4
10007346:	23ec      	movs	r3, #236	@ 0xec
10007348:	32d0      	adds	r2, #208	@ 0xd0
1000734a:	50e2      	str	r2, [r4, r3]
1000734c:	464a      	mov	r2, r9
1000734e:	3304      	adds	r3, #4
10007350:	50e2      	str	r2, [r4, r3]
10007352:	0020      	movs	r0, r4
10007354:	4642      	mov	r2, r8
10007356:	3304      	adds	r3, #4
10007358:	50e2      	str	r2, [r4, r3]
1000735a:	3029      	adds	r0, #41	@ 0x29
1000735c:	3304      	adds	r3, #4
1000735e:	50e7      	str	r7, [r4, r3]
10007360:	30ff      	adds	r0, #255	@ 0xff
10007362:	3304      	adds	r3, #4
10007364:	50e6      	str	r6, [r4, r3]
10007366:	f000 f91d 	bl	100075a4 <__retarget_lock_init_recursive>
1000736a:	bcc0      	pop	{r6, r7}
1000736c:	46b9      	mov	r9, r7
1000736e:	46b0      	mov	r8, r6
10007370:	bdf8      	pop	{r3, r4, r5, r6, r7, pc}
10007372:	46c0      	nop			@ (mov r8, r8)
10007374:	200019cc 	.word	0x200019cc
10007378:	20001b04 	.word	0x20001b04
1000737c:	10007229 	.word	0x10007229
10007380:	10007435 	.word	0x10007435
10007384:	1000749d 	.word	0x1000749d
10007388:	100074cd 	.word	0x100074cd
1000738c:	1000745d 	.word	0x1000745d
10007390:	00010009 	.word	0x00010009
10007394:	00020012 	.word	0x00020012

10007398 <__sinit>:
10007398:	b570      	push	{r4, r5, r6, lr}
1000739a:	0004      	movs	r4, r0
1000739c:	4d09      	ldr	r5, [pc, #36]	@ (100073c4 <__sinit+0x2c>)
1000739e:	0028      	movs	r0, r5
100073a0:	f000 f904 	bl	100075ac <__retarget_lock_acquire_recursive>
100073a4:	6b63      	ldr	r3, [r4, #52]	@ 0x34
100073a6:	2b00      	cmp	r3, #0
100073a8:	d105      	bne.n	100073b6 <__sinit+0x1e>
100073aa:	4b07      	ldr	r3, [pc, #28]	@ (100073c8 <__sinit+0x30>)
100073ac:	6363      	str	r3, [r4, #52]	@ 0x34
100073ae:	4b07      	ldr	r3, [pc, #28]	@ (100073cc <__sinit+0x34>)
100073b0:	681b      	ldr	r3, [r3, #0]
100073b2:	2b00      	cmp	r3, #0
100073b4:	d003      	beq.n	100073be <__sinit+0x26>
100073b6:	0028      	movs	r0, r5
100073b8:	f000 f8fa 	bl	100075b0 <__retarget_lock_release_recursive>
100073bc:	bd70      	pop	{r4, r5, r6, pc}
100073be:	f7ff ff5f 	bl	10007280 <global_stdio_init.part.0>
100073c2:	e7f8      	b.n	100073b6 <__sinit+0x1e>
100073c4:	2000199c 	.word	0x2000199c
100073c8:	10007245 	.word	0x10007245
100073cc:	20001b04 	.word	0x20001b04

100073d0 <__sfp_lock_acquire>:
100073d0:	b510      	push	{r4, lr}
100073d2:	4802      	ldr	r0, [pc, #8]	@ (100073dc <__sfp_lock_acquire+0xc>)
100073d4:	f000 f8ea 	bl	100075ac <__retarget_lock_acquire_recursive>
100073d8:	bd10      	pop	{r4, pc}
100073da:	46c0      	nop			@ (mov r8, r8)
100073dc:	2000199c 	.word	0x2000199c

100073e0 <__sfp_lock_release>:
100073e0:	b510      	push	{r4, lr}
100073e2:	4802      	ldr	r0, [pc, #8]	@ (100073ec <__sfp_lock_release+0xc>)
100073e4:	f000 f8e4 	bl	100075b0 <__retarget_lock_release_recursive>
100073e8:	bd10      	pop	{r4, pc}
100073ea:	46c0      	nop			@ (mov r8, r8)
100073ec:	2000199c 	.word	0x2000199c

100073f0 <_fwalk_sglue>:
100073f0:	b5f8      	push	{r3, r4, r5, r6, r7, lr}
100073f2:	4647      	mov	r7, r8
100073f4:	46ce      	mov	lr, r9
100073f6:	4688      	mov	r8, r1
100073f8:	b580      	push	{r7, lr}
100073fa:	4681      	mov	r9, r0
100073fc:	0017      	movs	r7, r2
100073fe:	2600      	movs	r6, #0
10007400:	687d      	ldr	r5, [r7, #4]
10007402:	68bc      	ldr	r4, [r7, #8]
10007404:	3d01      	subs	r5, #1
10007406:	d40d      	bmi.n	10007424 <_fwalk_sglue+0x34>
10007408:	89a3      	ldrh	r3, [r4, #12]
1000740a:	2b01      	cmp	r3, #1
1000740c:	d907      	bls.n	1000741e <_fwalk_sglue+0x2e>
1000740e:	220e      	movs	r2, #14
10007410:	5ea3      	ldrsh	r3, [r4, r2]
10007412:	3301      	adds	r3, #1
10007414:	d003      	beq.n	1000741e <_fwalk_sglue+0x2e>
10007416:	0021      	movs	r1, r4
10007418:	4648      	mov	r0, r9
1000741a:	47c0      	blx	r8
1000741c:	4306      	orrs	r6, r0
1000741e:	3468      	adds	r4, #104	@ 0x68
10007420:	3d01      	subs	r5, #1
10007422:	d2f1      	bcs.n	10007408 <_fwalk_sglue+0x18>
10007424:	683f      	ldr	r7, [r7, #0]
10007426:	2f00      	cmp	r7, #0
10007428:	d1ea      	bne.n	10007400 <_fwalk_sglue+0x10>
1000742a:	0030      	movs	r0, r6
1000742c:	bcc0      	pop	{r6, r7}
1000742e:	46b9      	mov	r9, r7
10007430:	46b0      	mov	r8, r6
10007432:	bdf8      	pop	{r3, r4, r5, r6, r7, pc}

10007434 <__sread>:
10007434:	b570      	push	{r4, r5, r6, lr}
10007436:	000c      	movs	r4, r1
10007438:	250e      	movs	r5, #14
1000743a:	5f49      	ldrsh	r1, [r1, r5]
1000743c:	f000 f872 	bl	10007524 <_read_r>
10007440:	2800      	cmp	r0, #0
10007442:	db03      	blt.n	1000744c <__sread+0x18>
10007444:	6d23      	ldr	r3, [r4, #80]	@ 0x50
10007446:	181b      	adds	r3, r3, r0
10007448:	6523      	str	r3, [r4, #80]	@ 0x50
1000744a:	bd70      	pop	{r4, r5, r6, pc}
1000744c:	89a3      	ldrh	r3, [r4, #12]
1000744e:	4a02      	ldr	r2, [pc, #8]	@ (10007458 <__sread+0x24>)
10007450:	4013      	ands	r3, r2
10007452:	81a3      	strh	r3, [r4, #12]
10007454:	e7f9      	b.n	1000744a <__sread+0x16>
10007456:	46c0      	nop			@ (mov r8, r8)
10007458:	ffffefff 	.word	0xffffefff

1000745c <__swrite>:
1000745c:	b5f8      	push	{r3, r4, r5, r6, r7, lr}
1000745e:	000c      	movs	r4, r1
10007460:	001f      	movs	r7, r3
10007462:	230c      	movs	r3, #12
10007464:	5ec9      	ldrsh	r1, [r1, r3]
10007466:	0005      	movs	r5, r0
10007468:	0016      	movs	r6, r2
1000746a:	05cb      	lsls	r3, r1, #23
1000746c:	d40a      	bmi.n	10007484 <__swrite+0x28>
1000746e:	4b0a      	ldr	r3, [pc, #40]	@ (10007498 <__swrite+0x3c>)
10007470:	0032      	movs	r2, r6
10007472:	4019      	ands	r1, r3
10007474:	0028      	movs	r0, r5
10007476:	81a1      	strh	r1, [r4, #12]
10007478:	230e      	movs	r3, #14
1000747a:	5ee1      	ldrsh	r1, [r4, r3]
1000747c:	003b      	movs	r3, r7
1000747e:	f000 f877 	bl	10007570 <_write_r>
10007482:	bdf8      	pop	{r3, r4, r5, r6, r7, pc}
10007484:	230e      	movs	r3, #14
10007486:	5ee1      	ldrsh	r1, [r4, r3]
10007488:	2200      	movs	r2, #0
1000748a:	2302      	movs	r3, #2
1000748c:	f000 f836 	bl	100074fc <_lseek_r>
10007490:	230c      	movs	r3, #12
10007492:	5ee1      	ldrsh	r1, [r4, r3]
10007494:	e7eb      	b.n	1000746e <__swrite+0x12>
10007496:	46c0      	nop			@ (mov r8, r8)
10007498:	ffffefff 	.word	0xffffefff

1000749c <__sseek>:
1000749c:	b570      	push	{r4, r5, r6, lr}
1000749e:	000c      	movs	r4, r1
100074a0:	250e      	movs	r5, #14
100074a2:	5f49      	ldrsh	r1, [r1, r5]
100074a4:	f000 f82a 	bl	100074fc <_lseek_r>
100074a8:	1c43      	adds	r3, r0, #1
100074aa:	d007      	beq.n	100074bc <__sseek+0x20>
100074ac:	2380      	movs	r3, #128	@ 0x80
100074ae:	89a2      	ldrh	r2, [r4, #12]
100074b0:	015b      	lsls	r3, r3, #5
100074b2:	4313      	orrs	r3, r2
100074b4:	b21b      	sxth	r3, r3
100074b6:	6520      	str	r0, [r4, #80]	@ 0x50
100074b8:	81a3      	strh	r3, [r4, #12]
100074ba:	bd70      	pop	{r4, r5, r6, pc}
100074bc:	89a3      	ldrh	r3, [r4, #12]
100074be:	4a02      	ldr	r2, [pc, #8]	@ (100074c8 <__sseek+0x2c>)
100074c0:	4013      	ands	r3, r2
100074c2:	b21b      	sxth	r3, r3
100074c4:	e7f8      	b.n	100074b8 <__sseek+0x1c>
100074c6:	46c0      	nop			@ (mov r8, r8)
100074c8:	ffffefff 	.word	0xffffefff

100074cc <__sclose>:
100074cc:	b510      	push	{r4, lr}
100074ce:	230e      	movs	r3, #14
100074d0:	5ec9      	ldrsh	r1, [r1, r3]
100074d2:	f000 f801 	bl	100074d8 <_close_r>
100074d6:	bd10      	pop	{r4, pc}

100074d8 <_close_r>:
100074d8:	2300      	movs	r3, #0
100074da:	b570      	push	{r4, r5, r6, lr}
100074dc:	4c06      	ldr	r4, [pc, #24]	@ (100074f8 <_close_r+0x20>)
100074de:	0005      	movs	r5, r0
100074e0:	0008      	movs	r0, r1
100074e2:	6023      	str	r3, [r4, #0]
100074e4:	f7fd f8a0 	bl	10004628 <_close>
100074e8:	1c43      	adds	r3, r0, #1
100074ea:	d000      	beq.n	100074ee <_close_r+0x16>
100074ec:	bd70      	pop	{r4, r5, r6, pc}
100074ee:	6823      	ldr	r3, [r4, #0]
100074f0:	2b00      	cmp	r3, #0
100074f2:	d0fb      	beq.n	100074ec <_close_r+0x14>
100074f4:	602b      	str	r3, [r5, #0]
100074f6:	e7f9      	b.n	100074ec <_close_r+0x14>
100074f8:	20001f3c 	.word	0x20001f3c

100074fc <_lseek_r>:
100074fc:	b570      	push	{r4, r5, r6, lr}
100074fe:	0004      	movs	r4, r0
10007500:	0008      	movs	r0, r1
10007502:	0011      	movs	r1, r2
10007504:	001a      	movs	r2, r3
10007506:	2300      	movs	r3, #0
10007508:	4d05      	ldr	r5, [pc, #20]	@ (10007520 <_lseek_r+0x24>)
1000750a:	602b      	str	r3, [r5, #0]
1000750c:	f7fd f890 	bl	10004630 <_lseek>
10007510:	1c43      	adds	r3, r0, #1
10007512:	d000      	beq.n	10007516 <_lseek_r+0x1a>
10007514:	bd70      	pop	{r4, r5, r6, pc}
10007516:	682b      	ldr	r3, [r5, #0]
10007518:	2b00      	cmp	r3, #0
1000751a:	d0fb      	beq.n	10007514 <_lseek_r+0x18>
1000751c:	6023      	str	r3, [r4, #0]
1000751e:	e7f9      	b.n	10007514 <_lseek_r+0x18>
10007520:	20001f3c 	.word	0x20001f3c

10007524 <_read_r>:
10007524:	b570      	push	{r4, r5, r6, lr}
10007526:	0004      	movs	r4, r0
10007528:	0008      	movs	r0, r1
1000752a:	0011      	movs	r1, r2
1000752c:	001a      	movs	r2, r3
1000752e:	2300      	movs	r3, #0
10007530:	4d05      	ldr	r5, [pc, #20]	@ (10007548 <_read_r+0x24>)
10007532:	602b      	str	r3, [r5, #0]
10007534:	f7fd f854 	bl	100045e0 <_read>
10007538:	1c43      	adds	r3, r0, #1
1000753a:	d000      	beq.n	1000753e <_read_r+0x1a>
1000753c:	bd70      	pop	{r4, r5, r6, pc}
1000753e:	682b      	ldr	r3, [r5, #0]
10007540:	2b00      	cmp	r3, #0
10007542:	d0fb      	beq.n	1000753c <_read_r+0x18>
10007544:	6023      	str	r3, [r4, #0]
10007546:	e7f9      	b.n	1000753c <_read_r+0x18>
10007548:	20001f3c 	.word	0x20001f3c

1000754c <_sbrk_r>:
1000754c:	2300      	movs	r3, #0
1000754e:	b570      	push	{r4, r5, r6, lr}
10007550:	4c06      	ldr	r4, [pc, #24]	@ (1000756c <_sbrk_r+0x20>)
10007552:	0005      	movs	r5, r0
10007554:	0008      	movs	r0, r1
10007556:	6023      	str	r3, [r4, #0]
10007558:	f7fd f828 	bl	100045ac <_sbrk>
1000755c:	1c43      	adds	r3, r0, #1
1000755e:	d000      	beq.n	10007562 <_sbrk_r+0x16>
10007560:	bd70      	pop	{r4, r5, r6, pc}
10007562:	6823      	ldr	r3, [r4, #0]
10007564:	2b00      	cmp	r3, #0
10007566:	d0fb      	beq.n	10007560 <_sbrk_r+0x14>
10007568:	602b      	str	r3, [r5, #0]
1000756a:	e7f9      	b.n	10007560 <_sbrk_r+0x14>
1000756c:	20001f3c 	.word	0x20001f3c

10007570 <_write_r>:
10007570:	b570      	push	{r4, r5, r6, lr}
10007572:	0004      	movs	r4, r0
10007574:	0008      	movs	r0, r1
10007576:	0011      	movs	r1, r2
10007578:	001a      	movs	r2, r3
1000757a:	2300      	movs	r3, #0
1000757c:	4d05      	ldr	r5, [pc, #20]	@ (10007594 <_write_r+0x24>)
1000757e:	602b      	str	r3, [r5, #0]
10007580:	f7fd f840 	bl	10004604 <_write>
10007584:	1c43      	adds	r3, r0, #1
10007586:	d000      	beq.n	1000758a <_write_r+0x1a>
10007588:	bd70      	pop	{r4, r5, r6, pc}
1000758a:	682b      	ldr	r3, [r5, #0]
1000758c:	2b00      	cmp	r3, #0
1000758e:	d0fb      	beq.n	10007588 <_write_r+0x18>
10007590:	6023      	str	r3, [r4, #0]
10007592:	e7f9      	b.n	10007588 <_write_r+0x18>
10007594:	20001f3c 	.word	0x20001f3c

10007598 <__errno>:
10007598:	4b01      	ldr	r3, [pc, #4]	@ (100075a0 <__errno+0x8>)
1000759a:	6818      	ldr	r0, [r3, #0]
1000759c:	4770      	bx	lr
1000759e:	46c0      	nop			@ (mov r8, r8)
100075a0:	200014c4 	.word	0x200014c4

100075a4 <__retarget_lock_init_recursive>:
100075a4:	4770      	bx	lr
100075a6:	46c0      	nop			@ (mov r8, r8)

100075a8 <__retarget_lock_close_recursive>:
100075a8:	4770      	bx	lr
100075aa:	46c0      	nop			@ (mov r8, r8)

100075ac <__retarget_lock_acquire_recursive>:
100075ac:	4770      	bx	lr
100075ae:	46c0      	nop			@ (mov r8, r8)

100075b0 <__retarget_lock_release_recursive>:
100075b0:	4770      	bx	lr
100075b2:	46c0      	nop			@ (mov r8, r8)

100075b4 <sysconf>:
100075b4:	2380      	movs	r3, #128	@ 0x80
100075b6:	b510      	push	{r4, lr}
100075b8:	015b      	lsls	r3, r3, #5
100075ba:	2808      	cmp	r0, #8
100075bc:	d101      	bne.n	100075c2 <sysconf+0xe>
100075be:	0018      	movs	r0, r3
100075c0:	bd10      	pop	{r4, pc}
100075c2:	f7ff ffe9 	bl	10007598 <__errno>
100075c6:	2316      	movs	r3, #22
100075c8:	6003      	str	r3, [r0, #0]
100075ca:	3b17      	subs	r3, #23
100075cc:	e7f7      	b.n	100075be <sysconf+0xa>
100075ce:	46c0      	nop			@ (mov r8, r8)

100075d0 <strlen>:
100075d0:	b510      	push	{r4, lr}
100075d2:	0783      	lsls	r3, r0, #30
100075d4:	d00a      	beq.n	100075ec <strlen+0x1c>
100075d6:	0003      	movs	r3, r0
100075d8:	2103      	movs	r1, #3
100075da:	e002      	b.n	100075e2 <strlen+0x12>
100075dc:	3301      	adds	r3, #1
100075de:	420b      	tst	r3, r1
100075e0:	d005      	beq.n	100075ee <strlen+0x1e>
100075e2:	781a      	ldrb	r2, [r3, #0]
100075e4:	2a00      	cmp	r2, #0
100075e6:	d1f9      	bne.n	100075dc <strlen+0xc>
100075e8:	1a18      	subs	r0, r3, r0
100075ea:	bd10      	pop	{r4, pc}
100075ec:	0003      	movs	r3, r0
100075ee:	6819      	ldr	r1, [r3, #0]
100075f0:	4a0c      	ldr	r2, [pc, #48]	@ (10007624 <strlen+0x54>)
100075f2:	4c0d      	ldr	r4, [pc, #52]	@ (10007628 <strlen+0x58>)
100075f4:	188a      	adds	r2, r1, r2
100075f6:	438a      	bics	r2, r1
100075f8:	4222      	tst	r2, r4
100075fa:	d10f      	bne.n	1000761c <strlen+0x4c>
100075fc:	6859      	ldr	r1, [r3, #4]
100075fe:	4a09      	ldr	r2, [pc, #36]	@ (10007624 <strlen+0x54>)
10007600:	3304      	adds	r3, #4
10007602:	188a      	adds	r2, r1, r2
10007604:	438a      	bics	r2, r1
10007606:	4222      	tst	r2, r4
10007608:	d108      	bne.n	1000761c <strlen+0x4c>
1000760a:	6859      	ldr	r1, [r3, #4]
1000760c:	4a05      	ldr	r2, [pc, #20]	@ (10007624 <strlen+0x54>)
1000760e:	3304      	adds	r3, #4
10007610:	188a      	adds	r2, r1, r2
10007612:	438a      	bics	r2, r1
10007614:	4222      	tst	r2, r4
10007616:	d0f1      	beq.n	100075fc <strlen+0x2c>
10007618:	e000      	b.n	1000761c <strlen+0x4c>
1000761a:	3301      	adds	r3, #1
1000761c:	781a      	ldrb	r2, [r3, #0]
1000761e:	2a00      	cmp	r2, #0
10007620:	d1fb      	bne.n	1000761a <strlen+0x4a>
10007622:	e7e1      	b.n	100075e8 <strlen+0x18>
10007624:	fefefeff 	.word	0xfefefeff
10007628:	80808080 	.word	0x80808080

1000762c <_malloc_trim_r>:
1000762c:	b5f0      	push	{r4, r5, r6, r7, lr}
1000762e:	46c6      	mov	lr, r8
10007630:	0006      	movs	r6, r0
10007632:	b500      	push	{lr}
10007634:	2008      	movs	r0, #8
10007636:	000d      	movs	r5, r1
10007638:	f7ff ffbc 	bl	100075b4 <sysconf>
1000763c:	0004      	movs	r4, r0
1000763e:	0030      	movs	r0, r6
10007640:	f7ff fccc 	bl	10006fdc <__malloc_lock>
10007644:	4b23      	ldr	r3, [pc, #140]	@ (100076d4 <_malloc_trim_r+0xa8>)
10007646:	0021      	movs	r1, r4
10007648:	4698      	mov	r8, r3
1000764a:	689b      	ldr	r3, [r3, #8]
1000764c:	685f      	ldr	r7, [r3, #4]
1000764e:	2303      	movs	r3, #3
10007650:	439f      	bics	r7, r3
10007652:	0038      	movs	r0, r7
10007654:	3811      	subs	r0, #17
10007656:	1b40      	subs	r0, r0, r5
10007658:	1900      	adds	r0, r0, r4
1000765a:	f7fa fd63 	bl	10002124 <__wrap___aeabi_uidiv>
1000765e:	1e45      	subs	r5, r0, #1
10007660:	4365      	muls	r5, r4
10007662:	42ac      	cmp	r4, r5
10007664:	dc08      	bgt.n	10007678 <_malloc_trim_r+0x4c>
10007666:	2100      	movs	r1, #0
10007668:	0030      	movs	r0, r6
1000766a:	f7ff ff6f 	bl	1000754c <_sbrk_r>
1000766e:	4643      	mov	r3, r8
10007670:	689b      	ldr	r3, [r3, #8]
10007672:	19db      	adds	r3, r3, r7
10007674:	4298      	cmp	r0, r3
10007676:	d006      	beq.n	10007686 <_malloc_trim_r+0x5a>
10007678:	0030      	movs	r0, r6
1000767a:	f7ff fcb7 	bl	10006fec <__malloc_unlock>
1000767e:	2000      	movs	r0, #0
10007680:	bc80      	pop	{r7}
10007682:	46b8      	mov	r8, r7
10007684:	bdf0      	pop	{r4, r5, r6, r7, pc}
10007686:	0030      	movs	r0, r6
10007688:	4269      	negs	r1, r5
1000768a:	f7ff ff5f 	bl	1000754c <_sbrk_r>
1000768e:	3001      	adds	r0, #1
10007690:	d00e      	beq.n	100076b0 <_malloc_trim_r+0x84>
10007692:	2201      	movs	r2, #1
10007694:	4643      	mov	r3, r8
10007696:	1b7f      	subs	r7, r7, r5
10007698:	689b      	ldr	r3, [r3, #8]
1000769a:	4317      	orrs	r7, r2
1000769c:	4a0e      	ldr	r2, [pc, #56]	@ (100076d8 <_malloc_trim_r+0xac>)
1000769e:	605f      	str	r7, [r3, #4]
100076a0:	6813      	ldr	r3, [r2, #0]
100076a2:	0030      	movs	r0, r6
100076a4:	1b5b      	subs	r3, r3, r5
100076a6:	6013      	str	r3, [r2, #0]
100076a8:	f7ff fca0 	bl	10006fec <__malloc_unlock>
100076ac:	2001      	movs	r0, #1
100076ae:	e7e7      	b.n	10007680 <_malloc_trim_r+0x54>
100076b0:	2100      	movs	r1, #0
100076b2:	0030      	movs	r0, r6
100076b4:	f7ff ff4a 	bl	1000754c <_sbrk_r>
100076b8:	4643      	mov	r3, r8
100076ba:	689a      	ldr	r2, [r3, #8]
100076bc:	1a83      	subs	r3, r0, r2
100076be:	2b0f      	cmp	r3, #15
100076c0:	ddda      	ble.n	10007678 <_malloc_trim_r+0x4c>
100076c2:	4c06      	ldr	r4, [pc, #24]	@ (100076dc <_malloc_trim_r+0xb0>)
100076c4:	4904      	ldr	r1, [pc, #16]	@ (100076d8 <_malloc_trim_r+0xac>)
100076c6:	6824      	ldr	r4, [r4, #0]
100076c8:	1b00      	subs	r0, r0, r4
100076ca:	6008      	str	r0, [r1, #0]
100076cc:	2101      	movs	r1, #1
100076ce:	430b      	orrs	r3, r1
100076d0:	6053      	str	r3, [r2, #4]
100076d2:	e7d1      	b.n	10007678 <_malloc_trim_r+0x4c>
100076d4:	200010b0 	.word	0x200010b0
100076d8:	200019a0 	.word	0x200019a0
100076dc:	200010a8 	.word	0x200010a8

100076e0 <_free_r>:
100076e0:	b5f8      	push	{r3, r4, r5, r6, r7, lr}
100076e2:	46ce      	mov	lr, r9
100076e4:	4647      	mov	r7, r8
100076e6:	0005      	movs	r5, r0
100076e8:	000c      	movs	r4, r1
100076ea:	b580      	push	{r7, lr}
100076ec:	2900      	cmp	r1, #0
100076ee:	d057      	beq.n	100077a0 <_free_r+0xc0>
100076f0:	f7ff fc74 	bl	10006fdc <__malloc_lock>
100076f4:	2301      	movs	r3, #1
100076f6:	0021      	movs	r1, r4
100076f8:	469c      	mov	ip, r3
100076fa:	3908      	subs	r1, #8
100076fc:	6848      	ldr	r0, [r1, #4]
100076fe:	4662      	mov	r2, ip
10007700:	0003      	movs	r3, r0
10007702:	2403      	movs	r4, #3
10007704:	4393      	bics	r3, r2
10007706:	18cf      	adds	r7, r1, r3
10007708:	687a      	ldr	r2, [r7, #4]
1000770a:	4e65      	ldr	r6, [pc, #404]	@ (100078a0 <_free_r+0x1c0>)
1000770c:	43a2      	bics	r2, r4
1000770e:	68b4      	ldr	r4, [r6, #8]
10007710:	42bc      	cmp	r4, r7
10007712:	d100      	bne.n	10007716 <_free_r+0x36>
10007714:	e070      	b.n	100077f8 <_free_r+0x118>
10007716:	18bc      	adds	r4, r7, r2
10007718:	46a1      	mov	r9, r4
1000771a:	4664      	mov	r4, ip
1000771c:	607a      	str	r2, [r7, #4]
1000771e:	4204      	tst	r4, r0
10007720:	d121      	bne.n	10007766 <_free_r+0x86>
10007722:	6808      	ldr	r0, [r1, #0]
10007724:	1a09      	subs	r1, r1, r0
10007726:	181b      	adds	r3, r3, r0
10007728:	6888      	ldr	r0, [r1, #8]
1000772a:	4680      	mov	r8, r0
1000772c:	4648      	mov	r0, r9
1000772e:	6840      	ldr	r0, [r0, #4]
10007730:	4020      	ands	r0, r4
10007732:	0034      	movs	r4, r6
10007734:	3408      	adds	r4, #8
10007736:	4681      	mov	r9, r0
10007738:	45a0      	cmp	r8, r4
1000773a:	d051      	beq.n	100077e0 <_free_r+0x100>
1000773c:	4640      	mov	r0, r8
1000773e:	68cc      	ldr	r4, [r1, #12]
10007740:	60c4      	str	r4, [r0, #12]
10007742:	60a0      	str	r0, [r4, #8]
10007744:	4648      	mov	r0, r9
10007746:	2800      	cmp	r0, #0
10007748:	d111      	bne.n	1000776e <_free_r+0x8e>
1000774a:	189b      	adds	r3, r3, r2
1000774c:	4855      	ldr	r0, [pc, #340]	@ (100078a4 <_free_r+0x1c4>)
1000774e:	68ba      	ldr	r2, [r7, #8]
10007750:	4282      	cmp	r2, r0
10007752:	d100      	bne.n	10007756 <_free_r+0x76>
10007754:	e07f      	b.n	10007856 <_free_r+0x176>
10007756:	68f8      	ldr	r0, [r7, #12]
10007758:	60d0      	str	r0, [r2, #12]
1000775a:	6082      	str	r2, [r0, #8]
1000775c:	2201      	movs	r2, #1
1000775e:	431a      	orrs	r2, r3
10007760:	604a      	str	r2, [r1, #4]
10007762:	50cb      	str	r3, [r1, r3]
10007764:	e007      	b.n	10007776 <_free_r+0x96>
10007766:	4648      	mov	r0, r9
10007768:	6840      	ldr	r0, [r0, #4]
1000776a:	4220      	tst	r0, r4
1000776c:	d0ed      	beq.n	1000774a <_free_r+0x6a>
1000776e:	4662      	mov	r2, ip
10007770:	431a      	orrs	r2, r3
10007772:	604a      	str	r2, [r1, #4]
10007774:	603b      	str	r3, [r7, #0]
10007776:	2280      	movs	r2, #128	@ 0x80
10007778:	0092      	lsls	r2, r2, #2
1000777a:	4293      	cmp	r3, r2
1000777c:	d214      	bcs.n	100077a8 <_free_r+0xc8>
1000777e:	08da      	lsrs	r2, r3, #3
10007780:	0958      	lsrs	r0, r3, #5
10007782:	2301      	movs	r3, #1
10007784:	4083      	lsls	r3, r0
10007786:	6870      	ldr	r0, [r6, #4]
10007788:	4303      	orrs	r3, r0
1000778a:	6073      	str	r3, [r6, #4]
1000778c:	00d3      	lsls	r3, r2, #3
1000778e:	199b      	adds	r3, r3, r6
10007790:	689a      	ldr	r2, [r3, #8]
10007792:	60cb      	str	r3, [r1, #12]
10007794:	608a      	str	r2, [r1, #8]
10007796:	6099      	str	r1, [r3, #8]
10007798:	60d1      	str	r1, [r2, #12]
1000779a:	0028      	movs	r0, r5
1000779c:	f7ff fc26 	bl	10006fec <__malloc_unlock>
100077a0:	bcc0      	pop	{r6, r7}
100077a2:	46b9      	mov	r9, r7
100077a4:	46b0      	mov	r8, r6
100077a6:	bdf8      	pop	{r3, r4, r5, r6, r7, pc}
100077a8:	0a5c      	lsrs	r4, r3, #9
100077aa:	2c04      	cmp	r4, #4
100077ac:	d83d      	bhi.n	1000782a <_free_r+0x14a>
100077ae:	099c      	lsrs	r4, r3, #6
100077b0:	0020      	movs	r0, r4
100077b2:	3439      	adds	r4, #57	@ 0x39
100077b4:	3038      	adds	r0, #56	@ 0x38
100077b6:	00e4      	lsls	r4, r4, #3
100077b8:	1934      	adds	r4, r6, r4
100077ba:	6822      	ldr	r2, [r4, #0]
100077bc:	3c08      	subs	r4, #8
100077be:	2703      	movs	r7, #3
100077c0:	4294      	cmp	r4, r2
100077c2:	d103      	bne.n	100077cc <_free_r+0xec>
100077c4:	e040      	b.n	10007848 <_free_r+0x168>
100077c6:	6892      	ldr	r2, [r2, #8]
100077c8:	4294      	cmp	r4, r2
100077ca:	d003      	beq.n	100077d4 <_free_r+0xf4>
100077cc:	6850      	ldr	r0, [r2, #4]
100077ce:	43b8      	bics	r0, r7
100077d0:	4298      	cmp	r0, r3
100077d2:	d8f8      	bhi.n	100077c6 <_free_r+0xe6>
100077d4:	68d4      	ldr	r4, [r2, #12]
100077d6:	60cc      	str	r4, [r1, #12]
100077d8:	608a      	str	r2, [r1, #8]
100077da:	60a1      	str	r1, [r4, #8]
100077dc:	60d1      	str	r1, [r2, #12]
100077de:	e7dc      	b.n	1000779a <_free_r+0xba>
100077e0:	2800      	cmp	r0, #0
100077e2:	d158      	bne.n	10007896 <_free_r+0x1b6>
100077e4:	68b8      	ldr	r0, [r7, #8]
100077e6:	18d2      	adds	r2, r2, r3
100077e8:	68fb      	ldr	r3, [r7, #12]
100077ea:	60c3      	str	r3, [r0, #12]
100077ec:	6098      	str	r0, [r3, #8]
100077ee:	4663      	mov	r3, ip
100077f0:	4313      	orrs	r3, r2
100077f2:	604b      	str	r3, [r1, #4]
100077f4:	508a      	str	r2, [r1, r2]
100077f6:	e7d0      	b.n	1000779a <_free_r+0xba>
100077f8:	189a      	adds	r2, r3, r2
100077fa:	4663      	mov	r3, ip
100077fc:	4203      	tst	r3, r0
100077fe:	d106      	bne.n	1000780e <_free_r+0x12e>
10007800:	680b      	ldr	r3, [r1, #0]
10007802:	1ac9      	subs	r1, r1, r3
10007804:	6888      	ldr	r0, [r1, #8]
10007806:	18d2      	adds	r2, r2, r3
10007808:	68cb      	ldr	r3, [r1, #12]
1000780a:	60c3      	str	r3, [r0, #12]
1000780c:	6098      	str	r0, [r3, #8]
1000780e:	2301      	movs	r3, #1
10007810:	4313      	orrs	r3, r2
10007812:	604b      	str	r3, [r1, #4]
10007814:	4b24      	ldr	r3, [pc, #144]	@ (100078a8 <_free_r+0x1c8>)
10007816:	60b1      	str	r1, [r6, #8]
10007818:	681b      	ldr	r3, [r3, #0]
1000781a:	4293      	cmp	r3, r2
1000781c:	d8bd      	bhi.n	1000779a <_free_r+0xba>
1000781e:	4b23      	ldr	r3, [pc, #140]	@ (100078ac <_free_r+0x1cc>)
10007820:	0028      	movs	r0, r5
10007822:	6819      	ldr	r1, [r3, #0]
10007824:	f7ff ff02 	bl	1000762c <_malloc_trim_r>
10007828:	e7b7      	b.n	1000779a <_free_r+0xba>
1000782a:	2c14      	cmp	r4, #20
1000782c:	d907      	bls.n	1000783e <_free_r+0x15e>
1000782e:	2c54      	cmp	r4, #84	@ 0x54
10007830:	d81a      	bhi.n	10007868 <_free_r+0x188>
10007832:	0b1c      	lsrs	r4, r3, #12
10007834:	0020      	movs	r0, r4
10007836:	346f      	adds	r4, #111	@ 0x6f
10007838:	306e      	adds	r0, #110	@ 0x6e
1000783a:	00e4      	lsls	r4, r4, #3
1000783c:	e7bc      	b.n	100077b8 <_free_r+0xd8>
1000783e:	0020      	movs	r0, r4
10007840:	345c      	adds	r4, #92	@ 0x5c
10007842:	305b      	adds	r0, #91	@ 0x5b
10007844:	00e4      	lsls	r4, r4, #3
10007846:	e7b7      	b.n	100077b8 <_free_r+0xd8>
10007848:	2301      	movs	r3, #1
1000784a:	1080      	asrs	r0, r0, #2
1000784c:	4083      	lsls	r3, r0
1000784e:	6870      	ldr	r0, [r6, #4]
10007850:	4303      	orrs	r3, r0
10007852:	6073      	str	r3, [r6, #4]
10007854:	e7bf      	b.n	100077d6 <_free_r+0xf6>
10007856:	60d1      	str	r1, [r2, #12]
10007858:	6091      	str	r1, [r2, #8]
1000785a:	60ca      	str	r2, [r1, #12]
1000785c:	608a      	str	r2, [r1, #8]
1000785e:	2201      	movs	r2, #1
10007860:	431a      	orrs	r2, r3
10007862:	604a      	str	r2, [r1, #4]
10007864:	50cb      	str	r3, [r1, r3]
10007866:	e798      	b.n	1000779a <_free_r+0xba>
10007868:	22aa      	movs	r2, #170	@ 0xaa
1000786a:	0052      	lsls	r2, r2, #1
1000786c:	4294      	cmp	r4, r2
1000786e:	d805      	bhi.n	1000787c <_free_r+0x19c>
10007870:	0bdc      	lsrs	r4, r3, #15
10007872:	0020      	movs	r0, r4
10007874:	3478      	adds	r4, #120	@ 0x78
10007876:	3077      	adds	r0, #119	@ 0x77
10007878:	00e4      	lsls	r4, r4, #3
1000787a:	e79d      	b.n	100077b8 <_free_r+0xd8>
1000787c:	4a0c      	ldr	r2, [pc, #48]	@ (100078b0 <_free_r+0x1d0>)
1000787e:	4294      	cmp	r4, r2
10007880:	d805      	bhi.n	1000788e <_free_r+0x1ae>
10007882:	0c9c      	lsrs	r4, r3, #18
10007884:	0020      	movs	r0, r4
10007886:	347d      	adds	r4, #125	@ 0x7d
10007888:	307c      	adds	r0, #124	@ 0x7c
1000788a:	00e4      	lsls	r4, r4, #3
1000788c:	e794      	b.n	100077b8 <_free_r+0xd8>
1000788e:	24fe      	movs	r4, #254	@ 0xfe
10007890:	207e      	movs	r0, #126	@ 0x7e
10007892:	00a4      	lsls	r4, r4, #2
10007894:	e790      	b.n	100077b8 <_free_r+0xd8>
10007896:	4662      	mov	r2, ip
10007898:	431a      	orrs	r2, r3
1000789a:	604a      	str	r2, [r1, #4]
1000789c:	603b      	str	r3, [r7, #0]
1000789e:	e77c      	b.n	1000779a <_free_r+0xba>
100078a0:	200010b0 	.word	0x200010b0
100078a4:	200010b8 	.word	0x200010b8
100078a8:	200010ac 	.word	0x200010ac
100078ac:	200019c8 	.word	0x200019c8
100078b0:	00000554 	.word	0x00000554

100078b4 <_fclose_r>:
100078b4:	b570      	push	{r4, r5, r6, lr}
100078b6:	0006      	movs	r6, r0
100078b8:	1e0c      	subs	r4, r1, #0
100078ba:	d040      	beq.n	1000793e <_fclose_r+0x8a>
100078bc:	2800      	cmp	r0, #0
100078be:	d002      	beq.n	100078c6 <_fclose_r+0x12>
100078c0:	6b43      	ldr	r3, [r0, #52]	@ 0x34
100078c2:	2b00      	cmp	r3, #0
100078c4:	d047      	beq.n	10007956 <_fclose_r+0xa2>
100078c6:	2501      	movs	r5, #1
100078c8:	220c      	movs	r2, #12
100078ca:	5ea3      	ldrsh	r3, [r4, r2]
100078cc:	6e62      	ldr	r2, [r4, #100]	@ 0x64
100078ce:	422a      	tst	r2, r5
100078d0:	d133      	bne.n	1000793a <_fclose_r+0x86>
100078d2:	059b      	lsls	r3, r3, #22
100078d4:	d542      	bpl.n	1000795c <_fclose_r+0xa8>
100078d6:	0021      	movs	r1, r4
100078d8:	0030      	movs	r0, r6
100078da:	f7ff fb8f 	bl	10006ffc <__sflush_r>
100078de:	6ae3      	ldr	r3, [r4, #44]	@ 0x2c
100078e0:	0005      	movs	r5, r0
100078e2:	2b00      	cmp	r3, #0
100078e4:	d004      	beq.n	100078f0 <_fclose_r+0x3c>
100078e6:	0030      	movs	r0, r6
100078e8:	69e1      	ldr	r1, [r4, #28]
100078ea:	4798      	blx	r3
100078ec:	2800      	cmp	r0, #0
100078ee:	db28      	blt.n	10007942 <_fclose_r+0x8e>
100078f0:	89a3      	ldrh	r3, [r4, #12]
100078f2:	061b      	lsls	r3, r3, #24
100078f4:	d42a      	bmi.n	1000794c <_fclose_r+0x98>
100078f6:	6b21      	ldr	r1, [r4, #48]	@ 0x30
100078f8:	2900      	cmp	r1, #0
100078fa:	d008      	beq.n	1000790e <_fclose_r+0x5a>
100078fc:	0023      	movs	r3, r4
100078fe:	3340      	adds	r3, #64	@ 0x40
10007900:	4299      	cmp	r1, r3
10007902:	d002      	beq.n	1000790a <_fclose_r+0x56>
10007904:	0030      	movs	r0, r6
10007906:	f7ff feeb 	bl	100076e0 <_free_r>
1000790a:	2300      	movs	r3, #0
1000790c:	6323      	str	r3, [r4, #48]	@ 0x30
1000790e:	6c61      	ldr	r1, [r4, #68]	@ 0x44
10007910:	2900      	cmp	r1, #0
10007912:	d004      	beq.n	1000791e <_fclose_r+0x6a>
10007914:	0030      	movs	r0, r6
10007916:	f7ff fee3 	bl	100076e0 <_free_r>
1000791a:	2300      	movs	r3, #0
1000791c:	6463      	str	r3, [r4, #68]	@ 0x44
1000791e:	f7ff fd57 	bl	100073d0 <__sfp_lock_acquire>
10007922:	2300      	movs	r3, #0
10007924:	81a3      	strh	r3, [r4, #12]
10007926:	6e63      	ldr	r3, [r4, #100]	@ 0x64
10007928:	07db      	lsls	r3, r3, #31
1000792a:	d526      	bpl.n	1000797a <_fclose_r+0xc6>
1000792c:	6da0      	ldr	r0, [r4, #88]	@ 0x58
1000792e:	f7ff fe3b 	bl	100075a8 <__retarget_lock_close_recursive>
10007932:	f7ff fd55 	bl	100073e0 <__sfp_lock_release>
10007936:	0028      	movs	r0, r5
10007938:	bd70      	pop	{r4, r5, r6, pc}
1000793a:	2b00      	cmp	r3, #0
1000793c:	d1cb      	bne.n	100078d6 <_fclose_r+0x22>
1000793e:	2500      	movs	r5, #0
10007940:	e7f9      	b.n	10007936 <_fclose_r+0x82>
10007942:	2501      	movs	r5, #1
10007944:	89a3      	ldrh	r3, [r4, #12]
10007946:	426d      	negs	r5, r5
10007948:	061b      	lsls	r3, r3, #24
1000794a:	d5d4      	bpl.n	100078f6 <_fclose_r+0x42>
1000794c:	0030      	movs	r0, r6
1000794e:	6921      	ldr	r1, [r4, #16]
10007950:	f7ff fec6 	bl	100076e0 <_free_r>
10007954:	e7cf      	b.n	100078f6 <_fclose_r+0x42>
10007956:	f7ff fd1f 	bl	10007398 <__sinit>
1000795a:	e7b4      	b.n	100078c6 <_fclose_r+0x12>
1000795c:	6da0      	ldr	r0, [r4, #88]	@ 0x58
1000795e:	f7ff fe25 	bl	100075ac <__retarget_lock_acquire_recursive>
10007962:	220c      	movs	r2, #12
10007964:	5ea3      	ldrsh	r3, [r4, r2]
10007966:	2b00      	cmp	r3, #0
10007968:	d1b5      	bne.n	100078d6 <_fclose_r+0x22>
1000796a:	6e63      	ldr	r3, [r4, #100]	@ 0x64
1000796c:	422b      	tst	r3, r5
1000796e:	d1e6      	bne.n	1000793e <_fclose_r+0x8a>
10007970:	6da0      	ldr	r0, [r4, #88]	@ 0x58
10007972:	f7ff fe1d 	bl	100075b0 <__retarget_lock_release_recursive>
10007976:	2500      	movs	r5, #0
10007978:	e7dd      	b.n	10007936 <_fclose_r+0x82>
1000797a:	6da0      	ldr	r0, [r4, #88]	@ 0x58
1000797c:	f7ff fe18 	bl	100075b0 <__retarget_lock_release_recursive>
10007980:	e7d4      	b.n	1000792c <_fclose_r+0x78>
10007982:	46c0      	nop			@ (mov r8, r8)
10007984:	0000      	movs	r0, r0
	...

10007988 <__mutex_try_enter_veneer>:
10007988:	b401      	push	{r0}
1000798a:	4802      	ldr	r0, [pc, #8]	@ (10007994 <__mutex_try_enter_veneer+0xc>)
1000798c:	4684      	mov	ip, r0
1000798e:	bc01      	pop	{r0}
10007990:	4760      	bx	ip
10007992:	bf00      	nop
10007994:	200000c1 	.word	0x200000c1

10007998 <__mutex_try_enter_block_until_veneer>:
10007998:	b401      	push	{r0}
1000799a:	4802      	ldr	r0, [pc, #8]	@ (100079a4 <__mutex_try_enter_block_until_veneer+0xc>)
1000799c:	4684      	mov	ip, r0
1000799e:	bc01      	pop	{r0}
100079a0:	4760      	bx	ip
100079a2:	bf00      	nop
100079a4:	20000175 	.word	0x20000175

100079a8 <__e15_is_bulkin_ep_veneer>:
100079a8:	b401      	push	{r0}
100079aa:	4802      	ldr	r0, [pc, #8]	@ (100079b4 <__e15_is_bulkin_ep_veneer+0xc>)
100079ac:	4684      	mov	ip, r0
100079ae:	bc01      	pop	{r0}
100079b0:	4760      	bx	ip
100079b2:	bf00      	nop
100079b4:	20000b8d 	.word	0x20000b8d

100079b8 <__mutex_enter_timeout_ms_veneer>:
100079b8:	b401      	push	{r0}
100079ba:	4802      	ldr	r0, [pc, #8]	@ (100079c4 <__mutex_enter_timeout_ms_veneer+0xc>)
100079bc:	4684      	mov	ip, r0
100079be:	bc01      	pop	{r0}
100079c0:	4760      	bx	ip
100079c2:	bf00      	nop
100079c4:	200001a9 	.word	0x200001a9

100079c8 <__reset_non_control_endpoints_veneer>:
100079c8:	b401      	push	{r0}
100079ca:	4802      	ldr	r0, [pc, #8]	@ (100079d4 <__reset_non_control_endpoints_veneer+0xc>)
100079cc:	4684      	mov	ip, r0
100079ce:	bc01      	pop	{r0}
100079d0:	4760      	bx	ip
100079d2:	bf00      	nop
100079d4:	20000391 	.word	0x20000391

100079d8 <____aeabi_idiv0_veneer>:
100079d8:	b401      	push	{r0}
100079da:	4802      	ldr	r0, [pc, #8]	@ (100079e4 <____aeabi_idiv0_veneer+0xc>)
100079dc:	4684      	mov	ip, r0
100079de:	bc01      	pop	{r0}
100079e0:	4760      	bx	ip
100079e2:	bf00      	nop
100079e4:	20000f45 	.word	0x20000f45

100079e8 <____aeabi_ldiv0_veneer>:
100079e8:	b401      	push	{r0}
100079ea:	4802      	ldr	r0, [pc, #8]	@ (100079f4 <____aeabi_ldiv0_veneer+0xc>)
100079ec:	4684      	mov	ip, r0
100079ee:	bc01      	pop	{r0}
100079f0:	4760      	bx	ip
100079f2:	bf00      	nop
100079f4:	20000f45 	.word	0x20000f45

100079f8 <__spi_write_read_blocking_veneer>:
100079f8:	b401      	push	{r0}
100079fa:	4802      	ldr	r0, [pc, #8]	@ (10007a04 <__spi_write_read_blocking_veneer+0xc>)
100079fc:	4684      	mov	ip, r0
100079fe:	bc01      	pop	{r0}
10007a00:	4760      	bx	ip
10007a02:	bf00      	nop
10007a04:	20000ed1 	.word	0x20000ed1

10007a08 <__e15_is_critical_frame_period_veneer>:
10007a08:	b401      	push	{r0}
10007a0a:	4802      	ldr	r0, [pc, #8]	@ (10007a14 <__e15_is_critical_frame_period_veneer+0xc>)
10007a0c:	4684      	mov	ip, r0
10007a0e:	bc01      	pop	{r0}
10007a10:	4760      	bx	ip
10007a12:	bf00      	nop
10007a14:	20000bb5 	.word	0x20000bb5

10007a18 <___hw_endpoint_buffer_control_update32_veneer>:
10007a18:	b401      	push	{r0}
10007a1a:	4802      	ldr	r0, [pc, #8]	@ (10007a24 <___hw_endpoint_buffer_control_update32_veneer+0xc>)
10007a1c:	4684      	mov	ip, r0
10007a1e:	bc01      	pop	{r0}
10007a20:	4760      	bx	ip
10007a22:	bf00      	nop
10007a24:	20000bf5 	.word	0x20000bf5

10007a28 <__flash_do_cmd_cs_veneer>:
10007a28:	b401      	push	{r0}
10007a2a:	4802      	ldr	r0, [pc, #8]	@ (10007a34 <__flash_do_cmd_cs_veneer+0xc>)
10007a2c:	4684      	mov	ip, r0
10007a2e:	bc01      	pop	{r0}
10007a30:	4760      	bx	ip
10007a32:	bf00      	nop
10007a34:	2000029d 	.word	0x2000029d

10007a38 <__mutex_exit_veneer>:
10007a38:	b401      	push	{r0}
10007a3a:	4802      	ldr	r0, [pc, #8]	@ (10007a44 <__mutex_exit_veneer+0xc>)
10007a3c:	4684      	mov	ip, r0
10007a3e:	bc01      	pop	{r0}
10007a40:	4760      	bx	ip
10007a42:	bf00      	nop
10007a44:	200001e9 	.word	0x200001e9

10007a48 <__hw_endpoint_start_next_buffer_veneer>:
10007a48:	b401      	push	{r0}
10007a4a:	4802      	ldr	r0, [pc, #8]	@ (10007a54 <__hw_endpoint_start_next_buffer_veneer+0xc>)
10007a4c:	4684      	mov	ip, r0
10007a4e:	bc01      	pop	{r0}
10007a50:	4760      	bx	ip
10007a52:	bf00      	nop
10007a54:	20000c45 	.word	0x20000c45

10007a58 <__pre_init_runtime_init_early_resets>:
10007a58:	10001eb5                                ....

10007a5c <__pre_init_runtime_init_usb_power_down>:
10007a5c:	10001ee1 100020c5 10002e21 10002759     ..... ..!...Y'..
10007a6c:	10002d91                                .-..

10007a70 <__pre_init_runtime_init_clocks>:
10007a70:	10001fed                                ....

10007a74 <__pre_init_runtime_init_post_clock_resets>:
10007a74:	10001efd                                ....

10007a78 <__pre_init_runtime_init_rp2040_gpio_ie_disable>:
10007a78:	10001f1d                                ....

10007a7c <__pre_init_runtime_init_spin_locks_reset>:
10007a7c:	10001f31                                1...

10007a80 <__pre_init_runtime_init_mutex>:
10007a80:	100010d9                                ....

10007a84 <__pre_init_runtime_init_install_ram_vector_table>:
10007a84:	10001f39                                9...

10007a88 <__pre_init_runtime_init_default_alarm_pool>:
10007a88:	100014a1                                ....

10007a8c <__pre_init_first_per_core_initializer>:
10007a8c:	10001e7d                                }...

10007a90 <__pre_init_runtime_init_per_core_irq_priorities>:
10007a90:	10000d11                                ....

10007a94 <__init_array_start>:
10007a94:	10005029 	.word	0x10005029

Disassembly of section .data:

200000c0 <mutex_try_enter>:
200000c0:	0003      	movs	r3, r0
200000c2:	6800      	ldr	r0, [r0, #0]
200000c4:	f3ef 8c10 	mrs	ip, PRIMASK
200000c8:	b672      	cpsid	i
200000ca:	6802      	ldr	r2, [r0, #0]
200000cc:	2a00      	cmp	r2, #0
200000ce:	d0fc      	beq.n	200000ca <mutex_try_enter+0xa>
200000d0:	f3bf 8f5f 	dmb	sy
200000d4:	2204      	movs	r2, #4
200000d6:	569a      	ldrsb	r2, [r3, r2]
200000d8:	2a00      	cmp	r2, #0
200000da:	db04      	blt.n	200000e6 <mutex_try_enter+0x26>
200000dc:	2900      	cmp	r1, #0
200000de:	d000      	beq.n	200000e2 <mutex_try_enter+0x22>
200000e0:	600a      	str	r2, [r1, #0]
200000e2:	2000      	movs	r0, #0
200000e4:	e004      	b.n	200000f0 <mutex_try_enter+0x30>
200000e6:	22d0      	movs	r2, #208	@ 0xd0
200000e8:	2001      	movs	r0, #1
200000ea:	0612      	lsls	r2, r2, #24
200000ec:	6812      	ldr	r2, [r2, #0]
200000ee:	711a      	strb	r2, [r3, #4]
200000f0:	681b      	ldr	r3, [r3, #0]
200000f2:	f3bf 8f5f 	dmb	sy
200000f6:	2200      	movs	r2, #0
200000f8:	601a      	str	r2, [r3, #0]
200000fa:	f38c 8810 	msr	PRIMASK, ip
200000fe:	4770      	bx	lr

20000100 <mutex_enter_block_until>:
20000100:	b5f0      	push	{r4, r5, r6, r7, lr}
20000102:	464f      	mov	r7, r9
20000104:	46d6      	mov	lr, sl
20000106:	4646      	mov	r6, r8
20000108:	b5c0      	push	{r6, r7, lr}
2000010a:	001f      	movs	r7, r3
2000010c:	23d0      	movs	r3, #208	@ 0xd0
2000010e:	061b      	lsls	r3, r3, #24
20000110:	681b      	ldr	r3, [r3, #0]
20000112:	0004      	movs	r4, r0
20000114:	469a      	mov	sl, r3
20000116:	2300      	movs	r3, #0
20000118:	4690      	mov	r8, r2
2000011a:	4699      	mov	r9, r3
2000011c:	e00c      	b.n	20000138 <mutex_enter_block_until+0x38>
2000011e:	6822      	ldr	r2, [r4, #0]
20000120:	f3bf 8f5f 	dmb	sy
20000124:	4649      	mov	r1, r9
20000126:	6011      	str	r1, [r2, #0]
20000128:	f383 8810 	msr	PRIMASK, r3
2000012c:	4640      	mov	r0, r8
2000012e:	0039      	movs	r1, r7
20000130:	f000 ff0a 	bl	20000f48 <__best_effort_wfe_or_timeout_veneer>
20000134:	2800      	cmp	r0, #0
20000136:	d11a      	bne.n	2000016e <mutex_enter_block_until+0x6e>
20000138:	6826      	ldr	r6, [r4, #0]
2000013a:	f3ef 8310 	mrs	r3, PRIMASK
2000013e:	b672      	cpsid	i
20000140:	6835      	ldr	r5, [r6, #0]
20000142:	2d00      	cmp	r5, #0
20000144:	d0fc      	beq.n	20000140 <mutex_enter_block_until+0x40>
20000146:	f3bf 8f5f 	dmb	sy
2000014a:	7925      	ldrb	r5, [r4, #4]
2000014c:	2d7f      	cmp	r5, #127	@ 0x7f
2000014e:	d9e6      	bls.n	2000011e <mutex_enter_block_until+0x1e>
20000150:	4652      	mov	r2, sl
20000152:	7122      	strb	r2, [r4, #4]
20000154:	6822      	ldr	r2, [r4, #0]
20000156:	f3bf 8f5f 	dmb	sy
2000015a:	2100      	movs	r1, #0
2000015c:	6011      	str	r1, [r2, #0]
2000015e:	f383 8810 	msr	PRIMASK, r3
20000162:	2001      	movs	r0, #1
20000164:	bce0      	pop	{r5, r6, r7}
20000166:	46ba      	mov	sl, r7
20000168:	46b1      	mov	r9, r6
2000016a:	46a8      	mov	r8, r5
2000016c:	bdf0      	pop	{r4, r5, r6, r7, pc}
2000016e:	2000      	movs	r0, #0
20000170:	e7f8      	b.n	20000164 <mutex_enter_block_until+0x64>
20000172:	46c0      	nop			@ (mov r8, r8)

20000174 <mutex_try_enter_block_until>:
20000174:	b570      	push	{r4, r5, r6, lr}
20000176:	b082      	sub	sp, #8
20000178:	a901      	add	r1, sp, #4
2000017a:	0004      	movs	r4, r0
2000017c:	0016      	movs	r6, r2
2000017e:	001d      	movs	r5, r3
20000180:	f7ff ff9e 	bl	200000c0 <mutex_try_enter>
20000184:	2800      	cmp	r0, #0
20000186:	d107      	bne.n	20000198 <mutex_try_enter_block_until+0x24>
20000188:	23d0      	movs	r3, #208	@ 0xd0
2000018a:	061b      	lsls	r3, r3, #24
2000018c:	9901      	ldr	r1, [sp, #4]
2000018e:	781b      	ldrb	r3, [r3, #0]
20000190:	b249      	sxtb	r1, r1
20000192:	b25b      	sxtb	r3, r3
20000194:	4299      	cmp	r1, r3
20000196:	d101      	bne.n	2000019c <mutex_try_enter_block_until+0x28>
20000198:	b002      	add	sp, #8
2000019a:	bd70      	pop	{r4, r5, r6, pc}
2000019c:	0032      	movs	r2, r6
2000019e:	002b      	movs	r3, r5
200001a0:	0020      	movs	r0, r4
200001a2:	f7ff ffad 	bl	20000100 <mutex_enter_block_until>
200001a6:	e7f7      	b.n	20000198 <mutex_try_enter_block_until+0x24>

200001a8 <mutex_enter_timeout_ms>:
200001a8:	b5f8      	push	{r3, r4, r5, r6, r7, lr}
200001aa:	000f      	movs	r7, r1
200001ac:	0006      	movs	r6, r0
200001ae:	f000 fefb 	bl	20000fa8 <__time_us_64_veneer>
200001b2:	22fa      	movs	r2, #250	@ 0xfa
200001b4:	0004      	movs	r4, r0
200001b6:	000d      	movs	r5, r1
200001b8:	2300      	movs	r3, #0
200001ba:	0092      	lsls	r2, r2, #2
200001bc:	0038      	movs	r0, r7
200001be:	2100      	movs	r1, #0
200001c0:	f000 feda 	bl	20000f78 <____wrap___aeabi_lmul_veneer>
200001c4:	000b      	movs	r3, r1
200001c6:	0002      	movs	r2, r0
200001c8:	2180      	movs	r1, #128	@ 0x80
200001ca:	1912      	adds	r2, r2, r4
200001cc:	416b      	adcs	r3, r5
200001ce:	0609      	lsls	r1, r1, #24
200001d0:	428b      	cmp	r3, r1
200001d2:	d302      	bcc.n	200001da <mutex_enter_timeout_ms+0x32>
200001d4:	2201      	movs	r2, #1
200001d6:	4b03      	ldr	r3, [pc, #12]	@ (200001e4 <mutex_enter_timeout_ms+0x3c>)
200001d8:	4252      	negs	r2, r2
200001da:	0030      	movs	r0, r6
200001dc:	f7ff ff90 	bl	20000100 <mutex_enter_block_until>
200001e0:	bdf8      	pop	{r3, r4, r5, r6, r7, pc}
200001e2:	46c0      	nop			@ (mov r8, r8)
200001e4:	7fffffff 	.word	0x7fffffff

200001e8 <mutex_exit>:
200001e8:	6802      	ldr	r2, [r0, #0]
200001ea:	f3ef 8110 	mrs	r1, PRIMASK
200001ee:	b672      	cpsid	i
200001f0:	6813      	ldr	r3, [r2, #0]
200001f2:	2b00      	cmp	r3, #0
200001f4:	d0fc      	beq.n	200001f0 <mutex_exit+0x8>
200001f6:	f3bf 8f5f 	dmb	sy
200001fa:	23ff      	movs	r3, #255	@ 0xff
200001fc:	7103      	strb	r3, [r0, #4]
200001fe:	6803      	ldr	r3, [r0, #0]
20000200:	f3bf 8f5f 	dmb	sy
20000204:	2200      	movs	r2, #0
20000206:	601a      	str	r2, [r3, #0]
20000208:	f381 8810 	msr	PRIMASK, r1
2000020c:	bf40      	sev
2000020e:	4770      	bx	lr

20000210 <flash_init_boot2_copyout>:
20000210:	b510      	push	{r4, lr}
20000212:	4c08      	ldr	r4, [pc, #32]	@ (20000234 <flash_init_boot2_copyout+0x24>)
20000214:	7823      	ldrb	r3, [r4, #0]
20000216:	2b00      	cmp	r3, #0
20000218:	d10a      	bne.n	20000230 <flash_init_boot2_copyout+0x20>
2000021a:	2380      	movs	r3, #128	@ 0x80
2000021c:	4806      	ldr	r0, [pc, #24]	@ (20000238 <flash_init_boot2_copyout+0x28>)
2000021e:	4907      	ldr	r1, [pc, #28]	@ (2000023c <flash_init_boot2_copyout+0x2c>)
20000220:	055b      	lsls	r3, r3, #21
20000222:	681a      	ldr	r2, [r3, #0]
20000224:	50c2      	str	r2, [r0, r3]
20000226:	3304      	adds	r3, #4
20000228:	428b      	cmp	r3, r1
2000022a:	d1fa      	bne.n	20000222 <flash_init_boot2_copyout+0x12>
2000022c:	2301      	movs	r3, #1
2000022e:	7023      	strb	r3, [r4, #0]
20000230:	bd10      	pop	{r4, pc}
20000232:	46c0      	nop			@ (mov r8, r8)
20000234:	20002398 	.word	0x20002398
20000238:	10001dd4 	.word	0x10001dd4
2000023c:	10000100 	.word	0x10000100

20000240 <flash_enable_xip_via_boot2>:
20000240:	b510      	push	{r4, lr}
20000242:	4b01      	ldr	r3, [pc, #4]	@ (20000248 <flash_enable_xip_via_boot2+0x8>)
20000244:	4798      	blx	r3
20000246:	bd10      	pop	{r4, pc}
20000248:	20001dd5 	.word	0x20001dd5

2000024c <flash_save_hardware_state>:
2000024c:	4b08      	ldr	r3, [pc, #32]	@ (20000270 <flash_save_hardware_state+0x24>)
2000024e:	685a      	ldr	r2, [r3, #4]
20000250:	6042      	str	r2, [r0, #4]
20000252:	689a      	ldr	r2, [r3, #8]
20000254:	6082      	str	r2, [r0, #8]
20000256:	68da      	ldr	r2, [r3, #12]
20000258:	60c2      	str	r2, [r0, #12]
2000025a:	691a      	ldr	r2, [r3, #16]
2000025c:	6102      	str	r2, [r0, #16]
2000025e:	695a      	ldr	r2, [r3, #20]
20000260:	6142      	str	r2, [r0, #20]
20000262:	699b      	ldr	r3, [r3, #24]
20000264:	6183      	str	r3, [r0, #24]
20000266:	23a0      	movs	r3, #160	@ 0xa0
20000268:	055b      	lsls	r3, r3, #21
2000026a:	681b      	ldr	r3, [r3, #0]
2000026c:	6003      	str	r3, [r0, #0]
2000026e:	4770      	bx	lr
20000270:	40020000 	.word	0x40020000

20000274 <flash_restore_hardware_state>:
20000274:	6842      	ldr	r2, [r0, #4]
20000276:	4b08      	ldr	r3, [pc, #32]	@ (20000298 <flash_restore_hardware_state+0x24>)
20000278:	605a      	str	r2, [r3, #4]
2000027a:	6882      	ldr	r2, [r0, #8]
2000027c:	609a      	str	r2, [r3, #8]
2000027e:	68c2      	ldr	r2, [r0, #12]
20000280:	60da      	str	r2, [r3, #12]
20000282:	6902      	ldr	r2, [r0, #16]
20000284:	611a      	str	r2, [r3, #16]
20000286:	6942      	ldr	r2, [r0, #20]
20000288:	615a      	str	r2, [r3, #20]
2000028a:	6982      	ldr	r2, [r0, #24]
2000028c:	619a      	str	r2, [r3, #24]
2000028e:	23a0      	movs	r3, #160	@ 0xa0
20000290:	6802      	ldr	r2, [r0, #0]
20000292:	055b      	lsls	r3, r3, #21
20000294:	601a      	str	r2, [r3, #0]
20000296:	4770      	bx	lr
20000298:	40020000 	.word	0x40020000

2000029c <flash_do_cmd_cs>:
2000029c:	2314      	movs	r3, #20
2000029e:	b5f0      	push	{r4, r5, r6, r7, lr}
200002a0:	46d6      	mov	lr, sl
200002a2:	464f      	mov	r7, r9
200002a4:	4646      	mov	r6, r8
200002a6:	469a      	mov	sl, r3
200002a8:	b5c0      	push	{r6, r7, lr}
200002aa:	4681      	mov	r9, r0
200002ac:	8818      	ldrh	r0, [r3, #0]
200002ae:	3304      	adds	r3, #4
200002b0:	b088      	sub	sp, #32
200002b2:	4698      	mov	r8, r3
200002b4:	000e      	movs	r6, r1
200002b6:	881b      	ldrh	r3, [r3, #0]
200002b8:	4930      	ldr	r1, [pc, #192]	@ (2000037c <flash_do_cmd_cs+0xe0>)
200002ba:	0014      	movs	r4, r2
200002bc:	4798      	blx	r3
200002be:	4653      	mov	r3, sl
200002c0:	0007      	movs	r7, r0
200002c2:	8818      	ldrh	r0, [r3, #0]
200002c4:	4643      	mov	r3, r8
200002c6:	492e      	ldr	r1, [pc, #184]	@ (20000380 <flash_do_cmd_cs+0xe4>)
200002c8:	881b      	ldrh	r3, [r3, #0]
200002ca:	4798      	blx	r3
200002cc:	4653      	mov	r3, sl
200002ce:	0005      	movs	r5, r0
200002d0:	8818      	ldrh	r0, [r3, #0]
200002d2:	4643      	mov	r3, r8
200002d4:	492b      	ldr	r1, [pc, #172]	@ (20000384 <flash_do_cmd_cs+0xe8>)
200002d6:	881b      	ldrh	r3, [r3, #0]
200002d8:	4798      	blx	r3
200002da:	4680      	mov	r8, r0
200002dc:	f7ff ff98 	bl	20000210 <flash_init_boot2_copyout>
200002e0:	a801      	add	r0, sp, #4
200002e2:	f7ff ffb3 	bl	2000024c <flash_save_hardware_state>
200002e6:	47b8      	blx	r7
200002e8:	47a8      	blx	r5
200002ea:	4b27      	ldr	r3, [pc, #156]	@ (20000388 <flash_do_cmd_cs+0xec>)
200002ec:	681a      	ldr	r2, [r3, #0]
200002ee:	2380      	movs	r3, #128	@ 0x80
200002f0:	009b      	lsls	r3, r3, #2
200002f2:	4053      	eors	r3, r2
200002f4:	22c0      	movs	r2, #192	@ 0xc0
200002f6:	0092      	lsls	r2, r2, #2
200002f8:	4013      	ands	r3, r2
200002fa:	4a24      	ldr	r2, [pc, #144]	@ (2000038c <flash_do_cmd_cs+0xf0>)
200002fc:	6013      	str	r3, [r2, #0]
200002fe:	1e22      	subs	r2, r4, #0
20000300:	d020      	beq.n	20000344 <flash_do_cmd_cs+0xa8>
20000302:	21c0      	movs	r1, #192	@ 0xc0
20000304:	2708      	movs	r7, #8
20000306:	2002      	movs	r0, #2
20000308:	0549      	lsls	r1, r1, #21
2000030a:	e011      	b.n	20000330 <flash_do_cmd_cs+0x94>
2000030c:	2c00      	cmp	r4, #0
2000030e:	d014      	beq.n	2000033a <flash_do_cmd_cs+0x9e>
20000310:	1b13      	subs	r3, r2, r4
20000312:	2b0d      	cmp	r3, #13
20000314:	d929      	bls.n	2000036a <flash_do_cmd_cs+0xce>
20000316:	2d00      	cmp	r5, #0
20000318:	d00a      	beq.n	20000330 <flash_do_cmd_cs+0x94>
2000031a:	0023      	movs	r3, r4
2000031c:	2a00      	cmp	r2, #0
2000031e:	d005      	beq.n	2000032c <flash_do_cmd_cs+0x90>
20000320:	6e0b      	ldr	r3, [r1, #96]	@ 0x60
20000322:	3a01      	subs	r2, #1
20000324:	7033      	strb	r3, [r6, #0]
20000326:	0013      	movs	r3, r2
20000328:	3601      	adds	r6, #1
2000032a:	4323      	orrs	r3, r4
2000032c:	2b00      	cmp	r3, #0
2000032e:	d009      	beq.n	20000344 <flash_do_cmd_cs+0xa8>
20000330:	003d      	movs	r5, r7
20000332:	6a8b      	ldr	r3, [r1, #40]	@ 0x28
20000334:	401d      	ands	r5, r3
20000336:	4218      	tst	r0, r3
20000338:	d1e8      	bne.n	2000030c <flash_do_cmd_cs+0x70>
2000033a:	2d00      	cmp	r5, #0
2000033c:	d1ed      	bne.n	2000031a <flash_do_cmd_cs+0x7e>
2000033e:	0023      	movs	r3, r4
20000340:	4313      	orrs	r3, r2
20000342:	d1f5      	bne.n	20000330 <flash_do_cmd_cs+0x94>
20000344:	4b10      	ldr	r3, [pc, #64]	@ (20000388 <flash_do_cmd_cs+0xec>)
20000346:	681a      	ldr	r2, [r3, #0]
20000348:	23c0      	movs	r3, #192	@ 0xc0
2000034a:	009b      	lsls	r3, r3, #2
2000034c:	4393      	bics	r3, r2
2000034e:	4a0f      	ldr	r2, [pc, #60]	@ (2000038c <flash_do_cmd_cs+0xf0>)
20000350:	6013      	str	r3, [r2, #0]
20000352:	47c0      	blx	r8
20000354:	f7ff ff74 	bl	20000240 <flash_enable_xip_via_boot2>
20000358:	a801      	add	r0, sp, #4
2000035a:	f7ff ff8b 	bl	20000274 <flash_restore_hardware_state>
2000035e:	b008      	add	sp, #32
20000360:	bce0      	pop	{r5, r6, r7}
20000362:	46ba      	mov	sl, r7
20000364:	46b1      	mov	r9, r6
20000366:	46a8      	mov	r8, r5
20000368:	bdf0      	pop	{r4, r5, r6, r7, pc}
2000036a:	464b      	mov	r3, r9
2000036c:	781b      	ldrb	r3, [r3, #0]
2000036e:	3c01      	subs	r4, #1
20000370:	660b      	str	r3, [r1, #96]	@ 0x60
20000372:	2301      	movs	r3, #1
20000374:	469c      	mov	ip, r3
20000376:	44e1      	add	r9, ip
20000378:	e7df      	b.n	2000033a <flash_do_cmd_cs+0x9e>
2000037a:	46c0      	nop			@ (mov r8, r8)
2000037c:	00004649 	.word	0x00004649
20000380:	00005845 	.word	0x00005845
20000384:	00004346 	.word	0x00004346
20000388:	4001800c 	.word	0x4001800c
2000038c:	4001900c 	.word	0x4001900c

20000390 <reset_non_control_endpoints>:
20000390:	2200      	movs	r2, #0
20000392:	4b15      	ldr	r3, [pc, #84]	@ (200003e8 <reset_non_control_endpoints+0x58>)
20000394:	b510      	push	{r4, lr}
20000396:	609a      	str	r2, [r3, #8]
20000398:	60da      	str	r2, [r3, #12]
2000039a:	611a      	str	r2, [r3, #16]
2000039c:	615a      	str	r2, [r3, #20]
2000039e:	619a      	str	r2, [r3, #24]
200003a0:	61da      	str	r2, [r3, #28]
200003a2:	621a      	str	r2, [r3, #32]
200003a4:	625a      	str	r2, [r3, #36]	@ 0x24
200003a6:	629a      	str	r2, [r3, #40]	@ 0x28
200003a8:	62da      	str	r2, [r3, #44]	@ 0x2c
200003aa:	631a      	str	r2, [r3, #48]	@ 0x30
200003ac:	635a      	str	r2, [r3, #52]	@ 0x34
200003ae:	639a      	str	r2, [r3, #56]	@ 0x38
200003b0:	63da      	str	r2, [r3, #60]	@ 0x3c
200003b2:	641a      	str	r2, [r3, #64]	@ 0x40
200003b4:	645a      	str	r2, [r3, #68]	@ 0x44
200003b6:	649a      	str	r2, [r3, #72]	@ 0x48
200003b8:	64da      	str	r2, [r3, #76]	@ 0x4c
200003ba:	651a      	str	r2, [r3, #80]	@ 0x50
200003bc:	655a      	str	r2, [r3, #84]	@ 0x54
200003be:	659a      	str	r2, [r3, #88]	@ 0x58
200003c0:	65da      	str	r2, [r3, #92]	@ 0x5c
200003c2:	661a      	str	r2, [r3, #96]	@ 0x60
200003c4:	665a      	str	r2, [r3, #100]	@ 0x64
200003c6:	669a      	str	r2, [r3, #104]	@ 0x68
200003c8:	66da      	str	r2, [r3, #108]	@ 0x6c
200003ca:	671a      	str	r2, [r3, #112]	@ 0x70
200003cc:	675a      	str	r2, [r3, #116]	@ 0x74
200003ce:	679a      	str	r2, [r3, #120]	@ 0x78
200003d0:	67da      	str	r2, [r3, #124]	@ 0x7c
200003d2:	32f0      	adds	r2, #240	@ 0xf0
200003d4:	0092      	lsls	r2, r2, #2
200003d6:	2100      	movs	r1, #0
200003d8:	4804      	ldr	r0, [pc, #16]	@ (200003ec <reset_non_control_endpoints+0x5c>)
200003da:	f000 fdc5 	bl	20000f68 <____wrap_memset_veneer>
200003de:	4b04      	ldr	r3, [pc, #16]	@ (200003f0 <reset_non_control_endpoints+0x60>)
200003e0:	4a04      	ldr	r2, [pc, #16]	@ (200003f4 <reset_non_control_endpoints+0x64>)
200003e2:	601a      	str	r2, [r3, #0]
200003e4:	bd10      	pop	{r4, pc}
200003e6:	46c0      	nop			@ (mov r8, r8)
200003e8:	50100000 	.word	0x50100000
200003ec:	20001f88 	.word	0x20001f88
200003f0:	20002350 	.word	0x20002350
200003f4:	50100180 	.word	0x50100180

200003f8 <hw_handle_buff_status>:
200003f8:	b5f0      	push	{r4, r5, r6, r7, lr}
200003fa:	464e      	mov	r6, r9
200003fc:	4645      	mov	r5, r8
200003fe:	46de      	mov	lr, fp
20000400:	4657      	mov	r7, sl
20000402:	b5e0      	push	{r5, r6, r7, lr}
20000404:	4b21      	ldr	r3, [pc, #132]	@ (2000048c <hw_handle_buff_status+0x94>)
20000406:	2400      	movs	r4, #0
20000408:	6d9e      	ldr	r6, [r3, #88]	@ 0x58
2000040a:	2501      	movs	r5, #1
2000040c:	b085      	sub	sp, #20
2000040e:	2e00      	cmp	r6, #0
20000410:	d022      	beq.n	20000458 <hw_handle_buff_status+0x60>
20000412:	4b1f      	ldr	r3, [pc, #124]	@ (20000490 <hw_handle_buff_status+0x98>)
20000414:	469a      	mov	sl, r3
20000416:	2301      	movs	r3, #1
20000418:	4699      	mov	r9, r3
2000041a:	4b1e      	ldr	r3, [pc, #120]	@ (20000494 <hw_handle_buff_status+0x9c>)
2000041c:	4698      	mov	r8, r3
2000041e:	e001      	b.n	20000424 <hw_handle_buff_status+0x2c>
20000420:	2c20      	cmp	r4, #32
20000422:	d019      	beq.n	20000458 <hw_handle_buff_status+0x60>
20000424:	002a      	movs	r2, r5
20000426:	0023      	movs	r3, r4
20000428:	3401      	adds	r4, #1
2000042a:	002f      	movs	r7, r5
2000042c:	4032      	ands	r2, r6
2000042e:	b2e4      	uxtb	r4, r4
20000430:	006d      	lsls	r5, r5, #1
20000432:	2a00      	cmp	r2, #0
20000434:	d0f4      	beq.n	20000420 <hw_handle_buff_status+0x28>
20000436:	4652      	mov	r2, sl
20000438:	6597      	str	r7, [r2, #88]	@ 0x58
2000043a:	464a      	mov	r2, r9
2000043c:	085b      	lsrs	r3, r3, #1
2000043e:	005b      	lsls	r3, r3, #1
20000440:	4022      	ands	r2, r4
20000442:	189b      	adds	r3, r3, r2
20000444:	015b      	lsls	r3, r3, #5
20000446:	4443      	add	r3, r8
20000448:	0018      	movs	r0, r3
2000044a:	469b      	mov	fp, r3
2000044c:	f000 fc30 	bl	20000cb0 <hw_endpoint_xfer_continue>
20000450:	2800      	cmp	r0, #0
20000452:	d108      	bne.n	20000466 <hw_handle_buff_status+0x6e>
20000454:	43be      	bics	r6, r7
20000456:	d1e3      	bne.n	20000420 <hw_handle_buff_status+0x28>
20000458:	b005      	add	sp, #20
2000045a:	bcf0      	pop	{r4, r5, r6, r7}
2000045c:	46bb      	mov	fp, r7
2000045e:	46b2      	mov	sl, r6
20000460:	46a9      	mov	r9, r5
20000462:	46a0      	mov	r8, r4
20000464:	bdf0      	pop	{r4, r5, r6, r7, pc}
20000466:	465b      	mov	r3, fp
20000468:	21e0      	movs	r1, #224	@ 0xe0
2000046a:	789a      	ldrb	r2, [r3, #2]
2000046c:	8adb      	ldrh	r3, [r3, #22]
2000046e:	a801      	add	r0, sp, #4
20000470:	6083      	str	r3, [r0, #8]
20000472:	2300      	movs	r3, #0
20000474:	00c9      	lsls	r1, r1, #3
20000476:	8001      	strh	r1, [r0, #0]
20000478:	2101      	movs	r1, #1
2000047a:	7102      	strb	r2, [r0, #4]
2000047c:	7143      	strb	r3, [r0, #5]
2000047e:	f000 fc37 	bl	20000cf0 <dcd_event_handler>
20000482:	4658      	mov	r0, fp
20000484:	f000 fbb0 	bl	20000be8 <hw_endpoint_reset_transfer>
20000488:	e7e4      	b.n	20000454 <hw_handle_buff_status+0x5c>
2000048a:	46c0      	nop			@ (mov r8, r8)
2000048c:	50110000 	.word	0x50110000
20000490:	50113000 	.word	0x50113000
20000494:	20001f48 	.word	0x20001f48

20000498 <dcd_rp2040_irq>:
20000498:	2398      	movs	r3, #152	@ 0x98
2000049a:	b5f0      	push	{r4, r5, r6, r7, lr}
2000049c:	46c6      	mov	lr, r8
2000049e:	4ac6      	ldr	r2, [pc, #792]	@ (200007b8 <dcd_rp2040_irq+0x320>)
200004a0:	b500      	push	{lr}
200004a2:	58d5      	ldr	r5, [r2, r3]
200004a4:	2380      	movs	r3, #128	@ 0x80
200004a6:	002e      	movs	r6, r5
200004a8:	029b      	lsls	r3, r3, #10
200004aa:	2410      	movs	r4, #16
200004ac:	b084      	sub	sp, #16
200004ae:	401e      	ands	r6, r3
200004b0:	421d      	tst	r5, r3
200004b2:	d073      	beq.n	2000059c <dcd_rp2040_irq+0x104>
200004b4:	4bc1      	ldr	r3, [pc, #772]	@ (200007bc <dcd_rp2040_irq+0x324>)
200004b6:	4cc2      	ldr	r4, [pc, #776]	@ (200007c0 <dcd_rp2040_irq+0x328>)
200004b8:	6a9a      	ldr	r2, [r3, #40]	@ 0x28
200004ba:	4bc2      	ldr	r3, [pc, #776]	@ (200007c4 <dcd_rp2040_irq+0x32c>)
200004bc:	2600      	movs	r6, #0
200004be:	601a      	str	r2, [r3, #0]
200004c0:	233b      	movs	r3, #59	@ 0x3b
200004c2:	5ce3      	ldrb	r3, [r4, r3]
200004c4:	2b02      	cmp	r3, #2
200004c6:	d100      	bne.n	200004ca <dcd_rp2040_irq+0x32>
200004c8:	e0f4      	b.n	200006b4 <dcd_rp2040_irq+0x21c>
200004ca:	237b      	movs	r3, #123	@ 0x7b
200004cc:	5ce3      	ldrb	r3, [r4, r3]
200004ce:	2b02      	cmp	r3, #2
200004d0:	d100      	bne.n	200004d4 <dcd_rp2040_irq+0x3c>
200004d2:	e10c      	b.n	200006ee <dcd_rp2040_irq+0x256>
200004d4:	23bb      	movs	r3, #187	@ 0xbb
200004d6:	5ce3      	ldrb	r3, [r4, r3]
200004d8:	2b02      	cmp	r3, #2
200004da:	d100      	bne.n	200004de <dcd_rp2040_irq+0x46>
200004dc:	e0fb      	b.n	200006d6 <dcd_rp2040_irq+0x23e>
200004de:	23fb      	movs	r3, #251	@ 0xfb
200004e0:	5ce3      	ldrb	r3, [r4, r3]
200004e2:	2b02      	cmp	r3, #2
200004e4:	d100      	bne.n	200004e8 <dcd_rp2040_irq+0x50>
200004e6:	e135      	b.n	20000754 <dcd_rp2040_irq+0x2bc>
200004e8:	233c      	movs	r3, #60	@ 0x3c
200004ea:	33ff      	adds	r3, #255	@ 0xff
200004ec:	5ce3      	ldrb	r3, [r4, r3]
200004ee:	2b02      	cmp	r3, #2
200004f0:	d100      	bne.n	200004f4 <dcd_rp2040_irq+0x5c>
200004f2:	e122      	b.n	2000073a <dcd_rp2040_irq+0x2a2>
200004f4:	237c      	movs	r3, #124	@ 0x7c
200004f6:	33ff      	adds	r3, #255	@ 0xff
200004f8:	5ce3      	ldrb	r3, [r4, r3]
200004fa:	2b02      	cmp	r3, #2
200004fc:	d100      	bne.n	20000500 <dcd_rp2040_irq+0x68>
200004fe:	e10f      	b.n	20000720 <dcd_rp2040_irq+0x288>
20000500:	23bc      	movs	r3, #188	@ 0xbc
20000502:	33ff      	adds	r3, #255	@ 0xff
20000504:	5ce3      	ldrb	r3, [r4, r3]
20000506:	2b02      	cmp	r3, #2
20000508:	d100      	bne.n	2000050c <dcd_rp2040_irq+0x74>
2000050a:	e0fc      	b.n	20000706 <dcd_rp2040_irq+0x26e>
2000050c:	23fc      	movs	r3, #252	@ 0xfc
2000050e:	33ff      	adds	r3, #255	@ 0xff
20000510:	5ce3      	ldrb	r3, [r4, r3]
20000512:	2b02      	cmp	r3, #2
20000514:	d100      	bne.n	20000518 <dcd_rp2040_irq+0x80>
20000516:	e1a6      	b.n	20000866 <dcd_rp2040_irq+0x3ce>
20000518:	4bab      	ldr	r3, [pc, #684]	@ (200007c8 <dcd_rp2040_irq+0x330>)
2000051a:	5ce3      	ldrb	r3, [r4, r3]
2000051c:	2b02      	cmp	r3, #2
2000051e:	d100      	bne.n	20000522 <dcd_rp2040_irq+0x8a>
20000520:	e196      	b.n	20000850 <dcd_rp2040_irq+0x3b8>
20000522:	4baa      	ldr	r3, [pc, #680]	@ (200007cc <dcd_rp2040_irq+0x334>)
20000524:	5ce3      	ldrb	r3, [r4, r3]
20000526:	2b02      	cmp	r3, #2
20000528:	d100      	bne.n	2000052c <dcd_rp2040_irq+0x94>
2000052a:	e185      	b.n	20000838 <dcd_rp2040_irq+0x3a0>
2000052c:	4ba8      	ldr	r3, [pc, #672]	@ (200007d0 <dcd_rp2040_irq+0x338>)
2000052e:	5ce3      	ldrb	r3, [r4, r3]
20000530:	2b02      	cmp	r3, #2
20000532:	d100      	bne.n	20000536 <dcd_rp2040_irq+0x9e>
20000534:	e174      	b.n	20000820 <dcd_rp2040_irq+0x388>
20000536:	4ba7      	ldr	r3, [pc, #668]	@ (200007d4 <dcd_rp2040_irq+0x33c>)
20000538:	5ce3      	ldrb	r3, [r4, r3]
2000053a:	2b02      	cmp	r3, #2
2000053c:	d100      	bne.n	20000540 <dcd_rp2040_irq+0xa8>
2000053e:	e163      	b.n	20000808 <dcd_rp2040_irq+0x370>
20000540:	4ba5      	ldr	r3, [pc, #660]	@ (200007d8 <dcd_rp2040_irq+0x340>)
20000542:	5ce3      	ldrb	r3, [r4, r3]
20000544:	2b02      	cmp	r3, #2
20000546:	d100      	bne.n	2000054a <dcd_rp2040_irq+0xb2>
20000548:	e12a      	b.n	200007a0 <dcd_rp2040_irq+0x308>
2000054a:	4ba4      	ldr	r3, [pc, #656]	@ (200007dc <dcd_rp2040_irq+0x344>)
2000054c:	5ce3      	ldrb	r3, [r4, r3]
2000054e:	2b02      	cmp	r3, #2
20000550:	d100      	bne.n	20000554 <dcd_rp2040_irq+0xbc>
20000552:	e10b      	b.n	2000076c <dcd_rp2040_irq+0x2d4>
20000554:	4ba2      	ldr	r3, [pc, #648]	@ (200007e0 <dcd_rp2040_irq+0x348>)
20000556:	5ce3      	ldrb	r3, [r4, r3]
20000558:	2b02      	cmp	r3, #2
2000055a:	d100      	bne.n	2000055e <dcd_rp2040_irq+0xc6>
2000055c:	e18f      	b.n	2000087e <dcd_rp2040_irq+0x3e6>
2000055e:	4ba1      	ldr	r3, [pc, #644]	@ (200007e4 <dcd_rp2040_irq+0x34c>)
20000560:	5ce3      	ldrb	r3, [r4, r3]
20000562:	2b02      	cmp	r3, #2
20000564:	d100      	bne.n	20000568 <dcd_rp2040_irq+0xd0>
20000566:	e1a6      	b.n	200008b6 <dcd_rp2040_irq+0x41e>
20000568:	2e00      	cmp	r6, #0
2000056a:	d108      	bne.n	2000057e <dcd_rp2040_irq+0xe6>
2000056c:	4b9e      	ldr	r3, [pc, #632]	@ (200007e8 <dcd_rp2040_irq+0x350>)
2000056e:	781b      	ldrb	r3, [r3, #0]
20000570:	2b00      	cmp	r3, #0
20000572:	d104      	bne.n	2000057e <dcd_rp2040_irq+0xe6>
20000574:	2180      	movs	r1, #128	@ 0x80
20000576:	4a9d      	ldr	r2, [pc, #628]	@ (200007ec <dcd_rp2040_irq+0x354>)
20000578:	3390      	adds	r3, #144	@ 0x90
2000057a:	0289      	lsls	r1, r1, #10
2000057c:	50d1      	str	r1, [r2, r3]
2000057e:	22c0      	movs	r2, #192	@ 0xc0
20000580:	4b8d      	ldr	r3, [pc, #564]	@ (200007b8 <dcd_rp2040_irq+0x320>)
20000582:	a801      	add	r0, sp, #4
20000584:	6c9b      	ldr	r3, [r3, #72]	@ 0x48
20000586:	0092      	lsls	r2, r2, #2
20000588:	055b      	lsls	r3, r3, #21
2000058a:	0d5b      	lsrs	r3, r3, #21
2000058c:	2101      	movs	r1, #1
2000058e:	2680      	movs	r6, #128	@ 0x80
20000590:	8002      	strh	r2, [r0, #0]
20000592:	6043      	str	r3, [r0, #4]
20000594:	f000 fbac 	bl	20000cf0 <dcd_event_handler>
20000598:	4c95      	ldr	r4, [pc, #596]	@ (200007f0 <dcd_rp2040_irq+0x358>)
2000059a:	02b6      	lsls	r6, r6, #10
2000059c:	06eb      	lsls	r3, r5, #27
2000059e:	d500      	bpl.n	200005a2 <dcd_rp2040_irq+0x10a>
200005a0:	e07c      	b.n	2000069c <dcd_rp2040_irq+0x204>
200005a2:	2380      	movs	r3, #128	@ 0x80
200005a4:	025b      	lsls	r3, r3, #9
200005a6:	421d      	tst	r5, r3
200005a8:	d032      	beq.n	20000610 <dcd_rp2040_irq+0x178>
200005aa:	431e      	orrs	r6, r3
200005ac:	2301      	movs	r3, #1
200005ae:	2402      	movs	r4, #2
200005b0:	4698      	mov	r8, r3
200005b2:	4f83      	ldr	r7, [pc, #524]	@ (200007c0 <dcd_rp2040_irq+0x328>)
200005b4:	7ebb      	ldrb	r3, [r7, #26]
200005b6:	2b00      	cmp	r3, #0
200005b8:	d014      	beq.n	200005e4 <dcd_rp2040_irq+0x14c>
200005ba:	f000 fced 	bl	20000f98 <__rp2040_chip_version_veneer>
200005be:	2801      	cmp	r0, #1
200005c0:	d900      	bls.n	200005c4 <dcd_rp2040_irq+0x12c>
200005c2:	e06f      	b.n	200006a4 <dcd_rp2040_irq+0x20c>
200005c4:	22c0      	movs	r2, #192	@ 0xc0
200005c6:	2100      	movs	r1, #0
200005c8:	0038      	movs	r0, r7
200005ca:	0192      	lsls	r2, r2, #6
200005cc:	f000 fb12 	bl	20000bf4 <_hw_endpoint_buffer_control_update32>
200005d0:	0038      	movs	r0, r7
200005d2:	f000 fb09 	bl	20000be8 <hw_endpoint_reset_transfer>
200005d6:	f000 fcdf 	bl	20000f98 <__rp2040_chip_version_veneer>
200005da:	2801      	cmp	r0, #1
200005dc:	d902      	bls.n	200005e4 <dcd_rp2040_irq+0x14c>
200005de:	4b83      	ldr	r3, [pc, #524]	@ (200007ec <dcd_rp2040_irq+0x354>)
200005e0:	665c      	str	r4, [r3, #100]	@ 0x64
200005e2:	661c      	str	r4, [r3, #96]	@ 0x60
200005e4:	4643      	mov	r3, r8
200005e6:	70fb      	strb	r3, [r7, #3]
200005e8:	3720      	adds	r7, #32
200005ea:	2c01      	cmp	r4, #1
200005ec:	d001      	beq.n	200005f2 <dcd_rp2040_irq+0x15a>
200005ee:	2401      	movs	r4, #1
200005f0:	e7e0      	b.n	200005b4 <dcd_rp2040_irq+0x11c>
200005f2:	23c0      	movs	r3, #192	@ 0xc0
200005f4:	a801      	add	r0, sp, #4
200005f6:	00db      	lsls	r3, r3, #3
200005f8:	4a7e      	ldr	r2, [pc, #504]	@ (200007f4 <dcd_rp2040_irq+0x35c>)
200005fa:	8003      	strh	r3, [r0, #0]
200005fc:	ab02      	add	r3, sp, #8
200005fe:	ca12      	ldmia	r2!, {r1, r4}
20000600:	c312      	stmia	r3!, {r1, r4}
20000602:	2101      	movs	r1, #1
20000604:	f000 fb74 	bl	20000cf0 <dcd_event_handler>
20000608:	2280      	movs	r2, #128	@ 0x80
2000060a:	4b78      	ldr	r3, [pc, #480]	@ (200007ec <dcd_rp2040_irq+0x354>)
2000060c:	0292      	lsls	r2, r2, #10
2000060e:	651a      	str	r2, [r3, #80]	@ 0x50
20000610:	2380      	movs	r3, #128	@ 0x80
20000612:	015b      	lsls	r3, r3, #5
20000614:	421d      	tst	r5, r3
20000616:	d10e      	bne.n	20000636 <dcd_rp2040_irq+0x19e>
20000618:	2380      	movs	r3, #128	@ 0x80
2000061a:	01db      	lsls	r3, r3, #7
2000061c:	421d      	tst	r5, r3
2000061e:	d121      	bne.n	20000664 <dcd_rp2040_irq+0x1cc>
20000620:	2380      	movs	r3, #128	@ 0x80
20000622:	021b      	lsls	r3, r3, #8
20000624:	421d      	tst	r5, r3
20000626:	d12c      	bne.n	20000682 <dcd_rp2040_irq+0x1ea>
20000628:	42ae      	cmp	r6, r5
2000062a:	d000      	beq.n	2000062e <dcd_rp2040_irq+0x196>
2000062c:	e1c0      	b.n	200009b0 <dcd_rp2040_irq+0x518>
2000062e:	b004      	add	sp, #16
20000630:	bc80      	pop	{r7}
20000632:	46b8      	mov	r8, r7
20000634:	bdf0      	pop	{r4, r5, r6, r7, pc}
20000636:	2400      	movs	r4, #0
20000638:	431e      	orrs	r6, r3
2000063a:	4b5f      	ldr	r3, [pc, #380]	@ (200007b8 <dcd_rp2040_irq+0x320>)
2000063c:	601c      	str	r4, [r3, #0]
2000063e:	f7ff fea7 	bl	20000390 <reset_non_control_endpoints>
20000642:	2380      	movs	r3, #128	@ 0x80
20000644:	466a      	mov	r2, sp
20000646:	005b      	lsls	r3, r3, #1
20000648:	8093      	strh	r3, [r2, #4]
2000064a:	7214      	strb	r4, [r2, #8]
2000064c:	2101      	movs	r1, #1
2000064e:	a801      	add	r0, sp, #4
20000650:	f000 fb4e 	bl	20000cf0 <dcd_event_handler>
20000654:	2280      	movs	r2, #128	@ 0x80
20000656:	4b65      	ldr	r3, [pc, #404]	@ (200007ec <dcd_rp2040_irq+0x354>)
20000658:	0312      	lsls	r2, r2, #12
2000065a:	651a      	str	r2, [r3, #80]	@ 0x50
2000065c:	2380      	movs	r3, #128	@ 0x80
2000065e:	01db      	lsls	r3, r3, #7
20000660:	421d      	tst	r5, r3
20000662:	d0dd      	beq.n	20000620 <dcd_rp2040_irq+0x188>
20000664:	431e      	orrs	r6, r3
20000666:	2380      	movs	r3, #128	@ 0x80
20000668:	a801      	add	r0, sp, #4
2000066a:	00db      	lsls	r3, r3, #3
2000066c:	8003      	strh	r3, [r0, #0]
2000066e:	2101      	movs	r1, #1
20000670:	f000 fb3e 	bl	20000cf0 <dcd_event_handler>
20000674:	2210      	movs	r2, #16
20000676:	4b5d      	ldr	r3, [pc, #372]	@ (200007ec <dcd_rp2040_irq+0x354>)
20000678:	651a      	str	r2, [r3, #80]	@ 0x50
2000067a:	2380      	movs	r3, #128	@ 0x80
2000067c:	021b      	lsls	r3, r3, #8
2000067e:	421d      	tst	r5, r3
20000680:	d0d2      	beq.n	20000628 <dcd_rp2040_irq+0x190>
20000682:	431e      	orrs	r6, r3
20000684:	23a0      	movs	r3, #160	@ 0xa0
20000686:	a801      	add	r0, sp, #4
20000688:	00db      	lsls	r3, r3, #3
2000068a:	8003      	strh	r3, [r0, #0]
2000068c:	2101      	movs	r1, #1
2000068e:	f000 fb2f 	bl	20000cf0 <dcd_event_handler>
20000692:	2280      	movs	r2, #128	@ 0x80
20000694:	4b55      	ldr	r3, [pc, #340]	@ (200007ec <dcd_rp2040_irq+0x354>)
20000696:	0112      	lsls	r2, r2, #4
20000698:	651a      	str	r2, [r3, #80]	@ 0x50
2000069a:	e7c5      	b.n	20000628 <dcd_rp2040_irq+0x190>
2000069c:	f7ff feac 	bl	200003f8 <hw_handle_buff_status>
200006a0:	0026      	movs	r6, r4
200006a2:	e77e      	b.n	200005a2 <dcd_rp2040_irq+0x10a>
200006a4:	4b54      	ldr	r3, [pc, #336]	@ (200007f8 <dcd_rp2040_irq+0x360>)
200006a6:	4a44      	ldr	r2, [pc, #272]	@ (200007b8 <dcd_rp2040_irq+0x320>)
200006a8:	661c      	str	r4, [r3, #96]	@ 0x60
200006aa:	6e53      	ldr	r3, [r2, #100]	@ 0x64
200006ac:	4023      	ands	r3, r4
200006ae:	42a3      	cmp	r3, r4
200006b0:	d1fb      	bne.n	200006aa <dcd_rp2040_irq+0x212>
200006b2:	e787      	b.n	200005c4 <dcd_rp2040_irq+0x12c>
200006b4:	3338      	adds	r3, #56	@ 0x38
200006b6:	5ce6      	ldrb	r6, [r4, r3]
200006b8:	2e00      	cmp	r6, #0
200006ba:	d100      	bne.n	200006be <dcd_rp2040_irq+0x226>
200006bc:	e705      	b.n	200004ca <dcd_rp2040_irq+0x32>
200006be:	3302      	adds	r3, #2
200006c0:	5ce2      	ldrb	r2, [r4, r3]
200006c2:	2a00      	cmp	r2, #0
200006c4:	d100      	bne.n	200006c8 <dcd_rp2040_irq+0x230>
200006c6:	e700      	b.n	200004ca <dcd_rp2040_irq+0x32>
200006c8:	0020      	movs	r0, r4
200006ca:	2200      	movs	r2, #0
200006cc:	3020      	adds	r0, #32
200006ce:	54e2      	strb	r2, [r4, r3]
200006d0:	f000 fab8 	bl	20000c44 <hw_endpoint_start_next_buffer>
200006d4:	e6f9      	b.n	200004ca <dcd_rp2040_irq+0x32>
200006d6:	33b8      	adds	r3, #184	@ 0xb8
200006d8:	5ce7      	ldrb	r7, [r4, r3]
200006da:	2f00      	cmp	r7, #0
200006dc:	d100      	bne.n	200006e0 <dcd_rp2040_irq+0x248>
200006de:	e6fe      	b.n	200004de <dcd_rp2040_irq+0x46>
200006e0:	3302      	adds	r3, #2
200006e2:	5ce2      	ldrb	r2, [r4, r3]
200006e4:	2a00      	cmp	r2, #0
200006e6:	d000      	beq.n	200006ea <dcd_rp2040_irq+0x252>
200006e8:	e122      	b.n	20000930 <dcd_rp2040_irq+0x498>
200006ea:	003e      	movs	r6, r7
200006ec:	e6f7      	b.n	200004de <dcd_rp2040_irq+0x46>
200006ee:	3378      	adds	r3, #120	@ 0x78
200006f0:	5ce7      	ldrb	r7, [r4, r3]
200006f2:	2f00      	cmp	r7, #0
200006f4:	d100      	bne.n	200006f8 <dcd_rp2040_irq+0x260>
200006f6:	e6ed      	b.n	200004d4 <dcd_rp2040_irq+0x3c>
200006f8:	3302      	adds	r3, #2
200006fa:	5ce2      	ldrb	r2, [r4, r3]
200006fc:	2a00      	cmp	r2, #0
200006fe:	d000      	beq.n	20000702 <dcd_rp2040_irq+0x26a>
20000700:	e10e      	b.n	20000920 <dcd_rp2040_irq+0x488>
20000702:	003e      	movs	r6, r7
20000704:	e6e6      	b.n	200004d4 <dcd_rp2040_irq+0x3c>
20000706:	33b9      	adds	r3, #185	@ 0xb9
20000708:	33ff      	adds	r3, #255	@ 0xff
2000070a:	5ce7      	ldrb	r7, [r4, r3]
2000070c:	2f00      	cmp	r7, #0
2000070e:	d100      	bne.n	20000712 <dcd_rp2040_irq+0x27a>
20000710:	e6fc      	b.n	2000050c <dcd_rp2040_irq+0x74>
20000712:	3302      	adds	r3, #2
20000714:	5ce2      	ldrb	r2, [r4, r3]
20000716:	2a00      	cmp	r2, #0
20000718:	d000      	beq.n	2000071c <dcd_rp2040_irq+0x284>
2000071a:	e0f8      	b.n	2000090e <dcd_rp2040_irq+0x476>
2000071c:	003e      	movs	r6, r7
2000071e:	e6f5      	b.n	2000050c <dcd_rp2040_irq+0x74>
20000720:	3379      	adds	r3, #121	@ 0x79
20000722:	33ff      	adds	r3, #255	@ 0xff
20000724:	5ce7      	ldrb	r7, [r4, r3]
20000726:	2f00      	cmp	r7, #0
20000728:	d100      	bne.n	2000072c <dcd_rp2040_irq+0x294>
2000072a:	e6e9      	b.n	20000500 <dcd_rp2040_irq+0x68>
2000072c:	3302      	adds	r3, #2
2000072e:	5ce2      	ldrb	r2, [r4, r3]
20000730:	2a00      	cmp	r2, #0
20000732:	d000      	beq.n	20000736 <dcd_rp2040_irq+0x29e>
20000734:	e0e2      	b.n	200008fc <dcd_rp2040_irq+0x464>
20000736:	003e      	movs	r6, r7
20000738:	e6e2      	b.n	20000500 <dcd_rp2040_irq+0x68>
2000073a:	3339      	adds	r3, #57	@ 0x39
2000073c:	33ff      	adds	r3, #255	@ 0xff
2000073e:	5ce7      	ldrb	r7, [r4, r3]
20000740:	2f00      	cmp	r7, #0
20000742:	d100      	bne.n	20000746 <dcd_rp2040_irq+0x2ae>
20000744:	e6d6      	b.n	200004f4 <dcd_rp2040_irq+0x5c>
20000746:	3302      	adds	r3, #2
20000748:	5ce2      	ldrb	r2, [r4, r3]
2000074a:	2a00      	cmp	r2, #0
2000074c:	d000      	beq.n	20000750 <dcd_rp2040_irq+0x2b8>
2000074e:	e0cc      	b.n	200008ea <dcd_rp2040_irq+0x452>
20000750:	003e      	movs	r6, r7
20000752:	e6cf      	b.n	200004f4 <dcd_rp2040_irq+0x5c>
20000754:	33f8      	adds	r3, #248	@ 0xf8
20000756:	5ce7      	ldrb	r7, [r4, r3]
20000758:	2f00      	cmp	r7, #0
2000075a:	d100      	bne.n	2000075e <dcd_rp2040_irq+0x2c6>
2000075c:	e6c4      	b.n	200004e8 <dcd_rp2040_irq+0x50>
2000075e:	3302      	adds	r3, #2
20000760:	5ce2      	ldrb	r2, [r4, r3]
20000762:	2a00      	cmp	r2, #0
20000764:	d000      	beq.n	20000768 <dcd_rp2040_irq+0x2d0>
20000766:	e0b8      	b.n	200008da <dcd_rp2040_irq+0x442>
20000768:	003e      	movs	r6, r7
2000076a:	e6bd      	b.n	200004e8 <dcd_rp2040_irq+0x50>
2000076c:	4b23      	ldr	r3, [pc, #140]	@ (200007fc <dcd_rp2040_irq+0x364>)
2000076e:	5ce7      	ldrb	r7, [r4, r3]
20000770:	2f00      	cmp	r7, #0
20000772:	d100      	bne.n	20000776 <dcd_rp2040_irq+0x2de>
20000774:	e6ee      	b.n	20000554 <dcd_rp2040_irq+0xbc>
20000776:	3302      	adds	r3, #2
20000778:	5ce2      	ldrb	r2, [r4, r3]
2000077a:	2a00      	cmp	r2, #0
2000077c:	d000      	beq.n	20000780 <dcd_rp2040_irq+0x2e8>
2000077e:	e110      	b.n	200009a2 <dcd_rp2040_irq+0x50a>
20000780:	4b17      	ldr	r3, [pc, #92]	@ (200007e0 <dcd_rp2040_irq+0x348>)
20000782:	5ce3      	ldrb	r3, [r4, r3]
20000784:	2b02      	cmp	r3, #2
20000786:	d100      	bne.n	2000078a <dcd_rp2040_irq+0x2f2>
20000788:	e08b      	b.n	200008a2 <dcd_rp2040_irq+0x40a>
2000078a:	4b16      	ldr	r3, [pc, #88]	@ (200007e4 <dcd_rp2040_irq+0x34c>)
2000078c:	5ce3      	ldrb	r3, [r4, r3]
2000078e:	2b02      	cmp	r3, #2
20000790:	d000      	beq.n	20000794 <dcd_rp2040_irq+0x2fc>
20000792:	e6f4      	b.n	2000057e <dcd_rp2040_irq+0xe6>
20000794:	4b1a      	ldr	r3, [pc, #104]	@ (20000800 <dcd_rp2040_irq+0x368>)
20000796:	5ce3      	ldrb	r3, [r4, r3]
20000798:	2b00      	cmp	r3, #0
2000079a:	d000      	beq.n	2000079e <dcd_rp2040_irq+0x306>
2000079c:	e090      	b.n	200008c0 <dcd_rp2040_irq+0x428>
2000079e:	e6ee      	b.n	2000057e <dcd_rp2040_irq+0xe6>
200007a0:	4b18      	ldr	r3, [pc, #96]	@ (20000804 <dcd_rp2040_irq+0x36c>)
200007a2:	5ce7      	ldrb	r7, [r4, r3]
200007a4:	2f00      	cmp	r7, #0
200007a6:	d100      	bne.n	200007aa <dcd_rp2040_irq+0x312>
200007a8:	e6cf      	b.n	2000054a <dcd_rp2040_irq+0xb2>
200007aa:	3302      	adds	r3, #2
200007ac:	5ce2      	ldrb	r2, [r4, r3]
200007ae:	2a00      	cmp	r2, #0
200007b0:	d000      	beq.n	200007b4 <dcd_rp2040_irq+0x31c>
200007b2:	e0ee      	b.n	20000992 <dcd_rp2040_irq+0x4fa>
200007b4:	003e      	movs	r6, r7
200007b6:	e6c8      	b.n	2000054a <dcd_rp2040_irq+0xb2>
200007b8:	50110000 	.word	0x50110000
200007bc:	40054000 	.word	0x40054000
200007c0:	20001f48 	.word	0x20001f48
200007c4:	20001f38 	.word	0x20001f38
200007c8:	0000023b 	.word	0x0000023b
200007cc:	0000027b 	.word	0x0000027b
200007d0:	000002bb 	.word	0x000002bb
200007d4:	000002fb 	.word	0x000002fb
200007d8:	0000033b 	.word	0x0000033b
200007dc:	0000037b 	.word	0x0000037b
200007e0:	000003bb 	.word	0x000003bb
200007e4:	000003fb 	.word	0x000003fb
200007e8:	20002396 	.word	0x20002396
200007ec:	50113000 	.word	0x50113000
200007f0:	00020010 	.word	0x00020010
200007f4:	50100000 	.word	0x50100000
200007f8:	50112000 	.word	0x50112000
200007fc:	0000037a 	.word	0x0000037a
20000800:	000003fa 	.word	0x000003fa
20000804:	0000033a 	.word	0x0000033a
20000808:	4b6c      	ldr	r3, [pc, #432]	@ (200009bc <dcd_rp2040_irq+0x524>)
2000080a:	5ce7      	ldrb	r7, [r4, r3]
2000080c:	2f00      	cmp	r7, #0
2000080e:	d100      	bne.n	20000812 <dcd_rp2040_irq+0x37a>
20000810:	e696      	b.n	20000540 <dcd_rp2040_irq+0xa8>
20000812:	3302      	adds	r3, #2
20000814:	5ce2      	ldrb	r2, [r4, r3]
20000816:	2a00      	cmp	r2, #0
20000818:	d000      	beq.n	2000081c <dcd_rp2040_irq+0x384>
2000081a:	e0b2      	b.n	20000982 <dcd_rp2040_irq+0x4ea>
2000081c:	003e      	movs	r6, r7
2000081e:	e68f      	b.n	20000540 <dcd_rp2040_irq+0xa8>
20000820:	4b67      	ldr	r3, [pc, #412]	@ (200009c0 <dcd_rp2040_irq+0x528>)
20000822:	5ce7      	ldrb	r7, [r4, r3]
20000824:	2f00      	cmp	r7, #0
20000826:	d100      	bne.n	2000082a <dcd_rp2040_irq+0x392>
20000828:	e685      	b.n	20000536 <dcd_rp2040_irq+0x9e>
2000082a:	3302      	adds	r3, #2
2000082c:	5ce2      	ldrb	r2, [r4, r3]
2000082e:	2a00      	cmp	r2, #0
20000830:	d000      	beq.n	20000834 <dcd_rp2040_irq+0x39c>
20000832:	e09e      	b.n	20000972 <dcd_rp2040_irq+0x4da>
20000834:	003e      	movs	r6, r7
20000836:	e67e      	b.n	20000536 <dcd_rp2040_irq+0x9e>
20000838:	4b62      	ldr	r3, [pc, #392]	@ (200009c4 <dcd_rp2040_irq+0x52c>)
2000083a:	5ce7      	ldrb	r7, [r4, r3]
2000083c:	2f00      	cmp	r7, #0
2000083e:	d100      	bne.n	20000842 <dcd_rp2040_irq+0x3aa>
20000840:	e674      	b.n	2000052c <dcd_rp2040_irq+0x94>
20000842:	3302      	adds	r3, #2
20000844:	5ce2      	ldrb	r2, [r4, r3]
20000846:	2a00      	cmp	r2, #0
20000848:	d000      	beq.n	2000084c <dcd_rp2040_irq+0x3b4>
2000084a:	e08a      	b.n	20000962 <dcd_rp2040_irq+0x4ca>
2000084c:	003e      	movs	r6, r7
2000084e:	e66d      	b.n	2000052c <dcd_rp2040_irq+0x94>
20000850:	4b5d      	ldr	r3, [pc, #372]	@ (200009c8 <dcd_rp2040_irq+0x530>)
20000852:	5ce7      	ldrb	r7, [r4, r3]
20000854:	2f00      	cmp	r7, #0
20000856:	d100      	bne.n	2000085a <dcd_rp2040_irq+0x3c2>
20000858:	e663      	b.n	20000522 <dcd_rp2040_irq+0x8a>
2000085a:	3302      	adds	r3, #2
2000085c:	5ce2      	ldrb	r2, [r4, r3]
2000085e:	2a00      	cmp	r2, #0
20000860:	d177      	bne.n	20000952 <dcd_rp2040_irq+0x4ba>
20000862:	003e      	movs	r6, r7
20000864:	e65d      	b.n	20000522 <dcd_rp2040_irq+0x8a>
20000866:	33f9      	adds	r3, #249	@ 0xf9
20000868:	33ff      	adds	r3, #255	@ 0xff
2000086a:	5ce7      	ldrb	r7, [r4, r3]
2000086c:	2f00      	cmp	r7, #0
2000086e:	d100      	bne.n	20000872 <dcd_rp2040_irq+0x3da>
20000870:	e652      	b.n	20000518 <dcd_rp2040_irq+0x80>
20000872:	3302      	adds	r3, #2
20000874:	5ce2      	ldrb	r2, [r4, r3]
20000876:	2a00      	cmp	r2, #0
20000878:	d162      	bne.n	20000940 <dcd_rp2040_irq+0x4a8>
2000087a:	003e      	movs	r6, r7
2000087c:	e64c      	b.n	20000518 <dcd_rp2040_irq+0x80>
2000087e:	4b53      	ldr	r3, [pc, #332]	@ (200009cc <dcd_rp2040_irq+0x534>)
20000880:	5ce3      	ldrb	r3, [r4, r3]
20000882:	2b00      	cmp	r3, #0
20000884:	d100      	bne.n	20000888 <dcd_rp2040_irq+0x3f0>
20000886:	e66a      	b.n	2000055e <dcd_rp2040_irq+0xc6>
20000888:	23ef      	movs	r3, #239	@ 0xef
2000088a:	009b      	lsls	r3, r3, #2
2000088c:	5ce2      	ldrb	r2, [r4, r3]
2000088e:	2a00      	cmp	r2, #0
20000890:	d100      	bne.n	20000894 <dcd_rp2040_irq+0x3fc>
20000892:	e77a      	b.n	2000078a <dcd_rp2040_irq+0x2f2>
20000894:	2200      	movs	r2, #0
20000896:	54e2      	strb	r2, [r4, r3]
20000898:	3b1c      	subs	r3, #28
2000089a:	18e0      	adds	r0, r4, r3
2000089c:	f000 f9d2 	bl	20000c44 <hw_endpoint_start_next_buffer>
200008a0:	e773      	b.n	2000078a <dcd_rp2040_irq+0x2f2>
200008a2:	4b4a      	ldr	r3, [pc, #296]	@ (200009cc <dcd_rp2040_irq+0x534>)
200008a4:	5ce3      	ldrb	r3, [r4, r3]
200008a6:	2b00      	cmp	r3, #0
200008a8:	d1ee      	bne.n	20000888 <dcd_rp2040_irq+0x3f0>
200008aa:	4b49      	ldr	r3, [pc, #292]	@ (200009d0 <dcd_rp2040_irq+0x538>)
200008ac:	5ce3      	ldrb	r3, [r4, r3]
200008ae:	2b02      	cmp	r3, #2
200008b0:	d000      	beq.n	200008b4 <dcd_rp2040_irq+0x41c>
200008b2:	e664      	b.n	2000057e <dcd_rp2040_irq+0xe6>
200008b4:	003e      	movs	r6, r7
200008b6:	4b47      	ldr	r3, [pc, #284]	@ (200009d4 <dcd_rp2040_irq+0x53c>)
200008b8:	5ce3      	ldrb	r3, [r4, r3]
200008ba:	2b00      	cmp	r3, #0
200008bc:	d100      	bne.n	200008c0 <dcd_rp2040_irq+0x428>
200008be:	e653      	b.n	20000568 <dcd_rp2040_irq+0xd0>
200008c0:	23ff      	movs	r3, #255	@ 0xff
200008c2:	009b      	lsls	r3, r3, #2
200008c4:	5ce2      	ldrb	r2, [r4, r3]
200008c6:	2a00      	cmp	r2, #0
200008c8:	d100      	bne.n	200008cc <dcd_rp2040_irq+0x434>
200008ca:	e658      	b.n	2000057e <dcd_rp2040_irq+0xe6>
200008cc:	2200      	movs	r2, #0
200008ce:	54e2      	strb	r2, [r4, r3]
200008d0:	3b1c      	subs	r3, #28
200008d2:	18e0      	adds	r0, r4, r3
200008d4:	f000 f9b6 	bl	20000c44 <hw_endpoint_start_next_buffer>
200008d8:	e651      	b.n	2000057e <dcd_rp2040_irq+0xe6>
200008da:	0020      	movs	r0, r4
200008dc:	2200      	movs	r2, #0
200008de:	30e0      	adds	r0, #224	@ 0xe0
200008e0:	54e2      	strb	r2, [r4, r3]
200008e2:	003e      	movs	r6, r7
200008e4:	f000 f9ae 	bl	20000c44 <hw_endpoint_start_next_buffer>
200008e8:	e5fe      	b.n	200004e8 <dcd_rp2040_irq+0x50>
200008ea:	0020      	movs	r0, r4
200008ec:	2200      	movs	r2, #0
200008ee:	3021      	adds	r0, #33	@ 0x21
200008f0:	30ff      	adds	r0, #255	@ 0xff
200008f2:	54e2      	strb	r2, [r4, r3]
200008f4:	003e      	movs	r6, r7
200008f6:	f000 f9a5 	bl	20000c44 <hw_endpoint_start_next_buffer>
200008fa:	e5fb      	b.n	200004f4 <dcd_rp2040_irq+0x5c>
200008fc:	0020      	movs	r0, r4
200008fe:	2200      	movs	r2, #0
20000900:	3061      	adds	r0, #97	@ 0x61
20000902:	30ff      	adds	r0, #255	@ 0xff
20000904:	54e2      	strb	r2, [r4, r3]
20000906:	003e      	movs	r6, r7
20000908:	f000 f99c 	bl	20000c44 <hw_endpoint_start_next_buffer>
2000090c:	e5f8      	b.n	20000500 <dcd_rp2040_irq+0x68>
2000090e:	0020      	movs	r0, r4
20000910:	2200      	movs	r2, #0
20000912:	30a1      	adds	r0, #161	@ 0xa1
20000914:	30ff      	adds	r0, #255	@ 0xff
20000916:	54e2      	strb	r2, [r4, r3]
20000918:	003e      	movs	r6, r7
2000091a:	f000 f993 	bl	20000c44 <hw_endpoint_start_next_buffer>
2000091e:	e5f5      	b.n	2000050c <dcd_rp2040_irq+0x74>
20000920:	0020      	movs	r0, r4
20000922:	2200      	movs	r2, #0
20000924:	3060      	adds	r0, #96	@ 0x60
20000926:	54e2      	strb	r2, [r4, r3]
20000928:	003e      	movs	r6, r7
2000092a:	f000 f98b 	bl	20000c44 <hw_endpoint_start_next_buffer>
2000092e:	e5d1      	b.n	200004d4 <dcd_rp2040_irq+0x3c>
20000930:	0020      	movs	r0, r4
20000932:	2200      	movs	r2, #0
20000934:	30a0      	adds	r0, #160	@ 0xa0
20000936:	54e2      	strb	r2, [r4, r3]
20000938:	003e      	movs	r6, r7
2000093a:	f000 f983 	bl	20000c44 <hw_endpoint_start_next_buffer>
2000093e:	e5ce      	b.n	200004de <dcd_rp2040_irq+0x46>
20000940:	0020      	movs	r0, r4
20000942:	2200      	movs	r2, #0
20000944:	30e1      	adds	r0, #225	@ 0xe1
20000946:	30ff      	adds	r0, #255	@ 0xff
20000948:	54e2      	strb	r2, [r4, r3]
2000094a:	003e      	movs	r6, r7
2000094c:	f000 f97a 	bl	20000c44 <hw_endpoint_start_next_buffer>
20000950:	e5e2      	b.n	20000518 <dcd_rp2040_irq+0x80>
20000952:	2200      	movs	r2, #0
20000954:	54e2      	strb	r2, [r4, r3]
20000956:	3b1c      	subs	r3, #28
20000958:	18e0      	adds	r0, r4, r3
2000095a:	f000 f973 	bl	20000c44 <hw_endpoint_start_next_buffer>
2000095e:	003e      	movs	r6, r7
20000960:	e5df      	b.n	20000522 <dcd_rp2040_irq+0x8a>
20000962:	2200      	movs	r2, #0
20000964:	54e2      	strb	r2, [r4, r3]
20000966:	3b1c      	subs	r3, #28
20000968:	18e0      	adds	r0, r4, r3
2000096a:	f000 f96b 	bl	20000c44 <hw_endpoint_start_next_buffer>
2000096e:	003e      	movs	r6, r7
20000970:	e5dc      	b.n	2000052c <dcd_rp2040_irq+0x94>
20000972:	2200      	movs	r2, #0
20000974:	54e2      	strb	r2, [r4, r3]
20000976:	3b1c      	subs	r3, #28
20000978:	18e0      	adds	r0, r4, r3
2000097a:	f000 f963 	bl	20000c44 <hw_endpoint_start_next_buffer>
2000097e:	003e      	movs	r6, r7
20000980:	e5d9      	b.n	20000536 <dcd_rp2040_irq+0x9e>
20000982:	2200      	movs	r2, #0
20000984:	54e2      	strb	r2, [r4, r3]
20000986:	3b1c      	subs	r3, #28
20000988:	18e0      	adds	r0, r4, r3
2000098a:	f000 f95b 	bl	20000c44 <hw_endpoint_start_next_buffer>
2000098e:	003e      	movs	r6, r7
20000990:	e5d6      	b.n	20000540 <dcd_rp2040_irq+0xa8>
20000992:	2200      	movs	r2, #0
20000994:	54e2      	strb	r2, [r4, r3]
20000996:	3b1c      	subs	r3, #28
20000998:	18e0      	adds	r0, r4, r3
2000099a:	f000 f953 	bl	20000c44 <hw_endpoint_start_next_buffer>
2000099e:	003e      	movs	r6, r7
200009a0:	e5d3      	b.n	2000054a <dcd_rp2040_irq+0xb2>
200009a2:	2200      	movs	r2, #0
200009a4:	54e2      	strb	r2, [r4, r3]
200009a6:	3b1c      	subs	r3, #28
200009a8:	18e0      	adds	r0, r4, r3
200009aa:	f000 f94b 	bl	20000c44 <hw_endpoint_start_next_buffer>
200009ae:	e6e7      	b.n	20000780 <dcd_rp2040_irq+0x2e8>
200009b0:	0031      	movs	r1, r6
200009b2:	4809      	ldr	r0, [pc, #36]	@ (200009d8 <dcd_rp2040_irq+0x540>)
200009b4:	4069      	eors	r1, r5
200009b6:	f000 facf 	bl	20000f58 <__panic_veneer>
200009ba:	46c0      	nop			@ (mov r8, r8)
200009bc:	000002fa 	.word	0x000002fa
200009c0:	000002ba 	.word	0x000002ba
200009c4:	0000027a 	.word	0x0000027a
200009c8:	0000023a 	.word	0x0000023a
200009cc:	000003ba 	.word	0x000003ba
200009d0:	000003fb 	.word	0x000003fb
200009d4:	000003fa 	.word	0x000003fa
200009d8:	10007c64 	.word	0x10007c64

200009dc <prepare_ep_buffer>:
200009dc:	b5f0      	push	{r4, r5, r6, r7, lr}
200009de:	46d6      	mov	lr, sl
200009e0:	464f      	mov	r7, r9
200009e2:	4646      	mov	r6, r8
200009e4:	b5c0      	push	{r6, r7, lr}
200009e6:	0002      	movs	r2, r0
200009e8:	8a83      	ldrh	r3, [r0, #20]
200009ea:	8b00      	ldrh	r0, [r0, #24]
200009ec:	468a      	mov	sl, r1
200009ee:	1c04      	adds	r4, r0, #0
200009f0:	4298      	cmp	r0, r3
200009f2:	d900      	bls.n	200009f6 <prepare_ep_buffer+0x1a>
200009f4:	1c1c      	adds	r4, r3, #0
200009f6:	78d5      	ldrb	r5, [r2, #3]
200009f8:	2680      	movs	r6, #128	@ 0x80
200009fa:	0028      	movs	r0, r5
200009fc:	1e47      	subs	r7, r0, #1
200009fe:	41b8      	sbcs	r0, r7
20000a00:	b2a4      	uxth	r4, r4
20000a02:	00f6      	lsls	r6, r6, #3
20000a04:	4326      	orrs	r6, r4
20000a06:	0340      	lsls	r0, r0, #13
20000a08:	4330      	orrs	r0, r6
20000a0a:	2601      	movs	r6, #1
20000a0c:	4075      	eors	r5, r6
20000a0e:	1b1b      	subs	r3, r3, r4
20000a10:	70d5      	strb	r5, [r2, #3]
20000a12:	7855      	ldrb	r5, [r2, #1]
20000a14:	b29b      	uxth	r3, r3
20000a16:	8293      	strh	r3, [r2, #20]
20000a18:	2d00      	cmp	r5, #0
20000a1a:	d137      	bne.n	20000a8c <prepare_ep_buffer+0xb0>
20000a1c:	4651      	mov	r1, sl
20000a1e:	68d6      	ldr	r6, [r2, #12]
20000a20:	018d      	lsls	r5, r1, #6
20000a22:	1e61      	subs	r1, r4, #1
20000a24:	1976      	adds	r6, r6, r5
20000a26:	4688      	mov	r8, r1
20000a28:	6915      	ldr	r5, [r2, #16]
20000a2a:	2c00      	cmp	r4, #0
20000a2c:	d029      	beq.n	20000a82 <prepare_ep_buffer+0xa6>
20000a2e:	2906      	cmp	r1, #6
20000a30:	d93a      	bls.n	20000aa8 <prepare_ep_buffer+0xcc>
20000a32:	0033      	movs	r3, r6
20000a34:	432b      	orrs	r3, r5
20000a36:	079b      	lsls	r3, r3, #30
20000a38:	d136      	bne.n	20000aa8 <prepare_ep_buffer+0xcc>
20000a3a:	1c6b      	adds	r3, r5, #1
20000a3c:	1af3      	subs	r3, r6, r3
20000a3e:	2b02      	cmp	r3, #2
20000a40:	d932      	bls.n	20000aa8 <prepare_ep_buffer+0xcc>
20000a42:	1f23      	subs	r3, r4, #4
20000a44:	089b      	lsrs	r3, r3, #2
20000a46:	3301      	adds	r3, #1
20000a48:	469c      	mov	ip, r3
20000a4a:	2700      	movs	r7, #0
20000a4c:	2300      	movs	r3, #0
20000a4e:	58e9      	ldr	r1, [r5, r3]
20000a50:	3701      	adds	r7, #1
20000a52:	50f1      	str	r1, [r6, r3]
20000a54:	3304      	adds	r3, #4
20000a56:	45bc      	cmp	ip, r7
20000a58:	d8f9      	bhi.n	20000a4e <prepare_ep_buffer+0x72>
20000a5a:	4663      	mov	r3, ip
20000a5c:	4641      	mov	r1, r8
20000a5e:	009b      	lsls	r3, r3, #2
20000a60:	18ed      	adds	r5, r5, r3
20000a62:	18f6      	adds	r6, r6, r3
20000a64:	1acf      	subs	r7, r1, r3
20000a66:	429c      	cmp	r4, r3
20000a68:	d009      	beq.n	20000a7e <prepare_ep_buffer+0xa2>
20000a6a:	782b      	ldrb	r3, [r5, #0]
20000a6c:	7033      	strb	r3, [r6, #0]
20000a6e:	2f00      	cmp	r7, #0
20000a70:	d005      	beq.n	20000a7e <prepare_ep_buffer+0xa2>
20000a72:	786b      	ldrb	r3, [r5, #1]
20000a74:	7073      	strb	r3, [r6, #1]
20000a76:	2f01      	cmp	r7, #1
20000a78:	d001      	beq.n	20000a7e <prepare_ep_buffer+0xa2>
20000a7a:	78ab      	ldrb	r3, [r5, #2]
20000a7c:	70b3      	strb	r3, [r6, #2]
20000a7e:	6915      	ldr	r5, [r2, #16]
20000a80:	8a93      	ldrh	r3, [r2, #20]
20000a82:	192d      	adds	r5, r5, r4
20000a84:	6115      	str	r5, [r2, #16]
20000a86:	2280      	movs	r2, #128	@ 0x80
20000a88:	0212      	lsls	r2, r2, #8
20000a8a:	4310      	orrs	r0, r2
20000a8c:	2b00      	cmp	r3, #0
20000a8e:	d102      	bne.n	20000a96 <prepare_ep_buffer+0xba>
20000a90:	2380      	movs	r3, #128	@ 0x80
20000a92:	01db      	lsls	r3, r3, #7
20000a94:	4318      	orrs	r0, r3
20000a96:	4653      	mov	r3, sl
20000a98:	2b00      	cmp	r3, #0
20000a9a:	d000      	beq.n	20000a9e <prepare_ep_buffer+0xc2>
20000a9c:	0400      	lsls	r0, r0, #16
20000a9e:	bce0      	pop	{r5, r6, r7}
20000aa0:	46ba      	mov	sl, r7
20000aa2:	46b1      	mov	r9, r6
20000aa4:	46a8      	mov	r8, r5
20000aa6:	bdf0      	pop	{r4, r5, r6, r7, pc}
20000aa8:	2300      	movs	r3, #0
20000aaa:	5cef      	ldrb	r7, [r5, r3]
20000aac:	54f7      	strb	r7, [r6, r3]
20000aae:	3301      	adds	r3, #1
20000ab0:	429c      	cmp	r4, r3
20000ab2:	d1fa      	bne.n	20000aaa <prepare_ep_buffer+0xce>
20000ab4:	6915      	ldr	r5, [r2, #16]
20000ab6:	8a93      	ldrh	r3, [r2, #20]
20000ab8:	e7e3      	b.n	20000a82 <prepare_ep_buffer+0xa6>
20000aba:	46c0      	nop			@ (mov r8, r8)

20000abc <sync_ep_buffer>:
20000abc:	6883      	ldr	r3, [r0, #8]
20000abe:	b5f0      	push	{r4, r5, r6, r7, lr}
20000ac0:	681b      	ldr	r3, [r3, #0]
20000ac2:	0005      	movs	r5, r0
20000ac4:	2900      	cmp	r1, #0
20000ac6:	d000      	beq.n	20000aca <sync_ep_buffer+0xe>
20000ac8:	0c1b      	lsrs	r3, r3, #16
20000aca:	059b      	lsls	r3, r3, #22
20000acc:	0d98      	lsrs	r0, r3, #22
20000ace:	786b      	ldrb	r3, [r5, #1]
20000ad0:	2b00      	cmp	r3, #0
20000ad2:	d108      	bne.n	20000ae6 <sync_ep_buffer+0x2a>
20000ad4:	8aeb      	ldrh	r3, [r5, #22]
20000ad6:	18c3      	adds	r3, r0, r3
20000ad8:	82eb      	strh	r3, [r5, #22]
20000ada:	8b2b      	ldrh	r3, [r5, #24]
20000adc:	4283      	cmp	r3, r0
20000ade:	d901      	bls.n	20000ae4 <sync_ep_buffer+0x28>
20000ae0:	2300      	movs	r3, #0
20000ae2:	82ab      	strh	r3, [r5, #20]
20000ae4:	bdf0      	pop	{r4, r5, r6, r7, pc}
20000ae6:	68eb      	ldr	r3, [r5, #12]
20000ae8:	0189      	lsls	r1, r1, #6
20000aea:	1e46      	subs	r6, r0, #1
20000aec:	46b4      	mov	ip, r6
20000aee:	692a      	ldr	r2, [r5, #16]
20000af0:	185c      	adds	r4, r3, r1
20000af2:	2800      	cmp	r0, #0
20000af4:	d027      	beq.n	20000b46 <sync_ep_buffer+0x8a>
20000af6:	2e06      	cmp	r6, #6
20000af8:	d92b      	bls.n	20000b52 <sync_ep_buffer+0x96>
20000afa:	3101      	adds	r1, #1
20000afc:	185b      	adds	r3, r3, r1
20000afe:	1ad3      	subs	r3, r2, r3
20000b00:	2b02      	cmp	r3, #2
20000b02:	d926      	bls.n	20000b52 <sync_ep_buffer+0x96>
20000b04:	0013      	movs	r3, r2
20000b06:	4323      	orrs	r3, r4
20000b08:	079b      	lsls	r3, r3, #30
20000b0a:	d122      	bne.n	20000b52 <sync_ep_buffer+0x96>
20000b0c:	2300      	movs	r3, #0
20000b0e:	2100      	movs	r1, #0
20000b10:	1f06      	subs	r6, r0, #4
20000b12:	08b6      	lsrs	r6, r6, #2
20000b14:	3601      	adds	r6, #1
20000b16:	58e7      	ldr	r7, [r4, r3]
20000b18:	3101      	adds	r1, #1
20000b1a:	50d7      	str	r7, [r2, r3]
20000b1c:	3304      	adds	r3, #4
20000b1e:	428e      	cmp	r6, r1
20000b20:	d8f9      	bhi.n	20000b16 <sync_ep_buffer+0x5a>
20000b22:	4663      	mov	r3, ip
20000b24:	00b6      	lsls	r6, r6, #2
20000b26:	19a4      	adds	r4, r4, r6
20000b28:	1992      	adds	r2, r2, r6
20000b2a:	1b9f      	subs	r7, r3, r6
20000b2c:	42b0      	cmp	r0, r6
20000b2e:	d009      	beq.n	20000b44 <sync_ep_buffer+0x88>
20000b30:	7823      	ldrb	r3, [r4, #0]
20000b32:	7013      	strb	r3, [r2, #0]
20000b34:	2f00      	cmp	r7, #0
20000b36:	d005      	beq.n	20000b44 <sync_ep_buffer+0x88>
20000b38:	7863      	ldrb	r3, [r4, #1]
20000b3a:	7053      	strb	r3, [r2, #1]
20000b3c:	2f01      	cmp	r7, #1
20000b3e:	d001      	beq.n	20000b44 <sync_ep_buffer+0x88>
20000b40:	78a3      	ldrb	r3, [r4, #2]
20000b42:	7093      	strb	r3, [r2, #2]
20000b44:	692a      	ldr	r2, [r5, #16]
20000b46:	8aeb      	ldrh	r3, [r5, #22]
20000b48:	1812      	adds	r2, r2, r0
20000b4a:	18c3      	adds	r3, r0, r3
20000b4c:	82eb      	strh	r3, [r5, #22]
20000b4e:	612a      	str	r2, [r5, #16]
20000b50:	e7c3      	b.n	20000ada <sync_ep_buffer+0x1e>
20000b52:	2300      	movs	r3, #0
20000b54:	5ce1      	ldrb	r1, [r4, r3]
20000b56:	54d1      	strb	r1, [r2, r3]
20000b58:	3301      	adds	r3, #1
20000b5a:	4298      	cmp	r0, r3
20000b5c:	d1fa      	bne.n	20000b54 <sync_ep_buffer+0x98>
20000b5e:	692a      	ldr	r2, [r5, #16]
20000b60:	e7f1      	b.n	20000b46 <sync_ep_buffer+0x8a>
20000b62:	46c0      	nop			@ (mov r8, r8)

20000b64 <_hw_endpoint_xfer_sync>:
20000b64:	b510      	push	{r4, lr}
20000b66:	0004      	movs	r4, r0
20000b68:	6883      	ldr	r3, [r0, #8]
20000b6a:	2100      	movs	r1, #0
20000b6c:	681b      	ldr	r3, [r3, #0]
20000b6e:	f7ff ffa5 	bl	20000abc <sync_ep_buffer>
20000b72:	6863      	ldr	r3, [r4, #4]
20000b74:	681b      	ldr	r3, [r3, #0]
20000b76:	005b      	lsls	r3, r3, #1
20000b78:	d502      	bpl.n	20000b80 <_hw_endpoint_xfer_sync+0x1c>
20000b7a:	8b23      	ldrh	r3, [r4, #24]
20000b7c:	4283      	cmp	r3, r0
20000b7e:	d000      	beq.n	20000b82 <_hw_endpoint_xfer_sync+0x1e>
20000b80:	bd10      	pop	{r4, pc}
20000b82:	2101      	movs	r1, #1
20000b84:	0020      	movs	r0, r4
20000b86:	f7ff ff99 	bl	20000abc <sync_ep_buffer>
20000b8a:	e7f9      	b.n	20000b80 <_hw_endpoint_xfer_sync+0x1c>

20000b8c <e15_is_bulkin_ep>:
20000b8c:	4a08      	ldr	r2, [pc, #32]	@ (20000bb0 <e15_is_bulkin_ep+0x24>)
20000b8e:	0003      	movs	r3, r0
20000b90:	6c12      	ldr	r2, [r2, #64]	@ 0x40
20000b92:	2000      	movs	r0, #0
20000b94:	0792      	lsls	r2, r2, #30
20000b96:	d403      	bmi.n	20000ba0 <e15_is_bulkin_ep+0x14>
20000b98:	789a      	ldrb	r2, [r3, #2]
20000b9a:	09d2      	lsrs	r2, r2, #7
20000b9c:	2a01      	cmp	r2, #1
20000b9e:	d000      	beq.n	20000ba2 <e15_is_bulkin_ep+0x16>
20000ba0:	4770      	bx	lr
20000ba2:	7ed8      	ldrb	r0, [r3, #27]
20000ba4:	3802      	subs	r0, #2
20000ba6:	4243      	negs	r3, r0
20000ba8:	4158      	adcs	r0, r3
20000baa:	b2c0      	uxtb	r0, r0
20000bac:	e7f8      	b.n	20000ba0 <e15_is_bulkin_ep+0x14>
20000bae:	46c0      	nop			@ (mov r8, r8)
20000bb0:	50110000 	.word	0x50110000

20000bb4 <e15_is_critical_frame_period>:
20000bb4:	b510      	push	{r4, lr}
20000bb6:	f7ff ffe9 	bl	20000b8c <e15_is_bulkin_ep>
20000bba:	2800      	cmp	r0, #0
20000bbc:	d00c      	beq.n	20000bd8 <e15_is_critical_frame_period+0x24>
20000bbe:	4907      	ldr	r1, [pc, #28]	@ (20000bdc <e15_is_critical_frame_period+0x28>)
20000bc0:	4b07      	ldr	r3, [pc, #28]	@ (20000be0 <e15_is_critical_frame_period+0x2c>)
20000bc2:	468c      	mov	ip, r1
20000bc4:	4a07      	ldr	r2, [pc, #28]	@ (20000be4 <e15_is_critical_frame_period+0x30>)
20000bc6:	6a9b      	ldr	r3, [r3, #40]	@ 0x28
20000bc8:	6812      	ldr	r2, [r2, #0]
20000bca:	4463      	add	r3, ip
20000bcc:	1a9b      	subs	r3, r3, r2
20000bce:	2000      	movs	r0, #0
20000bd0:	22c6      	movs	r2, #198	@ 0xc6
20000bd2:	429a      	cmp	r2, r3
20000bd4:	4140      	adcs	r0, r0
20000bd6:	b2c0      	uxtb	r0, r0
20000bd8:	bd10      	pop	{r4, pc}
20000bda:	46c0      	nop			@ (mov r8, r8)
20000bdc:	fffffce0 	.word	0xfffffce0
20000be0:	40054000 	.word	0x40054000
20000be4:	20001f38 	.word	0x20001f38

20000be8 <hw_endpoint_reset_transfer>:
20000be8:	2300      	movs	r3, #0
20000bea:	7683      	strb	r3, [r0, #26]
20000bec:	6143      	str	r3, [r0, #20]
20000bee:	6103      	str	r3, [r0, #16]
20000bf0:	4770      	bx	lr
20000bf2:	46c0      	nop			@ (mov r8, r8)

20000bf4 <_hw_endpoint_buffer_control_update32>:
20000bf4:	b510      	push	{r4, lr}
20000bf6:	6883      	ldr	r3, [r0, #8]
20000bf8:	2900      	cmp	r1, #0
20000bfa:	d001      	beq.n	20000c00 <_hw_endpoint_buffer_control_update32+0xc>
20000bfc:	681c      	ldr	r4, [r3, #0]
20000bfe:	4021      	ands	r1, r4
20000c00:	2a00      	cmp	r2, #0
20000c02:	d012      	beq.n	20000c2a <_hw_endpoint_buffer_control_update32+0x36>
20000c04:	2480      	movs	r4, #128	@ 0x80
20000c06:	00e4      	lsls	r4, r4, #3
20000c08:	4311      	orrs	r1, r2
20000c0a:	4222      	tst	r2, r4
20000c0c:	d00d      	beq.n	20000c2a <_hw_endpoint_buffer_control_update32+0x36>
20000c0e:	681a      	ldr	r2, [r3, #0]
20000c10:	4222      	tst	r2, r4
20000c12:	d10c      	bne.n	20000c2e <_hw_endpoint_buffer_control_update32+0x3a>
20000c14:	4a08      	ldr	r2, [pc, #32]	@ (20000c38 <_hw_endpoint_buffer_control_update32+0x44>)
20000c16:	400a      	ands	r2, r1
20000c18:	601a      	str	r2, [r3, #0]
20000c1a:	4a08      	ldr	r2, [pc, #32]	@ (20000c3c <_hw_endpoint_buffer_control_update32+0x48>)
20000c1c:	6c12      	ldr	r2, [r2, #64]	@ 0x40
20000c1e:	0792      	lsls	r2, r2, #30
20000c20:	d403      	bmi.n	20000c2a <_hw_endpoint_buffer_control_update32+0x36>
20000c22:	230c      	movs	r3, #12
20000c24:	3b03      	subs	r3, #3
20000c26:	d2fd      	bcs.n	20000c24 <_hw_endpoint_buffer_control_update32+0x30>
20000c28:	6883      	ldr	r3, [r0, #8]
20000c2a:	6019      	str	r1, [r3, #0]
20000c2c:	bd10      	pop	{r4, pc}
20000c2e:	7881      	ldrb	r1, [r0, #2]
20000c30:	4803      	ldr	r0, [pc, #12]	@ (20000c40 <_hw_endpoint_buffer_control_update32+0x4c>)
20000c32:	f000 f991 	bl	20000f58 <__panic_veneer>
20000c36:	46c0      	nop			@ (mov r8, r8)
20000c38:	fffffbff 	.word	0xfffffbff
20000c3c:	50110000 	.word	0x50110000
20000c40:	10007c78 	.word	0x10007c78

20000c44 <hw_endpoint_start_next_buffer>:
20000c44:	6843      	ldr	r3, [r0, #4]
20000c46:	b570      	push	{r4, r5, r6, lr}
20000c48:	2100      	movs	r1, #0
20000c4a:	2580      	movs	r5, #128	@ 0x80
20000c4c:	681e      	ldr	r6, [r3, #0]
20000c4e:	0004      	movs	r4, r0
20000c50:	f7ff fec4 	bl	200009dc <prepare_ep_buffer>
20000c54:	4b13      	ldr	r3, [pc, #76]	@ (20000ca4 <hw_endpoint_start_next_buffer+0x60>)
20000c56:	016d      	lsls	r5, r5, #5
20000c58:	6c1b      	ldr	r3, [r3, #64]	@ 0x40
20000c5a:	4305      	orrs	r5, r0
20000c5c:	079b      	lsls	r3, r3, #30
20000c5e:	d50f      	bpl.n	20000c80 <hw_endpoint_start_next_buffer+0x3c>
20000c60:	78a3      	ldrb	r3, [r4, #2]
20000c62:	065b      	lsls	r3, r3, #25
20000c64:	d00f      	beq.n	20000c86 <hw_endpoint_start_next_buffer+0x42>
20000c66:	4b10      	ldr	r3, [pc, #64]	@ (20000ca8 <hw_endpoint_start_next_buffer+0x64>)
20000c68:	401e      	ands	r6, r3
20000c6a:	2380      	movs	r3, #128	@ 0x80
20000c6c:	059b      	lsls	r3, r3, #22
20000c6e:	4333      	orrs	r3, r6
20000c70:	6862      	ldr	r2, [r4, #4]
20000c72:	2100      	movs	r1, #0
20000c74:	6013      	str	r3, [r2, #0]
20000c76:	0020      	movs	r0, r4
20000c78:	002a      	movs	r2, r5
20000c7a:	f7ff ffbb 	bl	20000bf4 <_hw_endpoint_buffer_control_update32>
20000c7e:	bd70      	pop	{r4, r5, r6, pc}
20000c80:	78a3      	ldrb	r3, [r4, #2]
20000c82:	09db      	lsrs	r3, r3, #7
20000c84:	d0ef      	beq.n	20000c66 <hw_endpoint_start_next_buffer+0x22>
20000c86:	8aa3      	ldrh	r3, [r4, #20]
20000c88:	2b00      	cmp	r3, #0
20000c8a:	d0ec      	beq.n	20000c66 <hw_endpoint_start_next_buffer+0x22>
20000c8c:	2101      	movs	r1, #1
20000c8e:	0020      	movs	r0, r4
20000c90:	f7ff fea4 	bl	200009dc <prepare_ep_buffer>
20000c94:	23a0      	movs	r3, #160	@ 0xa0
20000c96:	4a05      	ldr	r2, [pc, #20]	@ (20000cac <hw_endpoint_start_next_buffer+0x68>)
20000c98:	05db      	lsls	r3, r3, #23
20000c9a:	4032      	ands	r2, r6
20000c9c:	4305      	orrs	r5, r0
20000c9e:	4313      	orrs	r3, r2
20000ca0:	e7e6      	b.n	20000c70 <hw_endpoint_start_next_buffer+0x2c>
20000ca2:	46c0      	nop			@ (mov r8, r8)
20000ca4:	50110000 	.word	0x50110000
20000ca8:	afffffff 	.word	0xafffffff
20000cac:	dfffffff 	.word	0xdfffffff

20000cb0 <hw_endpoint_xfer_continue>:
20000cb0:	b570      	push	{r4, r5, r6, lr}
20000cb2:	7e85      	ldrb	r5, [r0, #26]
20000cb4:	0004      	movs	r4, r0
20000cb6:	2d00      	cmp	r5, #0
20000cb8:	d014      	beq.n	20000ce4 <hw_endpoint_xfer_continue+0x34>
20000cba:	f7ff ff53 	bl	20000b64 <_hw_endpoint_xfer_sync>
20000cbe:	8aa3      	ldrh	r3, [r4, #20]
20000cc0:	2b00      	cmp	r3, #0
20000cc2:	d101      	bne.n	20000cc8 <hw_endpoint_xfer_continue+0x18>
20000cc4:	0028      	movs	r0, r5
20000cc6:	bd70      	pop	{r4, r5, r6, pc}
20000cc8:	0020      	movs	r0, r4
20000cca:	f7ff ff73 	bl	20000bb4 <e15_is_critical_frame_period>
20000cce:	2800      	cmp	r0, #0
20000cd0:	d003      	beq.n	20000cda <hw_endpoint_xfer_continue+0x2a>
20000cd2:	2301      	movs	r3, #1
20000cd4:	2500      	movs	r5, #0
20000cd6:	7723      	strb	r3, [r4, #28]
20000cd8:	e7f4      	b.n	20000cc4 <hw_endpoint_xfer_continue+0x14>
20000cda:	0020      	movs	r0, r4
20000cdc:	f7ff ffb2 	bl	20000c44 <hw_endpoint_start_next_buffer>
20000ce0:	2500      	movs	r5, #0
20000ce2:	e7ef      	b.n	20000cc4 <hw_endpoint_xfer_continue+0x14>
20000ce4:	7881      	ldrb	r1, [r0, #2]
20000ce6:	4801      	ldr	r0, [pc, #4]	@ (20000cec <hw_endpoint_xfer_continue+0x3c>)
20000ce8:	f000 f936 	bl	20000f58 <__panic_veneer>
20000cec:	10007c98 	.word	0x10007c98

20000cf0 <dcd_event_handler>:
20000cf0:	b5f0      	push	{r4, r5, r6, r7, lr}
20000cf2:	46ce      	mov	lr, r9
20000cf4:	4647      	mov	r7, r8
20000cf6:	b580      	push	{r7, lr}
20000cf8:	7843      	ldrb	r3, [r0, #1]
20000cfa:	0005      	movs	r5, r0
20000cfc:	000e      	movs	r6, r1
20000cfe:	b085      	sub	sp, #20
20000d00:	2b06      	cmp	r3, #6
20000d02:	d808      	bhi.n	20000d16 <dcd_event_handler+0x26>
20000d04:	4a6b      	ldr	r2, [pc, #428]	@ (20000eb4 <dcd_event_handler+0x1c4>)
20000d06:	009b      	lsls	r3, r3, #2
20000d08:	58d3      	ldr	r3, [r2, r3]
20000d0a:	469f      	mov	pc, r3
20000d0c:	4a6a      	ldr	r2, [pc, #424]	@ (20000eb8 <dcd_event_handler+0x1c8>)
20000d0e:	7813      	ldrb	r3, [r2, #0]
20000d10:	3301      	adds	r3, #1
20000d12:	b2db      	uxtb	r3, r3
20000d14:	7013      	strb	r3, [r2, #0]
20000d16:	4b69      	ldr	r3, [pc, #420]	@ (20000ebc <dcd_event_handler+0x1cc>)
20000d18:	681c      	ldr	r4, [r3, #0]
20000d1a:	6962      	ldr	r2, [r4, #20]
20000d1c:	f3ef 8110 	mrs	r1, PRIMASK
20000d20:	b672      	cpsid	i
20000d22:	6813      	ldr	r3, [r2, #0]
20000d24:	2b00      	cmp	r3, #0
20000d26:	d0fc      	beq.n	20000d22 <dcd_event_handler+0x32>
20000d28:	f3bf 8f5f 	dmb	sy
20000d2c:	61a1      	str	r1, [r4, #24]
20000d2e:	0020      	movs	r0, r4
20000d30:	0029      	movs	r1, r5
20000d32:	f000 f929 	bl	20000f88 <__tu_fifo_write_veneer>
20000d36:	6962      	ldr	r2, [r4, #20]
20000d38:	69a3      	ldr	r3, [r4, #24]
20000d3a:	f3bf 8f5f 	dmb	sy
20000d3e:	2100      	movs	r1, #0
20000d40:	6011      	str	r1, [r2, #0]
20000d42:	f383 8810 	msr	PRIMASK, r3
20000d46:	2800      	cmp	r0, #0
20000d48:	d104      	bne.n	20000d54 <dcd_event_handler+0x64>
20000d4a:	b005      	add	sp, #20
20000d4c:	bcc0      	pop	{r6, r7}
20000d4e:	46b9      	mov	r9, r7
20000d50:	46b0      	mov	r8, r6
20000d52:	bdf0      	pop	{r4, r5, r6, r7, pc}
20000d54:	0032      	movs	r2, r6
20000d56:	7869      	ldrb	r1, [r5, #1]
20000d58:	7828      	ldrb	r0, [r5, #0]
20000d5a:	f000 f92d 	bl	20000fb8 <__tud_event_hook_cb_veneer>
20000d5e:	e7f4      	b.n	20000d4a <dcd_event_handler+0x5a>
20000d60:	2101      	movs	r1, #1
20000d62:	4b57      	ldr	r3, [pc, #348]	@ (20000ec0 <dcd_event_handler+0x1d0>)
20000d64:	781a      	ldrb	r2, [r3, #0]
20000d66:	438a      	bics	r2, r1
20000d68:	701a      	strb	r2, [r3, #0]
20000d6a:	781a      	ldrb	r2, [r3, #0]
20000d6c:	3101      	adds	r1, #1
20000d6e:	438a      	bics	r2, r1
20000d70:	701a      	strb	r2, [r3, #0]
20000d72:	2200      	movs	r2, #0
20000d74:	705a      	strb	r2, [r3, #1]
20000d76:	781a      	ldrb	r2, [r3, #0]
20000d78:	3102      	adds	r1, #2
20000d7a:	438a      	bics	r2, r1
20000d7c:	701a      	strb	r2, [r3, #0]
20000d7e:	e7ca      	b.n	20000d16 <dcd_event_handler+0x26>
20000d80:	4b50      	ldr	r3, [pc, #320]	@ (20000ec4 <dcd_event_handler+0x1d4>)
20000d82:	4f51      	ldr	r7, [pc, #324]	@ (20000ec8 <dcd_event_handler+0x1d8>)
20000d84:	4699      	mov	r9, r3
20000d86:	4b51      	ldr	r3, [pc, #324]	@ (20000ecc <dcd_event_handler+0x1dc>)
20000d88:	2400      	movs	r4, #0
20000d8a:	4698      	mov	r8, r3
20000d8c:	783a      	ldrb	r2, [r7, #0]
20000d8e:	e010      	b.n	20000db2 <dcd_event_handler+0xc2>
20000d90:	4643      	mov	r3, r8
20000d92:	681b      	ldr	r3, [r3, #0]
20000d94:	0161      	lsls	r1, r4, #5
20000d96:	185b      	adds	r3, r3, r1
20000d98:	2b00      	cmp	r3, #0
20000d9a:	d006      	beq.n	20000daa <dcd_event_handler+0xba>
20000d9c:	69db      	ldr	r3, [r3, #28]
20000d9e:	2b00      	cmp	r3, #0
20000da0:	d003      	beq.n	20000daa <dcd_event_handler+0xba>
20000da2:	6869      	ldr	r1, [r5, #4]
20000da4:	7828      	ldrb	r0, [r5, #0]
20000da6:	4798      	blx	r3
20000da8:	783a      	ldrb	r2, [r7, #0]
20000daa:	3401      	adds	r4, #1
20000dac:	b2e4      	uxtb	r4, r4
20000dae:	4294      	cmp	r4, r2
20000db0:	d817      	bhi.n	20000de2 <dcd_event_handler+0xf2>
20000db2:	42a2      	cmp	r2, r4
20000db4:	d8ec      	bhi.n	20000d90 <dcd_event_handler+0xa0>
20000db6:	1aa3      	subs	r3, r4, r2
20000db8:	015b      	lsls	r3, r3, #5
20000dba:	444b      	add	r3, r9
20000dbc:	e7ee      	b.n	20000d9c <dcd_event_handler+0xac>
20000dbe:	4b40      	ldr	r3, [pc, #256]	@ (20000ec0 <dcd_event_handler+0x1d0>)
20000dc0:	781a      	ldrb	r2, [r3, #0]
20000dc2:	07d2      	lsls	r2, r2, #31
20000dc4:	d5c1      	bpl.n	20000d4a <dcd_event_handler+0x5a>
20000dc6:	2104      	movs	r1, #4
20000dc8:	781a      	ldrb	r2, [r3, #0]
20000dca:	430a      	orrs	r2, r1
20000dcc:	701a      	strb	r2, [r3, #0]
20000dce:	e7a2      	b.n	20000d16 <dcd_event_handler+0x26>
20000dd0:	4b3b      	ldr	r3, [pc, #236]	@ (20000ec0 <dcd_event_handler+0x1d0>)
20000dd2:	781a      	ldrb	r2, [r3, #0]
20000dd4:	07d2      	lsls	r2, r2, #31
20000dd6:	d5b8      	bpl.n	20000d4a <dcd_event_handler+0x5a>
20000dd8:	2104      	movs	r1, #4
20000dda:	781a      	ldrb	r2, [r3, #0]
20000ddc:	438a      	bics	r2, r1
20000dde:	701a      	strb	r2, [r3, #0]
20000de0:	e799      	b.n	20000d16 <dcd_event_handler+0x26>
20000de2:	4f37      	ldr	r7, [pc, #220]	@ (20000ec0 <dcd_event_handler+0x1d0>)
20000de4:	783b      	ldrb	r3, [r7, #0]
20000de6:	075b      	lsls	r3, r3, #29
20000de8:	d52b      	bpl.n	20000e42 <dcd_event_handler+0x152>
20000dea:	2204      	movs	r2, #4
20000dec:	783b      	ldrb	r3, [r7, #0]
20000dee:	2100      	movs	r1, #0
20000df0:	4393      	bics	r3, r2
20000df2:	703b      	strb	r3, [r7, #0]
20000df4:	466b      	mov	r3, sp
20000df6:	3206      	adds	r2, #6
20000df8:	1d98      	adds	r0, r3, #6
20000dfa:	f000 f8b5 	bl	20000f68 <____wrap_memset_veneer>
20000dfe:	782b      	ldrb	r3, [r5, #0]
20000e00:	ac01      	add	r4, sp, #4
20000e02:	7023      	strb	r3, [r4, #0]
20000e04:	2305      	movs	r3, #5
20000e06:	7063      	strb	r3, [r4, #1]
20000e08:	4b2c      	ldr	r3, [pc, #176]	@ (20000ebc <dcd_event_handler+0x1cc>)
20000e0a:	681b      	ldr	r3, [r3, #0]
20000e0c:	4698      	mov	r8, r3
20000e0e:	695a      	ldr	r2, [r3, #20]
20000e10:	f3ef 8110 	mrs	r1, PRIMASK
20000e14:	b672      	cpsid	i
20000e16:	6813      	ldr	r3, [r2, #0]
20000e18:	2b00      	cmp	r3, #0
20000e1a:	d0fc      	beq.n	20000e16 <dcd_event_handler+0x126>
20000e1c:	f3bf 8f5f 	dmb	sy
20000e20:	4643      	mov	r3, r8
20000e22:	4640      	mov	r0, r8
20000e24:	6199      	str	r1, [r3, #24]
20000e26:	0021      	movs	r1, r4
20000e28:	f000 f8ae 	bl	20000f88 <__tu_fifo_write_veneer>
20000e2c:	4643      	mov	r3, r8
20000e2e:	695a      	ldr	r2, [r3, #20]
20000e30:	699b      	ldr	r3, [r3, #24]
20000e32:	f3bf 8f5f 	dmb	sy
20000e36:	2100      	movs	r1, #0
20000e38:	6011      	str	r1, [r2, #0]
20000e3a:	f383 8810 	msr	PRIMASK, r3
20000e3e:	2800      	cmp	r0, #0
20000e40:	d131      	bne.n	20000ea6 <dcd_event_handler+0x1b6>
20000e42:	78fb      	ldrb	r3, [r7, #3]
20000e44:	07db      	lsls	r3, r3, #31
20000e46:	d400      	bmi.n	20000e4a <dcd_event_handler+0x15a>
20000e48:	e77f      	b.n	20000d4a <dcd_event_handler+0x5a>
20000e4a:	466b      	mov	r3, sp
20000e4c:	220a      	movs	r2, #10
20000e4e:	2100      	movs	r1, #0
20000e50:	1d98      	adds	r0, r3, #6
20000e52:	f000 f889 	bl	20000f68 <____wrap_memset_veneer>
20000e56:	782b      	ldrb	r3, [r5, #0]
20000e58:	ac01      	add	r4, sp, #4
20000e5a:	7023      	strb	r3, [r4, #0]
20000e5c:	2303      	movs	r3, #3
20000e5e:	7063      	strb	r3, [r4, #1]
20000e60:	686b      	ldr	r3, [r5, #4]
20000e62:	6063      	str	r3, [r4, #4]
20000e64:	4b15      	ldr	r3, [pc, #84]	@ (20000ebc <dcd_event_handler+0x1cc>)
20000e66:	681d      	ldr	r5, [r3, #0]
20000e68:	696a      	ldr	r2, [r5, #20]
20000e6a:	f3ef 8110 	mrs	r1, PRIMASK
20000e6e:	b672      	cpsid	i
20000e70:	6813      	ldr	r3, [r2, #0]
20000e72:	2b00      	cmp	r3, #0
20000e74:	d0fc      	beq.n	20000e70 <dcd_event_handler+0x180>
20000e76:	f3bf 8f5f 	dmb	sy
20000e7a:	61a9      	str	r1, [r5, #24]
20000e7c:	0028      	movs	r0, r5
20000e7e:	0021      	movs	r1, r4
20000e80:	f000 f882 	bl	20000f88 <__tu_fifo_write_veneer>
20000e84:	696a      	ldr	r2, [r5, #20]
20000e86:	69ab      	ldr	r3, [r5, #24]
20000e88:	f3bf 8f5f 	dmb	sy
20000e8c:	2100      	movs	r1, #0
20000e8e:	6011      	str	r1, [r2, #0]
20000e90:	f383 8810 	msr	PRIMASK, r3
20000e94:	2800      	cmp	r0, #0
20000e96:	d100      	bne.n	20000e9a <dcd_event_handler+0x1aa>
20000e98:	e757      	b.n	20000d4a <dcd_event_handler+0x5a>
20000e9a:	0032      	movs	r2, r6
20000e9c:	7861      	ldrb	r1, [r4, #1]
20000e9e:	7820      	ldrb	r0, [r4, #0]
20000ea0:	f000 f88a 	bl	20000fb8 <__tud_event_hook_cb_veneer>
20000ea4:	e751      	b.n	20000d4a <dcd_event_handler+0x5a>
20000ea6:	0032      	movs	r2, r6
20000ea8:	7861      	ldrb	r1, [r4, #1]
20000eaa:	7820      	ldrb	r0, [r4, #0]
20000eac:	f000 f884 	bl	20000fb8 <__tud_event_hook_cb_veneer>
20000eb0:	e7c7      	b.n	20000e42 <dcd_event_handler+0x152>
20000eb2:	46c0      	nop			@ (mov r8, r8)
20000eb4:	10008138 	.word	0x10008138
20000eb8:	20002397 	.word	0x20002397
20000ebc:	20001d10 	.word	0x20001d10
20000ec0:	20001cb8 	.word	0x20001cb8
20000ec4:	10008154 	.word	0x10008154
20000ec8:	20002395 	.word	0x20002395
20000ecc:	20001b08 	.word	0x20001b08

20000ed0 <spi_write_read_blocking>:
20000ed0:	b5f0      	push	{r4, r5, r6, r7, lr}
20000ed2:	0006      	movs	r6, r0
20000ed4:	001c      	movs	r4, r3
20000ed6:	0018      	movs	r0, r3
20000ed8:	001d      	movs	r5, r3
20000eda:	2304      	movs	r3, #4
20000edc:	46ce      	mov	lr, r9
20000ede:	4647      	mov	r7, r8
20000ee0:	469c      	mov	ip, r3
20000ee2:	3b02      	subs	r3, #2
20000ee4:	4699      	mov	r9, r3
20000ee6:	b580      	push	{r7, lr}
20000ee8:	2800      	cmp	r0, #0
20000eea:	d01c      	beq.n	20000f26 <spi_write_read_blocking+0x56>
20000eec:	2c00      	cmp	r4, #0
20000eee:	d107      	bne.n	20000f00 <spi_write_read_blocking+0x30>
20000ef0:	2d00      	cmp	r5, #0
20000ef2:	d018      	beq.n	20000f26 <spi_write_read_blocking+0x56>
20000ef4:	4663      	mov	r3, ip
20000ef6:	68f7      	ldr	r7, [r6, #12]
20000ef8:	423b      	tst	r3, r7
20000efa:	d118      	bne.n	20000f2e <spi_write_read_blocking+0x5e>
20000efc:	2c00      	cmp	r4, #0
20000efe:	d0f9      	beq.n	20000ef4 <spi_write_read_blocking+0x24>
20000f00:	4688      	mov	r8, r1
20000f02:	464b      	mov	r3, r9
20000f04:	68f7      	ldr	r7, [r6, #12]
20000f06:	423b      	tst	r3, r7
20000f08:	d018      	beq.n	20000f3c <spi_write_read_blocking+0x6c>
20000f0a:	0027      	movs	r7, r4
20000f0c:	3708      	adds	r7, #8
20000f0e:	42af      	cmp	r7, r5
20000f10:	d914      	bls.n	20000f3c <spi_write_read_blocking+0x6c>
20000f12:	4643      	mov	r3, r8
20000f14:	781f      	ldrb	r7, [r3, #0]
20000f16:	3c01      	subs	r4, #1
20000f18:	60b7      	str	r7, [r6, #8]
20000f1a:	3101      	adds	r1, #1
20000f1c:	0027      	movs	r7, r4
20000f1e:	2d00      	cmp	r5, #0
20000f20:	d1e8      	bne.n	20000ef4 <spi_write_read_blocking+0x24>
20000f22:	2f00      	cmp	r7, #0
20000f24:	d1e2      	bne.n	20000eec <spi_write_read_blocking+0x1c>
20000f26:	bcc0      	pop	{r6, r7}
20000f28:	46b9      	mov	r9, r7
20000f2a:	46b0      	mov	r8, r6
20000f2c:	bdf0      	pop	{r4, r5, r6, r7, pc}
20000f2e:	68b7      	ldr	r7, [r6, #8]
20000f30:	3d01      	subs	r5, #1
20000f32:	7017      	strb	r7, [r2, #0]
20000f34:	002f      	movs	r7, r5
20000f36:	3201      	adds	r2, #1
20000f38:	4327      	orrs	r7, r4
20000f3a:	e7f2      	b.n	20000f22 <spi_write_read_blocking+0x52>
20000f3c:	2d00      	cmp	r5, #0
20000f3e:	d0e0      	beq.n	20000f02 <spi_write_read_blocking+0x32>
20000f40:	e7d8      	b.n	20000ef4 <spi_write_read_blocking+0x24>
20000f42:	46c0      	nop			@ (mov r8, r8)

20000f44 <__aeabi_idiv0>:
20000f44:	4770      	bx	lr
20000f46:	46c0      	nop			@ (mov r8, r8)

20000f48 <__best_effort_wfe_or_timeout_veneer>:
20000f48:	b401      	push	{r0}
20000f4a:	4802      	ldr	r0, [pc, #8]	@ (20000f54 <__best_effort_wfe_or_timeout_veneer+0xc>)
20000f4c:	4684      	mov	ip, r0
20000f4e:	bc01      	pop	{r0}
20000f50:	4760      	bx	ip
20000f52:	bf00      	nop
20000f54:	100018b9 	.word	0x100018b9

20000f58 <__panic_veneer>:
20000f58:	b401      	push	{r0}
20000f5a:	4802      	ldr	r0, [pc, #8]	@ (20000f64 <__panic_veneer+0xc>)
20000f5c:	4684      	mov	ip, r0
20000f5e:	bc01      	pop	{r0}
20000f60:	4760      	bx	ip
20000f62:	bf00      	nop
20000f64:	10000ba9 	.word	0x10000ba9

20000f68 <____wrap_memset_veneer>:
20000f68:	b401      	push	{r0}
20000f6a:	4802      	ldr	r0, [pc, #8]	@ (20000f74 <____wrap_memset_veneer+0xc>)
20000f6c:	4684      	mov	ip, r0
20000f6e:	bc01      	pop	{r0}
20000f70:	4760      	bx	ip
20000f72:	bf00      	nop
20000f74:	10002e31 	.word	0x10002e31

20000f78 <____wrap___aeabi_lmul_veneer>:
20000f78:	b401      	push	{r0}
20000f7a:	4802      	ldr	r0, [pc, #8]	@ (20000f84 <____wrap___aeabi_lmul_veneer+0xc>)
20000f7c:	4684      	mov	ip, r0
20000f7e:	bc01      	pop	{r0}
20000f80:	4760      	bx	ip
20000f82:	bf00      	nop
20000f84:	10002d5d 	.word	0x10002d5d

20000f88 <__tu_fifo_write_veneer>:
20000f88:	b401      	push	{r0}
20000f8a:	4802      	ldr	r0, [pc, #8]	@ (20000f94 <__tu_fifo_write_veneer+0xc>)
20000f8c:	4684      	mov	ip, r0
20000f8e:	bc01      	pop	{r0}
20000f90:	4760      	bx	ip
20000f92:	bf00      	nop
20000f94:	10006bf5 	.word	0x10006bf5

20000f98 <__rp2040_chip_version_veneer>:
20000f98:	b401      	push	{r0}
20000f9a:	4802      	ldr	r0, [pc, #8]	@ (20000fa4 <__rp2040_chip_version_veneer+0xc>)
20000f9c:	4684      	mov	ip, r0
20000f9e:	bc01      	pop	{r0}
20000fa0:	4760      	bx	ip
20000fa2:	bf00      	nop
20000fa4:	10000b9d 	.word	0x10000b9d

20000fa8 <__time_us_64_veneer>:
20000fa8:	b401      	push	{r0}
20000faa:	4802      	ldr	r0, [pc, #8]	@ (20000fb4 <__time_us_64_veneer+0xc>)
20000fac:	4684      	mov	ip, r0
20000fae:	bc01      	pop	{r0}
20000fb0:	4760      	bx	ip
20000fb2:	bf00      	nop
20000fb4:	100019f5 	.word	0x100019f5

20000fb8 <__tud_event_hook_cb_veneer>:
20000fb8:	b401      	push	{r0}
20000fba:	4802      	ldr	r0, [pc, #8]	@ (20000fc4 <__tud_event_hook_cb_veneer+0xc>)
20000fbc:	4684      	mov	ip, r0
20000fbe:	bc01      	pop	{r0}
20000fc0:	4760      	bx	ip
20000fc2:	bf00      	nop
20000fc4:	1000561d 	.word	0x1000561d

20000fc8 <striped_spin_lock_num>:
20000fc8:	00000010                                ....

20000fcc <irq_handler_chain_slots>:
20000fcc:	00000000 	.word	0x00000000
20000fd0:	00010000 	.word	0x00010000
	...
20000fdc:	00020000 	.word	0x00020000
	...
20000fe8:	00030000 	.word	0x00030000
	...
20000ff4:	00040000 	.word	0x00040000
	...
20001000:	00050000 	.word	0x00050000
	...
2000100c:	00ff0000 	.word	0x00ff0000
20001010:	00000000 	.word	0x00000000

20001014 <irq_handler_chain_first_slot>:
20001014:	b501      	push	{r0, lr}
20001016:	6848      	ldr	r0, [r1, #4]
20001018:	3101      	adds	r1, #1
2000101a:	468e      	mov	lr, r1
2000101c:	4700      	bx	r0

2000101e <irq_handler_chain_remove_tail>:
2000101e:	4670      	mov	r0, lr
20001020:	3809      	subs	r0, #9
20001022:	4901      	ldr	r1, [pc, #4]	@ (20001028 <irq_handler_chain_remove_tail+0xa>)
20001024:	4788      	blx	r1
20001026:	bd01      	pop	{r0, pc}
20001028:	10000fd1 	.word	0x10000fd1
2000102c:	00000000 	.word	0x00000000

20001030 <last_added.0>:
20001030:	ffffffff 7fffffff                       ........

20001038 <default_alarm_pool>:
	...
2000104c:	20001610                                ... 

20001050 <aeabi_bits_funcs>:
20001050:	00003350 	.word	0x00003350
20001054:	0000334c 	.word	0x0000334c
20001058:	00003354 	.word	0x00003354
2000105c:	00003352 	.word	0x00003352

20001060 <aeabi_bits_funcs_end>:
20001060:	0000534d 	.word	0x0000534d
20001064:	0000434d 	.word	0x0000434d
20001068:	00003453 	.word	0x00003453
2000106c:	00003443 	.word	0x00003443

20001070 <stdio_usb>:
20001070:	10004ce5 10004c95 10004c05 10004b7d     .L...L...L..}K..
20001080:	00000000 00000100                       ........

20001088 <_usbd_qdef>:
20001088:	20001d14 000c0010 00000000 00000000     ... ............
	...

200010a4 <_usbd_rhport>:
200010a4:	000000ff                                ....

200010a8 <__malloc_sbrk_base>:
200010a8:	ffffffff                                ....

200010ac <__malloc_trim_threshold>:
200010ac:	00020000                                ....

200010b0 <__malloc_av_>:
	...
200010b8:	200010b0 200010b0 200010b8 200010b8     ... ... ... ... 
200010c8:	200010c0 200010c0 200010c8 200010c8     ... ... ... ... 
200010d8:	200010d0 200010d0 200010d8 200010d8     ... ... ... ... 
200010e8:	200010e0 200010e0 200010e8 200010e8     ... ... ... ... 
200010f8:	200010f0 200010f0 200010f8 200010f8     ... ... ... ... 
20001108:	20001100 20001100 20001108 20001108     ... ... ... ... 
20001118:	20001110 20001110 20001118 20001118     ... ... ... ... 
20001128:	20001120 20001120 20001128 20001128      ..  .. (.. (.. 
20001138:	20001130 20001130 20001138 20001138     0.. 0.. 8.. 8.. 
20001148:	20001140 20001140 20001148 20001148     @.. @.. H.. H.. 
20001158:	20001150 20001150 20001158 20001158     P.. P.. X.. X.. 
20001168:	20001160 20001160 20001168 20001168     `.. `.. h.. h.. 
20001178:	20001170 20001170 20001178 20001178     p.. p.. x.. x.. 
20001188:	20001180 20001180 20001188 20001188     ... ... ... ... 
20001198:	20001190 20001190 20001198 20001198     ... ... ... ... 
200011a8:	200011a0 200011a0 200011a8 200011a8     ... ... ... ... 
200011b8:	200011b0 200011b0 200011b8 200011b8     ... ... ... ... 
200011c8:	200011c0 200011c0 200011c8 200011c8     ... ... ... ... 
200011d8:	200011d0 200011d0 200011d8 200011d8     ... ... ... ... 
200011e8:	200011e0 200011e0 200011e8 200011e8     ... ... ... ... 
200011f8:	200011f0 200011f0 200011f8 200011f8     ... ... ... ... 
20001208:	20001200 20001200 20001208 20001208     ... ... ... ... 
20001218:	20001210 20001210 20001218 20001218     ... ... ... ... 
20001228:	20001220 20001220 20001228 20001228      ..  .. (.. (.. 
20001238:	20001230 20001230 20001238 20001238     0.. 0.. 8.. 8.. 
20001248:	20001240 20001240 20001248 20001248     @.. @.. H.. H.. 
20001258:	20001250 20001250 20001258 20001258     P.. P.. X.. X.. 
20001268:	20001260 20001260 20001268 20001268     `.. `.. h.. h.. 
20001278:	20001270 20001270 20001278 20001278     p.. p.. x.. x.. 
20001288:	20001280 20001280 20001288 20001288     ... ... ... ... 
20001298:	20001290 20001290 20001298 20001298     ... ... ... ... 
200012a8:	200012a0 200012a0 200012a8 200012a8     ... ... ... ... 
200012b8:	200012b0 200012b0 200012b8 200012b8     ... ... ... ... 
200012c8:	200012c0 200012c0 200012c8 200012c8     ... ... ... ... 
200012d8:	200012d0 200012d0 200012d8 200012d8     ... ... ... ... 
200012e8:	200012e0 200012e0 200012e8 200012e8     ... ... ... ... 
200012f8:	200012f0 200012f0 200012f8 200012f8     ... ... ... ... 
20001308:	20001300 20001300 20001308 20001308     ... ... ... ... 
20001318:	20001310 20001310 20001318 20001318     ... ... ... ... 
20001328:	20001320 20001320 20001328 20001328      ..  .. (.. (.. 
20001338:	20001330 20001330 20001338 20001338     0.. 0.. 8.. 8.. 
20001348:	20001340 20001340 20001348 20001348     @.. @.. H.. H.. 
20001358:	20001350 20001350 20001358 20001358     P.. P.. X.. X.. 
20001368:	20001360 20001360 20001368 20001368     `.. `.. h.. h.. 
20001378:	20001370 20001370 20001378 20001378     p.. p.. x.. x.. 
20001388:	20001380 20001380 20001388 20001388     ... ... ... ... 
20001398:	20001390 20001390 20001398 20001398     ... ... ... ... 
200013a8:	200013a0 200013a0 200013a8 200013a8     ... ... ... ... 
200013b8:	200013b0 200013b0 200013b8 200013b8     ... ... ... ... 
200013c8:	200013c0 200013c0 200013c8 200013c8     ... ... ... ... 
200013d8:	200013d0 200013d0 200013d8 200013d8     ... ... ... ... 
200013e8:	200013e0 200013e0 200013e8 200013e8     ... ... ... ... 
200013f8:	200013f0 200013f0 200013f8 200013f8     ... ... ... ... 
20001408:	20001400 20001400 20001408 20001408     ... ... ... ... 
20001418:	20001410 20001410 20001418 20001418     ... ... ... ... 
20001428:	20001420 20001420 20001428 20001428      ..  .. (.. (.. 
20001438:	20001430 20001430 20001438 20001438     0.. 0.. 8.. 8.. 
20001448:	20001440 20001440 20001448 20001448     @.. @.. H.. H.. 
20001458:	20001450 20001450 20001458 20001458     P.. P.. X.. X.. 
20001468:	20001460 20001460 20001468 20001468     `.. `.. h.. h.. 
20001478:	20001470 20001470 20001478 20001478     p.. p.. x.. x.. 
20001488:	20001480 20001480 20001488 20001488     ... ... ... ... 
20001498:	20001490 20001490 20001498 20001498     ... ... ... ... 
200014a8:	200014a0 200014a0 200014a8 200014a8     ... ... ... ... 

200014b8 <__sglue>:
200014b8:	00000000 00000003 200019cc              ........... 

200014c4 <_impure_ptr>:
200014c4:	200014c8                                ... 

200014c8 <_impure_data>:
200014c8:	00000000 200019cc 20001a34 20001a9c     ....... 4.. ... 
	...
20001560:	00000001 00000000 abcd330e e66d1234     .........3..4.m.
20001570:	0005deec 0000000b 00000000 00000000     ................
	...

20001608 <print_mutex>:
	...
