:020000041000EA
:1000000000B5324B212058609868022188439860DF
:10001000D860186158612E4B002199600221596106
:100020000121F02299502B49196001219960352056
:1000300000F044F80222904214D00621196600F024
:1000400034F8196E01211966002018661A6600F04E
:100050002CF8196E196E196E052000F02FF8012189
:100060000842F9D1002199601B49196000215960AB
:100070001A491B48016001219960EB211966A021F2
:10008000196600F012F800219960164914480160C1
:100090000121996001BC002800D000471248134993
:1000A000086003C880F30888084703B5996A0420EC
:1000B0000142FBD001200142F8D103BD02B5186610
:1000C0001866FFF7F2FF186E186E02BD00000240BE
:1000D000000000180000070000035F00212200005C
:1000E000F4000018222000A00001001008ED00E03C
:1000F00000000000000000000000000074B24E7A12
:1001000000200420F7010010CB010010CD010010E9
:10011000C9010010C9010010C9010010C901001077
:10012000C9010010C9010010C9010010CF01001061
:10013000C9010010C9010010D1010010D301001045
:10014000C1010010C1010010C1010010C101001067
:10015000C1010010C1010010C1010010C101001057
:10016000C1010010C1010010C1010010C101001047
:10017000C1010010C1010010C1010010C101001037
:10018000C1010010C1010010C1010010C101001027
:10019000C1010010C1010010C1010010C101001017
:1001A000C1010010C1010010C1010010C101001007
:1001B000C1010010C1010010C1010010C1010010F7
:1001C000EFF30580103800BE00BE00BE00BE00BECA
:1001D00000BE00BEF2EB88717481001094810010A3
:1001E0003802001090A31AE700201E49086006C8D4
:1001F00081F3088810471C480068002801D00020BF
:10020000F3E70DA40ECC002902D000F012F8F9E7B4
:100210001649174A002000E001C19142FCD115495E
:100220008847154988471549884700BEFDE701C939
:1002300001C29A42FBD3704794810010C000002095
:1002400010160020E4960010000004200000042096
:10025000E4960010001004200010042000000000AC
:100260007047000008ED00E0000000D010160020EC
:10027000A0230020414600108102001039460010E2
:10028000F0B5DE4657464E464546E0B5A5B004F00B
:1002900045FBFA20400001F0F3FAA74804F0DAFB2E
:1002A000A64B00260B931B68A54D986806F07EFFB1
:1002B00000F034FA10AB1800102200219B4602F027
:1002C000B7FD5A239A46002399461CAF14AC5346F7
:1002D00023704B4666703800082200210136638087
:1002E0006560083702F0A4FD0834042EEFD101F058
:1002F00081FB00230CAA94461E00059306930793E6
:10030000099308930A930F336344994614ABDD1D98
:100310008C4B02900C938C4B03910D932B000EACE5
:100320003500984601F066FB002900D1BBE1FA22B6
:100330000023920001F034FF8246002D09D053467D
:100340000A9A00219B1A002014229A4241414B42F2
:100350001D40002004F0E6FA831C00D1B7E05746A8
:100360002B00C0B2002D07D018E0002004F0DAFA0C
:10037000831C00D193E0C0B25A28F6D1207000202F
:1003800004F0D0FA831C00D1C0E16070002004F0BA
:10039000C9FA831C00D1BCE10223C0B25D1CE05449
:1003A000072B00D07EE060780328DED822000023EF
:1003B000072127E05B00DEB25BB2002B2DDB76006D
:1003C000F5B276B2002E2EDB6D00EBB26DB2002DD1
:1003D0002FDB5B00DDB25BB2002B30DB6D00EBB2DC
:1003E0006DB2002D31DB5B00DDB25BB2002B32DB86
:1003F0006D00EBB26DB2002D33DB5B000132DBB27E
:10040000914534D015786B405EB2002ED2DA76007A
:100410004E4073B2F6B2002BD1DA5B004B405EB2B5
:10042000DDB2002ED0DA76004E4075B2F3B2002D68
:10043000CFDA6D004D406BB2EDB2002BCEDA5B002F
:100440004B405DB2DBB2002DCDDA6D004D406BB29A
:10045000EDB2002BCCDA5B004B405DB2DBB2002D7D
:10046000CBDA6D004D400132EBB29145CAD1E27951
:100470009A4200D079E714AA9446C3006288634484
:100480005A80A28858709A80A27980009A715B463F
:100490001F50002004F046FA831C00D06BE7BA46D8
:1004A000002506E0002004F03DFA831C00D057E749
:1004B000BA465B461B681E005B465B6805935B465D
:1004C0009B6806935B46DB68079353460A93002EAE
:1004D00003D053469B1BC82B03D95A231493184BA4
:1004E0001593059B002B04D01A0053469B1AC82B6A
:1004F00004D9AD235B001693114B1793069B002B79
:1005000004D01A0053469B1AC82B03D90F4B1893DB
:100510000B4B1993079B002B04D01A0053469B1AD0
:10052000C82B03D90A4B1A93054B1B9300230721B1
:10053000404614AA36E0C046987A0010C414002041
:1005400080808000C47A0010007B00105A020000F6
:100550005A0300005B00DFB25BB2002B2DDB7F0093
:10056000FBB27FB2002F2EDB5F00FBB27FB2002F09
:100570002FDB5B00DFB25BB2002B30DB7F00FBB216
:100580007FB2002F31DB5B00DFB25BB2002B32DBCE
:100590007F00FBB27FB2002F33DB5B000132DBB2A6
:1005A000904234D017787B405FB2002FD2DA7F00C0
:1005B0004F407BB2FFB2002BD1DA5B004B405FB201
:1005C000DBB2002FD0DA7B004B405FB2DBB2002FF2
:1005D000CFDA7F004F407BB2FFB2002BCEDA5B0058
:1005E0004B405FB2DBB2002FCDDA7F004F407BB2D1
:1005F000FFB2002BCCDA5B004B405FB2DBB2002FC6
:10060000CBDA7B004B400132DBB29042CAD12721CA
:100610000CAA52188046137000201CAA14A900F0DE
:10062000CFF8002845D0089B1E21013318000893FD
:1006300001F078FD0991002965D1442024220CA9FC
:10064000091809880CAB9B180CAA1B78528C1F3810
:1006500001910CA9091809780C980091002104F067
:1006600081FA0B9B1B68986806F0A0FD029A039B19
:10067000FA200021800012184B4111001A0080233B
:10068000029103921B06934204D80122224B52424C
:10069000029203930298039901F072F801F0AAF90B
:1006A000002900D043E6FA21890001F03BFD824693
:1006B00043E6099B013309930A2B1FD0089B1E2197
:1006C00001331800089301F02DFD0029CED14122FD
:1006D000402147200CAB9B180CAA52180CA90918F2
:1006E00009781B781278033801910CA90918098838
:1006F0000D980091002104F035FAB2E700F00EF8F1
:1007000000230993DAE700230993AFE7BA460125EE
:10071000CFE6BA460225CCE6FFFFFF7FF0B5C6461E
:1007200000B5214C86B02000204906F0B7FB02221C
:100730001F4963680A60216813408532514048327E
:100740000A401C4910200A601B4A0121136000F076
:10075000D7F90121122000F0D3F90121132000F074
:10076000CFF901AC01211020002200F0E3F92200B2
:10077000124BD02623CB23C203CB03C201279046C2
:10078000360620CC280000F0E9F93B00AB400022FF
:10079000736201212800736100F0CCF94445F0D167
:1007A00006B080BCB846F0BD00C0034040420F0018
:1007B00004F0034000D0034004E00340D07C00106C
:1007C000F0B557464E46DE464546E0B50C000600FD
:1007D000170087B0032800D913E1002800D186E074
:1007E0000125C44B8200D3580A209D40D0231B060C
:1007F000984600219D6101F02FF808233A0021005E
:10080000BD4807F0F9F80A20002101F025F8434619
:100810000A2000215D6101F01FF83C78A52C00D171
:1008200089E00822390004A802F008FB04A88578B2
:10083000C07804AB824604A800795B78814604A89E
:100840004079DA098046610004A880790A43D1B270
:100850008446029104A8E9095B000B43C179DBB22D
:1008600048000193C3B20393A44B6D001A409B460A
:100870005346DB091D43019BEDB21B022D041343BC
:100880002B434A465546D2096D002A431B021206E5
:100890001B0A13434246D5094A4652009A4615435D
:1008A000434662465B00D2091A435B461D406346DD
:1008B000D2B212021543CA09590053460A43D2B2B2
:1008C0001204154302062802000A029910430493F9
:1008D0000590A52900D196E05A3C63425C41E0B204
:1008E00007B0F0BCBB46B246A946A046F0BDD02535
:1008F00080232D069B02AB61994680235B030A206F
:100900000021AB61984600F0A7FF08233A002100C0
:10091000794807F071F80A20002100F09DFF4B464E
:100920006B6143460A2000216B6100F095FF3C7823
:10093000A52C00D075E77B78B34200D071E7390071
:1009400000230720A446FD1D28E05B00DCB25BB25B
:10095000002B2EDB6400E2B264B2002C2FDB5200CD
:10096000D3B252B2002A30DB5B00DAB25BB2002BAA
:1009700031DB5200D3B252B2002A32DB5B00DAB272
:100980005BB2002B33DB5200D3B252B2002A34DB0D
:100990005B00DBB20131A94200D198E00A785340F4
:1009A0005AB2002AD1DA5200424053B2D4B2002BDC
:1009B000D0DA5B0043405CB2DAB2002CCFDA6300DD
:1009C00043405AB2DBB2002ACEDA5200424053B260
:1009D000D2B2002BCDDA5B0043405AB2DBB2002A20
:1009E000CCDA5200424053B2D2B2002BCBDA5B00D9
:1009F00043405AB2DBB2002ACADA52004240D3B2B4
:100A0000C8E700206CE7019B9E4200D064E704A980
:100A100000230720CD1D27E05B00DEB25BB2002B78
:100A20002DDB7600F2B276B2002E2EDB5200D3B26E
:100A300052B2002A2FDB5B00DAB25BB2002B30DB54
:100A40005200D3B252B2002A31DB5B00DAB25BB2A1
:100A5000002B32DB5200D3B252B2002A33DB5B00F0
:100A6000DBB20131A94239D00A7853405EB2002E80
:100A7000D2DA7600464073B2F6B2002BD1DA5B00D0
:100A800043405EB2DAB2002ED0DA7600464072B24F
:100A9000F3B2002ACFDA5200424053B2D2B2002B56
:100AA000CEDA5B0043405AB2DBB2002ACDDA520004
:100AB000424053B2D2B2002BCCDA5B0043405AB270
:100AC000DBB2002ACBDA52004240D3B2C9E7FA794E
:100AD00064469A4200D0A4E6012001E7039A9342BB
:100AE00000D0F9E60822380004A902F0A7F9012095
:100AF000F6E6C046C07C001000C00340FF00FFFFC8
:100B0000094A83009A1810B5146840225440803274
:100B10002240064CC000A44663441A60044B9C4625
:100B20006044416010BDC04604C0014004D0014093
:100B300000400140074B8000C3181B68C9009200A9
:100B40000A435A400C231340034A9446604403600E
:100B50007047C04604C0014004D001400123D022A8
:100B60008340120693629361094A83009A181168C0
:100B70004022514080320A400649C0008C466344FE
:100B80001A60054B9C460523604443607047C0468D
:100B900004C0014004D00140004001408023DB0537
:100BA0001868000F7047C0460FB400B5084883B0FE
:100BB00003F050FF049B002B07D005A918000191FA
:100BC00003F0D8FC034803F045FF012003F0EAFCE2
:100BD000507B0010107C001070B5EFF3108C72B6D3
:100BE0000D4D2B68002BFCD0BFF35F8F0724CB0883
:100BF000C618C05C01230C40A3401C000440034203
:100C000007D118433070BFF35F8F2C608CF31088CE
:100C100070BD1000FFF7C8FF2C0100D0F8B54746A3
:100C2000CE46884680B5EFF3108C72B6214D2C6805
:100C3000002CFCD0BFF35F8F9A422CD8D408072732
:100C4000055D061901241740BC402C421FD0072126
:100C50000127894609E0D408055D06194C4639008C
:100C60001440A1400C00294211D001329342F2D22B
:100C700001204042BFF35F8F00220E4B1A608CF3BD
:100C8000108800280FDBC0BCB946B046F8BD25432C
:100C900010003570EEE7BFF35F8F00232B608CF3FD
:100CA0001088012040424346002BECD00898FFF703
:100CB0007BFFC0462C0100D0044A1078431CDBB2F5
:100CC000172B00D9102313707047C046C80F00209F
:100CD00010B5064B064C82B00100009318221F236A
:100CE0002000FFF79BFF02B010BDC046607B0010E4
:100CF000DC1E00200021044B044ABFF35F8F02C3B7
:100D00009342FAD17047C046000100D0800100D064
:100D1000054B064A1360064A136053609360D36024
:100D200013615361936170478080808000E400E02C
:100D300004E400E01F2318401E3B8340002905D037
:100D4000C021044A49005350136070478022014972
:100D50008B50FAE700E100E001228240034B1B6860
:100D600013405A1E9341D8B27047C04600E100E0DC
:100D700001238340014A13607047C04600E200E04F
:100D8000064B10309B688000C358054A00209B1A10
:100D900047229A424041C0B27047C04600ED00E091
:100DA000CC0F002010B5EFF3108C72B60F4A136809
:100DB000002BFCD0BFF35F8F0D4B10309B68800081
:100DC0001B580C4A934201D099420CD1084B9B68A6
:100DD0001950BFF35F8FBFF35F8F0022034B1A6080
:100DE0008CF3108810BD01F04BF8C046240100D0F0
:100DF00000ED00E0C1010010F0B557464E46DE465A
:100E00004546E0B58A4685B00600EFF3108972B614
:100E100063490B68002BFCD0BFF35F8F0021614B4F
:100E200059568C46002900DAB7E049000D005E4CA7
:100E30006544AD0067190291B979103619705B4BA2
:100E4000B1009B6801915B58191B472935D80121D6
:100E500018008843C679964200D875E09B46029BED
:100E6000019E9846039507E04D006D18AD00651989
:100E7000EB7993424ED92800062141560029F3DA36
:100E800045465B4601960295061D494D0396039E15
:100E9000043FBF1B3F05474E7F0D374366468780A3
:100EA00086710298604480002418E27152464248DC
:100EB000A5802060A171A26018E040498B4200D05B
:100EC0006BE03F4B3B4963533E4B0235043B651996
:100ED0005B1B1B055B0D0B437B803B4BFA71BB809F
:100EE000FF23BB715346BB6001233B432F4A01994B
:100EF00092685350BFF35F8FBFF35F8F0022284B80
:100F00001A6089F3108805B0F0BCBB46B246A9460A
:100F1000A046F0BD01964646029686885B46760559
:100F2000B346061D039D03965E463615B346061D61
:100F3000B046C3445E4604356519751BE0262D0591
:100F40006D0D36023543A2E7204BFA719C46030033
:100F500066461B1B5B415E43360DB446AE1CB04675
:100F6000A0444646164B6353164B0435043B9B1B6B
:100F70001B05104E5B0D33437B806319C31A043B82
:100F80001B055B0D3343BB806346BB715346BB609F
:100F9000094B03603B000B43A8E700F071FFC0461C
:100FA000240100D099230020CC0F002000ED00E0A8
:100FB00001BD000000E0FFFF01488047C1010010B3
:100FC00000A1FFFF1410002001BDFFFFAAAA00002E
:100FD00070B501240443EFF30581EFF3108C72B672
:100FE000274A1368002BFCD0BFF35F8F254A05000A
:100FF000254BAD1A6D416B431B0D244D8900AE6826
:101000005BB27658A64224D006215156994224D08C
:101010001221515699422AD01E215156994228D068
:101020002A215156994226D036215156994224D030
:10103000422151560524994210D0154A1178137057
:101040008171BFF35F8F00220D4B1A608CF3108803
:1010500070BDAA680F4C5450EFE7002461000919D5
:1010600089005218FF2191710B499180E5E7012415
:10107000F4E70224F2E70324F0E70424EEE7C04695
:10108000240100D0CC0F0020AAAA000000ED00E04F
:1010900099230020C101001001BDFFFF10B5084BCE
:1010A000084C82B001000093002205232000FFF7C6
:1010B000B5FD002801DB1F23181A02B010BDC04681
:1010C0007C7B00109D230020024B9C4661448900DC
:1010D000016070474000003470B5114C114DAC42B6
:1010E0000FD2FF262368002B0CD0FFF7E5FD01008F
:1010F0002000FFF7E9FFA680BFF35F8F0834AC4202
:10110000F0D370BDFFF7D8FD01002000FFF7DCFF32
:101110002671BFF35F8F0834AC42E3D3F1E7C046DA
:10112000081600201016002010B50400FFF7C4FDBB
:1011300001002000FFF7C8FFFF232371BFF35F8F7B
:1011400010BDC04610B504000120FFF7C1FD034BE0
:10115000C3189B002360BFF35F8F10BD40000034B5
:10116000034B9C46614489000160BFF35F8F704769
:10117000400000340A4B1968EFF3108072B60A6819
:10118000002AFCD0BFF35F8F1B68BFF35F8F002284
:101190001A6080F3108840BF002000217047C046CD
:1011A00078230020F0B5DE4657464E464546E0B56A
:1011B00083B0EFF3058203231340B54A99005258D8
:1011C0000091904601229A409346B24B1A60B24B6E
:1011D00001935B46B1484363434608229B5E9946B0
:1011E000002B3ADA43469B881BB2002B00DB9DE0C4
:1011F00043469B79002B00D0E1E0434608241C5F66
:10120000002C20DB43465A6963001B19DB00D3180E
:101210009D68DC686B1C00D103E1A04800998446FE
:101220006144826A0B69AE1A9B1A9E4213D35A46D6
:10123000036A1A420FD0994800F0D4FB8C4202DCBA
:10124000C7D18542C5D940BF03B0F0BCBB46B2464A
:10125000A946A046F0BD0D61EDE7424652695B002C
:1012600092464B44DB009A4453469E68DF6800F088
:10127000B9FB8F42B6DC00D1F8E0002F00DAD9E0EC
:101280005246534654691B69019A934200D1CCE0FF
:10129000414652460820085E52880004210010434F
:1012A000984704000D0023002B4300D1C2E0002D1D
:1012B00000DBDFE030003900001BA9415346986095
:1012C000D96000229A5E002A00DA8BE743465D6906
:1012D00053009C18E4002C19A768E4688C4200DDD8
:1012E00080E702D1874200D97CE746463281083642
:1012F0000DE08C4200D1C6E01E000023F25E002A01
:101300000ADB53009C18E4002C19A768E4689B18BA
:10131000DB00EB188C42ECDD53461A804B463380E1
:1013200043469B881BB2002B00DA61E743461A69EB
:10133000EFF3108172B61368002BFCD0BFF35F8F00
:1013400043469E88012342465B42938036B213692E
:10135000BFF35F8F00221A6081F31088002E00DA3D
:1013600046E743465D69083342469C467700BF190D
:10137000FF00EF19BB68604698460823D15E92468D
:10138000FC68002907DA0EE0A24246D018000023CC
:10139000C15E002906DB4B005B18DB00EB18DA6846
:1013A000A242F1DD524606800023FE5E3980002E07
:1013B000DCDA904643469B79002B00D11DE70023E1
:1013C00042469371434646460821595E08364B1CF7
:1013D00000D138E747468946556902E006004B1CB4
:1013E00018D04B005B18DB00E8180A008C46E95E59
:1013F00043881BB2002BF1DA01235B42DC178360C8
:10140000C4604A4503D031803B8903803A81E1467C
:101410004B1CE6D1B8464C46F2E69A684245B5D92F
:10142000C0E7631C00D0F8E605E720002369984771
:10143000002825D1534642461B8813811269EFF3D9
:10144000108372B611680029FCD0BFF35F8F42464B
:10145000514652880A804246494651801269BFF37C
:101460005F8F0021116083F31088BBE6864200D8AD
:1014700003E7B7E6094800F0B5FA001969411DE72E
:10148000656824680FE7874200D835E744E7C0461F
:101490005C2300203C700540A51100100040054071
:1014A00070B52E4C2569002D04D00A212C48FFF779
:1014B0000BFE70BD2B4E0321300000F089FAE66070
:1014C000FFF7FAFB284B03229C46D02322701B0611
:1014D0001B6801216370254B6044A3600F238000CB
:1014E00020610220638063694942A1801980023132
:1014F000198647311D83585218315A5275325C395A
:1015000099521832013199521832013199521832D8
:1015100001319952083518329D52023118329952D0
:101520001832013199521832013199521832013171
:1015300099521832013199521832013199520C4B9B
:101540000C49DC6001303562FFF72CFC01210320DF
:10155000FFF7F0FB084B1D60A7E7C04638100020DE
:10156000782300200040054040000034FFFF1000B9
:101570005C230020A511001038600540004870472A
:1015800038100020F8B51F0008AB1B7804001600C7
:10159000002B08D100F02EFA32003B00121A8B41CA
:1015A000002B00DA53E02269EFF3108072B6136863
:1015B000002BFCD0BFF35F8F0223E15E63694A001A
:1015C0005218D2009B18002937DB1A8862802269E2
:1015D000BFF35F8F0025156080F31088069A9E6028
:1015E000DF601A61079A5A615A8801325204520C1C
:1015F000101C002A1FD082B25880080410432669AC
:10160000EFF3108772B63268002AFCD0BFF35F8F09
:10161000A2881A80A1802369BFF35F8F00221A601D
:1016200087F310880B4923788C4601329A40E3688F
:1016300063441A60F8BD0120DDE72369BFF35F8FC3
:1016400000221A6080F3108801204042F2E7002057
:10165000F0E7C0463C20000070B501000469EFF3DC
:10166000108C72B620680028FCD0BFF35F8F022078
:101670000D5E4C6968004019C0002418002D37DB4E
:10168000208848800869BFF35F8F002606608CF3CE
:101690001088E36063880498013320615B04059837
:1016A0005B0CA26060611A1C002B1FD093B228044F
:1016B000628018430A69EFF3108C72B61368002B2E
:1016C000FCD0BFF35F8F8B8823808D800B69BFF3C5
:1016D0005F8F00221A608CF310880B7801329A40D9
:1016E000CB6808498C4663441A6070BD0122DDE76F
:1016F0000B69BFF35F8F00221A608CF31088012002
:101700004042F2E73C20000010B543890A1493429E
:101710001ADD53009B184269DB00D3180469EFF30C
:10172000108C72B62268002AFCD0BFF35F8F5A88F3
:10173000090494B2090C8A4208D00369BFF35F8F91
:1017400000221A608CF31088002010BD8022120243
:1017500014435C80012302698371BFF35F8F002112
:1017600011608CF31088044902788C469340C2685B
:10177000012062441360E8E73C2000004078704795
:10178000F0B504000D0006267642F717C646361956
:101790006F4100B582B08F4214D811D000F02AF901
:1017A00032003B00121A8B41002B17DC002B47D074
:1017B0002000290000F05CF902B080BCB846F0BD02
:1017C0008642EBD90022002316001F0000F012F918
:1017D00032003B00121A8B41002BE7DD00F00AF9C2
:1017E00032003B00121A8B41002B0ADB00230193CD
:1017F000154B3200009315483B00FFF72DFF0028E2
:10180000D6DB00239C46B046114A124E736A9F42B3
:1018100004D8B16A8845CBD99F42C9D11168EFF38A
:10182000108072B60B68002BFCD0BFF35F8F13687B
:10183000BFF35F8F6146196080F3108820BFE5E732
:10184000002AB5D0CAE7C046751100103810002034
:10185000782300200040054070B504000D0000F022
:10186000C9F88023001969411B06994202D301205F
:1018700002494042FFF784FF70BDC046FFFFFF7F73
:1018800070B5060000F0B6F8FA2204000D0000233F
:1018900030000021920001F061FA802300196941B3
:1018A0001B06994202D3012002494042FFF768FF1C
:1018B00070BDC046FFFFFF7FF0B5D6464F46464697
:1018C000C0B504000D0082B0EFF305830F00002BBC
:1018D00031D13B4B98461B68834227D0394B994600
:1018E000DB689A464B4650461E7800F07BF80B00AA
:1018F000514602000436B60071582000891A8C4601
:1019000029000026801A99418E4224DC21D020BF74
:101910002D4A536ABB422AD3926A0120A24213D3B2
:1019200002B0E0BCBA46B146A846F0BD43465B688B
:101930008B42D3D1EBE7244900204B6AAB42EFD373
:101940008A6A0130A242EBD25B1B5A1E9341D8B285
:10195000E6E78445DBD900F04DF822002B00121A8F
:101960008B41002B05DA184A536ABB42D4D20020BF
:10197000D6E700230193154B2200009348462B0025
:10198000FFF76AFE011EEEDD43461C605D600E4BF4
:101990005A6ABA4211D39B6AA3420CD34846FFF756
:1019A000B3FE094A0020536ABB42B9D3926A0130A0
:1019B000A242B5D2C8E7BA42F0D120BFEEE7C04696
:1019C0003010002038100020004005407511001034
:1019D00010B5024A0248FFF7FFF810BD987B0010CF
:1019E000E01E00200300416A0A00986A596A8A4290
:1019F000FAD17047034B596A0A00986A596A9142B2
:101A0000FAD170470040054070B504000D00174A38
:101A1000536A1900966A536A8B42FAD13000190052
:101A200024184D41AB4216D813D0104A2B00526AED
:101A3000954203D90D494A6A9A42FCD39A4207D18A
:101A40000A4A02E0516A994202D1916AA142F9D34D
:101A500070BDA642E9D9054B5B6A1C005A1CEFD049
:101A6000012301246442E5175B42E3E7004005409F
:101A7000064A536A9942FCD807D1044B02E05A6ADD
:101A8000914202D19A6A8242F9D3704700400540E0
:101A9000F8B5DE464E4657464546E0B58B4605004E
:101AA0000A991800160000F03DFB0A9B6C001F020B
:101AB000324B64199C46A4006444636881469F428B
:101AC00000D967602B1FDBB29846012B30D9C023A9
:101AD00080229B01E31812011A60294BAD0059596D
:101AE0009A4600291BD17301E026226853401E400C
:101AF000802342465B01E3181E60012A30D980230F
:101B000080229B01E31812011A6053464A4667601F
:101B10005A51F0BCBB46B246A946A046F8BD58692A
:101B200000F000FB013043001B18033BFDD2DAE755
:101B30005B46012BCBD1C02303229B01E3181A6023
:101B4000023AA3681A42FCD07301E0262268AD0075
:101B500053401E4080230A4A5B019246E3181E60F0
:101B60005A462168514003220A401A6001225B460E
:101B70009A40A3681A42FCD0C1E7C04600800040EA
:101B8000E41E0020F0B546464F46D646C0B51F00BD
:101B9000344B44009C462418A4006444636888467F
:101BA0001600FF2B02D880235B006360031FDBB2AB
:101BB0009A46012B30D9C02380229B01E3181201E1
:101BC0001A60294B85005959994600291BD1730188
:101BD000E026226853401E40802352465B01E318F2
:101BE0001E60012A30D9802380229B01E318120154
:101BF0001A6080235B0063604B465F51E0BCBA46CD
:101C0000B146A846F0BD586900F08CFA0130430097
:101C10001B18033BFDD2DAE74346012BCBD1C0238F
:101C200003229B01E3181A60023AA3681A42FCD00F
:101C30007301E0262268850053401E4080230A4A33
:101C40005B019146E3181E60424621685140032221
:101C50000A401A60012342469340A2681342FCD016
:101C6000C1E7C04600800040E41E0020014B800018
:101C7000C0587047E41E0020F8B5040021481E003B
:101C800017000D0000F04EFA0100380000F04AFA8B
:101C9000069B36041B031E432368002B20DB1A4BD4
:101CA0001A49E3185A1E93418022920194465B42DE
:101CB0001B0B174A1B0363441360164A13601F0073
:101CC0000A689743FBD1144B2560E2182123A060DA
:101CD00013602368002BFCDA0823E6601360F8BD6C
:101CE0003F2322681340AB42D9D1A3681B051B0DCB
:101CF0008342D4D1EE22E368D2021340B342CED164
:101D0000EDE7C046001BB7000040FDBF08C0004023
:101D100000E0004000F000400430000010B58024D6
:101D20001C4BE4051C6000281AD001231A4C1843F0
:101D30001A4BDC611A4C44401C6259629862802143
:101D4000144BC9051960174817490860E021C904F8
:101D50001960002A07D18022144B12061A6010BDA8
:101D60000E4BD861EBE753019B1A9B009A18802316
:101D700012015B049A4209D213000D490B60074B14
:101D80005A608022094BD2051A60E8E7094B1A0015
:101D9000F3E7C04600B00540D3C007B0008005405F
:101DA0002D3FF84FFCFF01000820014000A0054036
:101DB0004C230020FFFFFF008023024A9B000B43BF
:101DC000D362704700800540142310B501001888C5
:101DD00004331B88984710BD162310B501001888DE
:101DE00002331B88984710BDF8B54746CE4680B5EC
:101DF0000F1E19D014239946043304000025012630
:101E000098464B461888434621681B88984701C46A
:101E1000431E9841013540420640AF42F1D13000A7
:101E2000C0BCB946B046F8BD0126F8E7142370B52A
:101E30000400188804331B880D00054998470300E7
:101E40000020002C01DB0130A04029009847C0464B
:101E500055420000AA23064A1B0113608D235B0034
:101E6000D3600449044B19605368002BFCDA7047B7
:101E70000040024000B0FA00006002407047C046D7
:101E800010B50148FEF790FEBC7B001070B5074D01
:101E9000074EB54209D20024013E761BB60808CD94
:101EA000984723000134B342F9D170BD587A00102D
:101EB000947A0010054B064A06491A60064A074BF9
:101EC0001A6010000B689843FBD1704700E0004097
:101ED000BFCDFBFE08C00040FE7F3C0000F000408C
:101EE000044BDB6C002B03D18022034BD2021A601F
:101EF0007047C046000011504C201150044A054B59
:101F00001A60054A1368DB018033FBD17047C04675
:101F1000FFFFFF0100F0004008C000404022034BDB
:101F20009A675A671A67DA667047C04600F0014040
:101F300010B5FEF7DFFE10BDF8B52749274C284D38
:101F4000641AA4082200302C00D930222800920004
:101F500000F074FF2F2C3BD830202F21A700EB1965
:101F60005B07204A001BDB0F091B052916D9260039
:101F7000002B01D0EA51661CC01AE3189B004108EF
:101F8000EB18C900C9181A605A6008338B42FAD19D
:101F9000012303421CD098438419A700EA51631C13
:101FA0002F2C15D09B00EA50A31C2E2C10D09B0088
:101FB000EA50E31C2D2C0BD09B00EA50231D2C2C47
:101FC00006D09B00EA50631D2B2C01D09B00EA50E9
:101FD000054B9D60F8BDC04600010010C001001017
:101FE00000000020C101001000ED00E0002310B54A
:101FF000294C82B0A367FFF72DFF0122274B1A60FF
:10200000636C012BFCD10322254B1A60224A936B8F
:10201000012BFCD1013300930121224A22480433D1
:10202000FFF72AFE052301210093204A2048FFF7ED
:1020300023FE0022022104201E4BFFF7A3FD0022F5
:10204000012105201C4BFFF79DFD002200210720E8
:102050001A4BFFF797FD002200210820174BFFF7CE
:1020600091FD8023DB000093002200210920134B07
:10207000FFF70EFD0022104B00210620FFF782FD26
:102080000420FFF7F3FD0E4900F04CF8010000209A
:10209000FFF792FE02B010BD008000403CB000404F
:1020A00030B00040002F685900800240008C864705
:1020B00000C00240001BB70040597307006CDC02EF
:1020C00040420F0001480421014B184750100020E6
:1020D000E91D0010124A936F9B0815D29066D166D5
:1020E000002905D0FFE7FFE7FFE7516F106F70474A
:1020F00004B580210906C2175140002800D0C8430A
:1021000005F06AFC002104BDF0B5146E556E576FE2
:10211000166FFFF7E3FF1466556657671667F0BD45
:10212000000000D0114A936F9B0813D210665166CD
:10213000002905D0FFE7FFE7FFE7516F106F7047F9
:1021400004B5002801D00020C04305F045FC002163
:1021500004BDC046F0B5146E556E576F166FFFF78D
:10216000E5FF1466556657671667F0BD000000D09E
:1021700094464A4A926F9208624601D228E0C046CD
:10218000F0B5464E346E756E776F366F00F020F8FE
:102190009446424A14665566576716676246F0BD14
:1021A00094463E4A926F9208624601D254E0C0467D
:1021B000F0B53A4E346E756E776F366F00F04CF8AE
:1021C0009446364A14665566576716676246F0BDF0
:1021D000002B24DB11D000293EDA00B5C943404270
:1021E00000D1013100F038F8C943404200D101313B
:1021F000DB43524200D1013300BD002AEBD100285D
:1022000001D1002905D00020C90FC90701D1C04361
:10221000410800B505F0E8FB0022002300BD00B531
:1022200000290ADBDB43524200D1013300F014F8ED
:10223000C943404200D1013100BDC943404200D1F1
:102240000131DB43524200D1013300F005F8DB439A
:10225000524200D1013300BD002923D1002B18D1F7
:10226000002A0CD0BC460D4F38667A660021002348
:10227000FFE7FFE7FFE77A6F386F67467047002890
:1022800001D00748010000B505F0AEFB0022002395
:1022900000BD02000B00002000217047000000D0AC
:1022A000FFFFFFFF002B00D0BFE0130C28D1002A56
:1022B000E7D080B4114F39667A66FFE7FFE730B4A4
:1022C000040C7B6F396F1B0423433B667A66FFE780
:1022D000FFE7FFE7C04684B27B6F3D6F1B042343DB
:1022E0003B667A66FFE7FFE7C04600232C042D0C0F
:1022F0007A6F386F00196941B0BC7047000000D098
:10230000F0B594460025140E01D112020835140FC1
:1023100001D112010435940F01D192000235D40F7E
:1023200001D152000135D40B0134254F7C66254C78
:102330003C660E0C93B2FFE7FFE7FFE73C6F664396
:10234000360C7703BE467343DF0B5B04C01AB941FA
:10235000130C7343DB18C91ACE086643360CB64417
:1023600093B273431F0F1B01C01AB941130C73437F
:102370001F0B1B05C01AB941860D8F023E436643F1
:10238000360C092D24DB520A7243801A7703460A61
:102390006643360C16235B1BDE40DF40BF196446E4
:1023A0006643821B7046043506330100D940A840BD
:1023B000C01900D30131A24206D20023F0BD0000B3
:1023C000000000D0FFFFFFFF121B0130F3D3F1E745
:1023D00009277F1BFE406446A2B27243801A00D2D6
:1023E0000139220C7243130C1204821A99410B001A
:1023F0007046043513370100F940A840801900D316
:102400000131002B02D1A2420AD2F0BD013000D32B
:102410000131121BFAD2013BF8D1A24200D2F0BD29
:10242000013000D30131121BF7E7F0B51C0C00D0CE
:1024300080E00CB400251C0A04D11B02160E3343A5
:10244000120208351C0B04D11B01160F3343120175
:1024500004359C0B04D19B00960F33439200023548
:10246000DC0B02D192185B4101351C0097186441C6
:102470000134464F7C66464C3C660E0CFFE7FFE796
:10248000FFE7C0463C6F6643360C7703BE4697B203
:102490007743C01B00D20139C01B00D201399FB263
:1024A0007743C91BC91B170C77437E04FF0B801BA6
:1024B000B941CE086643360C0C2D33DBB644120B03
:1024C0001F053A431B0B97B27743C01B00D201395B
:1024D0009FB27743C91B170C77433E043F0C801B08
:1024E000B941860D8F023E43664329277F1BFE407C
:1024F0000C3D7746AF40BF1930BCA2B2ABB27243BD
:102500007343801A9941220C7243130C1204801AEF
:10251000994102000B000137001BA941F9D2781E36
:102520000021F0BD0C277F1BFE4077467F0BAF409C
:10253000FF19E0E700245D1C07D0144F7D66396663
:10254000FFE7FFE7FFE7FFE73C6F95B29EB2654309
:102550006643401BB141150C1E0C654366433604AF
:102560002F0C3E432D04401BB141994204D202007E
:102570000B0020000021F0BD01D19042F7D3801A5A
:10258000994101349942F2D3F6E70000000000D0EF
:10259000FFFFFFFF48404140484018B41B4B5B68B9
:1025A000FC46019308BD04DF2F28001018B4174B18
:1025B0001B68FC46019308BD00DF392800109446D3
:1025C000134A926F920809D2624618B40F4BDB6827
:1025D000FC46019308BD0CDFF12A00100C4AF0B54F
:1025E000146E556E576F166F6246FFF7EEFF084A7E
:1025F0001466556657671667F0BD18B4034B9B68A1
:10260000FC46019308BD08DF9529001098170020AB
:10261000000000D0FFB550404240504059404B4070
:10262000594000E0FFB5154F4C00640D03D0BC428B
:1026300004D10C0314D80020090D09055C00640DB9
:1026400003D0BC4204D11C030AD800221B0D1B0579
:1026500001264B4009D44B4003D58B4200D1824226
:10266000FFBD9942FCD19042FFBD0B43DB180343F1
:102670001343F5D0C9434918FFBD0000FF07000010
:1026800000B5FFF7CFFF804100BDC04600B5FFF7A2
:10269000C1FF01D9002000BD012000BD00B5FFF73A
:1026A000B9FF804100BD012040054A00121804D83E
:1026B0005A00121801D8002070470120704700000E
:1026C0000021002805D17047C1174840401AFAD0B0
:1026D000C90713B5064B1B6898470CBC441CA240A5
:1026E0001005120B0349091B09051943114310BDBD
:1026F000742300201F04000010B54C00620D8023DD
:10270000D218DB00D21A5B057E2A10DD9E3A13DA5E
:10271000CC170903490819435242D14064000134DF
:102720001532202A05DAD0400843604310BD00204E
:1027300010BD0846604310BDC80FC018013810BD59
:1027400018B4044B5B6AFC46019308BD24DFA12C3E
:102750000010000098170020132370B51D78012D7C
:1027600019D014DD1F48FFF737FB06001E48FFF79E
:1027700033FB1E4C80223100200000F05FFB022D55
:102780002DD01B48FFF720FB1A4B186070BD1A4B69
:10279000164CA364F5E7184B144C23606360A360E8
:1027A000E36023616361A361E36123626362A36207
:1027B000E36223636363A363E36323646364A364E7
:1027C000E36423656365A365E36523666366A366C7
:1027D000E36623676367A367E367A364D1E7064BF8
:1027E000A364CEE75344000053460000981700202E
:1027F0004C33000074230020FD27001007B560460D
:1028000001880A0A0230DF2AFAD1C9B2820804D349
:10281000028840880004104300E00068014A5050DC
:10282000039007BD981700200FB403BC0CBCF0B593
:102830000124E407634000E0F0B50C0DCF0F661EE5
:102840003605891B640503D3C943404200D30131D7
:10285000640D03D0661CF60A07D0E41B00207F003D
:10286000791C89078912803C24031D0DDF0F6E1E21
:1028700036059B1B6D0503D3DB43524200D3013366
:102880006D0D03D06E1CF60A07D0ED1B00227F00F1
:102890007B1C9B079B12803D2D032F1B661B58D46E
:1028A000A446202E46DA20371400BC401D00BD404F
:1028B000F24033412A4380185941CB0F05D0C94318
:1028C000C043002264425041514162464D0D28D11F
:1028D0000D0D07D100281FD0241940414941013A6C
:1028E0000D0DF9D0640006D3013000D30131002C66
:1028F00001D140084000013A0BD4941CE40A04D1F1
:1029000012051144DB071944F0BDD907204B1943C8
:1029100000E0D9070020F0BD0029DDD1002CDBD17B
:10292000F0BD0132C6074008CD0728434908002EF4
:10293000E1D0D9E73C2E29DA203E40371400BC40D4
:1029400000D00124F24014431A00BB401C43D317AB
:10295000ACE7AC46202F08DA20360400B4400D0066
:10296000B540F84039412843A5E73C2F0CDA203F19
:1029700040360400B44000D00124F840044308006D
:10298000B1400C43C117EAE710001900002494E796
:102990000000F07FF0B50C0D661E3605891BE60AB7
:1029A0006405640D02D0651CED0A04D000200121ED
:1029B0000905803C2403A4461C0D671E3F05DB1B54
:1029C000E70A6405640D02D0651CED0A04D00022FC
:1029D00001231B05803C24037740644497B484B2F0
:1029E00096B27443070C7E43150C6F4380B2684364
:1029F000361802D3012000043F183004350C0019AA
:102A00007D41844688B29AB250430C0C62431F0C3D
:102A10007C438EB27E43921902D301263604A41958
:102A20001604170C3618674101BC81B29AB25143A3
:102A3000040C62431B0C5C4380B25843121802D34F
:102A40000120000424181004130C401863412D18B1
:102A50005E410020474106BC88B293B258430C0C3B
:102A60006343120C544389B251435B1802D30121D2
:102A70000904641819041A0C091862416D185641AA
:102A80000020474118BCF902720D1143F0026A0D93
:102A90001043ED020A0D03D16D1940414941013B3C
:102AA000124E9B1B7600B3420ED26D0007D301304D
:102AB000002671416646354301D1400840001B05A0
:102AC000C918E4072144F0BD0BDA013306D1013007
:102AD00004D101314F0D01D04908F2E7E107002090
:102AE000F0BD013631050020EBE70000FF030000D8
:102AF000F0B51C0D671E3F05DB1BE70A6405640D7E
:102B000002D0661CF60A04D0002201231B05803C7B
:102B10002403D0252D060026F6432E661E096E6678
:102B2000CE0FF619B44649004F0D02D07E1CF60AAE
:102B300003D000200021403F3F033E1BB600B444B9
:102B4000013F7F05C91B49082E6F013676089C029C
:102B5000950D25437543ED137543AD1301356D1088
:102B6000F603761B0CB4CC02450D2C43A2B2B3B2D3
:102B70005A43270C7B43350C6F43A4B26C431B199B
:102B800002D3012424043F191C041D0CA4187D4108
:102B900024196D41009A91B2ACB26143170C7C4389
:102BA0002B0C5F4392B25A43A41802D301221204A1
:102BB000BF182204230C52187B41019C6C431B1943
:102BC000520ED9010A434401A01A81B2B2B2514354
:102BD00003145A43360C734387B27743D617D2197E
:102BE00000277E4136049B191704160C7F185E419E
:102BF0007316ED18F301002680337541A90F06D135
:102C00006400690AE8055B0A184309D22FE0042230
:102C1000944480337541A90AA8059B0A184326D31A
:102C2000404149412404009A019B0D005543641B17
:102C30004343E41A95B286B27543170C7E43030CE6
:102C40005F4392B25A43B61802D301221204BF184E
:102C50003204330C52197B4152429C41002C02D465
:102C60000022013051414008CA071043490802B010
:102C70006246D7079210084BD218084B9A4203D2EB
:102C800012058918C919F0BD0020002A01DC39009D
:102C9000F0BD01331905F5E7FD030000FE07000054
:102CA000002200B5203200F004F8080000BD00004A
:102CB00000220B150AD410B5944600F031F8141414
:102CC000013400DA0021CB17144C204700200021EA
:102CD00070476244343A0CD40C2A07DA040091405D
:102CE000904052422032D440214310BDD843D943B2
:102CF00010BD203207D40C4694405242203211417C
:102D0000D040204310BD0800C917203203D45242DE
:102D10002032104110BD1800190010BDD32C001036
:102D20000A0DCC0F531E1B05C91A520503D3C94304
:102D3000404200D30131520D03D0531CDB0A07D0AF
:102D4000121B00206400611C89078912803A12035B
:102D5000014BD21A70470000FF0300005143434368
:102D6000C9188C46110C83B24B4310B4040C614358
:102D700092B280B2504362431C041B0C001910BC79
:102D800059411304120CC0185141614470470000AE
:102D9000132310B512481C78FFF71EF80100012C10
:102DA0000AD003DD80220F4800F048F80E48FFF7F4
:102DB0000BF80E4B186010BD0A4C5422200000F096
:102DC0003DF80B4B6365A365E36523666366A36605
:102DD000E36623676367A367E3672362E361E5E76D
:102DE00053460000981800204C3300007423002044
:102DF000F52D001007B5604601880A0A0230DF2A67
:102E0000FAD1C9B2820804D3028840880004104372
:102E100000E00068014A5050039007BD9818002058
:102E200001480421014B184760100020E91D0010E3
:102E3000014B1B681847000060100020014B5B68C5
:102E400018470000601000207047C046F8B557468C
:102E5000DE464E464546E0B599460A9B07009A462F
:102E60000D9B884693460B9C9B073BD10C9B9C4239
:102E70003DD21E1B0B9415000C005E442A004B46ED
:102E8000013521002020B847B542F7D1A0460B9C60
:102E9000002C20D0454636195346321B013C185DA4
:102EA00029004B46B847002CF6D12B003500984638
:102EB0000D9B9B070FD55B46EC1A0C9BA3420AD9CE
:102EC000464698462A004B46310020200134B84738
:102ED00001354445F6D32800F0BCBB46B246A946AE
:102EE000A046F8BD16001500002CD3D1E0E716006F
:102EF000002CCFD11500EEE7F0B54F464646D6463A
:102F0000C0B584B098460EAB1B7894469946129B88
:102F10000D9C109F119E9A0725D4002E65D1BC42AE
:102F200021D201221A409246202C00D1E9E00C9ACD
:102F3000551E302202E0202C00D17BE001342A55BE
:102F4000A742F8D85246002A0DD0B4420BD20C9AB0
:102F5000551E3022202C02D171E0202C2DD00134BE
:102F60002A55B442F9D1DA063CD55A052ED4002CA4
:102F700028D10F9A102A00D1B6E0022A00D1BCE075
:102F800030220C9C227001244A46002A65D15A073F
:102F900000D499E02B220C9D2A55013403930C9BFD
:102FA00062460093029643460194FFF74FFF04B038
:102FB000E0BCBA46B146A846F0BD2024DA06EDD5FD
:102FC0005A0503D4A74266D0B44264D00F9A102A9F
:102FD00071D0022A57D0202CE0D0220001343025B5
:102FE0000C9FBD54202CD9D0CEE7012215001D40E6
:102FF000AA461A4236D04A46002A4AD10C321A4210
:1030000047D1BC42A1D2202C91D1202E17D8202408
:10301000DA06C3D55A051BD4202F01D0202ED5D1D6
:103020001F220F9D102D6FD0022DD8D162250C9F2D
:10303000BD54D0E75246002A79D0202EBDD9202495
:10304000DA06ABD55A0503D4202FE9D0202EE7D0DD
:103050000F9A102AA2D12024A0E72D220C9D2A55D8
:1030600001349BE7BC4200D37DE7202C00D05EE713
:10307000DA06F0D55A05EED4202F62D0202EEAD100
:1030800034001F22CDE7202C00D187E72200013435
:10309000CCE7013EB5E7621E012CC2D10F9A102A7F
:1030A00000D06AE79A063BD558220C9C2270283A39
:1030B0006270022468E79A060ED4202CCBD07822C6
:1030C0000C9D2A55013486E71A0700D466E72022B2
:1030D0000C9D2A55013461E7202CBCD058250C9A50
:1030E00012191570013476E79A0608D558220C9CFF
:1030F000227030226270022446E76032F7E77822BD
:10310000F5E7002A83D1B3E7A21E013C9D0603D454
:1031100078250C9FBD5460E758250C9FBD545CE793
:1031200078220C9C2270483A627002242CE7DA065E
:1031300000D433E75A058BD4202F00D044E71F2258
:103140006FE73C001F226CE710B5002800D110BDCE
:1031500001F034FCFBE7C0460B0010B5002802D09C
:1031600049681B68984710BDF0B557464E4645461E
:10317000DE46E0B599B08246894690460893229A89
:10318000239B10001900FFF78EFA002800D0CDE035
:10319000229823990122D94B5242FFF77FFA002847
:1031A00000D0C3E0229823990122D54B5242FFF769
:1031B00067FA002800D0B9E0229823990022002362
:1031C000FFF75EFA002800D0F1E1229E239F8023C2
:1031D000269ADB001A400D92269A1A4201D1062344
:1031E00024938023269A1B011A403B00934609969C
:1031F000334300D0B3E0002A00D0C2E10023002412
:103200000A930B94002304250993259B0024AB42C9
:1032100000D95C1B0223269A1A400C92269A13426C
:1032200003D06B426B415B421C40099B002B07D0D3
:103230000A9A0B9B30003900FFF7C1F906000F0016
:103240002298239900220023FFF71AFA002803D0BE
:10325000802109067B181F00269AAA4B0096019729
:103260001340089E0493249B039402934246330028
:103270004946504600F0AAF90400002D67D02020EE
:10328000269A4946024013005A4253415B42621C4F
:1032900018400A92330022004530D047099A6F1E29
:1032A000D317D4185C40D30F9B46002501E0202D96
:1032B00013D008AA94461F23200063440A21013535
:1032C0005E19FEF72FFF3031317020000A21FEF722
:1032D00029FF26000400092EE9D8052306930023C0
:1032E00004930A3303935B46089E029310AB0A9A39
:1032F000009349463300504605970195FFF7FCFDC2
:103300000C9A0400002A22D04246851A259AAA4225
:103310001DD9B04657461600220043464946202094
:103320000135B8470134AE42F6D810E0269B42463C
:103330000493259B49460393249B50460293229B6A
:10334000239C00930194089B00F040F904002000A6
:1033500019B0F0BCBB46B246A946A046F0BD6A4BC8
:1033600078009C46400D6044FFF7AEF9674A684B11
:10337000FFF743F9674A684BFFF718F9674A3B03C1
:103380001B0B1A4304000D0009981100644B002226
:10339000FFF703F9634A644BFFF72FF902000B00B4
:1033A00020002900FFF702F9FFF7A6F90990FFF7BF
:1033B0008BF95E4A5E4B04000D00FFF71EF90022F8
:1033C0005C4BFFF7F3F8FFF797F95B4A5B4B29007B
:1033D0000C902000FFF711F904000C980D00FFF786
:1033E00073F9574A574BFFF708F902000B0020000A
:1033F0002900FFF7D2F804000D0002000B000A9428
:103400000B95FFF7FAF804000D000A980B990200DB
:103410000B00FFF7CBF800220E900F914A4B2000D3
:103420002900FFF7CCF80022484BFFF7BFF8020055
:103430000B0020002900FFF7C2F80022444BFFF7E1
:10344000B5F802000B0020002900FFF7B8F80A9A2F
:103450000B9B0D0080210400C9050020FFF79DF89B
:1034600002000B0020002900FFF7A0F802000B006B
:103470000E980F99FFF7A3F80022284BFFF796F854
:10348000344B0C9C9C46644423050022FFF7B5F89E
:1034900004000D0002000B00300039000A940B9567
:1034A000FFF7EEF800285DD123002A00C625099910
:1034B00063318D42AD4159466D420435002900D13A
:1034C000A3E6134363D030003900234A234BFFF7B0
:1034D000DDF8002807D0002230003900204BFFF72C
:1034E000CFF8002853D1249B002B00D18DE60D9BF3
:1034F0005A1E9341249AD31A249386E6FFFFEF7F46
:10350000FFFFEFFFFFF7FFFF01FCFFFFFB799F507D
:103510001344D33FB3C8608B288AC63F0000F03FF6
:103520000000F83F61436F63A787D23F71A3790919
:103530004F930A400000E03F1655B5BBB16B024007
:10354000EF39FAFE422EE63F00002C4000002440F6
:1035500000001840FF0300002D431CEBE2361A3F29
:1035600080842E41099B0022013B09932000164BC9
:103570002900FFF724F80A00010003000A910B92CA
:1035800094E7002300240A930B9400230993249AC0
:10359000099B9A4214DDD31A013B24938023269A77
:1035A000DB001A4300230025269209932DE6802292
:1035B00012069446229B1E00239B63441F0006E6CE
:1035C00000232493EAE7C04600002440F0B54546B6
:1035D000DE464E465746E0B595B08B469046994636
:1035E0001E9A1F9B0A9019001000209DFFF75BF8A0
:1035F000002800D0B0E11E981F990122C74B52420B
:10360000FFF73EF8002800D037E11E981F990122ED
:10361000C34B5242FFF742F8002800D0A7E01E98A3
:103620001F990022BF4BFFF739F8002800D088E02F
:103630001E981F990022BC4BFFF722F8002800D0EB
:103640007FE01E981F9900220023FFF719F8002839
:1036500000D0FAE000230B938023229C229ADB0007
:103660001C401A4200D102E1092D00D87CE106A9D4
:103670008C462C00172200233021093C6244013380
:10368000D154EF1A202B00D132E1A342F7D100220E
:10369000A44B069207931E981F99FFF72DF805007B
:1036A000FFF712F802000B001E981F99FEF775FF36
:1036B000069A079BFEF7A1FF08900991FFF740F8D3
:1036C0000600FEF7FDFF02000B0008980999FEF7BF
:1036D00064FF0022954B08900991FEF7DFFF002858
:1036E00000D1D2E001363000FEF7EAFF069A079BD0
:1036F000FEF7CCFF002801D000260135AA46002F96
:1037000000D098E02800FEF7DFFF02000B001E98B3
:103710001F99FEF742FF854B002206000F00FEF7BF
:10372000AFFF0CAB9A46002845D10022300039008B
:103730007E4BFEF7B3FF00283DD1EB073BD50135AB
:1037400039E0229B42460493219B594603930A98F1
:103750001E9B1F9C0295009301944B46FFF704FDAE
:1037600015B0F0BCBB46B246A946A046F0BD229BB0
:103770005B0767D403226E4B229901920391219932
:103780000291009342464B4659460A98FFF75EFB6A
:10379000E6E706AA94461723280063440A21013469
:1037A0001E19FEF797FC3031280031700A21FEF710
:1037B00091FC051E76D0202CEBD10323229A1340D6
:1037C000012B1DD1219B002B1AD00B9B002B00D06D
:1037D000BBE0229A0C33134200D0B6E0219BA342F7
:1037E00000D887E006AB9C4617223023624404E0F1
:1037F0002199013413558C4259D0202CF8D1202422
:10380000229B01940393219B02935346B9E706AA96
:10381000944617230A216344300001341D19FEF732
:1038200081FC3031297030000A21013FFEF77AFC1B
:10383000092E46D90600202CE9D155460CAB202490
:103840009A46B8E704223B4B96E71E9A1F9B00203E
:103850000021FEF7A2FE01230B938023229C229AD3
:10386000DB001E901F911C401A4200D0FCE6002293
:10387000314B0627069207930DE7229B0393219B6A
:103880000293042301932D4B7BE7002208980999AA
:10389000264BFEF7F5FE002800D02FE7002E4FD173
:1038A00001362BE70323229A1340012B66D0202CEC
:1038B000A6D00B9B002B1FD02D235246135501344D
:1038C0009EE75546202CB9D030233A19002F08D056
:1038D000172006A9013409180B55202CAED09442AC
:1038E000F6D10CAB9A462E2352461355013462E7AB
:1038F0002024CCE6202C83D0229B5B0708D4229B7B
:103900001B0700D47CE7202352461355013477E788
:103910002B2352461355013472E7C046FFFFEFFFD9
:10392000FFFFEF7F65CDCD4165CDCDC10000E03F0C
:10393000147C00100C7C001080842E411C7C001034
:10394000F30700D4DAE60136D8E6219B013B219348
:10395000A34200D946E7AAE7229B0393219B029347
:1039600003230193074B0CE7074BEA009B185C68A5
:103970001B682F000693079400248CE6219B002BE4
:1039800095D022E7187C0010E07E0010F0B5574675
:10399000DE464E464546E0B5A5B01F002E9B91463B
:1039A0000D93CA4ACA4B82468B461A60002900D141
:1039B00029E2002338789846002800D12BE2C54B35
:1039C00044460C93C44B55464E460E930AE0631C86
:1039D0009846220033005946A847444638780028C4
:1039E00000D187E001372528F1D108239A46043B0E
:1039F0009946023B9846013B00229C460B9438783E
:103A0000791C0300203BDBB2102B03D80C9C9B00DD
:103A1000E3589F460300303B0B9C0B92092B3AD98D
:103A2000002398462A2800D1DDE000239A462E285C
:103A30004BD00300683BDBB2122B1ED80E9A9B00C2
:103A4000D3589F4663460F001A43D8E743460F00FA
:103A50001A43D4E74B460F001A43D0E710230F0058
:103A60001A43CCE753460F001A43C8E780235B0094
:103A70000B9A78781A430B9201310F0067284FD8C0
:103A80002428A4D90300253BDBB2422B9FD89349BD
:103A90009B00CB589F46002398460B9B47469C466D
:103AA00000E00131BB00DB195B001F180878303FD4
:103AB0000300303B092BF4D963460B930023B8462F
:103AC0009A460F0001312E28B3D180200B9AC000F6
:103AD00002430B9230225242944678780B00844481
:103AE0006246092A00D8AAE12A2800D1B9E10F00CC
:103AF00001319EE7A046AA46B146C84503D301233B
:103B00005B424B4498464B46424659460020D047BC
:103B1000200025B0F0BCBB46B246A946A046F0BD89
:103B200001006939C9B20F2900D950E701238B4040
:103B30009C466B4B994663464A4613400F93624638
:103B40004B461A4200D068E10A2956D0072900D016
:103B50003DE70D9B02CB9846002900D092E10B9BDC
:103B600010211A008A431000113108438146802039
:103B70001A00C0000240110003421CD114AB9C4645
:103B80001F220F2362440D959C4615000F9B0B943A
:103B900002E0202B0CD0110064460C40200037308E
:103BA000092C00D807380133E8540A090F29F0D846
:103BB0000B9C0D9D0F934B4608220693534605928E
:103BC00008320392002204930F9B029201931CABD4
:103BD00022000093594633002800FFF78DF9434631
:103BE00004000D93FAE60D9B04CB9046002A79DB86
:103BF00078780D930F00013117E70D9B02CB1493DA
:103C00000B789C4618005346002B00D134E1002865
:103C100015D05346013B013399460D940B9C8944C2
:103C20004A460B00A14601E0934203D05C78013381
:103C3000002CF9D14A465B1A0D9C0B920F938023FE
:103C4000DB0099460B9A13400D934B461A4204D061
:103C50000F9B534501D953460F93022399460B9A64
:103C600013400B934B46134200D1F5E16346002B02
:103C700000D1D6E10D9B002B00D182E10B1BD14678
:103C800031009A463B00A1442E005F464D4622007B
:103C90009B46894609E04B463900541CB0475346C1
:103CA000185D002800D192E122009542F3D14B46E5
:103CB0005A46A946BB46350017001E004C460B9BD2
:103CC000002B00D0ADE1149B0D9387E68D390010D9
:103CD00048230020447D0010887D0010D47D001012
:103CE000419000000B9A283802430B924246524200
:103CF000787890460F000D93013196E678786C281D
:103D000000D15DE180230B9A5B001A430B920131D5
:103D1000B3E680239B00ABE67878682800D148E1C1
:103D200080230B9A01311A430B92A6E6672800D133
:103D3000B2E0472800D11AE1452800D11CE10B9AD6
:103D40000721049242460D9B0392073352468B4350
:103D5000190002920CC92800009201930D912200D3
:103D600033005946FFF700FA040037E6462800D131
:103D70008DE00B9A0721049242460D9B0392073374
:103D800052468B43190002920CC9280000920193FD
:103D90000D91220033005946FFF718FC04001DE680
:103DA000631C98462200330059462520A847444604
:103DB00014E60D9B04330F93631C99460B9B9A07E3
:103DC00000D40AE10D9B2200187859463300A84719
:103DD00043464444012B00D86FE1B0462E00250035
:103DE0004C46B9465F462200434601343900202044
:103DF000B047AC42F7D12C00BB4635004F46464693
:103E00000F9B0D93EAE5D64B38789A4600239846E7
:103E1000002800D0D3E500246FE66F2842D000D8F8
:103E2000FDE11023782800D19BE00B9A9A430B9276
:103E30000A239C46002314930A330F9338E0574615
:103E40000B9AB900C919490001330F181878303F8F
:103E5000010030390929F4D9BA460B921F00591CC8
:103E6000E7E50D9BB87804CB0237D143C9170A4068
:103E700092460D93791CDCE5002800D1DFE6022391
:103E80005B42C8E621200B9A0243914676E6202346
:103E90000B9A1A430B926CE780230B9A1B011A436F
:103EA0000B924CE708239C460023149308330F938E
:103EB0000B9880230200DB001A4011000200184218
:103EC00000D080E00C239A431000802302009B0066
:103ED0001A400B92184200D0F1E0802302005B00F0
:103EE0001A4091460D9A04321492184200D0C3E24F
:103EF000430600D5D7E0030600D421E30D9B1B88C1
:103F00000993002B00D02DE110339843002900D1F4
:103F100028E10023994643460593534604930F9B9B
:103F200006900393002302934B4601931CAB22009F
:103F30000093594633002800FEF7DEFF0400C2E676
:103F4000582809D0622800D0E3E202239C460023CF
:103F5000149302330F93ABE720230B9A1A430B926F
:103F6000103B9C460023149310330F93A0E780234B
:103F70000B9A1B011A430B9220230B9A1A430B92A4
:103F8000DDE60B1B9A460F9B99463B0037005E46C9
:103F90009B4622003B003100A84753460134185D80
:103FA0000028F6D14B460F935B46B3463E001F00F8
:103FB00085E6C0230B9AB8781A430B92F91C5CE58E
:103FC000C0239B00F6E70D239A4310007DE75B4674
:103FD0003500BB464E461F0071E64346012B66D9AD
:103FE000631E434432002E001D003B00A2465F4684
:103FF00091469B4622004B46013439002020B047B1
:10400000AC42F7D15B463500BB464E46A14654460E
:104010001F000D9B4A461878594633004444A84770
:10402000EEE60F9BA146984500D84CE64444E41ABE
:10403000B0462E0025004C46B9465F462200434656
:10404000013439002020B047AC42F7D12C00BB46E8
:1040500035004F46464636E60F98804500D873E255
:104060004346E218131A32002E001D003B00914611
:104070005F469B460F9122004B46013439002020B9
:10408000B047AC42F7D15B46BB461F0043460F9991
:1040900001330F930B7835009C464E46604600284E
:1040A00000D0E7E50FE60D9B1B78099329E70D9BF0
:1040B0002200187859463300A8474C46A0E60D9ACE
:1040C000FA3BFF3B07329A430133994691444B46F2
:1040D0000D931368526815921A4306D1103290431B
:1040E00000220992002900D083E06122810600D5D8
:1040F0004122D2B20A9214AA91460A9A00210A3A9F
:104100000B9242461792524618925A46B24609916D
:104110001E001F31149B4944BB4616941A95002477
:10412000674698468946159D19901B920AE03032E1
:10413000D2B24B4601341A55A8454CD0202C4CD055
:1041400006000D003A00002330002900FEF728F891
:10415000D2B2092AEBD90B9B9C466244D2B2E8E763
:10416000492E00106123820600D54123DBB20A3BB1
:104170000B93434614A91F228C4615935346624461
:10418000B2460D9417974C468046A9461700099DE4
:104190000F9E169308E03033DBB201343B55B54235
:1041A0000ED3202C0CD0050031002800FDF7BAFFFB
:1041B000CBB20929EFD90B9A94466344DBB2ECE702
:1041C000159B40469846169B4D465646A1469A4634
:1041D0000D9C179F9FE6B742B0D9179B564698464D
:1041E000189B5F469A461B9B09949B46169C199800
:1041F0001A9D43460593534604930F9B06900393E1
:1042000000230293099B01931CAB220000935946A3
:1042100033002800FEF770FE0400FFF7DFFB1023D9
:104220000B9A9A430F92692800D091E10B99802351
:104230000A00DB001A4010000A00194203D01121C5
:1042400018008A430F920F9A802311009B00194097
:104250008C461A425BD1802311005B0019408946CD
:104260000D9904310B911A4200D0B2E013005B06A5
:1042700000D4EDE00D9B1B781A00D90F0D91002B97
:1042800000D1A3E0100014AA944642461F231592C1
:1042900052466344A846BA464D461494B1460400BB
:1042A0001F00169201E0202D0FD020000A21FDF7FB
:1042B00039FF01357E193031317020000A21FDF7B8
:1042C00031FF26000400092EEDD8159B4E46A94665
:1042D00045469846169B57469A46149C0F9B069354
:1042E00043460593534604930A2303930D9B02937D
:1042F0004B4601931CAB2200009359463300280023
:10430000FEF7FAFD0B9B04000D93FFF767FB0722F6
:104310000D9B07339343013294469C4462460D92B1
:104320000CCBD90F0B911100194300D19BE0D91789
:104330001391129151401091139959401191109875
:104340001199129A139B801A99411090119114AAF5
:1043500094464246002315925246994616923200E0
:104360001F336344A8464E46BA4614941F00109C5F
:10437000119D914601E0202E10D0200029000A2234
:104380000023FDF70DFF013630322B00BA550D002A
:1043900022000400002BEED1092AECD8159B1094C2
:1043A0001195454698464B46169AB14657461E000B
:1043B0009246149C0F9B06934346059353460493E1
:1043C0000A2303930B9B02934B461CE7002885D1DD
:1043D00059E70D9B1B68DA0F1100002B00D1A6E0F6
:1043E000DA179818504014AA91461F2342464B44AE
:1043F000A8460D94169704006546B1461F00149117
:10440000159201E0202D0FD020000A21FDF78AFE31
:1044100001357E193031317020000A21FDF782FE0E
:1044200026000400092EEDD8159BAC46454698465B
:10443000149B4E4619000D9C169F0F9B02910693EC
:1044400043460593534604930A230393634650E778
:1044500013001B066ED50D9B00229B5ED9175A18C0
:104460004A4092B209E7002399460028A2D10022CF
:104470000023109211936AE70D9B1B689946002B4D
:1044800003D110339843002938D16123820600D527
:104490004123DBB20A3B0D9343461693534614A9BE
:1044A0001F228C4617932B0062444D46B24615944A
:1044B00018978046170099460B9C0F9E08E03033F2
:1044C000DBB201343B55B5420ED3202C0CD0050095
:1044D00031002800FDF726FECBB20929EFD90D9A4D
:1044E00094466344DBB2ECE7169B40469846179B24
:1044F00056464D469A460B94189F159C4346059385
:10450000534604930F9B06900393002302930B9B47
:104510000BE50B9980230A00DB001A4010000A000B
:10452000194200D08BE610239A430F928BE60028A5
:1045300083D158E70D9B1B68D9175A184A409CE64F
:104540000D9B1B680993DCE4030001330F93A5E581
:104550000B926DE400B585B00391012102900093A8
:10456000034813004A4202A9FFF710FA05B000BD44
:104570005931001010B5094A0300146884B0002CAA
:1045800008D0012200910648524203A9A047012009
:1045900004B010BD00F05EFA0020F9E748230020C7
:1045A0004931001000BEFDE77047C046094A0300CC
:1045B0001068002805D00849C3188B4207D813603B
:1045C000704706480449C31810608B42F7D9012090
:1045D0004042F5E7441F002000000420A0230020F3
:1045E000030010B508001100002B05D1044B1A6818
:1045F0005B6800F039F910BD01204042FBE7C0467E
:10460000E87C00100300013B10B508001400012BEA
:1046100006D801230022210000F0A6F8200010BDDA
:1046200001204042FBE7C046012040427047C0469F
:10463000012040427047C04610B5FFF7B3FFC046A7
:1046400070B5FDF723FC074D074EB54209D2002493
:10465000013E761BB60808CD984723000134B342CB
:10466000F9D170BD947A0010987A0010030010B54B
:10467000080011001B68984710BDC046F0B5C6463B
:1046800000B5437D07000D001600002B38D0002A2E
:104690002EDD00216A1E90466A5C037D4C1C0020C2
:1046A0000A2A0CD0A64216D043461B5D21000D3BC2
:1046B0005A4253416A5CDBB24C1C0A2AF2D1002BED
:1046C000F0D1884217DB022110483B689847A64288
:1046D00007D02000E8E7864203DD311A3B6828183E
:1046E0009847AD19013D2B780D3B5A4253413B751C
:1046F00080BCB846F0BD091A3B6828189847E2E725
:104700000368110028009847F2E7C046307F001088
:10471000F8B50B680D005A1CCB180A601871802A76
:1047200000D0F8BD0E4B1C68002C15D00D4E0F1D8F
:1047300002E02469002C0FD02368002BF9D03368E5
:10474000002B01D0A342F4D1200039002A68FFF7E2
:1047500095FF2469002CEFD100232B60E1E7C046D0
:10476000341F0020401F0020F0B5DE4657464E465D
:104770004546E0B585B017001C0006000D00FDF7AA
:1047800039F90023314A12184B41802109068B4226
:1047900002D301222E4B52422E4908008A4603F0D2
:1047A000FBF801906B1C03D1300002F011FF0500F3
:1047B000002C26D0284B9846284B1C68002C15D07E
:1047C000002F21D1264F02E02469002C0ED023684F
:1047D000002BF9D03B68002B01D09C42F4D1200083
:1047E0002A003100C0472469002CF0D1019B002B26
:1047F00028D1280005B0F0BCBB46B246A946A04669
:10480000F0BD184B9846D7E7154B994602ABDF1D14
:104810000A239B4602E02469002CE7D02368002B82
:10482000F9D04B461B68002B01D0A342F3D12A00DC
:1048300031002000C0475B460122390020003B7058
:10484000C047E8E7504603F0F7F8D2E740420F00D0
:10485000FFFFFF7F081600207D460010341F002058
:10486000401F00206D460010F8B557464E4645469D
:10487000DE4698461A4BE0B59B461A4B07000E00E1
:1048800091469A46184D5B461C68002C03D115E0F2
:104890002469002C12D02B68002B01D0A342F7D141
:1048A000A368002BF4D03100380098470028EFDDD2
:1048B000F0BCBB46B246A946A046F8BD53465B6A6B
:1048C000984508D85246926A4A4502D3022040428F
:1048D000EEE79845FAD101200021FDF795F8D2E7DF
:1048E000341F002000400540401F00200A4A136882
:1048F000002B05D10CE01A001B691032002B07D0E9
:104900009842F8D1002902D1036913600161704710
:104910000029FCD01060FAE7341F002010B500F029
:10492000C9FA10BDF0B5CE464746040080B583B045
:10493000FDF760F826000027802336184F411B063C
:104940009F4202D30126194F7642194BB946984629
:10495000184D43461C68002C03D116E02469002C36
:1049600013D02B68002B01D09C42F7D1A368002BF9
:10497000F4D0012101A898470028EFDD6B46187993
:1049800003B0C0BCB946B046F0BD0B4B5A6A914566
:1049900007D89B6AB34202D302204042F0E7914518
:1049A000FAD101200021FDF72FF8D2E7FFFFFF7FAA
:1049B000341F0020401F002000400540F0B5CE46C7
:1049C000474680B583B06B460600DD1D2870FDF7B5
:1049D00011F800231A4A12184B41802109068B4214
:1049E00002D30122174B524217490800884602F0B1
:1049F000D3FF164B81461C68002C14D0144F02E0E4
:104A00002469002C0FD02368002BF9D03B68002BC1
:104A100001D09C42F4D1200001222900FFF72EFE94
:104A20002469002CEFD14B46002B05D1300003B098
:104A3000C0BCB946B046F0BD404602F0FDFFF5E708
:104A400040420F00FFFFFF7F08160020341F0020A8
:104A5000401F002070B5040002F0BAFD01230100E0
:104A6000050001222000FFF77FFE084B1C68002C88
:104A700006D06368002B05D098472469002CF8D134
:104A8000280070BD2469002CF3D1F9E7341F002001
:104A9000F0B5CE46474680B5A3B004000D00FCF744
:104AA000A9FF0023294A12184B41802109068B4295
:104AB00002D30122264B5242264F380002F06CFFEF
:104AC00000230600019322002B00234801A9FFF7D1
:104AD00041FD019B8046002B14D1204B1C68002C0B
:104AE00006D06368002B0BD098472469002CF8D1BE
:104AF000002E25D1404623B0C0BCB946B046F0BD1B
:104B00002469ECE7154B1D689946002D1CD0144C08
:104B100002E02D69002D0FD02B68002BF9D02368FF
:104B2000002B01D0AB42F4D12800019A02A9FFF773
:104B3000A5FD2D69002DEFD14B4601951C68CEE7F0
:104B4000380002F079FFD5E70195D1E740420F0028
:104B5000FFFFFF7F0816002011470010341F0020C0
:104B6000401F00200FB400B583B004A901C9019112
:104B7000FFF78EFF03B008BC04B01847024B186063
:104B8000024B19607047C046D41E0020D81E00207A
:104B900010B5024B1878FCF7EBF810BD9B230020F2
:104BA000154B70B51A68002A22D0EFF3108172B647
:104BB00010680028FCD0BFF35F8F00200F4A5960B7
:104BC00010701B68BFF35F8F186081F3108800249A
:104BD00000250B4E3078FCF7BFF8002804D10024E4
:104BE00000252900200070BD3078FCF7C1F8F8E7F7
:104BF000FA240025A400ECE7542300209C23002085
:104C00009B23002070B5040000200E0001F078FB0B
:104C1000002836D0002001F089FB002831D0FCF7B5
:104C2000E9FE0023184A12184B41802109068B42E5
:104C300016D2164D280002F0AFFE002821D0002029
:104C400001F05EFB00280FD101200021404200F05E
:104C50007FFD03246442280002F0EEFE200070BDB8
:104C600001220B4B5242E4E7002001F05FFB0028D9
:104C7000EAD021003200002001F062FB041EEAD1DC
:104C8000E7E703246442E9E740420F007C23002069
:104C9000FFFFFF7F10B5FCF7ADFE00230E4A121890
:104CA0004B41802109068B4202D301220B4B524219
:104CB0000B4C200002F070FE00280CD001200021D7
:104CC000404200F045FD002001F084FB0028F5D1B2
:104CD000200002F0B1FE10BD40420F00FFFFFF7F39
:104CE0007C230020F8B5DE46574680B505000C0051
:104CF000FCF780FE0023374A12184B418021090639
:104D00008B4202D30122344B5242344908008A4676
:104D100002F042FE002803D1C0BCBB46B246F8BD3B
:104D2000002001F0EDFA00284AD00026002C43DDD7
:104D30002B4B9B4614E0A919002001F085FB0700CE
:104D400001200021404200F003FD002001F042FB61
:104D5000FCF750FE224BF61918605960B4422BDD67
:104D6000002001F091FBA71B0200B84200DD3A00D1
:104D7000002AE0D101200021404200F0E9FC00209F
:104D800001F028FB002001F0BBFA002814D000201D
:104D900001F07AFB0028E1D1FCF72CFE5B460F0006
:104DA0001A685B68002184460E4812184B419F42E6
:104DB00002D8D3D19445D1D9504602F03DFEABE79D
:104DC00000200021064B18605960504602F034FE66
:104DD000A2E7C04640420F00FFFFFF7F7C23002078
:104DE0009017002020A1070030B52B4C85B0002182
:104DF000200002F0C9FD00281CD1284B1A68002AA7
:104E000016D0EFF3108172B610680028FCD0BFF303
:104E10005F8F01242248596002781B68D2B2047067
:104E2000BFF35F8F0020186081F31088002A17D02D
:104E300005B030BD01200021404200F089FC002077
:104E400001F074FA0500200002F0F6FD002DEFD00D
:104E5000144B1B68002BEBD0134A10689847E7E708
:104E6000FCF78CFB0400FCF7C5FDFA22002392003E
:104E700012184B41802109068B4202D301220B4BB1
:104E80005242012102910021019109492000009123
:104E9000FCF778FBCCE7C0467C230020542300209D
:104EA0009C230020D41E0020D81E0020FFFFFF7F7F
:104EB000A14B0010D02310B51B0684B01C68FCF772
:104EC0005DFBFCF75BFCA04202D0002004B010BDEB
:104ED0002A4B002100201B7801F0A0FC2848036821
:104EE000002B47D00120FCF7D9F8FF23254C264999
:104EF00020701840FBF756FF20780121FBF71AFFBE
:104F00000520FBF73DFF002826D1082200211F487D
:104F1000FDF78EFFFCF732FB0400FCF76BFDFA2275
:104F20000023920012184B41802109068B4202D3C4
:104F30000122174B52420121029100210191154992
:104F400020000091FCF71EFB0028BEDB1248012167
:104F5000FFF7CCFC0120B9E70120FBF7B9FE0B4BB2
:104F600001001800FCF7FCF8002205200B49FBF7B4
:104F700043FFEBE7FCF7D8F8B4E7C0469081001098
:104F80007C2300209B230020E94D001054230020A7
:104F9000FFFFFF7FA14B001070100020914B00100D
:104FA00000487047AC7F001000487047587F0010E1
:104FB00010B5040017480378002B20D0002C06D130
:104FC000154B16484380063BFF3B038010BD052C64
:104FD00019D8134BA400E05812490123013804E00A
:104FE00001330A800231142B0FD0C25C002AF7D1A2
:104FF000C022DBB25B00920008481343E5E71121B1
:1050000000F01AF8DAE70020E0E7CA2303489B0023
:10501000DBE7C04684230020090400000C1F0020A9
:10502000407F00100E1F002010B5024800F0D8F895
:1050300010BDC0466C23002030B54B1E012900D1A5
:10504000A7E0664A11780D092C0030349F2900D959
:10505000A2E00470012B00D1BEE00F2114782140A2
:105060000C003034092900D998E04470022B00D19B
:10507000B2E054782509290030319F2C00D990E006
:105080008170032B00D1A7E00F2121400C003034A8
:10509000092900D987E0C470042B00D19CE09478E2
:1050A0002509290030319F2C00D97FE00171052BA3
:1050B00000D191E00F2121400C003034092900D9A2
:1050C00076E04471062B00D186E0D47825092900CA
:1050D00030319F2C00D96EE08171072B00D17BE02D
:1050E0000F2121400C003034092966D8C471082BE7
:1050F00000D171E014792509290030319F2C5FD847
:105100000172092B68D00F2121400C00303409298D
:1051100058D844720A2B5FD05479250929003031C0
:105120009F2C52D881720B2B56D00F2121400C009E
:10513000303409294BD8C4720C2B4DD094792509F1
:10514000290030319F2C00D9073101730D2B43D03A
:105150000F2121400C003034092901D937310C00CE
:1051600044730E2B38D0D1790C09220030329F299C
:1051700000D9073282730F2B2ED00F220A40110064
:105180003731092A01D830321100C173102B23D0D6
:1051900010300023037030BD07345AE737310C005C
:1051A00063E707316CE737310C0074E707317DE7BF
:1051B00037310C0085E707318EE737310C0095E772
:1051C00007319DE737310C00A3E70731AAE73731F4
:1051D0000C00C4720C2BB1D1C018DAE76C2300208C
:1051E00010B588B004000D2200216846FDF720FEAE
:1051F0000D22002104A8FDF71BFE6A464B236846DA
:10520000137004A900230D2202F00EFC15210822C0
:1052100020006944FDF712FE08B010BD7047C0467B
:105220000022014B1A7070479A2300204B7900200E
:10523000FF2B0BD18B79002B08D1CB79012B05D11A
:10524000082A03D9024B8A7809301A707047C04681
:105250009A2300200120704710B5012901D00120B8
:1052600010BD14495379107909781B0203430020BB
:105270009942F5D15378012B08D0022BF0D10020B0
:1052800064220021FCF74AFD0120E9E7D1789078FB
:105290000902014380200A0040000240014206D07A
:1052A000CA091A40480A03231940FCF7BFFD012030
:1052B0004042F8E79A2300200048704768800010B9
:1052C00070B5050014000120012909D15378002090
:1052D000012B05D1637912791B021343072B00D0F0
:1052E00070BD21002800024A9F3300F0E9FEF7E775
:1052F000C07F001001230370004870478C800010AD
:105300004B780A781B0213438A7810B512041A43AB
:10531000CB781B0613439622D200934200D010BDD7
:105320000022012011004042FCF780FDF8B500F09A
:1053300035F90C23194DFF22AB6705201849FBF7FF
:105340005BFD184C402200212000FDF771FD402735
:10535000002301262121144A66702783A26013606E
:1053600063545F31618445396354104A1049636066
:10537000E2602787A1620B606362E26202F024FBB5
:1053800080239B052E64EB6490230A4A0120EA5097
:105390008022094B5202DA64F8BDC0460000115069
:1053A00099040020481F0020840010500001105074
:1053B0008000105010D001000020115010B50121C4
:1053C0000520FBF7B7FC10BD10B5002200210248F4
:1053D00000F004F910BDC046681F0020044B19708E
:1053E000002904D080219023024A8902D1507047BD
:1053F00096230020002011500B785B0602D14B78D9
:10540000052B00D070478A78014B1A60FAE7C04636
:1054100000001150F0B5C646CB7800B59B079C0F35
:105420002000012C56D08D780A794B797F211B0200
:105430002940EE0913434A0094462C4F9219520119
:10544000BA18957001257540557000255B055B0DF8
:10545000D5701383D476CA00012E2BD0244CA046DD
:105460008C0142443C19A260156000292BD0214ACE
:10547000C9009046414461603F223F339343022874
:1054800030D032001C4C624421685201BF181B4AC4
:10549000CB18F9602360934226D8194A83064A4004
:1054A00013438022120613437A681360012080BCE4
:1054B000B846F0BD134CA0468C0142443C19A26290
:1054C0001560002908D100237601BE1973600E4BC8
:1054D000F360EBE70020EAE7094AC900904641443F
:1054E0006162C9E75B00CCE7FCF7CAFC481F0020FB
:1054F000840010500400105050230020FF0F105063
:1055000000001050800010500001105010B502F043
:105510005BFA10BD10B57F200C0020404000E4096C
:10552000110000191A00034B4001C01800F056F892
:10553000012010BD481F00207F23180010B508402F
:10554000CA090B4203D107497D3B9B1A8B66400079
:1055500080188022044B40010021C018120102F083
:105560005BFA10BD00201150481F00207F2213005D
:1055700010B50B400A4200D110BDC9095B005B1891
:1055800004485B01C018002300220349C37002F0E5
:1055900043FAF1E7481F0020FFF7FFFF80220A4B84
:1055A000520410B51A60094B09491A6010000B68C3
:1055B0009843FBD18022002152010648FDF738FCB8
:1055C0000922054B5A6710BD00E0004000F0004082
:1055D00008C000400000105000001150002310B51A
:1055E000C3820133828283760161040002F0DCF918
:1055F000002804D080219023074A8902D15020003E
:1056000002F002FA002802D00123237710BD200007
:1056100002F01AFAFAE7C046002011507047C0465F
:105620007047C04600207047002070477047C04652
:105630007047C0467047C0467047C046024B587816
:10564000431E9841C0B27047B81C0020024B187826
:105650004007C00F7047C046B81C0020F0B5D646C2
:105660004F464646C0B52F4B07009A461B780E00A2
:10567000FF2B01D0012041E000293ED0002154221F
:105680002948FDF7D5FB0022284C294B20001A7031
:10569000FBF74AFD274B1C60274C2000143CFBF70E
:1056A00051FD200001F0B6FB244B254D1C60254B1D
:1056B000002B28D02800FFF71DFE234B18602B7805
:1056C000224A00249146204A90460EE043461B6839
:1056D00062019B18002B10D05B68002B0DD09847FF
:1056E00001342B78E4B2A3420FD3A342EED8E31ADD
:1056F0005B014B445B68002BF1D10020E0BCBA4653
:10570000B146A846F0BD2B78DAE7534631003800A1
:105710001F70FFF70BFE0028EFD03800FFF74EFE9A
:105720000120EBE7A4100020B81C0020B01C0020D2
:10573000972300200C1D00209C100020101D00202D
:1057400095230020F5520010081B00205481001002
:10575000F0B5DE4657464E464546E0B5C94B91B0DA
:1057600003931B78FF2B00D145E1C74BC74E9B46E7
:105770005F46C74B0DAC0293C64B019335686A690F
:10578000EFF3108172B61368002BFCD0BFF35F8F6C
:10579000A9612800210001F06BF96A69AB69BFF3C8
:1057A0005F8F0021116083F31088002800D122E16F
:1057B0006378082BE2D89B00FB589F466368002B58
:1057C000DCD0A0689847D9E77F222179B04D0A4004
:1057D0005300EB189846C8098044404601233030F6
:1057E00005799D430571057903339D430571002AB1
:1057F00000D107E14346A84A1B7D1278934200D3AB
:10580000F7E0A64A5B011568ED18002D00D1F2E023
:10581000A36862792078AD69A847AFE7A04A1378FA
:10582000002B00D1E7E01378013BDBB21370137853
:10583000002BA3D10122964D01212B780420134384
:105840002B703423EA5C8A43EA54EA5C8243EA54CC
:105850000133EA5C8A43EA54EA5C8243EA542378DF
:1058600000209B4600F08CFC602223791A40602ABD
:1058700000D1F2E0402A00D1F8E0DB06DB0E012B7C
:1058800000D115E1022B00D1CBE0002B00D0E4E0E9
:10589000202A00D10FE2002A00D0DEE06379092B34
:1058A00000D9DAE07F4A9B00D3589F46784D2B7889
:1058B000DB0700D462E7FFF7BFFE5FE7029BDB7800
:1058C000DB0700D45AE76068FFF7AAFE56E7704D81
:1058D0002B78DB0700D451E728780007C00FFFF7CB
:1058E000A9FE4BE723786B4A994693466A4B6B4A6D
:1058F000984692463A00002547461B78B0464E46E9
:1059000091460EE053461B686A019B18002B00D19C
:105910007EE0DB683000984701353B78EDB2AB4262
:105920000CD3AB42EED8EB1A5B015B44DB68300072
:10593000984701353B78EDB2AB42F2D2544D542238
:1059400000212800FDF774FA1022FF21281DFDF721
:105950006FFA28002022FF21143046464F46FDF7FB
:1059600067FA00F003FC2379AB7007E723784B4A12
:105970009946494B924698463200BB464E46002512
:10598000474691461B780DE053461B686A019B18F9
:10599000002B41D0DB683000984701353B78EDB2F1
:1059A000AB420ED39D42EFD3019AEB1A94465B01B2
:1059B0006344DB683000984701353B78EDB2AB4279
:1059C000F0D2029D542200212800FDF731FA102266
:1059D000FF213548FDF72CFA28002022FF21143042
:1059E0004E465F46FDF724FA00F0C0FBFFF720FEAD
:1059F000C4E6934213D011B0F0BCBB46B246A946F0
:105A0000A046F0BDA3686279207800F0CDFBB5E632
:105A100046464F461E4DA4E74E465F46E4E71D4D01
:105A2000F6E67023217A0B4217D1C80982460F335C
:105A30000B405B0098461848EB1853441B7D0078D8
:105A4000834260D215485B01006881469944002A70
:105A500000D14FE14B46002B5DD120780021FFF7AC
:105A60006BFD80212078FFF767FD87E60F4800F087
:105A700087FB012158460EAAFFF722FC002800D020
:105A80007CE6EAE7A4100020AC800010101D002086
:105A9000B81C00205481001095230020081B002012
:105AA00097230020D0800010BC1C0020C1520010A1
:105AB000237A0F2BD1D8D64AEB181B791278934250
:105AC00034D3CAD1D34D686900F05AFB012158463E
:105AD0006B690EAA9847002800D04FE66022150097
:105AE00023791D401A42B8D163790A3B012BB4D8FF
:105AF00000F046FB63790A2B00D17FE158460EA9DE
:105B000000F0C8FA3AE6834200D0EEE0C14B994675
:105B1000002A00D1EEE04B46586900F031FB4B46BD
:105B2000012158465B690EAA9847A7E7BA4A5B016C
:105B30001568ED18002DC6D18FE7A37999466B78CB
:105B40009945DBD06B78002B00D02AE14B466B7077
:105B5000002B00D122E148460138C0B2FFF724FAF9
:105B6000002800D174E143780793022B00D06FE145
:105B70000122C179B1468B11491113400A403021ED
:105B800012015B0113432A78A8468A4313432B7002
:105B900009239A4682445646BA46C37882781B0245
:105BA0001343C31805939A4B04939A4B08939A4B4B
:105BB00009939A4B0A93059BB34200D84BE1737843
:105BC00001220B2B03D13378F278F6187378042B6B
:105BD00000D03AE1059B00279B1B9BB20693049BD8
:105BE0000B921D7819E0099A7B011568ED18002DBC
:105BF00000D12AE1310058462B69069A984784461D
:105C0000082803D9069A824200D30BE1049B01378E
:105C10001D78FFB2BD4200D217E1AF42E3D3089B2B
:105C20007D1B9C466D016544E4E76B780CAA02324B
:105C30001370584601230EA900F042FA9EE5E3884E
:105C40001A0AD8B20F2A00D907E775499300CB5832
:105C50009F460EA800F09AFA5846A179FFF7B4FBC8
:105C600002222B7813432B7088E5E388012B00D0A8
:105C7000F3E608222B78584693430EA92B7000F0C8
:105C800009FA7BE5022029780CAB9A1C8B0689085F
:105C9000DB0F01400B431380584602230EA900F08E
:105CA0000FFA6BE5E388012B00D0D6E608222B78AB
:105CB00013432B7022E7237A0F2B00D9CDE6544AE9
:105CC000EB181B791278934228D2534A5B0115686E
:105CD000ED18002D00D1C0E6686900F051FA0121ED
:105CE00058466B690EAA9847C8E6002A00D0B4E669
:105CF0000023994662790220130004928343012B0A
:105D000011D0002A00D0A8E62B004344534430337E
:105D10001B790CAA9B07DB0F0232BCE7934200D031
:105D20009BE63C4DD8E7E388002B12D1039B187803
:105D3000049B012B23D0FFF7FFFB43460221EB1806
:105D4000534430331A790A4301211A711A790A43EC
:105D50001A714B46002B00D110E5586900F010FA7B
:105D60004B4601215B690EAA58469847002000F077
:105D700007FA3523EB5CDB0700D5FFE4BEE6FFF74F
:105D8000F5FB43460221EB18534430331A798A431A
:105D90001A711A7904998A431A71DAE7FFF748FCF5
:105DA000ACE600215846FFF719FB5846FFF7AEFB5B
:105DB00000229246174AAB780592174A049306923E
:105DC0002A00134B5546984692461B780EE0069BD8
:105DD0006A011B689B18002B56D0DB685846984711
:105DE000434601351B78EDB2AB4239D3AB42EED816
:105DF000059AEB1A94465B016344EEE70CAB9A1CE0
:105E0000584601230EA9157000F05AF9B6E4C046B1
:105E10009523002054810010081B0020CC1C00207A
:105E2000F88000100B9A012A4DD0002A3CD00023A4
:105E3000B07804E00133DBB20F71934234D2C11861
:105E4000C9B241440D79FF2DF4D04E464546574620
:105E500000236B7001E64E465746FFF7E7FB4DE621
:105E60005546542200212800FCF7E2FF1022FF21B2
:105E7000281DFCF7DDFF28002022FF211430FCF74D
:105E8000D7FF049BAB7061E65546FAE7FFF714FABB
:105E9000021E00D1E1E5D37891781B020B435846EE
:105EA0000EA900F00DF9E9E565463B0031002A0036
:105EB0000A9800F059FDAC46049B66441B78BB422F
:105EC00000D378E6C1E7174B29699942AFD1079A09
:105ED000ADE7FFF7A7FB021E00D1BEE558461378D9
:105EE0000EA900F0EDF8C9E52189FFF761F8021E5F
:105EF000F4D1B2E5022A0FD0FFF796FB021ECAD1F9
:105F0000ABE5FFF74DF8021E00D1A6E51223584677
:105F10000EA900F0D5F8B1E5FFF746F8021EBAD198
:105F20009BE5C0468D650010F8B557464E46DE46E7
:105F300045460C00E0B516001F00002A3CD01F4B60
:105F400000259A46702399461D4B9B4617E05B46F9
:105F50002000997800F0CAFC00281FD0210040469C
:105F6000FFF758FA002819D0A378DA09012A1CD0C3
:105F70000A9A013513702378E418B5421CDA637865
:105F8000052B0BD1E3789B079B0FBB4206D15346F1
:105F90004A461B789846A3781A42D8D00020F0BC15
:105FA000BB46B246A946A046F8BD0B9A0135137010
:105FB0002378E418B542E2DB0120F0E7A4100020CA
:105FC000B81C0020702270B5094B0C001D788B782E
:105FD0001A4201D0002070BD064B2000997800F0D5
:105FE00085FC0028F6D021002800FFF713FAF2E71D
:105FF000A4100020B81C00200B007F2010B5184012
:10600000DB0934334000044AC018044B1168C0183F
:1060100000F028FC10BDC0460C1D0020B81C00205C
:106020000B007F2010B51840DB0934334000044AD0
:10603000C018044B1168C01800F03CFC10BDC046ED
:106040000C1D0020B81C002070B57F240F480C40A8
:1060500064000419CD09641930342079C00701D5D2
:10606000002070BD01262579094835430078257147
:10607000FFF750FA0028F4D10122237993432371CA
:106080002379033293432371EAE7C046B81C00200A
:10609000A410002070B5094C0600082220000D0055
:1060A000FCF7CCFE00238021E360A3602B78300056
:1060B000994300220023FFF7C7FF70BD981C002002
:1060C000F8B5CE4647469046264E80B58146082212
:1060D00030000D001F00FCF7B1FE4346B360002303
:1060E000F381EC79AB7924021C43231CBC4200D918
:1060F0003B1C9FB2B381002C0ED0002F18D043461A
:10610000002B2CD03B1C402F1BD89FB233787F2B09
:106110001CD80021144A0FE080212B7800229943DB
:1061200048460023FFF790FFC0BCB946B046F8BD13
:106130007F230022317899433B004846FFF784FFD4
:10614000F2E740239FB233787F2BE2D9064C3A0026
:1061500041462000FCF772FE80212200ECE700207F
:10616000E2E7C046981C0020581C002010B51422FD
:1061700000210248FCF75CFE10BDC046981C0020C0
:10618000014B18617047C046981C002010B5054CA3
:10619000010008222000FCF751FE0023A360E36009
:1061A00010BDC046981C002070B5384C1D002378E7
:1061B0000600DA09C9098A4210D00020002D00D05B
:1061C00070BD21003000FFF717F92369002B03D0C1
:1061D00022000321300098470120F1E7A0687F2BBF
:1061E00005D8002834D02A002949FCF727FEE28987
:1061F000A1685219E38892B24919E281A1609342E1
:1062000014D03F2D12D9A389981A051C80B24028BA
:106210002AD82078ADB27F2828D800219A4232D0DF
:106220001B4A2B003000FFF70FFFC9E72369002B43
:1062300005D0220002213000984700280AD0802192
:1062400023780022994330000023FFF7FDFEB7E7D3
:106250000020B5E700213000FFF76EF93000802103
:10626000FFF76AF90120ABE74025D2E79A4207D051
:10627000074C2A002000FCF7E1FD80212200D0E736
:1062800080210022CDE70022CBE7C046981C0020E9
:10629000581C002070B50500FFF7D0F9002800D188
:1062A00070BDFFF7D3F90028FAD1C8236B43124C15
:1062B000E618F1780029F3D010331C19200000F003
:1062C000C1FB3F28ECD90020F178FFF795FE0028AC
:1062D000E6D0200000F0B6FB3F2808D9074BEA01C2
:1062E000D218F17840230020FFF7AEFED8E7F1780E
:1062F0000020FFF795FED3E7901B00200C1B002029
:1063000010B50400FFF79AF9002801D1002010BD54
:10631000FFF79CF90028F9D1C8226243024B0130F3
:106320009B181B791840F2E7901B0020C82310B57A
:1063300043430248181800F067FB10BDA01B002063
:10634000F0B5C824C646802344431F4F10340500CF
:1063500000B53C195B029A4200D31C4A200092B25D
:1063600000F0D4FB8046FFF769F9002803D14046CE
:1063700080BCB846F0BDFFF769F90028F7D1C82600
:106380006E43BE19F378002BF1D0200000F05AFBC9
:106390003F28ECD90020F178FFF72EFE0028E6D048
:1063A000200000F04FFB3F2808D9094BEA01D21822
:1063B000F17840230020FFF747FED8E7F17800206E
:1063C000FFF72EFED3E7C046901B0020FFFF000022
:1063D0000C1B0020F8B50600FFF730F9002801D1AA
:1063E0000020F8BDFFF732F90028F9D1C824744322
:1063F0002500134F2435ED19280000F005FB002877
:10640000EED03F190020B978FFF7F6FD0028E7D05D
:106410000C4BF401E41821002800402200F076FB28
:10642000B978051E08D0030022000020FFF70CFEFB
:106430000028D5D02800D4E70020FFF7F1FDCFE7F2
:10644000901B00204C1B002070B5C82444430C4B0B
:106450000500E41880235B029A4200D3094A200019
:1064600092B200F01BFC0600200000F0CDFA3F289D
:1064700001D8300070BD2800FFF7ACFFF9E7C04637
:10648000B41B0020FFFF0000C82310B5434302489F
:10649000181800F0D7FA10BDB41B0020F0B5002585
:1064A000184C83B0C82200212000FCF7C1FC164B19
:1064B00021001D70FF236371E1235B02A3602000B4
:1064C00008234022A37338310095073B103000F0B9
:1064D00065FA2700012321002000260040227831A0
:1064E0000093B837243000F059FAC0363800FAF774
:1064F0001BFE3000FAF718FEE5612762266365632C
:1065000003B0F0BD901B00208C1B00200B4B196BBF
:1065100000290AD01A6A002A0DD000221A621A63D2
:10652000DA6100225A63012070471A6A002AFAD001
:10653000D9611962F7E71A63F3E7C046901B0020A0
:1065400070B50F4C052200212000FCF771FC0D4DA9
:106550002B78DA0707D50C4C9B070CD501212000BE
:1065600000F078FC70BD2000103000F053FC2B7858
:10657000054C9B07F2D4200000F04CFCEEE7C0462F
:10658000901B00208C1B0020B41B0020F0B54B7921
:10659000060083B0022B02D18B79022B03D0002599
:1065A000280003B0F0BD214FBB78002BF7D18B78CA
:1065B00009253B700C780C196378242B0BD1082A21
:1065C00002D80FE0AA420DD32378E4185D1963784E
:1065D000ADB2242BF6D0052B08D0042B02D1637961
:1065E0000A2B11D00020FFF755FED9E7210030001B
:1065F000FFF7E8FC0028D2D0A3787B7023785D19E0
:10660000E4186378ADB2E8E7094B277801930133CA
:106610000093022202233000E119FFF785FC0028D5
:10662000BDD00E35ED19ADB2DCE7C046901B0020A1
:10663000921B0020F8B56023140012780500134067
:106640000020202B07D1304A6379277916781B0266
:106650003B439E4200D0F8BD6378222B1AD007D866
:10666000202B34D0212BF6D101293ED00120F2E796
:10667000232BF0D1012940D00329F7D1234B002B44
:10668000F4D0E178A37809020020194300E000BFAC
:106690000120E0E7012930D00329E7D101252E00B0
:1066A000A378E478023924021C4314712640243272
:1066B0001000714000F0CEFB154B002BD6D06208C5
:1066C000002031002A4000E000BF0120C3E701297B
:1066D0000BD00329CAD10F4B002BC7D008320020A2
:1066E0001100FEF70DFE0120B5E707232100280069
:1066F000094AFFF7E5FC0120ADE721002800FFF77C
:10670000C9FC0120A7E7C046901B00200000000044
:106710000000000001530010981B0020F0B54F4608
:106720004646D646364DC0B5EA781F0080460C0076
:10673000AB788A423BD08B4210D00020E0BCBA46F6
:10674000B146A846F0BD2F4B002B04D02E4800F0D8
:1067500071F9002851D00020FFF79CFDAB78A342CF
:1067600001D00120EAE7294B002B02D0002000E0F5
:1067700000BF0020FFF72EFE0028F2D1244C20009D
:1067800000F042F90028ECD1002FEAD0BF06E8D192
:10679000243C4046A178FFF72FFC0028E1D00023DD
:1067A00000224046A178FFF74FFC0120C6E71023E6
:1067B0009A46184EAA4431005046BAB200F06EFA1A
:1067C000154B002BBFD06B79FF2BBCD0002FBAD05C
:1067D000F219914603E00136B145B4D06B793278B5
:1067E0009A42F8D1504600F025F90028F3D15346DB
:1067F000103B597900E000BFEDE700E000BFAAE7D9
:10680000901B002000000000A01B002000000000E2
:10681000B41B00200C1B00200000000000B503008A
:1068200083B0002910D00020012B07D80A78002A55
:1068300004D00B48C2540120012A01D003B000BD8E
:106840001800FEF70BFFF9E7012301A900200B80D8
:10685000FEF704FF0028F1D00122014B1A70EDE78A
:10686000AC1C0020037870B5DB0704000E00DD0FC0
:10687000002B17D103785B0701D5280070BD0121DB
:106880003000494201F098F82378DB07DD0F002B38
:106890000AD123785B0708D4042223780125134307
:1068A000237002E00025E8E70025300001F0C4F87D
:1068B000E3E7C04670B50C00012106004942200004
:1068C00001F07AF833785B07DD0F002B04DB200042
:1068D00001F0B2F8280070BD3378DB0704D404223D
:1068E000337893433370F2E70025F0E74379027978
:1068F0001B021343C2785B0592075B0D920F022ABD
:106900001DD0032A0CD00020012A08D102394A42A6
:106910005141124A9446614499424041C0B2704785
:1069200002394A1E91410E4A494211408022D2004A
:1069300094460020614499424041C0B2EFE70229E9
:1069400005D0002040229A424041C0B2E7E7054A04
:10695000981843425841C0B2E1E7C046FF03000027
:1069600040FCFFFF00FEFFFF8A1870B5914207D27E
:106970007F264C78052C04D00C7809198A42F8D867
:1069800070BD34008D782C4064000419ED09635506
:106990000C7809198A42ECD8F2E7C046F0B5C64631
:1069A00000B5040006A805788020884617001E0060
:1069B0000002824226D8E068002803D00121494223
:1069C00000F0FAFF2069002803D00121494200F0BD
:1069D000F3FF4346236073045B0CED031D43002368
:1069E000E0686381A780E5802381002801D001F061
:1069F00023F82069002801D001F01EF8012080BC96
:106A0000B846F0BD0020FAE710B5048941898288B4
:106A1000A3B288B28C4207D31B1A9BB2101C9A42B5
:106A200000D9181C80B210BD5100091A5B189BB226
:106A3000F4E7C04603894089181A43425841C0B25E
:106A40007047C04610B5048941898288A3B288B2D4
:106A50008C4207D31B1A9BB200209A4201D9D21A4A
:106A600090B210BD5100091A5B189BB2F4E7C04602
:106A700070B5040000690E00002803D001214942CE
:106A800000F09AFF25896089A288A9B283B2854265
:106A90002CD3CD1AADB2002D2ED0AA4208D29142ED
:106AA00030D3891A8BB263819A4203D89B1A9BB266
:106AB0009A42FBD9E28821685204520C53433000B9
:106AC000C918FCF7BBF963890125591C89B2A28852
:106AD0008B4213D900215200891A89B22069618141
:106AE000002801D000F0A8FF280070BD5500ED1A65
:106AF0004D19ADB2002DD0D1618989B252009142B9
:106B0000ECDBE9E789188BB26381CDE7F0B5464647
:106B10004F46D646C0B50600006989469046002813
:106B200003D00121494200F047FF31897289B588BD
:106B30008BB294B2914254D31F1BBFB2002F4AD0E4
:106B4000BD4205D2AB4251D25B199CB22F00748179
:106B50004346B8453DD89FB2A54203D8641BA4B2B2
:106B6000A542FBD9F28831685204520C9046624328
:106B70002B1B9BB2891842469F4225D953439BB297
:106B80001A0048469A46FCF759F9434648467D1B89
:106B900064195C4331685044A2B2FCF74FF9718923
:106BA000B588CB199BB26A00994216D99B1A9BB241
:106BB00030697381002801D000F03EFF3800E0BC4E
:106BC000BA46B146A846F0BD48467A43FCF736F9C6
:106BD000E5E73B1CBFE773899BB26A009342E7DBA2
:106BE000E4E76F003F1BDF19BFB2A7E75B1B9CB256
:106BF000ACE7C046F8B50400C0680E00002803D01A
:106C00000121494200F0D8FE258920896189A288A6
:106C1000ADB283B28FB2884229D3DB1B9BB29A42BA
:106C200009D8E779FF0906D1E068002801D000F013
:106C300003FF3800F8BD95421ED32B009B1A9BB270
:106C40009342FBD2E28820685204520C5343310035
:106C5000C018FCF7F3F86B1C9BB2A2889D4218D9B0
:106C6000002352009B1A9BB201272381DCE75100CD
:106C7000C91B5B189BB2D2E72B00E2882068520444
:106C8000520C53433100C018FCF7D8F80135A288E4
:106C9000ABB252009342E7DBE4E7C046F0B557469B
:106CA0004546DE464E46E0B5140005000F0083B0B1
:106CB000002A75D0C068002803D00121494200F0A5
:106CC0007BFE2E89E9796A89AB88B6B292B2C9098E
:106CD00045D1964200D36DE059008A1AB21892B29B
:106CE000002189469A4234D29A1A111C92B2A242C9
:106CF00000D9211C8AB29146EA885204520C90466F
:106D00004A46B21892B292464A46D21A92B2934674
:106D100034009E4203D3E41AA4B29C42FBD2424602
:106D2000624328681B1B9BB2801842464B4554D3D4
:106D30004B4639005A43FCF781F8AB885B00564557
:106D400001D89A4503DB5246D31A9BB29A46534662
:106D50002B81E868002825D000F06EFE22E0E9884B
:106D60004904490C88469C4227D2964247D3B11A1F
:106D700089B28C465800E11A89B28B4661460919DE
:106D8000814208DBD11889B20E1BB6B28A46B242E4
:106D90003BD9361AB6B2A21992B29246A146B7E7CB
:106DA00000239946484603B0F0BCBB46B246A9460C
:106DB000A046F0BDB21A92B292E700218946002B9C
:106DC000C7D04146E41A4C431600D118002289B2BC
:106DD0008A46994693463F199AE753439BB21A0055
:106DE00039005C440193FCF729F8414622004A43EC
:106DF000019B286892B2F918FCF720F89DE758002B
:106E0000811A711889B28C46B5E7A146B04200DDFF
:106E10007EE7BEE710B50400C068002803D001215A
:106E2000494200F0C9FD2069002803D001214942F0
:106E300000F0C2FD0023E06863812381002801D0B7
:106E400000F0FAFD2069002801D000F0F5FD0120D6
:106E500010BDC04670B50400C0680D00002803D006
:106E60000121494200F0A8FD2069002803D001213A
:106E7000494200F0A1FD7F21E379ED011940E0686E
:106E80002943E171002801D000F0D6FD20690028D7
:106E900001D000F0D1FD012070BDC046494A030079
:106EA000944663445A1E93418022F0B54E46DE4616
:106EB0005746454692029446E0B55B421B0C424A57
:106EC0001B0485B0634402901360404A0E004049A1
:106ED000136018000A689043FBD10620FAF7C6FE3B
:106EE0000223029904008C464A6801901A400392DA
:106EF0000A1D9046374AF10D6244914613607002B4
:106F000000295AD1A04258D8802464000227A24602
:106F1000B446B30DB20204E0019E96420AD32200A9
:106F20002B000237574505D004000D00A4185D4121
:106F3000002BF1D06646019B80259A46B3463C0261
:106F4000E41B6D002E00013D002D38D0210050467D
:106F5000FBF7E8F8E41B8345F4D2310079432D02B6
:106F6000029CFF228026A4462761236812026B4000
:106F700076016644134033608023039A9B014344A7
:106F80001A604D460222072760682A602568104073
:106F90006F40CF253D40356018600F488446032080
:106FA0006444206001981A60FBF7BCF805B0F0BC9F
:106FB000BB46B246A946A046F0BD0227BBE7390052
:106FC000CEE7C0460000FCBF00E0004000F00040FB
:106FD00008C00040043000002420000010B5024822
:106FE00000F0E4FA10BDC0469819002010B5024820
:106FF00000F0DEFA10BDC04698190020F0B5C64674
:1070000000B50C228B5E07000C001A0751D48025B6
:107010004A682D011D438D81002A00DC6CE0A66AC0
:10702000002E42D03A68E169904600223A60DB04C3
:1070300067D4002201233800B0470200431C00D16E
:107040006EE00C23E55EA66AE1696D0706D563680C
:10705000D21A236B002B01D0E36BD21A0023380025
:10706000B047431C4FD139680C22A35E1D2962D85A
:10707000324ACA40D2075ED5314A1A40A281002264
:10708000626022692260DB0401D5002946D04346B4
:10709000216B3B60002908D023004033994202D085
:1070A000380000F01DFB00232363002080BCB8469D
:1070B000F0BD0E69002EF8D00D680022AD1B0E60E9
:1070C0009B0700D14A69A260002D04DCEDE7361869
:1070D0002D1A002DE9DD636A3200984638002B0036
:1070E000E169C0470028F2DC4022A38913431BB2A8
:1070F0000120A3814042D9E7CA6B002A00DD8EE758
:10710000D3E7226DA1E70C22A35E0D4A1A40A281AB
:107110000022626022692260DB04B8D52065B6E7F0
:107120003B68002B00D18CE71D2B01D0162BDBD147
:1071300043463B60B9E740221343D9E701004020B2
:10714000FFF7FFFF70B505000C00002802D0436B6D
:10715000002B27D00C22A35E002B11D0626ED20729
:1071600001D49B050ED528002100FFF747FF636E71
:107170000500DB0702D4A3899B050FD5280070BD4D
:107180000025FBE7A06D00F011FA28002100FFF7B1
:1071900035FF636E0500DB07F0D4ECE7A06D00F06F
:1071A00007FAEBE700F0F8F8D4E7C04670B5041E24
:1071B0002AD0194B1D68002D02D06B6B002B17D005
:1071C0000C22A35E002B11D0626ED20701D49B0566
:1071D00012D528002100FFF711FF636E0500DB07C1
:1071E00002D4A3899B050BD5280070BD0025FBE7C1
:1071F000280000F0D1F8E3E7A06D00F0D7F9E8E748
:10720000A06D00F0D5F9EFE7044A0549054800F004
:10721000EFF80500E8E7C046C4140020B8140020C9
:1072200045710010C814002010B5034A03490448F2
:1072300000F0DEF810BDC046B8140020B57800108C
:10724000C814002041680B4B10B50400994201D0CE
:1072500000F030FBA168084B994202D0200000F0FA
:1072600029FBE168054B994202D0200000F022FB87
:1072700010BDC046CC190020341A00209C1A0020F2
:10728000F8B5CE4647463B4C3B4B3C4A20000025D8
:1072900080B51A600423082200215C3025606560F7
:1072A000A560656625616561A561E360FBF7C0FDCA
:1072B0002000334B334F344E99462362334B5830C2
:1072C0009846A762E6626362E46100F06BF9CC2342
:1072D000E5502F4B20006367802300210822C43033
:1072E000E550A566E5662567A567E567FBF7A0FDA0
:1072F000220084236832E2504A460433E250424678
:1073000020000433E2500433E750C0300433E65029
:1073100000F048F9D0232000E5500433E550043351
:10732000E5501C4A5C33E550583BE2500433E550CD
:107330002D300433E550002104330822FF30E5509E
:10734000FBF776FD2200EC23D032E2504A460433AC
:10735000E250200042460433E25029300433E75023
:10736000FF300433E65000F01DF9C0BCB946B0460A
:10737000F8BDC046CC190020041B00202972001063
:10738000357400109D740010CD7400105D740010F1
:10739000090001001200020070B50400094D280028
:1073A00000F004F9636B002B05D1074B6363074BB7
:1073B0001B68002B03D0280000F0FAF870BDFFF71F
:1073C0005FFFF8E79C19002045720010041B0020A5
:1073D00010B5024800F0EAF810BDC0469C19002024
:1073E00010B5024800F0E4F810BDC0469C1900201A
:1073F000F8B54746CE46884680B581461700002638
:107400007D68BC68013D0DD4A389012B07D90E22EC
:10741000A35E013303D021004846C04706436834C9
:10742000013DF1D23F68002FEAD13000C0BCB9461F
:10743000B046F8BD70B50C000E25495F00F072F83B
:10744000002803DB236D1B18236570BDA389024A46
:107450001340A381F9E7C046FFEFFFFFF8B50C002A
:107460001F000C23C95E05001600CB050AD40A4B89
:10747000320019402800A1810E23E15E3B0000F09C
:1074800077F8F8BD0E23E15E0022022300F036F803
:107490000C23E15EEBE7C046FFEFFFFF70B50C0089
:1074A0000E25495F00F02AF8431C07D08023A289EB
:1074B0005B0113431BB22065A38170BDA389024AFF
:1074C00013401BB2F8E7C046FFEFFFFF10B50E23D5
:1074D000C95E00F001F810BD002370B5064C050030
:1074E00008002360FDF7A0F8431C00D070BD23689E
:1074F000002BFBD02B60F9E73C1F002070B5040087
:10750000080011001A000023054D2B60FDF790F8CC
:10751000431C00D070BD2B68002BFBD02360F9E723
:107520003C1F002070B50400080011001A00002361
:10753000054D2B60FDF754F8431C00D070BD2B683F
:10754000002BFBD02360F9E73C1F0020002370B51F
:10755000064C050008002360FDF728F8431C00D006
:1075600070BD2368002BFBD02B60F9E73C1F002087
:1075700070B50400080011001A000023054D2B60AF
:10758000FDF740F8431C00D070BD2B68002BFBD0EA
:107590002360F9E73C1F0020014B18687047C04684
:1075A000C41400207047C0467047C0467047C046AC
:1075B0007047C046802310B55B01082801D1180030
:1075C00010BDFFF7E9FF16230360173BF7E7C0463E
:1075D00010B583070AD00300032102E001330B42F8
:1075E00005D01A78002AF9D1181A10BD03001968BD
:1075F0000C4A0D4C8A188A4322420FD15968094A15
:1076000004338A188A43224208D15968054A043350
:107610008A188A432242F1D000E001331A78002A06
:10762000FBD1E1E7FFFEFEFE80808080F0B5C6461C
:10763000060000B508200D00FFF7BCFF0400300075
:10764000FFF7CCFC234B210098469B685F6803231F
:107650009F4338001138401B0019FAF763FD451E9F
:107660006543AC4208DC00213000FFF76FFF434662
:107670009B68DB19984206D03000FFF7B7FC00206A
:1076800080BCB846F0BD30006942FFF75FFF0130B3
:107690000ED0012243467F1B9B6817430E4A5F6052
:1076A000136830005B1B1360FFF7A0FC0120E7E7C5
:1076B00000213000FFF74AFF43469A68831A0F2BD8
:1076C000DADD064C04492468001B086001210B43E5
:1076D0005360D1E7B0100020A0190020A8100020AE
:1076E000F8B5CE46474605000C0080B5002957D0B6
:1076F000FFF774FC012321009C4608394868624664
:10770000030003249343CF187A68654EA243B468FC
:10771000BC4200D170E0BC18A14664467A600442C5
:1077200021D10868091A1B188868804648464068B5
:107730002040340008348146A04551D04046CC68F2
:10774000C460A0604846002811D19B185548BA680B
:10775000824200D17FE0F868D060826001221A4343
:107760004A60CB5007E0484640682042EDD0624670
:107770001A434A603B6080229200934214D2DA0896
:10778000580901238340706803437360D3009B1939
:107790009A68CB608A609960D1602800FFF726FC68
:1077A000C0BCB946B046F8BD5C0A042C3DD89C0963
:1077B000200039343830E40034192268083C0327AB
:1077C000944203D140E09268944203D05068B84399
:1077D0009842F8D8D468CC608A60A160D160DCE7B8
:1077E000002858D1B868D218FB68C3609860634617
:1077F00013434B608A50D0E79A186346034206D180
:107800000B68C91A8868D218CB68C36098600123D6
:1078100013434B60244BB1601B689342BDD8234B8C
:1078200028001968FFF702FFB7E7142C07D9542C7A
:107830001AD81C0B20006F346E30E400BCE7200027
:107840005C345B30E400B7E701238010834070684C
:1078500003437360BFE7D1609160CA608A60012210
:107860001A434A60CB5098E7AA225200944205D8A6
:10787000DC0B200078347730E4009DE70C4A94421A
:1078800005D89C0C20007D347C30E40094E7FE2475
:107890007E20A40090E762461A434A603B607CE782
:1078A000B0100020B8100020AC100020C819002033
:1078B0005405000070B506000C1E40D0002802D010
:1078C000436B002B47D001250C22A35E626E2A4237
:1078D00033D19B0542D521003000FFF78FFBE36ACF
:1078E0000500002B04D03000E1699847002828DB10
:1078F000A3891B062AD4216B002908D0230040331A
:10790000994202D03000FFF7EBFE00232363616C45
:10791000002904D03000FFF7E3FE00236364FFF783
:1079200057FD0023A381636EDB0726D5A06DFFF70B
:107930003BFEFFF755FD280070BD002BCBD1002585
:10794000F9E70125A3896D421B06D4D530002169D2
:10795000FFF7C6FECFE7FFF71FFDB4E7A06DFFF707
:1079600025FE0C22A35E002BB5D1636E2B42E6D11F
:10797000A06DFFF71DFE0025DDE7A06DFFF718FEE7
:10798000D4E7C0460000000001B40248844601BCB0
:10799000604700BFC100002001B40248844601BC1A
:1079A000604700BF7501002001B40248844601BC55
:1079B000604700BF8D0B002001B40248844601BC23
:1079C000604700BFA901002001B40248844601BC01
:1079D000604700BF9103002001B40248844601BC07
:1079E000604700BF450F002001B40248844601BC37
:1079F000604700BF450F002001B40248844601BC27
:107A0000604700BFD10E002001B40248844601BC8B
:107A1000604700BFB50B002001B40248844601BC9A
:107A2000604700BFF50B002001B40248844601BC4A
:107A3000604700BF9D02002001B40248844601BC9B
:107A4000604700BFE901002001B40248844601BC40
:107A5000604700BF450C0020B51E0010E11E00105D
:107A6000C5200010212E001059270010912D001064
:107A7000ED1F0010FD1E00101D1F0010311F001013
:107A8000D9100010391F0010A11400107D1E001025
:087A9000110D00102950001037
:107A98003D3D3D204F554E4345205052494D4152A2
:107AA8005920525032333530204D415354455220DD
:107AB80052554E4E494E47203D3D3D0020203C3C0E
:107AC8002041434B3A205461726765742025642035
:107AD8007C2062746E733D307825303458207C20C9
:107AE8004C583D2564204C593D2564207C20636F0B
:107AF800756E743D25750A0020203C3C204D495385
:107B08004F20444941473A205461726765742025E3
:107B180064207C204864723A20307825303258201E
:107B28007C2049443A20307825303258207C204344
:107B38006F756E743A202575207C204352433A2095
:107B48003078253032580A000A2A2A2A2050414E15
:107B58004943202A2A2A0A004E6F207370696E6CE6
:107B68006F636B732061726520617661696C616215
:107B78006C6500004E6F2075736572204952517311
:107B88002061726520617661696C61626C650000D4
:107B9800486172647761726520616C61726D20253D
:107BA8006420616C726561647920636C61696D65DC
:107BB8006400000048617264206173736572740028
:107BC80052656C6561736500626F6F74325F7732FE
:107BD8003571303830000000322E332E300000006E
:107BE8007069636F000000006F756E63655F6D619B
:107BF80073746572000000004175672031322032CD
:107C080030323600666E692B00000000666E69002F
:107C18006E616E00666E692D0000000055534220AB
:107C2800737464696E202F207374646F7574000018
:107C380052617370626572727920506900000000A9
:107C48005069636F00000000426F61726420434412
:107C5800430000005265736574000000556E68614A
:107C68006E646C65642049525120307825780A008A
:107C7800657020253032582077617320616C7265F9
:107C880061647920617661696C61626C65000000ED
:107C980043616E277420636F6E74696E7565207812
:107CA800666572206F6E20696E61637469766520FF
:107CB80065702025303258001400000015000000BF
:107CC800160000001A000000110000001400000057
:107CD80015000000160000001A0000000000000057
:107CE800FFFFFFFFFFFFFF7F06005250D3F07542F2
:107CF800C87B001006005250E182887FD07B0010BC
:107D080006005250ABB36053E07B0010060052509F
:107D1800BBFF3CB6E87B001006005250861C0302ED
:107D2800F07B0010060052505422A29D007C0010E7
:107D380005005250DE65F468E4960010643A0010BD
:107D4800143A0010143A00105C3A0010143A00106B
:107D5800143A0010143A0010143A0010143A0010A3
:107D6800143A0010143A0010543A0010143A001053
:107D78004C3A0010143A0010143A0010443A00101B
:107D8800183D00107A3A0010123D00107A3A00109F
:107D9800FC3C00107A3A00107A3A00107A3A001047
:107DA8007A3A00107A3A00107A3A00107A3A0010BB
:107DB8006C3A00107A3A00107A3A00107A3A0010B9
:107DC8007A3A00107A3A00106C3A0010A03D001080
:107DD800CE390010CE390010CE390010CE3900103F
:107DE800CE390010CE390010CE390010CE3900102F
:107DF800CE390010CE390010CE390010CE3900101F
:107E0800CE390010CE390010CE390010CE3900100E
:107E1800CE390010CE390010CE390010CE390010FE
:107E2800CE390010CE390010CE390010CE390010EE
:107E3800CE390010CE390010CE390010CE390010DE
:107E4800CE390010CE390010CE3900102C3D00106C
:107E58006C3D00102C3D0010CE390010CE390010BA
:107E6800CE390010CE390010CE390010CE390010AE
:107E7800CE390010CE390010CE390010CE3900109E
:107E8800CE390010CE390010CE390010CE3900108E
:107E9800CE390010CE390010403F0010CE39001006
:107EA800CE390010CE390010CE390010CE3900106E
:107EB800CE390010CE390010CE390010CE3900105E
:107EC800403F0010B23D0010403F00102C3D001014
:107ED8006C3D00102C3D0010000000000000F03F39
:107EE800000000000000244000000000000059408D
:107EF8000000000000408F40000000000088C340E0
:107F080000000000006AF8400000000080842E4154
:107F180000000000D01263410000000084D79741A0
:107F28000000000065CDCD410D0A0000060052504A
:107F380053B4F4A1247C001000000000387C001029
:107F4800487C001084230020507C00105C7C0010CA
:107F580009025400030100807D080B0002020200A0
:107F680000090400000102020004052400200105A4
:107F780024010001042402060524060001070581E6
:107F88000308001009040100020A000000070502A6
:107F980002400000070582024000000904020000B8
:107FA800FF00010512011002EF0201408A2E0A00AB
:107FB80000010102030100000A000000000003069E
:107FC800A6000800020002009C00140003005749A4
:107FD8004E555342000000000000000000008000E1
:107FE8000400010028004400650076006900630071
:107FF800650049006E00740065007200660061004B
:1080080063006500470055004900440000004E0029
:108018007B006200630037003300390038006300DA
:1080280031002D0037003300630064002D00340058
:108038006300620037002D00390038006200380004
:108048002D003900310033006100380066006300FC
:10805800610037006200660036007D000000000005
:10806800050F2100011C100500DF60DDD88945C718
:108078004C9CD2659D9E648A9F00000306A6000161
:1080880000000000000000001D5200100000000069
:10809800215200102D520010595200105552001054
:1080A800000000007C570010E45800106C590010C4
:1080B800BC580010CE580010AC5800101C580010C6
:1080C800C8570010BC570010845C00106A5C001090
:1080D8005A5A0010A45C00105A5A0010525C001042
:1080E8003E5C00105A5A00102A5C00103A5B0010DF
:1080F8005A5A0010025F0010F45E0010E85E00108B
:108108005A5A00105A5A0010D25E0010F45E00103D
:108118005A5A00105A5A00105A5A00105A5A001047
:108128005A5A00105A5A00105A5A00108C5E001001
:10813800160D0020160D0020600D0020800D002077
:10814800BE0D0020D00D00200C0D00200000000006
:108158009D6400100D650010416500108D650010CC
:0C816800356600101D67001000000000CC
:10817400F07C0010FC7C0010087D0010147D0010C1
:10818400207D00102C7D0010387D0010347F0010FD
:1081940003000068EFF3108C72B60268002AFCD06A
:1081A400BFF35F8F04229A56002A04DB002900D013
:1081B4000A60002004E0D0220120120612681A711D
:1081C4001B68BFF35F8F00221A608CF3108870471E
:1081D400F0B54F46D6464646C0B51F00D0231B0611
:1081E4001B6804009A460023904699460CE02268D6
:1081F400BFF35F8F4946116083F31088404639000E
:1082040000F00AFF00281AD12668EFF3108372B633
:108214003568002DFCD0BFF35F8F25797F2DE6D91B
:10822400524622712268BFF35F8F0021116083F3ED
:1082340010880120E0BCBA46B146A846F0BD002033
:10824400F8E7C04670B582B001A9040016001D000D
:10825400FFF79EFF002807D1D0231B0601991B7846
:1082640049B25BB2994201D102B070BD32002B0019
:108274002000FFF7ADFFF7E7F8B50F00060000F0A8
:10828400FBFEFA2204000D000023920038000021B6
:1082940000F0DAFE0B000200802112196B4109067E
:1082A4008B4202D30122034B52423000FFF790FF6E
:1082B400F8BDC046FFFFFF7F0268EFF3108172B67E
:1082C4001368002BFCD0BFF35F8FFF230371036897
:1082D400BFF35F8F00221A6081F3108840BF70479C
:1082E40010B5084C2378002B0AD18023064807498F
:1082F4005B051A68C25004338B42FAD10123237000
:1083040010BDC04698230020D41D001000010010A9
:1083140010B5014B984710BDD51D0020084B5A6875
:1083240042609A688260DA68C2601A6902615A69B6
:1083340042619B698361A0235B051B6803607047EE
:10834400000002404268084B5A6082689A60C26822
:10835400DA6002691A6142695A6182699A61A023EA
:1083640002685B051A607047000002401423F0B5F0
:10837400D6464F4646469A46C0B5814618880433C9
:1083840088B098460E001B8830491400984753461D
:108394000700188843462E491B8898475346050012
:1083A400188843462B491B8898478046FFF798FF57
:1083B40001A8FFF7B3FFB847A847274B1A688023E3
:1083C4009B005340C02292001340244A1360221E93
:1083D40020D0C02108270220490511E0002C14D028
:1083E400131B0D2B29D9002D0AD02300002A05D0F8
:1083F4000B6E013A3370130001362343002B09D06E
:108404003D008B6A1D401842E8D1002DEDD12300B8
:108414001343F5D1104B1A68C0239B0093430F4AB2
:108424001360C047FFF774FF01A8FFF78BFF08B084
:10843400E0BCBA46B146A846F0BD4B461B78013CA9
:108444000B6601239C46E144DFE7C0464946000031
:1084540045580000464300000C8001400C90014048
:108464000022154B10B59A60DA601A615A619A615C
:10847400DA611A625A629A62DA621A635A639A6316
:10848400DA631A645A649A64DA641A655A659A65F6
:10849400DA651A665A669A66DA661A675A679A67D6
:1084A400DA67F03292000021044800F0C5FD044B65
:1084B400044A1A6010BDC04600001050881F0020F6
:1084C4005023002080011050F0B54E464546DE464C
:1084D4005746E0B5214B00249E6D012585B0002E42
:1084E40022D01F4B9A46012399461E4B984601E021
:1084F400202C19D02A00230001342F003240E4B28A
:108504006D00002AF4D0524697654A465B085B002A
:1085140022409B185B01434418009B4600F030FC4A
:10852400002808D1BE43E3D105B0F0BCBB46B24637
:10853400A946A046F0BD5B46E0219A78DB8A01A8F3
:1085440083600023C900018001210271437100F09E
:1085540037FC584600F0B0FBE4E7C0460000115079
:1085640000301150481F00209823F0B5C646C64A73
:1085740000B5D55880232E009B02102484B01E40E1
:108584001D4273D0C14BC24C9A6AC24B00261A607A
:108594003B23E35C022B00D1F4E07B23E35C022B5E
:1085A40000D10CE1BB23E35C022B00D1FBE0FB23F5
:1085B400E35C022B00D135E13C23FF33E35C022B67
:1085C40000D122E17C23FF33E35C022B00D10FE1D5
:1085D400BC23FF33E35C022B00D1FCE0FC23FF331C
:1085E400E35C022B00D1A6E1AB4BE35C022B00D190
:1085F40096E1AA4BE35C022B00D185E1A84BE35C36
:10860400022B00D174E1A74BE35C022B00D163E1A0
:10861400A54BE35C022B00D12AE1A44BE35C022BC3
:1086240000D10BE1A24BE35C022B00D18FE1A14B03
:10863400E35C022B00D1A6E1002E08D19E4B1B78EF
:10864400002B04D180219D4A90338902D150C0224D
:108654008D4B01A89B6C92005B055B0D012180266C
:108664000280436000F0ACFB954CB602EB0600D5EB
:108674007CE080235B021D4232D01E43012302248E
:108684009846834FBB7E002B14D000F0EDFC0128EC
:1086940000D96FE0C02200213800920100F012FBE3
:1086A400380000F009FB00F0DFFC012802D9834BFD
:1086B4005C661C664346FB702037012C01D0012404
:1086C400E0E7C02301A8DB007E4A038002AB12CAA4
:1086D40012C3012100F074FB8022784B92021A65C8
:1086E40080235B011D420ED18023DB011D4221D179
:1086F40080231B021D422CD1AE4200D0C0E104B045
:1087040080BCB846F0BD00241E435F4B1C60FFF7DD
:10871400A7FE80236A465B0093801472012101A89E
:1087240000F04EFB8022654B12031A658023DB01A7
:108734001D42DDD01E43802301A8DB0003800121FC
:1087440000F03EFB10225D4B1A6580231B021D4284
:10875400D2D01E43A02301A8DB000380012100F036
:108764002FFB8022554B12011A65C5E7FFF7ACFEBB
:1087740026007EE7544B444A1C66536E2340A342B2
:10878400FBD187E73833E65C002E00D105E70233DE
:10879400E25C002A00D100E7200000222030E254ED
:1087A40000F0B8FAF9E6B833E75C002F00D1FEE632
:1087B4000233E25C002A00D022E13E00F7E678337F
:1087C400E75C002F00D1EDE60233E25C002A00D022
:1087D4000EE13E00E6E6B933FF33E75C002F00D13B
:1087E400FCE60233E25C002A00D0F8E03E00F5E645
:1087F4007933FF33E75C002F00D1E9E60233E25C12
:10880400002A00D0E2E03E00E2E63933FF33E75CC1
:10881400002F00D1D6E60233E25C002A00D0CCE07F
:108824003E00CFE6F833E75C002F00D1C4E6023304
:10883400E25C002A00D0B8E03E00BDE6234BE75CD2
:10884400002F00D1EEE60233E25C002A00D010E1F2
:10885400174BE35C022B00D18BE0164BE35C022B3D
:1088640000D0F4E61A4BE35C002B00D090E0EEE677
:10887400184BE75C002F00D1CFE60233E25C002AFC
:1088840000D0EEE03E00C8E6000011500040054074
:10889400481F0020381F00203B0200007B0200001C
:1088A400BB020000FB0200003B0300007B0300004E
:1088B400BB030000FB03000096230020003011508E
:1088C4001000020000001050002011507A03000034
:1088D400FA0300003A0300006C4BE75C002F00D160
:1088E40096E60233E25C002A00D0B2E03E008FE656
:1088F400674BE75C002F00D185E60233E25C002A77
:1089040000D09EE03E007EE6624BE75C002F00D183
:1089140074E60233E25C002A00D08AE03E006DE691
:108924005D4BE75C002F00D163E60233E25C002A72
:1089340077D13E005DE6F933FF33E75C002F00D1C9
:1089440052E60233E25C002A62D13E004CE6534B0D
:10895400E35C002B00D16AE6EF239B00E25C002A73
:1089640000D17AE70022E2541C3BE01800F0D2F96F
:1089740073E74A4BE35C002BEED1494BE35C022BDB
:1089840000D064E63E00474BE35C002B00D153E685
:10899400FF239B00E25C002A00D158E60022E25447
:1089A4001C3BE01800F0B6F951E620000022E0304C
:1089B400E2543E0000F0AEF9FEE520000022213032
:1089C400FF30E2543E0000F0A5F9FBE52000002250
:1089D4006130FF30E2543E0000F09CF9F8E52000DD
:1089E4000022A130FF30E2543E0000F093F9F5E597
:1089F400200000226030E2543E0000F08BF9D1E503
:108A040020000022A030E2543E0000F083F9CEE5BD
:108A140020000022E130FF30E2543E0000F07AF9F9
:108A2400E2E50022E2541C3BE01800F073F93E003A
:108A3400DFE50022E2541C3BE01800F06BF93E0035
:108A4400DCE50022E2541C3BE01800F063F93E0030
:108A5400D9E50022E2541C3BE01800F05BF93E002B
:108A6400D6E50022E2541C3BE01800F053F93E0026
:108A7400D3E50022E2541C3BE01800F04BF9E7E692
:108A840031000948694000F0CFFAC046FA020000FC
:108A9400BA0200007A0200003A020000BA030000A1
:108AA400FB030000FA030000647C0010F0B5D64616
:108AB4004F464646C0B50200838A008B8A46041C92
:108AC400984200D91C1CD57880262800471EB8413E
:108AD400A4B2F600264340033043012675401B1B15
:108AE400D57055789BB29382002D37D15146D66804
:108AF4008D01611E761988461569002C29D0062936
:108B04003AD933002B439B0736D16B1CF31A022B43
:108B140032D9231F9B0801339C4600270023E958C0
:108B24000137F1500433BC45F9D8634641469B00F4
:108B3400ED18F618CF1A9C4209D02B783370002F09
:108B440005D06B787370012F01D0AB78B3701569C1
:108B5400938A2D191561802212021043002B02D131
:108B64008023DB0118435346002B00D00004E0BCF3
:108B7400BA46B146A846F0BD0023EF5CF754013372
:108B84009C42FAD11569938AE3E7C0468368F0B53D
:108B94001B680500002900D01B0C9B05980D6B7801
:108BA400002B08D1EB8AC318EB822B8B834201D9AB
:108BB4000023AB82F0BDEB688901461EB4462A69E6
:108BC4005C18002827D0062E2BD901315B18D31A44
:108BD400022B26D9130023439B0722D10023002113
:108BE400061FB6080136E7580131D75004338E42C8
:108BF400F9D86346B600A41992199F1BB04209D054
:108C040023781370002F05D063785370012F01D09F
:108C1400A37893702A69EB8A1218C318EB822A612D
:108C2400C3E70023E15CD15401339842FAD12A69A5
:108C3400F1E7C04610B50400836800211B68FFF704
:108C4400A5FF63681B685B0002D5238B834200D0B9
:108C540010BD01212000FFF799FFF9E7084A03003E
:108C6400126C0020920703D49A78D209012A00D00A
:108C74007047D87E023843425841C0B2F8E7C04634
:108C84000000115010B5FFF7E9FF00280CD0074988
:108C9400074B8C46074A9B6A126863449B1A002060
:108CA400C6229A424041C0B210BDC046E0FCFFFF5C
:108CB40000400540381F0020002383764361036190
:108CC4007047C04610B58368002901D01C68214054
:108CD400002A12D08024E400114322420DD01A68E5
:108CE40022420CD1084A0A401A60084A126C9207C0
:108CF40003D40C23033BFDD28368196010BD817833
:108D0400034800F091F9C046FFFBFFFF000011503B
:108D1400787C0010436870B5002180251E6804002B
:108D2400FFF7C4FE134B6D011B6C05439B070FD566
:108D3400A3785B060FD0104B1E4080239B05334362
:108D440062680021136020002A00FFF7BBFF70BD9A
:108D5400A378DB09EFD0A38A002BECD001212000FB
:108D6400FFF7A4FEA023054ADB0532400543134365
:108D7400E6E7C04600001150FFFFFFAFFFFFFFDF33
:108D840070B5857E0400002D14D0FFF753FFA38A2D
:108D9400002B01D1280070BD2000FFF773FF0028CD
:108DA40003D0012300252377F4E72000FFF7B2FF67
:108DB4000025EFE78178014800F036F9987C00102F
:108DC400F0B5CE46474680B5437805000E0085B021
:108DD400062B08D86B4A9B00D3589F466A4A1378DF
:108DE4000133DBB21370694B1C686269EFF31081C5
:108DF40072B61368002BFCD0BFF35F8FA161200013
:108E0400290000F029F96269A369BFF35F8F00218B
:108E1400116083F31088002804D105B0C0BCB946A2
:108E2400B046F0BD32006978287800F02DF9F4E7F7
:108E34000121574B1A788A431A701A7801318A43F0
:108E44001A7000225A701A7802318A431A70CAE7DB
:108E5400504B514F9946514B002498463A7810E0B4
:108E640043461B6861015B18002B06D0DB69002BAD
:108E740003D06968287898473A780134E4B2944278
:108E840017D8A242ECD8A31A5B014B44EEE7404B3F
:108E94001A78D207C1D504211A780A431A70A2E7B6
:108EA4003B4B1A78D207B8D504211A788A431A7032
:108EB40099E7374F3B785B072BD504223B78002199
:108EC40093433B706B460632981D00F0B5F82B783F
:108ED40001AC2370052363702C4B1B6898465A69B8
:108EE400EFF3108172B61368002BFCD0BFF35F8FD1
:108EF400434640469961210000F0AEF843465A6962
:108F04009B69BFF35F8F0021116083F310880028F1
:108F140031D1FB78DB0700D47FE76B460A220021BE
:108F2400981D00F089F82B7801AC2370032363703B
:108F34006B686360154B1D686A69EFF3108172B644
:108F44001368002BFCD0BFF35F8FA96128002100B8
:108F540000F082F86A69AB69BFF35F8F002111608A
:108F640083F31088002800D157E732006178207815
:108F740000F08AF851E732006178207800F084F834
:108F8400C7E7C0463881001097230020101D002039
:108F9400B81C00205481001095230020081B0020D9
:108FA400F0B506001C0018001D000423CE464746F9
:108FB4009C46023B994680B500281CD0002C07D162
:108FC400002D18D06346F7683B4218D1002CF9D025
:108FD40088464B46F7683B4218D027000837AF4213
:108FE40014D943461F78013CB76001312700002D96
:108FF400E8D1002FE2D1C0BCB946B046F0BDB76895
:10900400013D17702F0001322743F2E7002DE0D015
:10901400D8E7C0467047C04601B40248844601BC44
:10902400604700BFB918001001B40248844601BC6F
:10903400604700BFA90B001001B40248844601BC7C
:10904400604700BF312E001001B40248844601BCC1
:10905400604700BF5D2D001001B40248844601BC86
:10906400604700BFF56B001001B40248844601BCA0
:10907400604700BF9D0B001001B40248844601BC48
:10908400604700BFF519001001B40248844601BCD2
:10909400604700BF1D5600101000000000000000D3
:1090A40000000100000000000000000000000200B9
:1090B40000000000000000000000030000000000A9
:1090C4000000000000000400000000000000000098
:1090D4000000050000000000000000000000FF0088
:1090E4000000000001B5486801318E460047704613
:1090F40009380149884701BDD10F00100000000064
:10910400FFFFFFFFFFFFFF7F0000000000000000E3
:109114000000000000000000000000001016002005
:10912400503300004C33000054330000523300002D
:109134004D5300004D4300005334000043340000FD
:10914400E54C0010954C0010054C00107D4B0010B0
:109154000000000000010000141D002010000C009D
:1091640000000000000000000000000000000000FB
:1091740000000000FF000000FFFFFFFF00000200EE
:109184000000000000000000B0100020B01000201B
:10919400B8100020B8100020C0100020C01000201B
:1091A400C8100020C8100020D0100020D0100020CB
:1091B400D8100020D8100020E0100020E01000207B
:1091C400E8100020E8100020F0100020F01000202B
:1091D400F8100020F81000200011002000110020D9
:1091E4000811002008110020101100201011002087
:1091F4001811002018110020201100202011002037
:1092040028110020281100203011002030110020E6
:109214003811002038110020401100204011002096
:109224004811002048110020501100205011002046
:1092340058110020581100206011002060110020F6
:1092440068110020681100207011002070110020A6
:109254007811002078110020801100208011002056
:109264008811002088110020901100209011002006
:109274009811002098110020A0110020A0110020B6
:10928400A8110020A8110020B0110020B011002066
:10929400B8110020B8110020C0110020C011002016
:1092A400C8110020C8110020D0110020D0110020C6
:1092B400D8110020D8110020E0110020E011002076
:1092C400E8110020E8110020F0110020F011002026
:1092D400F8110020F81100200012002000120020D4
:1092E4000812002008120020101200201012002082
:1092F4001812002018120020201200202012002032
:1093040028120020281200203012002030120020E1
:109314003812002038120020401200204012002091
:109324004812002048120020501200205012002041
:1093340058120020581200206012002060120020F1
:1093440068120020681200207012002070120020A1
:109354007812002078120020801200208012002051
:109364008812002088120020901200209012002001
:109374009812002098120020A0120020A0120020B1
:10938400A8120020A8120020B0120020B012002061
:10939400B8120020B8120020C0120020C012002011
:1093A400C8120020C8120020D0120020D0120020C1
:1093B400D8120020D8120020E0120020E012002071
:1093C400E8120020E8120020F0120020F012002021
:1093D400F8120020F81200200013002000130020CF
:1093E400081300200813002010130020101300207D
:1093F400181300201813002020130020201300202D
:1094040028130020281300203013002030130020DC
:10941400381300203813002040130020401300208C
:10942400481300204813002050130020501300203C
:1094340058130020581300206013002060130020EC
:10944400681300206813002070130020701300209C
:10945400781300207813002080130020801300204C
:1094640088130020881300209013002090130020FC
:109474009813002098130020A0130020A0130020AC
:10948400A8130020A8130020B0130020B01300205C
:10949400B8130020B8130020C0130020C01300200C
:1094A400C8130020C8130020D0130020D0130020BC
:1094B400D8130020D8130020E0130020E01300206C
:1094C400E8130020E8130020F0130020F01300201C
:1094D400F8130020F81300200014002000140020CA
:1094E4000814002008140020101400201014002078
:1094F4001814002018140020201400202014002028
:1095040028140020281400203014002030140020D7
:109514003814002038140020401400204014002087
:109524004814002048140020501400205014002037
:1095340058140020581400206014002060140020E7
:109544006814002068140020701400207014002097
:109554007814002078140020801400208014002047
:1095640088140020881400209014002090140020F7
:109574009814002098140020A0140020A0140020A7
:10958400A8140020A814002000000000030000001C
:10959400CC190020C814002000000000CC190020C1
:1095A400341A00209C1A0020000000000000000073
:1095B40000000000000000000000000000000000A7
:1095C4000000000000000000000000000000000097
:1095D4000000000000000000000000000000000087
:1095E4000000000000000000000000000000000077
:1095F4000000000000000000000000000000000067
:109604000000000000000000000000000000000056
:109614000000000000000000000000000000000046
:109624000000000000000000000000000000000036
:1096340001000000000000000E33CDAB34126DE6D3
:10964400ECDE05000B00000000000000000000003C
:109654000000000000000000000000000000000006
:1096640000000000000000000000000000000000F6
:1096740000000000000000000000000000000000E6
:1096840000000000000000000000000000000000D6
:1096940000000000000000000000000000000000C6
:1096A40000000000000000000000000000000000B6
:1096B40000000000000000000000000000000000A6
:1096C4000000000000000000000000000000000096
:1096D4000000000000000000000000000000000086
:04000005100001E9FD
:00000001FF
